{
"type": "FeatureCollection",
"name": "som_admin1_emro",
"crs": { "type": "name", "properties": { "name": "urn:ogc:def:crs:OGC:1.3:CRS84" } },
"features": [
{ "type": "Feature", "properties": { "adm1_name": "Awdal" }, "geometry": { "type": "MultiPolygon", "coordinates": [ [ [ [ 43.33629, 11.42695 ], [ 43.34111, 11.43093 ], [ 43.34359, 11.43298 ], [ 43.34573, 11.43119 ], [ 43.35429, 11.41367 ], [ 43.37248, 11.39676 ], [ 43.38672, 11.38348 ], [ 43.38781, 11.38255 ], [ 43.39095, 11.37975 ], [ 43.3918, 11.37991 ], [ 43.40998, 11.38338 ], [ 43.42757, 11.37893 ], [ 43.42945, 11.37703 ], [ 43.43091, 11.37549 ], [ 43.43094, 11.37525 ], [ 43.43178, 11.36753 ], [ 43.43401, 11.36626 ], [ 43.43839, 11.36376 ], [ 43.44734, 11.35982 ], [ 43.45521, 11.35171 ], [ 43.4553, 11.3517 ], [ 43.45532, 11.35168 ], [ 43.45972, 11.35132 ], [ 43.47143, 11.3554 ], [ 43.47815, 11.35772 ], [ 43.48684, 11.36503 ], [ 43.49385, 11.36882 ], [ 43.49842, 11.37125 ], [ 43.50327, 11.37067 ], [ 43.50443, 11.36767 ], [ 43.5045, 11.36748 ], [ 43.49268, 11.36029 ], [ 43.49213, 11.35992 ], [ 43.48915, 11.35617 ], [ 43.4837, 11.34933 ], [ 43.48211, 11.3369 ], [ 43.47949, 11.3291 ], [ 43.4795, 11.32904 ], [ 43.47949, 11.32901 ], [ 43.47965, 11.32764 ], [ 43.48029, 11.32172 ], [ 43.48546, 11.31209 ], [ 43.48576, 11.30971 ], [ 43.48659, 11.30318 ], [ 43.48814, 11.30022 ], [ 43.4934, 11.29022 ], [ 43.49349, 11.28273 ], [ 43.49369, 11.26678 ], [ 43.49607, 11.24361 ], [ 43.49982, 11.23173 ], [ 43.50233, 11.22681 ], [ 43.51516, 11.20159 ], [ 43.51611, 11.19971 ], [ 43.51632, 11.19873 ], [ 43.51798, 11.19005 ], [ 43.5214, 11.18299 ], [ 43.52897, 11.17763 ], [ 43.53272, 11.17656 ], [ 43.53897, 11.17804 ], [ 43.5401, 11.17828 ], [ 43.53912, 11.17871 ], [ 43.52771, 11.1839 ], [ 43.52638, 11.18532 ], [ 43.52574, 11.18722 ], [ 43.52598, 11.18735 ], [ 43.52803, 11.18842 ], [ 43.55382, 11.18115 ], [ 43.55596, 11.17889 ], [ 43.55799, 11.17179 ], [ 43.56504, 11.14713 ], [ 43.57481, 11.12664 ], [ 43.58421, 11.11213 ], [ 43.59859, 11.08231 ], [ 43.61503, 11.05967 ], [ 43.62154, 11.0507 ], [ 43.62567, 11.04492 ], [ 43.63267, 11.03256 ], [ 43.64702, 11.007 ], [ 43.6641, 10.98284 ], [ 43.67447, 10.96458 ], [ 43.68311, 10.95299 ], [ 43.6922, 10.94081 ], [ 43.69779, 10.93519 ], [ 43.73025, 10.90251 ], [ 43.7633, 10.86487 ], [ 43.76843, 10.85902 ], [ 43.78913, 10.83544 ], [ 43.81203, 10.81184 ], [ 43.81639, 10.80737 ], [ 43.82902, 10.79433 ], [ 43.82911, 10.79424 ], [ 43.8291, 10.79423 ], [ 43.83305, 10.79016 ], [ 43.83832, 10.78473 ], [ 43.83883, 10.78426 ], [ 43.85609, 10.7683 ], [ 43.85708, 10.76738 ], [ 43.9295, 10.7063 ], [ 43.93583, 10.70049 ], [ 43.94008, 10.6966 ], [ 43.95307, 10.6847 ], [ 43.95458, 10.68331 ], [ 43.95673, 10.68127 ], [ 43.96579, 10.67732 ], [ 43.97762, 10.67208 ], [ 43.99503, 10.66208 ], [ 44.01135, 10.64899 ], [ 44.04677, 10.62056 ], [ 44.04678, 10.62056 ], [ 44.04688, 10.62048 ], [ 44.04776, 10.61994 ], [ 44.05784, 10.61357 ], [ 44.06444, 10.60872 ], [ 44.0724, 10.59786 ], [ 44.08189, 10.58493 ], [ 44.0819, 10.58491 ], [ 44.08191, 10.5849 ], [ 44.0828, 10.58408 ], [ 44.09609, 10.57187 ], [ 44.11023, 10.56203 ], [ 44.11751, 10.55803 ], [ 44.12669, 10.55661 ], [ 44.13079, 10.55598 ], [ 44.14014, 10.5528 ], [ 44.1404, 10.55271 ], [ 44.14862, 10.54759 ], [ 44.18428, 10.51861 ], [ 44.20168, 10.50768 ], [ 44.20714, 10.50204 ], [ 44.21802, 10.49126 ], [ 44.23442, 10.47502 ], [ 44.23668, 10.47305 ], [ 44.23577, 10.47145 ], [ 44.18627, 10.38367 ], [ 44.15094, 10.32089 ], [ 44.11789, 10.27583 ], [ 44.10932, 10.26415 ], [ 44.09124, 10.23949 ], [ 44.0624, 10.20016 ], [ 44.04108, 10.17109 ], [ 44.04097, 10.17095 ], [ 44.00816, 10.18884 ], [ 43.98837, 10.19963 ], [ 43.95898, 10.21565 ], [ 43.92545, 10.23392 ], [ 43.82092, 10.29089 ], [ 43.76093, 10.3009 ], [ 43.76092, 10.3009 ], [ 43.75555, 10.29554 ], [ 43.72089, 10.26093 ], [ 43.689, 10.21565 ], [ 43.67013, 10.18884 ], [ 43.58663, 10.07026 ], [ 43.55456, 10.02472 ], [ 43.55449, 10.02462 ], [ 43.5546, 10.02456 ], [ 43.55449, 10.02441 ], [ 43.53094, 9.99094 ], [ 43.45657, 9.90264 ], [ 43.42222, 9.86185 ], [ 43.40636, 9.84302 ], [ 43.40635, 9.84303 ], [ 43.37597, 9.80694 ], [ 43.3712, 9.80141 ], [ 43.37088, 9.80102 ], [ 43.3706, 9.80052 ], [ 43.31091, 9.6911 ], [ 43.28965, 9.65722 ], [ 43.28958, 9.65753 ], [ 43.28812, 9.66581 ], [ 43.28666, 9.67409 ], [ 43.28519, 9.68237 ], [ 43.28373, 9.69065 ], [ 43.2822, 9.69931 ], [ 43.28067, 9.70796 ], [ 43.27914, 9.71662 ], [ 43.27761, 9.72527 ], [ 43.27608, 9.73393 ], [ 43.27454, 9.74258 ], [ 43.27301, 9.75124 ], [ 43.27148, 9.75989 ], [ 43.26995, 9.76855 ], [ 43.26965, 9.77482 ], [ 43.26936, 9.7811 ], [ 43.26906, 9.78737 ], [ 43.26754, 9.7943 ], [ 43.26603, 9.80124 ], [ 43.26451, 9.80817 ], [ 43.26299, 9.8151 ], [ 43.26146, 9.82199 ], [ 43.25993, 9.82887 ], [ 43.2584, 9.83576 ], [ 43.25687, 9.84264 ], [ 43.24936, 9.84664 ], [ 43.24186, 9.85065 ], [ 43.23435, 9.85465 ], [ 43.22685, 9.85865 ], [ 43.21934, 9.86266 ], [ 43.21184, 9.86666 ], [ 43.20433, 9.87066 ], [ 43.19682, 9.87467 ], [ 43.18932, 9.87867 ], [ 43.18181, 9.88267 ], [ 43.17515, 9.88541 ], [ 43.16848, 9.88814 ], [ 43.16215, 9.89074 ], [ 43.15602, 9.89509 ], [ 43.14989, 9.89943 ], [ 43.14526, 9.89887 ], [ 43.14448, 9.89265 ], [ 43.13813, 9.8863 ], [ 43.12885, 9.88632 ], [ 43.11535, 9.88878 ], [ 43.09986, 9.89648 ], [ 43.08947, 9.90452 ], [ 43.0859, 9.9088 ], [ 43.07955, 9.92506 ], [ 43.07358, 9.94037 ], [ 43.07078, 9.94754 ], [ 43.06798, 9.95472 ], [ 43.06518, 9.96189 ], [ 43.06182, 9.96687 ], [ 43.05243, 9.99096 ], [ 43.05213, 9.99172 ], [ 43.04562, 10.0084 ], [ 43.04235, 10.01681 ], [ 43.03907, 10.02521 ], [ 43.03579, 10.03361 ], [ 43.03252, 10.04202 ], [ 43.02628, 10.05801 ], [ 43.02332, 10.0656 ], [ 43.02036, 10.07319 ], [ 43.0174, 10.08078 ], [ 43.01403, 10.08611 ], [ 43.01065, 10.09143 ], [ 43.00533, 10.09632 ], [ 43.0, 10.1012 ], [ 42.99321, 10.10567 ], [ 42.97863, 10.11705 ], [ 42.97273, 10.12278 ], [ 42.96683, 10.12851 ], [ 42.96093, 10.13424 ], [ 42.95503, 10.13997 ], [ 42.94913, 10.1457 ], [ 42.94323, 10.15143 ], [ 42.91496, 10.17679 ], [ 42.9082, 10.18285 ], [ 42.90144, 10.18892 ], [ 42.89467, 10.19498 ], [ 42.88791, 10.20105 ], [ 42.88115, 10.20711 ], [ 42.86529, 10.22425 ], [ 42.85833, 10.23407 ], [ 42.85336, 10.24254 ], [ 42.83263, 10.27788 ], [ 42.82954, 10.2861 ], [ 42.82645, 10.29432 ], [ 42.82336, 10.30254 ], [ 42.82028, 10.31076 ], [ 42.8176, 10.31788 ], [ 42.81732, 10.31863 ], [ 42.81719, 10.31897 ], [ 42.8141, 10.32719 ], [ 42.81101, 10.33541 ], [ 42.80792, 10.34363 ], [ 42.80483, 10.35185 ], [ 42.80325, 10.35821 ], [ 42.80135, 10.36586 ], [ 42.79945, 10.37351 ], [ 42.79755, 10.38116 ], [ 42.79565, 10.3888 ], [ 42.79375, 10.39645 ], [ 42.79185, 10.4041 ], [ 42.78774, 10.41162 ], [ 42.78363, 10.41913 ], [ 42.77952, 10.42665 ], [ 42.77541, 10.43416 ], [ 42.7713, 10.44168 ], [ 42.76719, 10.44919 ], [ 42.76308, 10.45671 ], [ 42.75691, 10.47156 ], [ 42.75612, 10.47469 ], [ 42.75423, 10.4822 ], [ 42.75234, 10.48971 ], [ 42.75045, 10.49723 ], [ 42.74856, 10.50474 ], [ 42.74667, 10.51225 ], [ 42.74306, 10.5167 ], [ 42.73944, 10.52115 ], [ 42.73555, 10.52377 ], [ 42.73165, 10.52639 ], [ 42.72426, 10.52839 ], [ 42.71687, 10.53039 ], [ 42.70405, 10.53896 ], [ 42.6984, 10.54621 ], [ 42.69691, 10.55222 ], [ 42.69542, 10.55823 ], [ 42.69291, 10.56527 ], [ 42.69039, 10.5723 ], [ 42.68317, 10.59253 ], [ 42.68301, 10.60633 ], [ 42.68502, 10.61296 ], [ 42.68899, 10.61908 ], [ 42.69296, 10.6252 ], [ 42.69808, 10.63061 ], [ 42.7032, 10.63601 ], [ 42.70967, 10.64108 ], [ 42.71613, 10.64614 ], [ 42.7226, 10.65121 ], [ 42.73465, 10.67062 ], [ 42.74331, 10.68457 ], [ 42.74796, 10.69205 ], [ 42.7526, 10.69953 ], [ 42.75724, 10.70701 ], [ 42.76189, 10.71449 ], [ 42.76653, 10.72197 ], [ 42.77204, 10.72915 ], [ 42.77755, 10.73633 ], [ 42.78306, 10.7435 ], [ 42.78857, 10.75068 ], [ 42.79303, 10.7576 ], [ 42.7975, 10.76451 ], [ 42.80196, 10.76978 ], [ 42.80642, 10.77504 ], [ 42.81088, 10.78031 ], [ 42.81127, 10.78085 ], [ 42.81621, 10.78785 ], [ 42.82116, 10.79485 ], [ 42.8261, 10.80186 ], [ 42.83104, 10.80886 ], [ 42.83599, 10.81586 ], [ 42.84093, 10.82286 ], [ 42.84586, 10.82796 ], [ 42.85078, 10.83306 ], [ 42.85571, 10.83816 ], [ 42.85855, 10.84354 ], [ 42.86138, 10.84891 ], [ 42.86422, 10.85429 ], [ 42.86733, 10.85779 ], [ 42.87044, 10.86128 ], [ 42.87335, 10.86639 ], [ 42.87626, 10.87149 ], [ 42.8809, 10.8773 ], [ 42.88554, 10.8831 ], [ 42.89044, 10.88923 ], [ 42.89534, 10.89535 ], [ 42.90025, 10.90148 ], [ 42.90515, 10.9076 ], [ 42.91005, 10.91373 ], [ 42.91431, 10.92058 ], [ 42.91856, 10.92742 ], [ 42.92282, 10.93427 ], [ 42.92707, 10.94111 ], [ 42.93133, 10.94796 ], [ 42.93636, 10.95401 ], [ 42.94139, 10.96006 ], [ 42.94642, 10.9661 ], [ 42.95145, 10.97215 ], [ 42.95648, 10.9782 ], [ 42.9615, 10.98425 ], [ 42.96806, 10.99743 ], [ 42.97287, 11.00508 ], [ 42.97769, 11.01273 ], [ 42.98251, 11.02039 ], [ 42.98733, 11.02804 ], [ 42.99215, 11.03569 ], [ 42.99698, 11.04334 ], [ 43.0018, 11.05099 ], [ 43.00662, 11.05864 ], [ 43.00844, 11.06154 ], [ 43.01144, 11.0663 ], [ 43.01626, 11.07395 ], [ 43.02108, 11.0816 ], [ 43.0259, 11.08925 ], [ 43.03073, 11.0969 ], [ 43.03555, 11.10455 ], [ 43.04037, 11.1122 ], [ 43.0452, 11.11985 ], [ 43.05002, 11.1275 ], [ 43.05484, 11.13515 ], [ 43.05967, 11.1428 ], [ 43.06449, 11.15045 ], [ 43.06931, 11.15811 ], [ 43.07414, 11.16576 ], [ 43.07896, 11.17341 ], [ 43.08379, 11.18106 ], [ 43.08861, 11.18871 ], [ 43.09344, 11.19636 ], [ 43.09827, 11.20401 ], [ 43.10309, 11.21166 ], [ 43.10792, 11.2193 ], [ 43.11275, 11.22695 ], [ 43.1156, 11.23148 ], [ 43.11757, 11.2346 ], [ 43.1224, 11.24225 ], [ 43.12723, 11.2499 ], [ 43.13206, 11.25755 ], [ 43.13688, 11.2652 ], [ 43.14171, 11.27285 ], [ 43.14654, 11.2805 ], [ 43.15137, 11.28815 ], [ 43.1562, 11.2958 ], [ 43.16103, 11.30345 ], [ 43.16586, 11.31109 ], [ 43.17069, 11.31874 ], [ 43.17552, 11.32639 ], [ 43.18035, 11.33404 ], [ 43.18518, 11.34169 ], [ 43.19001, 11.34934 ], [ 43.19484, 11.35699 ], [ 43.19967, 11.36463 ], [ 43.2045, 11.37228 ], [ 43.20933, 11.37993 ], [ 43.21417, 11.38758 ], [ 43.219, 11.39522 ], [ 43.22071, 11.39794 ], [ 43.22383, 11.40287 ], [ 43.22866, 11.41052 ], [ 43.2335, 11.41817 ], [ 43.23833, 11.42582 ], [ 43.24316, 11.43346 ], [ 43.248, 11.44111 ], [ 43.25283, 11.44876 ], [ 43.25767, 11.4564 ], [ 43.26031, 11.46059 ], [ 43.2682, 11.46048 ], [ 43.27961, 11.46975 ], [ 43.28747, 11.47083 ], [ 43.2926, 11.46927 ], [ 43.29309, 11.46912 ], [ 43.29367, 11.46837 ], [ 43.29743, 11.46347 ], [ 43.30167, 11.46149 ], [ 43.30168, 11.46149 ], [ 43.3017, 11.46149 ], [ 43.30591, 11.46228 ], [ 43.30603, 11.46279 ], [ 43.30608, 11.46295 ], [ 43.30694, 11.46551 ], [ 43.30671, 11.46668 ], [ 43.30627, 11.46948 ], [ 43.30011, 11.4809 ], [ 43.2973, 11.48328 ], [ 43.28454, 11.48686 ], [ 43.28633, 11.48966 ], [ 43.28646, 11.48969 ], [ 43.28693, 11.48969 ], [ 43.28953, 11.49026 ], [ 43.29052, 11.49044 ], [ 43.3023, 11.48519 ], [ 43.30756, 11.47932 ], [ 43.31366, 11.46776 ], [ 43.31511, 11.465 ], [ 43.32019, 11.44718 ], [ 43.33115, 11.42627 ], [ 43.33444, 11.42542 ], [ 43.33629, 11.42695 ] ] ], [ [ [ 43.45335, 11.43649 ], [ 43.45871, 11.44559 ], [ 43.45933, 11.44588 ], [ 43.45947, 11.44592 ], [ 43.46289, 11.44751 ], [ 43.46605, 11.44782 ], [ 43.46913, 11.44811 ], [ 43.47138, 11.44685 ], [ 43.47269, 11.44612 ], [ 43.473, 11.44498 ], [ 43.47388, 11.44153 ], [ 43.47288, 11.43688 ], [ 43.47204, 11.43323 ], [ 43.46953, 11.42964 ], [ 43.46832, 11.42792 ], [ 43.46826, 11.42781 ], [ 43.46802, 11.42746 ], [ 43.46189, 11.42429 ], [ 43.45532, 11.42094 ], [ 43.45471, 11.4281 ], [ 43.45068, 11.43188 ], [ 43.45335, 11.43649 ] ] ], [ [ [ 43.36388, 11.49544 ], [ 43.36513, 11.49455 ], [ 43.36747, 11.4929 ], [ 43.36641, 11.48789 ], [ 43.36249, 11.46973 ], [ 43.36055, 11.46545 ], [ 43.36002, 11.46435 ], [ 43.35995, 11.46421 ], [ 43.33862, 11.44771 ], [ 43.33777, 11.44769 ], [ 43.33508, 11.44769 ], [ 43.35632, 11.46692 ], [ 43.35968, 11.47589 ], [ 43.36388, 11.49544 ] ] ], [ [ [ 43.45212, 11.5004 ], [ 43.4588, 11.50817 ], [ 43.45918, 11.5086 ], [ 43.46329, 11.51074 ], [ 43.4647, 11.51147 ], [ 43.46638, 11.50898 ], [ 43.46005, 11.49987 ], [ 43.4563, 11.49451 ], [ 43.45627, 11.49444 ], [ 43.45599, 11.49404 ], [ 43.45358, 11.49255 ], [ 43.45148, 11.49127 ], [ 43.4505, 11.49451 ], [ 43.45138, 11.49783 ], [ 43.45212, 11.5004 ] ] ] ] } },
{ "type": "Feature", "properties": { "adm1_name": "Bakool" }, "geometry": { "type": "MultiPolygon", "coordinates": [ [ [ [ 44.77569, 3.968 ], [ 44.80096, 3.8615 ], [ 44.78236, 3.7623 ], [ 44.77087, 3.70148 ], [ 44.77214, 3.65027 ], [ 44.77221, 3.64775 ], [ 44.77829, 3.38619 ], [ 44.78047, 3.28964 ], [ 44.78088, 3.27148 ], [ 44.66096, 3.25154 ], [ 44.64096, 3.25954 ], [ 44.61095, 3.27155 ], [ 44.56735, 3.26937 ], [ 44.55521, 3.26876 ], [ 44.47192, 3.26471 ], [ 44.43557, 3.26278 ], [ 44.43503, 3.26275 ], [ 44.42152, 3.26204 ], [ 44.41089, 3.26147 ], [ 44.37298, 3.28491 ], [ 44.33392, 3.30895 ], [ 44.30186, 3.32867 ], [ 44.28094, 3.34154 ], [ 44.28697, 3.35158 ], [ 44.29392, 3.36317 ], [ 44.30293, 3.37802 ], [ 44.31095, 3.39123 ], [ 44.3111, 3.39148 ], [ 44.3111, 3.40943 ], [ 44.3111, 3.45111 ], [ 44.3111, 3.4541 ], [ 44.3111, 3.45709 ], [ 44.3111, 3.46008 ], [ 44.3111, 3.46307 ], [ 44.3111, 3.46588 ], [ 44.3111, 3.46887 ], [ 44.3111, 3.47192 ], [ 44.3111, 3.47491 ], [ 44.3111, 3.47791 ], [ 44.3111, 3.4809 ], [ 44.3111, 3.48389 ], [ 44.3111, 3.48688 ], [ 44.3111, 3.48993 ], [ 44.3111, 3.49292 ], [ 44.3111, 3.49591 ], [ 44.3111, 3.4989 ], [ 44.3111, 3.50189 ], [ 44.3111, 3.50488 ], [ 44.3111, 3.50787 ], [ 44.3111, 3.51068 ], [ 44.3111, 3.51367 ], [ 44.3111, 3.55957 ], [ 44.3111, 3.57147 ], [ 44.31095, 3.57177 ], [ 44.29108, 3.61151 ], [ 44.28416, 3.62633 ], [ 44.28192, 3.63121 ], [ 44.27655, 3.64293 ], [ 44.27331, 3.65 ], [ 44.24705, 3.7073 ], [ 44.21114, 3.78564 ], [ 44.18095, 3.8515 ], [ 44.01735, 3.90128 ], [ 44.01732, 3.90129 ], [ 43.95099, 3.92149 ], [ 43.95093, 3.92151 ], [ 43.88092, 3.92151 ], [ 43.88088, 3.92149 ], [ 43.84863, 3.90719 ], [ 43.81619, 3.89281 ], [ 43.79791, 3.8847 ], [ 43.79773, 3.8847 ], [ 43.79779, 3.88465 ], [ 43.79236, 3.88213 ], [ 43.79094, 3.88149 ], [ 43.77534, 3.8698 ], [ 43.75947, 3.85789 ], [ 43.75092, 3.8515 ], [ 43.74528, 3.84103 ], [ 43.68091, 3.7215 ], [ 43.59922, 3.63169 ], [ 43.58087, 3.61151 ], [ 43.56117, 3.60687 ], [ 43.47099, 3.58566 ], [ 43.46619, 3.58452 ], [ 43.4111, 3.57152 ], [ 43.41089, 3.57147 ], [ 43.41074, 3.57152 ], [ 43.23635, 3.63168 ], [ 43.23631, 3.63174 ], [ 43.12095, 3.67151 ], [ 43.12092, 3.67151 ], [ 43.12939, 3.74773 ], [ 43.13262, 3.77677 ], [ 43.13288, 3.77909 ], [ 43.13857, 3.83028 ], [ 43.14092, 3.85143 ], [ 43.14093, 3.8515 ], [ 43.14092, 3.85152 ], [ 43.10107, 3.93152 ], [ 43.09144, 3.94774 ], [ 43.08884, 3.9522 ], [ 43.05532, 4.00986 ], [ 43.05142, 4.01652 ], [ 42.88661, 4.30553 ], [ 42.88533, 4.30795 ], [ 42.89805, 4.31856 ], [ 42.92566, 4.3481 ], [ 42.93967, 4.36436 ], [ 42.9521, 4.37992 ], [ 42.96924, 4.40335 ], [ 42.97321, 4.40976 ], [ 42.97719, 4.41617 ], [ 42.98116, 4.42258 ], [ 42.98312, 4.4257 ], [ 42.98566, 4.42977 ], [ 42.99016, 4.43695 ], [ 42.99385, 4.44436 ], [ 42.99755, 4.45176 ], [ 43.00047, 4.45674 ], [ 43.0034, 4.46172 ], [ 43.00722, 4.46774 ], [ 43.00967, 4.47398 ], [ 43.01233, 4.48229 ], [ 43.02124, 4.52356 ], [ 43.02187, 4.5284 ], [ 43.02385, 4.53532 ], [ 43.02606, 4.54225 ], [ 43.03033, 4.5492 ], [ 43.03256, 4.55475 ], [ 43.03479, 4.56029 ], [ 43.03908, 4.5654 ], [ 43.04428, 4.57213 ], [ 43.05026, 4.57722 ], [ 43.05623, 4.58231 ], [ 43.06221, 4.58741 ], [ 43.06819, 4.5925 ], [ 43.07416, 4.59759 ], [ 43.08014, 4.60268 ], [ 43.08719, 4.60744 ], [ 43.09424, 4.6122 ], [ 43.10129, 4.61696 ], [ 43.10835, 4.62172 ], [ 43.1154, 4.62648 ], [ 43.12245, 4.63124 ], [ 43.12786, 4.6345 ], [ 43.1283, 4.63476 ], [ 43.12918, 4.63529 ], [ 43.13592, 4.63935 ], [ 43.14265, 4.6434 ], [ 43.14938, 4.64746 ], [ 43.15611, 4.65151 ], [ 43.16285, 4.65557 ], [ 43.16958, 4.65962 ], [ 43.17687, 4.66369 ], [ 43.18416, 4.66776 ], [ 43.19145, 4.67183 ], [ 43.19874, 4.67591 ], [ 43.20603, 4.67998 ], [ 43.21332, 4.68405 ], [ 43.22061, 4.68812 ], [ 43.2279, 4.69219 ], [ 43.23519, 4.69626 ], [ 43.24262, 4.70003 ], [ 43.25004, 4.70379 ], [ 43.25747, 4.70756 ], [ 43.2649, 4.71132 ], [ 43.27233, 4.71509 ], [ 43.27975, 4.71885 ], [ 43.28718, 4.72262 ], [ 43.29461, 4.72638 ], [ 43.30204, 4.73015 ], [ 43.30946, 4.73391 ], [ 43.31689, 4.73768 ], [ 43.32432, 4.74144 ], [ 43.33242, 4.74537 ], [ 43.34051, 4.74929 ], [ 43.34861, 4.75322 ], [ 43.3567, 4.75714 ], [ 43.3648, 4.76107 ], [ 43.37289, 4.765 ], [ 43.38099, 4.76892 ], [ 43.38909, 4.77285 ], [ 43.39718, 4.77677 ], [ 43.40528, 4.7807 ], [ 43.41337, 4.78462 ], [ 43.42147, 4.78855 ], [ 43.42819, 4.79162 ], [ 43.43492, 4.79468 ], [ 43.44177, 4.7971 ], [ 43.44862, 4.79952 ], [ 43.45548, 4.80195 ], [ 43.46233, 4.80437 ], [ 43.46918, 4.80679 ], [ 43.47743, 4.80952 ], [ 43.48568, 4.81224 ], [ 43.49393, 4.81497 ], [ 43.50218, 4.81769 ], [ 43.51043, 4.82042 ], [ 43.51868, 4.82314 ], [ 43.52693, 4.82587 ], [ 43.53518, 4.82859 ], [ 43.54343, 4.83132 ], [ 43.55169, 4.83394 ], [ 43.55995, 4.83657 ], [ 43.56821, 4.83919 ], [ 43.57647, 4.84181 ], [ 43.58472, 4.84443 ], [ 43.59298, 4.84706 ], [ 43.60124, 4.84968 ], [ 43.6095, 4.8523 ], [ 43.61776, 4.85492 ], [ 43.62602, 4.85754 ], [ 43.63428, 4.86017 ], [ 43.64254, 4.86279 ], [ 43.6508, 4.86541 ], [ 43.65906, 4.86803 ], [ 43.66766, 4.87036 ], [ 43.67626, 4.87269 ], [ 43.68486, 4.87502 ], [ 43.69346, 4.87735 ], [ 43.70206, 4.87968 ], [ 43.71066, 4.88201 ], [ 43.71926, 4.88434 ], [ 43.72786, 4.88667 ], [ 43.73646, 4.889 ], [ 43.74506, 4.89133 ], [ 43.75366, 4.89366 ], [ 43.76226, 4.89599 ], [ 43.77086, 4.89832 ], [ 43.77946, 4.90065 ], [ 43.78806, 4.90298 ], [ 43.79666, 4.90531 ], [ 43.80526, 4.90764 ], [ 43.81386, 4.90997 ], [ 43.82228, 4.9121 ], [ 43.8307, 4.91423 ], [ 43.83913, 4.91637 ], [ 43.84755, 4.9185 ], [ 43.85597, 4.92063 ], [ 43.86439, 4.92276 ], [ 43.87282, 4.92489 ], [ 43.88124, 4.92702 ], [ 43.88966, 4.92915 ], [ 43.89808, 4.93129 ], [ 43.90651, 4.93342 ], [ 43.91493, 4.93555 ], [ 43.92335, 4.93768 ], [ 43.93177, 4.93981 ], [ 43.93789, 4.94136 ], [ 43.9402, 4.94194 ], [ 43.94862, 4.94407 ], [ 43.95704, 4.9462 ], [ 43.96546, 4.94833 ], [ 43.97389, 4.95046 ], [ 43.98231, 4.95259 ], [ 43.99073, 4.95472 ], [ 43.99916, 4.95685 ], [ 44.00758, 4.95898 ], [ 44.01514, 4.96044 ], [ 44.02271, 4.96006 ], [ 44.03915, 4.9593 ], [ 44.04802, 4.95891 ], [ 44.0569, 4.95853 ], [ 44.06577, 4.95814 ], [ 44.07464, 4.95776 ], [ 44.08351, 4.95737 ], [ 44.08528, 4.95729 ], [ 44.09238, 4.95699 ], [ 44.10125, 4.9566 ], [ 44.11013, 4.95622 ], [ 44.119, 4.95583 ], [ 44.12787, 4.95544 ], [ 44.13674, 4.95506 ], [ 44.14561, 4.95467 ], [ 44.15448, 4.95429 ], [ 44.16336, 4.9539 ], [ 44.17223, 4.95351 ], [ 44.1811, 4.95313 ], [ 44.18997, 4.95274 ], [ 44.19884, 4.95235 ], [ 44.20771, 4.95197 ], [ 44.21659, 4.95158 ], [ 44.22546, 4.95119 ], [ 44.23433, 4.95081 ], [ 44.2432, 4.95042 ], [ 44.25221, 4.95002 ], [ 44.26121, 4.94962 ], [ 44.27022, 4.94922 ], [ 44.27923, 4.94882 ], [ 44.28824, 4.94842 ], [ 44.29724, 4.94802 ], [ 44.30625, 4.94762 ], [ 44.31526, 4.94722 ], [ 44.32426, 4.94683 ], [ 44.33327, 4.94642 ], [ 44.34228, 4.94602 ], [ 44.35128, 4.94562 ], [ 44.36029, 4.94522 ], [ 44.3693, 4.94482 ], [ 44.3783, 4.94442 ], [ 44.38731, 4.94402 ], [ 44.39632, 4.94362 ], [ 44.40532, 4.94322 ], [ 44.41433, 4.94282 ], [ 44.42334, 4.94242 ], [ 44.43235, 4.94202 ], [ 44.44135, 4.94161 ], [ 44.45036, 4.94121 ], [ 44.45937, 4.94081 ], [ 44.46837, 4.94041 ], [ 44.47738, 4.94001 ], [ 44.48639, 4.93961 ], [ 44.49539, 4.9392 ], [ 44.5044, 4.9388 ], [ 44.51341, 4.9384 ], [ 44.52241, 4.938 ], [ 44.53142, 4.93759 ], [ 44.54043, 4.93719 ], [ 44.54943, 4.93679 ], [ 44.55844, 4.93638 ], [ 44.56745, 4.93598 ], [ 44.57645, 4.93558 ], [ 44.58546, 4.93517 ], [ 44.59207, 4.93488 ], [ 44.59253, 4.93486 ], [ 44.59508, 4.91736 ], [ 44.66439, 4.50972 ], [ 44.67668, 4.44077 ], [ 44.67834, 4.43145 ], [ 44.67845, 4.43082 ], [ 44.67964, 4.41921 ], [ 44.68046, 4.4152 ], [ 44.68109, 4.4115 ], [ 44.72316, 4.20691 ], [ 44.74455, 4.1026 ], [ 44.74963, 4.07788 ], [ 44.74966, 4.07777 ], [ 44.74972, 4.07752 ], [ 44.75047, 4.07435 ], [ 44.7511, 4.07147 ], [ 44.76517, 4.01238 ], [ 44.77569, 3.968 ] ] ] ] } },
{ "type": "Feature", "properties": { "adm1_name": "Banadir" }, "geometry": { "type": "MultiPolygon", "coordinates": [ [ [ [ 45.55389, 2.1535 ], [ 45.55328, 2.15308 ], [ 45.55267, 2.15332 ], [ 45.55231, 2.15308 ], [ 45.55188, 2.15271 ], [ 45.5509, 2.15228 ], [ 45.5495, 2.15149 ], [ 45.54889, 2.1507 ], [ 45.54669, 2.14893 ], [ 45.5437, 2.14673 ], [ 45.53729, 2.14313 ], [ 45.53571, 2.14209 ], [ 45.53369, 2.14069 ], [ 45.53192, 2.13971 ], [ 45.53149, 2.13928 ], [ 45.53088, 2.1391 ], [ 45.53009, 2.13867 ], [ 45.52972, 2.13849 ], [ 45.52911, 2.13788 ], [ 45.52869, 2.1377 ], [ 45.52808, 2.13733 ], [ 45.52771, 2.1369 ], [ 45.52649, 2.13647 ], [ 45.5257, 2.13568 ], [ 45.52112, 2.1319 ], [ 45.5191, 2.13068 ], [ 45.51428, 2.12848 ], [ 45.51031, 2.12592 ], [ 45.50629, 2.12347 ], [ 45.50348, 2.12091 ], [ 45.50293, 2.11987 ], [ 45.50208, 2.11932 ], [ 45.50092, 2.11829 ], [ 45.50049, 2.1181 ], [ 45.49933, 2.11768 ], [ 45.49847, 2.11749 ], [ 45.49707, 2.1167 ], [ 45.49628, 2.11609 ], [ 45.4953, 2.11493 ], [ 45.49451, 2.11469 ], [ 45.49109, 2.11328 ], [ 45.49048, 2.1131 ], [ 45.49011, 2.11267 ], [ 45.48932, 2.1123 ], [ 45.48828, 2.11151 ], [ 45.48792, 2.11169 ], [ 45.4873, 2.11072 ], [ 45.48608, 2.10968 ], [ 45.48572, 2.10931 ], [ 45.48529, 2.10913 ], [ 45.48468, 2.10913 ], [ 45.4837, 2.10852 ], [ 45.48323, 2.1079 ], [ 45.48291, 2.10748 ], [ 45.4823, 2.10748 ], [ 45.48187, 2.10712 ], [ 45.48169, 2.10712 ], [ 45.48151, 2.10669 ], [ 45.48108, 2.10651 ], [ 45.48071, 2.10632 ], [ 45.48029, 2.10632 ], [ 45.4801, 2.10651 ], [ 45.47968, 2.10687 ], [ 45.47931, 2.1073 ], [ 45.47827, 2.10669 ], [ 45.47772, 2.10669 ], [ 45.47729, 2.10651 ], [ 45.47668, 2.10651 ], [ 45.47607, 2.10632 ], [ 45.4751, 2.10571 ], [ 45.47467, 2.1051 ], [ 45.47351, 2.10529 ], [ 45.47308, 2.1051 ], [ 45.47211, 2.10468 ], [ 45.47113, 2.10413 ], [ 45.47028, 2.1037 ], [ 45.46948, 2.10291 ], [ 45.46832, 2.10211 ], [ 45.46692, 2.1015 ], [ 45.46588, 2.10107 ], [ 45.4649, 2.10028 ], [ 45.4635, 2.09991 ], [ 45.46228, 2.09888 ], [ 45.45929, 2.09729 ], [ 45.45691, 2.09589 ], [ 45.45508, 2.09509 ], [ 45.45251, 2.09332 ], [ 45.4505, 2.0921 ], [ 45.44751, 2.09088 ], [ 45.44629, 2.09027 ], [ 45.44531, 2.08948 ], [ 45.44489, 2.08893 ], [ 45.4447, 2.08868 ], [ 45.4433, 2.08789 ], [ 45.44171, 2.0871 ], [ 45.4411, 2.08673 ], [ 45.4397, 2.08588 ], [ 45.4375, 2.08447 ], [ 45.43451, 2.08252 ], [ 45.43293, 2.08191 ], [ 45.43292, 2.08138 ], [ 45.43292, 2.08113 ], [ 45.43094, 2.07974 ], [ 45.43009, 2.07917 ], [ 45.42987, 2.0791 ], [ 45.42987, 2.07899 ], [ 45.42955, 2.07846 ], [ 45.42944, 2.07807 ], [ 45.42932, 2.07788 ], [ 45.42932, 2.0777 ], [ 45.42893, 2.07747 ], [ 45.42803, 2.07706 ], [ 45.42802, 2.07706 ], [ 45.4264, 2.07648 ], [ 45.42638, 2.07648 ], [ 45.42609, 2.07648 ], [ 45.42511, 2.07629 ], [ 45.42371, 2.07593 ], [ 45.42261, 2.07454 ], [ 45.42163, 2.07345 ], [ 45.42122, 2.0731 ], [ 45.41953, 2.0717 ], [ 45.41691, 2.07023 ], [ 45.41669, 2.07013 ], [ 45.41388, 2.0683 ], [ 45.41248, 2.06689 ], [ 45.41232, 2.06658 ], [ 45.41224, 2.0665 ], [ 45.4101, 2.06531 ], [ 45.40808, 2.06409 ], [ 45.40806, 2.06405 ], [ 45.40801, 2.06402 ], [ 45.40712, 2.06234 ], [ 45.4071, 2.06232 ], [ 45.40552, 2.06232 ], [ 45.4043, 2.06171 ], [ 45.40354, 2.0611 ], [ 45.403, 2.06076 ], [ 45.40257, 2.06064 ], [ 45.40167, 2.06049 ], [ 45.40112, 2.05951 ], [ 45.40088, 2.05811 ], [ 45.40033, 2.05811 ], [ 45.39929, 2.05713 ], [ 45.39752, 2.05713 ], [ 45.3963, 2.05652 ], [ 45.39624, 2.05644 ], [ 45.39543, 2.05552 ], [ 45.39439, 2.05494 ], [ 45.39341, 2.05434 ], [ 45.39288, 2.05408 ], [ 45.39227, 2.05408 ], [ 45.39221, 2.05401 ], [ 45.39217, 2.05401 ], [ 45.39159, 2.05354 ], [ 45.39159, 2.05249 ], [ 45.39111, 2.05213 ], [ 45.39069, 2.05188 ], [ 45.38953, 2.05231 ], [ 45.38892, 2.05267 ], [ 45.38831, 2.05328 ], [ 45.38825, 2.05327 ], [ 45.38821, 2.05331 ], [ 45.38794, 2.05323 ], [ 45.38708, 2.0531 ], [ 45.38568, 2.05231 ], [ 45.38525, 2.05204 ], [ 45.384, 2.05135 ], [ 45.38348, 2.05109 ], [ 45.38313, 2.05074 ], [ 45.38282, 2.05047 ], [ 45.38173, 2.0503 ], [ 45.38158, 2.05028 ], [ 45.38053, 2.0497 ], [ 45.37937, 2.04865 ], [ 45.37923, 2.04859 ], [ 45.37708, 2.04773 ], [ 45.3761, 2.04749 ], [ 45.37521, 2.0471 ], [ 45.37459, 2.0469 ], [ 45.37423, 2.04672 ], [ 45.37373, 2.04647 ], [ 45.37268, 2.04608 ], [ 45.37254, 2.04581 ], [ 45.37243, 2.04571 ], [ 45.37219, 2.0455 ], [ 45.37189, 2.04529 ], [ 45.37091, 2.04468 ], [ 45.37048, 2.04468 ], [ 45.36994, 2.04468 ], [ 45.36982, 2.04469 ], [ 45.36896, 2.04417 ], [ 45.3681, 2.0437 ], [ 45.36714, 2.04287 ], [ 45.36668, 2.04248 ], [ 45.36384, 2.04053 ], [ 45.36371, 2.04053 ], [ 45.36375, 2.04047 ], [ 45.3637, 2.04043 ], [ 45.36378, 2.04022 ], [ 45.36319, 2.03973 ], [ 45.36229, 2.03897 ], [ 45.36162, 2.03856 ], [ 45.36151, 2.03851 ], [ 45.36047, 2.0379 ], [ 45.3604, 2.03781 ], [ 45.36005, 2.03753 ], [ 45.35892, 2.03731 ], [ 45.35876, 2.03728 ], [ 45.35748, 2.03711 ], [ 45.35608, 2.03668 ], [ 45.3559, 2.03632 ], [ 45.3559, 2.03631 ], [ 45.35587, 2.03627 ], [ 45.35601, 2.03519 ], [ 45.35583, 2.03381 ], [ 45.35553, 2.03351 ], [ 45.35529, 2.0343 ], [ 45.3551, 2.03491 ], [ 45.35449, 2.03528 ], [ 45.35439, 2.03528 ], [ 45.35407, 2.03528 ], [ 45.35403, 2.03514 ], [ 45.3539, 2.03494 ], [ 45.35381, 2.03506 ], [ 45.3537, 2.03528 ], [ 45.35309, 2.03589 ], [ 45.35306, 2.0359 ], [ 45.353, 2.03596 ], [ 45.35227, 2.0361 ], [ 45.3521, 2.03613 ], [ 45.35204, 2.0361 ], [ 45.35187, 2.03614 ], [ 45.35124, 2.03614 ], [ 45.35046, 2.03607 ], [ 45.35028, 2.03607 ], [ 45.34869, 2.03589 ], [ 45.34844, 2.03581 ], [ 45.34734, 2.03555 ], [ 45.34662, 2.03537 ], [ 45.34613, 2.03528 ], [ 45.34528, 2.03528 ], [ 45.34491, 2.0351 ], [ 45.34387, 2.03448 ], [ 45.34387, 2.03444 ], [ 45.34379, 2.03398 ], [ 45.34401, 2.03362 ], [ 45.34424, 2.03344 ], [ 45.34415, 2.03317 ], [ 45.34424, 2.03277 ], [ 45.34397, 2.03254 ], [ 45.34369, 2.03248 ], [ 45.34349, 2.03235 ], [ 45.34336, 2.03226 ], [ 45.34361, 2.03205 ], [ 45.34382, 2.03198 ], [ 45.34377, 2.03187 ], [ 45.34361, 2.03174 ], [ 45.34341, 2.03154 ], [ 45.34332, 2.03149 ], [ 45.34308, 2.03131 ], [ 45.3429, 2.03131 ], [ 45.34304, 2.03146 ], [ 45.34321, 2.03156 ], [ 45.34321, 2.03159 ], [ 45.34332, 2.03168 ], [ 45.34332, 2.03192 ], [ 45.34308, 2.03192 ], [ 45.34305, 2.03186 ], [ 45.34298, 2.03187 ], [ 45.34276, 2.03151 ], [ 45.34253, 2.03151 ], [ 45.34242, 2.03158 ], [ 45.34229, 2.03168 ], [ 45.3421, 2.03192 ], [ 45.34182, 2.03176 ], [ 45.34154, 2.03174 ], [ 45.34141, 2.0316 ], [ 45.34135, 2.03139 ], [ 45.34131, 2.03131 ], [ 45.34114, 2.03119 ], [ 45.34065, 2.03093 ], [ 45.34056, 2.03061 ], [ 45.34061, 2.03048 ], [ 45.34069, 2.0303 ], [ 45.34056, 2.03016 ], [ 45.34082, 2.03021 ], [ 45.341, 2.03027 ], [ 45.34113, 2.03027 ], [ 45.341, 2.03012 ], [ 45.34093, 2.03009 ], [ 45.3407, 2.03009 ], [ 45.34027, 2.03009 ], [ 45.34009, 2.02991 ], [ 45.33998, 2.02985 ], [ 45.33997, 2.02985 ], [ 45.33972, 2.02972 ], [ 45.33929, 2.02972 ], [ 45.33929, 2.02962 ], [ 45.33921, 2.02945 ], [ 45.33917, 2.02936 ], [ 45.33911, 2.0293 ], [ 45.33911, 2.02919 ], [ 45.33904, 2.02896 ], [ 45.33868, 2.02911 ], [ 45.3385, 2.02893 ], [ 45.33807, 2.02869 ], [ 45.33807, 2.0285 ], [ 45.33772, 2.02833 ], [ 45.33769, 2.02834 ], [ 45.33752, 2.0285 ], [ 45.33728, 2.02832 ], [ 45.3371, 2.02832 ], [ 45.3371, 2.02819 ], [ 45.33708, 2.02819 ], [ 45.33705, 2.02801 ], [ 45.34204, 2.02522 ], [ 45.34195, 2.02504 ], [ 45.33579, 2.02235 ], [ 45.33552, 2.02239 ], [ 45.33533, 2.02252 ], [ 45.33508, 2.02252 ], [ 45.33368, 2.02289 ], [ 45.3335, 2.02271 ], [ 45.33331, 2.02252 ], [ 45.33327, 2.02247 ], [ 45.33229, 2.02213 ], [ 45.33212, 2.02207 ], [ 45.33209, 2.02209 ], [ 45.33191, 2.02209 ], [ 45.33148, 2.02184 ], [ 45.3309, 2.02164 ], [ 45.33091, 2.02164 ], [ 45.32979, 2.02098 ], [ 45.32866, 2.02088 ], [ 45.32781, 2.02079 ], [ 45.32668, 2.02022 ], [ 45.32574, 2.01994 ], [ 45.32489, 2.01956 ], [ 45.32404, 2.01919 ], [ 45.32366, 2.01905 ], [ 45.32312, 2.01892 ], [ 45.32291, 2.01871 ], [ 45.32234, 2.01871 ], [ 45.32149, 2.01871 ], [ 45.32102, 2.01834 ], [ 45.32064, 2.01787 ], [ 45.31989, 2.0177 ], [ 45.31965, 2.01758 ], [ 45.31942, 2.01749 ], [ 45.31867, 2.01673 ], [ 45.31837, 2.01647 ], [ 45.31787, 2.01611 ], [ 45.3175, 2.0163 ], [ 45.31671, 2.01611 ], [ 45.3161, 2.0155 ], [ 45.31608, 2.01545 ], [ 45.31603, 2.01541 ], [ 45.31581, 2.01511 ], [ 45.31565, 2.01489 ], [ 45.31488, 2.01489 ], [ 45.3147, 2.01489 ], [ 45.31409, 2.01508 ], [ 45.31406, 2.01506 ], [ 45.31395, 2.01513 ], [ 45.31368, 2.01489 ], [ 45.3132, 2.01447 ], [ 45.31281, 2.01385 ], [ 45.31273, 2.01372 ], [ 45.31249, 2.01358 ], [ 45.31232, 2.01349 ], [ 45.31171, 2.01331 ], [ 45.31162, 2.01326 ], [ 45.31159, 2.01325 ], [ 45.31084, 2.01296 ], [ 45.31018, 2.01249 ], [ 45.30943, 2.01193 ], [ 45.3093, 2.0119 ], [ 45.30908, 2.0119 ], [ 45.3089, 2.01181 ], [ 45.30858, 2.01174 ], [ 45.30848, 2.01172 ], [ 45.30811, 2.01172 ], [ 45.30787, 2.01158 ], [ 45.30773, 2.01155 ], [ 45.30735, 2.01117 ], [ 45.30684, 2.01066 ], [ 45.30669, 2.01058 ], [ 45.30641, 2.01051 ], [ 45.30638, 2.0105 ], [ 45.30627, 2.0105 ], [ 45.30609, 2.0105 ], [ 45.30641, 2.01082 ], [ 45.3065, 2.01089 ], [ 45.30667, 2.011 ], [ 45.30688, 2.01111 ], [ 45.30688, 2.01126 ], [ 45.30695, 2.01139 ], [ 45.30698, 2.01145 ], [ 45.30698, 2.01147 ], [ 45.30713, 2.01147 ], [ 45.30713, 2.01172 ], [ 45.3067, 2.01208 ], [ 45.30615, 2.01208 ], [ 45.30594, 2.01211 ], [ 45.3057, 2.01208 ], [ 45.30511, 2.01208 ], [ 45.30462, 2.01197 ], [ 45.30424, 2.01193 ], [ 45.30358, 2.01155 ], [ 45.30321, 2.01117 ], [ 45.3031, 2.01111 ], [ 45.30249, 2.01068 ], [ 45.30246, 2.01062 ], [ 45.30245, 2.01061 ], [ 45.30207, 2.00995 ], [ 45.30236, 2.00947 ], [ 45.30217, 2.0091 ], [ 45.30173, 2.00894 ], [ 45.3009, 2.00873 ], [ 45.30048, 2.00873 ], [ 45.30026, 2.00859 ], [ 45.30014, 2.00853 ], [ 45.30015, 2.00851 ], [ 45.30011, 2.00848 ], [ 45.30017, 2.00848 ], [ 45.30019, 2.00844 ], [ 45.30001, 2.0079 ], [ 45.29932, 2.00812 ], [ 45.29907, 2.00812 ], [ 45.29828, 2.00732 ], [ 45.2982, 2.00715 ], [ 45.29802, 2.00684 ], [ 45.29826, 2.00627 ], [ 45.2981, 2.0061 ], [ 45.29791, 2.00629 ], [ 45.29769, 2.00629 ], [ 45.29708, 2.00636 ], [ 45.29675, 2.00618 ], [ 45.29651, 2.0061 ], [ 45.29642, 2.00599 ], [ 45.29577, 2.00524 ], [ 45.2951, 2.00488 ], [ 45.29503, 2.00478 ], [ 45.295, 2.00476 ], [ 45.29495, 2.00466 ], [ 45.29468, 2.00427 ], [ 45.29457, 2.00393 ], [ 45.29444, 2.00372 ], [ 45.295, 2.00344 ], [ 45.29499, 2.00343 ], [ 45.29468, 2.0033 ], [ 45.29413, 2.00311 ], [ 45.29375, 2.00311 ], [ 45.29397, 2.00354 ], [ 45.29388, 2.00367 ], [ 45.29388, 2.00391 ], [ 45.29291, 2.00391 ], [ 45.29272, 2.00391 ], [ 45.2923, 2.00391 ], [ 45.29211, 2.00427 ], [ 45.29161, 2.00412 ], [ 45.29151, 2.0041 ], [ 45.29086, 2.00372 ], [ 45.2901, 2.00372 ], [ 45.28888, 2.0033 ], [ 45.28809, 2.00311 ], [ 45.28748, 2.00311 ], [ 45.28748, 2.0033 ], [ 45.28714, 2.00346 ], [ 45.28708, 2.00354 ], [ 45.28695, 2.00357 ], [ 45.28668, 2.00372 ], [ 45.28607, 2.00372 ], [ 45.2851, 2.00348 ], [ 45.28465, 2.00303 ], [ 45.28416, 2.00269 ], [ 45.28355, 2.00221 ], [ 45.28333, 2.00208 ], [ 45.28229, 2.0011 ], [ 45.28218, 2.00097 ], [ 45.2819, 2.00071 ], [ 45.28172, 2.00067 ], [ 45.28149, 2.00067 ], [ 45.28131, 2.00067 ], [ 45.28124, 2.00061 ], [ 45.28088, 2.00031 ], [ 45.27991, 1.99951 ], [ 45.27869, 1.99872 ], [ 45.27751, 1.99781 ], [ 45.27629, 1.99698 ], [ 45.27474, 1.99573 ], [ 45.27307, 1.99451 ], [ 45.27124, 1.99333 ], [ 45.27085, 1.99311 ], [ 45.27059, 1.99295 ], [ 45.2691, 1.99213 ], [ 45.26892, 1.99188 ], [ 45.26818, 1.99134 ], [ 45.26666, 1.99009 ], [ 45.26349, 1.98907 ], [ 45.26288, 1.98889 ], [ 45.26233, 1.98853 ], [ 45.26111, 1.98749 ], [ 45.26035, 1.98716 ], [ 45.25901, 1.98669 ], [ 45.25875, 1.98653 ], [ 45.2587, 1.9865 ], [ 45.2583, 1.98633 ], [ 45.25531, 1.9845 ], [ 45.25427, 1.98389 ], [ 45.25375, 1.98346 ], [ 45.25353, 1.98333 ], [ 45.2533, 1.98309 ], [ 45.25195, 1.98268 ], [ 45.24933, 1.98187 ], [ 45.24768, 1.98108 ], [ 45.2467, 1.98053 ], [ 45.24609, 1.98029 ], [ 45.246, 1.98029 ], [ 45.2453, 1.98029 ], [ 45.24451, 1.97968 ], [ 45.24371, 1.97931 ], [ 45.24268, 1.97915 ], [ 45.24168, 1.979 ], [ 45.24091, 1.97888 ], [ 45.23889, 1.97791 ], [ 45.23828, 1.97748 ], [ 45.2381, 1.97748 ], [ 45.23572, 1.9765 ], [ 45.23431, 1.97491 ], [ 45.23328, 1.97388 ], [ 45.23294, 1.97346 ], [ 45.23248, 1.9729 ], [ 45.23212, 1.97247 ], [ 45.23169, 1.96991 ], [ 45.23, 1.96844 ], [ 45.22999, 1.96877 ], [ 45.22996, 1.97001 ], [ 45.22993, 1.97139 ], [ 45.22992, 1.9715 ], [ 45.22992, 1.97203 ], [ 45.22983, 1.9759 ], [ 45.22964, 1.97623 ], [ 45.22963, 1.97986 ], [ 45.22963, 1.98112 ], [ 45.22963, 1.98147 ], [ 45.22962, 1.98171 ], [ 45.22961, 1.98589 ], [ 45.22961, 1.98737 ], [ 45.2296, 1.98918 ], [ 45.22954, 2.01121 ], [ 45.22956, 2.01883 ], [ 45.22952, 2.01908 ], [ 45.22929, 2.0196 ], [ 45.22806, 2.02264 ], [ 45.22755, 2.02392 ], [ 45.22729, 2.02455 ], [ 45.21562, 2.05321 ], [ 45.20836, 2.07102 ], [ 45.2083, 2.07116 ], [ 45.20836, 2.07118 ], [ 45.20852, 2.07123 ], [ 45.2085, 2.07129 ], [ 45.20836, 2.07129 ], [ 45.20831, 2.07129 ], [ 45.20836, 2.0713 ], [ 45.21307, 2.07288 ], [ 45.21429, 2.07321 ], [ 45.21532, 2.07357 ], [ 45.21562, 2.07367 ], [ 45.21569, 2.07369 ], [ 45.21613, 2.07391 ], [ 45.21667, 2.0741 ], [ 45.21889, 2.07492 ], [ 45.2193, 2.07507 ], [ 45.21945, 2.07492 ], [ 45.21948, 2.07489 ], [ 45.21948, 2.07478 ], [ 45.21957, 2.07473 ], [ 45.21961, 2.07471 ], [ 45.21975, 2.07462 ], [ 45.22012, 2.0744 ], [ 45.22028, 2.07428 ], [ 45.22046, 2.07422 ], [ 45.22131, 2.07379 ], [ 45.22216, 2.07336 ], [ 45.22248, 2.07319 ], [ 45.22426, 2.07234 ], [ 45.22438, 2.07228 ], [ 45.22505, 2.07194 ], [ 45.22549, 2.07172 ], [ 45.22551, 2.0717 ], [ 45.22552, 2.07172 ], [ 45.22547, 2.07196 ], [ 45.22604, 2.07492 ], [ 45.22607, 2.07507 ], [ 45.22721, 2.08093 ], [ 45.22742, 2.08203 ], [ 45.22747, 2.08207 ], [ 45.22748, 2.08209 ], [ 45.22748, 2.08252 ], [ 45.22791, 2.08252 ], [ 45.23225, 2.08219 ], [ 45.23339, 2.08209 ], [ 45.24282, 2.08136 ], [ 45.24587, 2.08112 ], [ 45.24619, 2.08662 ], [ 45.24313, 2.08854 ], [ 45.24318, 2.08863 ], [ 45.24321, 2.08868 ], [ 45.2431, 2.08868 ], [ 45.2459, 2.0935 ], [ 45.24591, 2.0935 ], [ 45.24678, 2.09507 ], [ 45.24787, 2.097 ], [ 45.2481, 2.09743 ], [ 45.24854, 2.0982 ], [ 45.25035, 2.10144 ], [ 45.25141, 2.10334 ], [ 45.25264, 2.10293 ], [ 45.2529, 2.10284 ], [ 45.2547, 2.10229 ], [ 45.26129, 2.1001 ], [ 45.2627, 2.0965 ], [ 45.26349, 2.09448 ], [ 45.26392, 2.09332 ], [ 45.2641, 2.09308 ], [ 45.26468, 2.09308 ], [ 45.26471, 2.09308 ], [ 45.26489, 2.09308 ], [ 45.26555, 2.0933 ], [ 45.26672, 2.09369 ], [ 45.26868, 2.09412 ], [ 45.27195, 2.0949 ], [ 45.2735, 2.09528 ], [ 45.27771, 2.09631 ], [ 45.28051, 2.09692 ], [ 45.28195, 2.09894 ], [ 45.2844, 2.10458 ], [ 45.28441, 2.10458 ], [ 45.28444, 2.10458 ], [ 45.28445, 2.10457 ], [ 45.28445, 2.10458 ], [ 45.28448, 2.10468 ], [ 45.28486, 2.10458 ], [ 45.28748, 2.10388 ], [ 45.2883, 2.10363 ], [ 45.28904, 2.10345 ], [ 45.29022, 2.10316 ], [ 45.29273, 2.10255 ], [ 45.29395, 2.10225 ], [ 45.29468, 2.10211 ], [ 45.29572, 2.10229 ], [ 45.30133, 2.10327 ], [ 45.30151, 2.10327 ], [ 45.30322, 2.10273 ], [ 45.30819, 2.10115 ], [ 45.31479, 2.09906 ], [ 45.32019, 2.09735 ], [ 45.32652, 2.09534 ], [ 45.32777, 2.09494 ], [ 45.32788, 2.09491 ], [ 45.3313, 2.09387 ], [ 45.33483, 2.09274 ], [ 45.34177, 2.09052 ], [ 45.34209, 2.09042 ], [ 45.34369, 2.0899 ], [ 45.39097, 2.15165 ], [ 45.46097, 2.17165 ], [ 45.50738, 2.17587 ], [ 45.53324, 2.1783 ], [ 45.58771, 2.18329 ], [ 45.60686, 2.18491 ], [ 45.60669, 2.18469 ], [ 45.60608, 2.18469 ], [ 45.6059, 2.18451 ], [ 45.60553, 2.18408 ], [ 45.60529, 2.18372 ], [ 45.60492, 2.18347 ], [ 45.60468, 2.18329 ], [ 45.60431, 2.18292 ], [ 45.60388, 2.18268 ], [ 45.60352, 2.18231 ], [ 45.60309, 2.18213 ], [ 45.60248, 2.18213 ], [ 45.60193, 2.18213 ], [ 45.60089, 2.18213 ], [ 45.59991, 2.1817 ], [ 45.59949, 2.18152 ], [ 45.59912, 2.18109 ], [ 45.59869, 2.18091 ], [ 45.59808, 2.18048 ], [ 45.5979, 2.18048 ], [ 45.59747, 2.1803 ], [ 45.59729, 2.17987 ], [ 45.5965, 2.17932 ], [ 45.59613, 2.17889 ], [ 45.59528, 2.17792 ], [ 45.59473, 2.17749 ], [ 45.59412, 2.17712 ], [ 45.59351, 2.1767 ], [ 45.5929, 2.17651 ], [ 45.59253, 2.17609 ], [ 45.5921, 2.1759 ], [ 45.59167, 2.17572 ], [ 45.59113, 2.17529 ], [ 45.59088, 2.17511 ], [ 45.59052, 2.17493 ], [ 45.59009, 2.17468 ], [ 45.58948, 2.17468 ], [ 45.58868, 2.17468 ], [ 45.58832, 2.1745 ], [ 45.58752, 2.17389 ], [ 45.5871, 2.17371 ], [ 45.58691, 2.17328 ], [ 45.58649, 2.1731 ], [ 45.58612, 2.17249 ], [ 45.58533, 2.17212 ], [ 45.58472, 2.17169 ], [ 45.58472, 2.17151 ], [ 45.58447, 2.17108 ], [ 45.58429, 2.17072 ], [ 45.58411, 2.17047 ], [ 45.58392, 2.17029 ], [ 45.58368, 2.17029 ], [ 45.5835, 2.1701 ], [ 45.58313, 2.1701 ], [ 45.5827, 2.16992 ], [ 45.58228, 2.16968 ], [ 45.58148, 2.16949 ], [ 45.58069, 2.16913 ], [ 45.5799, 2.16913 ], [ 45.57928, 2.16852 ], [ 45.57831, 2.16791 ], [ 45.5777, 2.16748 ], [ 45.57672, 2.16687 ], [ 45.57507, 2.16608 ], [ 45.57288, 2.16528 ], [ 45.5719, 2.16492 ], [ 45.57092, 2.16431 ], [ 45.5697, 2.1629 ], [ 45.56927, 2.16211 ], [ 45.56873, 2.16193 ], [ 45.56787, 2.1615 ], [ 45.56708, 2.16107 ], [ 45.56628, 2.16071 ], [ 45.56549, 2.16028 ], [ 45.56451, 2.16028 ], [ 45.56409, 2.1601 ], [ 45.56329, 2.15991 ], [ 45.5625, 2.15973 ], [ 45.56152, 2.1593 ], [ 45.5611, 2.15887 ], [ 45.56073, 2.15869 ], [ 45.56012, 2.15851 ], [ 45.55988, 2.15833 ], [ 45.55933, 2.15808 ], [ 45.55872, 2.1579 ], [ 45.55792, 2.1579 ], [ 45.55731, 2.1571 ], [ 45.55713, 2.15692 ], [ 45.55652, 2.1557 ], [ 45.55627, 2.15527 ], [ 45.55591, 2.15491 ], [ 45.55548, 2.15448 ], [ 45.55389, 2.1535 ] ] ] ] } },
{ "type": "Feature", "properties": { "adm1_name": "Bari" }, "geometry": { "type": "MultiPolygon", "coordinates": [ [ [ [ 50.39846, 8.76792 ], [ 50.38776, 8.7483 ], [ 50.38255, 8.70631 ], [ 50.37993, 8.69759 ], [ 50.37952, 8.69629 ], [ 50.37735, 8.69351 ], [ 50.37462, 8.69012 ], [ 50.37421, 8.68961 ], [ 50.36768, 8.68469 ], [ 50.35828, 8.67548 ], [ 50.35512, 8.67232 ], [ 50.35429, 8.67151 ], [ 50.33854, 8.65022 ], [ 50.3304, 8.62959 ], [ 50.32729, 8.60983 ], [ 50.32568, 8.59991 ], [ 50.32571, 8.59978 ], [ 50.3257, 8.59977 ], [ 50.32585, 8.59891 ], [ 50.32788, 8.5863 ], [ 50.32892, 8.58472 ], [ 50.33279, 8.57863 ], [ 50.33392, 8.57085 ], [ 50.33385, 8.56966 ], [ 50.33307, 8.55689 ], [ 50.33302, 8.55606 ], [ 50.33289, 8.55511 ], [ 50.33289, 8.55495 ], [ 50.3318, 8.5543 ], [ 50.33202, 8.55086 ], [ 50.32477, 8.53418 ], [ 50.31611, 8.52134 ], [ 50.30609, 8.50653 ], [ 50.29983, 8.49906 ], [ 50.29243, 8.49032 ], [ 50.292, 8.48981 ], [ 50.29169, 8.4895 ], [ 50.28229, 8.48389 ], [ 50.28197, 8.48357 ], [ 50.28156, 8.48332 ], [ 50.27614, 8.47395 ], [ 50.276, 8.47369 ], [ 50.27473, 8.47259 ], [ 50.27289, 8.47113 ], [ 50.2453, 8.4469 ], [ 50.24522, 8.44681 ], [ 50.24457, 8.44625 ], [ 50.23485, 8.43389 ], [ 50.2286, 8.42312 ], [ 50.22646, 8.4148 ], [ 50.22612, 8.41347 ], [ 50.22388, 8.40509 ], [ 50.21973, 8.3999 ], [ 50.21912, 8.39911 ], [ 50.21112, 8.39368 ], [ 50.21101, 8.39357 ], [ 50.20443, 8.38705 ], [ 50.20338, 8.38601 ], [ 50.19621, 8.37433 ], [ 50.19426, 8.37084 ], [ 50.19128, 8.36572 ], [ 50.18549, 8.3501 ], [ 50.18514, 8.34228 ], [ 50.18483, 8.3365 ], [ 50.18364, 8.33317 ], [ 50.18347, 8.3327 ], [ 50.18346, 8.33264 ], [ 50.17608, 8.3291 ], [ 50.05107, 8.44107 ], [ 49.93106, 8.46107 ], [ 49.91891, 8.44284 ], [ 49.91425, 8.43585 ], [ 49.89111, 8.40112 ], [ 49.89106, 8.40105 ], [ 49.8728, 8.37547 ], [ 49.84115, 8.33115 ], [ 49.84113, 8.33112 ], [ 49.84112, 8.33115 ], [ 49.84106, 8.33108 ], [ 49.84104, 8.33115 ], [ 49.81503, 8.41784 ], [ 49.81368, 8.42233 ], [ 49.79773, 8.47548 ], [ 49.78867, 8.50571 ], [ 49.78106, 8.53106 ], [ 49.73758, 8.5528 ], [ 49.68106, 8.58105 ], [ 49.64075, 8.58281 ], [ 49.62433, 8.5835 ], [ 49.62379, 8.58354 ], [ 49.6207, 8.58368 ], [ 49.61932, 8.58368 ], [ 49.61855, 8.58377 ], [ 49.61087, 8.58411 ], [ 49.61029, 8.58411 ], [ 49.60975, 8.58416 ], [ 49.60865, 8.5842 ], [ 49.60666, 8.58429 ], [ 49.60632, 8.58429 ], [ 49.60601, 8.58432 ], [ 49.60245, 8.58447 ], [ 49.60229, 8.58447 ], [ 49.60212, 8.58449 ], [ 49.58842, 8.58508 ], [ 49.58832, 8.58508 ], [ 49.58826, 8.58509 ], [ 49.57725, 8.58557 ], [ 49.57017, 8.58588 ], [ 49.5683, 8.58588 ], [ 49.56725, 8.586 ], [ 49.56455, 8.58612 ], [ 49.56427, 8.58612 ], [ 49.56358, 8.58616 ], [ 49.55613, 8.58649 ], [ 49.5553, 8.58649 ], [ 49.55435, 8.58656 ], [ 49.55051, 8.58673 ], [ 49.55029, 8.58673 ], [ 49.55009, 8.58675 ], [ 49.53788, 8.58728 ], [ 49.53729, 8.58728 ], [ 49.53696, 8.58732 ], [ 49.53529, 8.58739 ], [ 49.52384, 8.58789 ], [ 49.52332, 8.58789 ], [ 49.52284, 8.58793 ], [ 49.51963, 8.58807 ], [ 49.51929, 8.58807 ], [ 49.5191, 8.5881 ], [ 49.51232, 8.58839 ], [ 49.50804, 8.58858 ], [ 49.45106, 8.59105 ], [ 49.44193, 8.59676 ], [ 49.40234, 8.6215 ], [ 49.40131, 8.62207 ], [ 49.40078, 8.62247 ], [ 49.39159, 8.62822 ], [ 49.39111, 8.62848 ], [ 49.38849, 8.63013 ], [ 49.38821, 8.63033 ], [ 49.37763, 8.63694 ], [ 49.37671, 8.63751 ], [ 49.37408, 8.6391 ], [ 49.37368, 8.63941 ], [ 49.36278, 8.64622 ], [ 49.3623, 8.64648 ], [ 49.35968, 8.64807 ], [ 49.35837, 8.64898 ], [ 49.3459, 8.65677 ], [ 49.34528, 8.6571 ], [ 49.34391, 8.65801 ], [ 49.32173, 8.67187 ], [ 49.30008, 8.68541 ], [ 49.30007, 8.68541 ], [ 49.25543, 8.71753 ], [ 49.18105, 8.77104 ], [ 49.11105, 8.90103 ], [ 49.08665, 9.09623 ], [ 49.08615, 9.10025 ], [ 49.08112, 9.1405 ], [ 49.08111, 9.14053 ], [ 49.07911, 9.18341 ], [ 49.07872, 9.19174 ], [ 49.07455, 9.28084 ], [ 49.0704, 9.37108 ], [ 49.06105, 9.5711 ], [ 49.05533, 9.7958 ], [ 49.05533, 9.79581 ], [ 49.04637, 10.14369 ], [ 49.04188, 10.31835 ], [ 49.04187, 10.3189 ], [ 49.04185, 10.31965 ], [ 49.04108, 10.35089 ], [ 49.0411, 10.35092 ], [ 49.04187, 10.35168 ], [ 49.04108, 10.35092 ], [ 49.03984, 10.40337 ], [ 49.03643, 10.54974 ], [ 49.03373, 10.66568 ], [ 49.03113, 10.78088 ], [ 49.01181, 10.86007 ], [ 49.01166, 10.86068 ], [ 49.00293, 10.89648 ], [ 48.96931, 11.03345 ], [ 48.96214, 11.06263 ], [ 48.95616, 11.087 ], [ 48.93507, 11.17339 ], [ 48.91913, 11.23871 ], [ 48.92458, 11.23766 ], [ 48.95532, 11.2384 ], [ 48.98396, 11.24466 ], [ 49.01491, 11.25459 ], [ 49.02749, 11.25438 ], [ 49.03191, 11.25554 ], [ 49.05123, 11.26384 ], [ 49.08057, 11.26802 ], [ 49.10968, 11.27495 ], [ 49.13546, 11.27775 ], [ 49.14392, 11.27867 ], [ 49.15416, 11.28098 ], [ 49.17349, 11.28606 ], [ 49.1835, 11.2902 ], [ 49.18858, 11.28998 ], [ 49.19373, 11.28967 ], [ 49.20236, 11.29224 ], [ 49.21611, 11.29621 ], [ 49.23439, 11.29801 ], [ 49.2346, 11.29805 ], [ 49.23969, 11.29852 ], [ 49.24419, 11.30048 ], [ 49.27293, 11.3128 ], [ 49.28132, 11.31763 ], [ 49.28213, 11.31829 ], [ 49.29063, 11.32522 ], [ 49.29068, 11.32529 ], [ 49.29071, 11.32532 ], [ 49.29605, 11.33284 ], [ 49.29666, 11.33308 ], [ 49.29948, 11.33419 ], [ 49.30588, 11.3339 ], [ 49.30951, 11.33368 ], [ 49.32013, 11.33069 ], [ 49.32057, 11.33069 ], [ 49.32088, 11.33065 ], [ 49.33443, 11.32915 ], [ 49.38615, 11.32779 ], [ 49.42203, 11.33354 ], [ 49.42504, 11.33495 ], [ 49.43266, 11.33851 ], [ 49.4353, 11.33972 ], [ 49.43591, 11.34027 ], [ 49.43934, 11.34362 ], [ 49.44369, 11.34779 ], [ 49.44372, 11.3479 ], [ 49.44373, 11.3479 ], [ 49.44565, 11.35403 ], [ 49.44645, 11.35425 ], [ 49.46466, 11.35929 ], [ 49.46468, 11.3593 ], [ 49.46472, 11.35931 ], [ 49.4649, 11.35949 ], [ 49.46553, 11.36004 ], [ 49.46829, 11.36242 ], [ 49.47028, 11.36407 ], [ 49.4743, 11.37329 ], [ 49.47452, 11.37334 ], [ 49.47497, 11.37339 ], [ 49.48784, 11.37481 ], [ 49.49197, 11.37527 ], [ 49.49914, 11.37606 ], [ 49.50666, 11.3796 ], [ 49.50952, 11.38092 ], [ 49.50973, 11.38127 ], [ 49.50984, 11.3814 ], [ 49.52675, 11.40071 ], [ 49.5285, 11.40271 ], [ 49.52986, 11.40543 ], [ 49.54692, 11.43949 ], [ 49.55092, 11.44329 ], [ 49.55326, 11.44548 ], [ 49.55482, 11.44587 ], [ 49.55495, 11.4459 ], [ 49.57582, 11.4512 ], [ 49.58073, 11.45139 ], [ 49.59377, 11.45188 ], [ 49.59716, 11.45258 ], [ 49.60202, 11.45354 ], [ 49.60338, 11.45367 ], [ 49.62872, 11.45367 ], [ 49.63114, 11.45457 ], [ 49.63847, 11.45722 ], [ 49.64016, 11.45783 ], [ 49.64644, 11.45829 ], [ 49.65577, 11.45897 ], [ 49.6658, 11.46563 ], [ 49.67793, 11.47136 ], [ 49.69215, 11.47733 ], [ 49.70345, 11.47223 ], [ 49.72431, 11.46282 ], [ 49.73216, 11.46075 ], [ 49.74268, 11.45789 ], [ 49.75018, 11.45734 ], [ 49.76207, 11.45634 ], [ 49.78985, 11.45765 ], [ 49.79547, 11.45789 ], [ 49.7995, 11.45725 ], [ 49.80542, 11.45629 ], [ 49.82407, 11.45741 ], [ 49.82849, 11.45849 ], [ 49.84482, 11.46244 ], [ 49.8495, 11.46406 ], [ 49.86151, 11.46808 ], [ 49.89575, 11.48711 ], [ 49.89964, 11.48925 ], [ 49.89971, 11.48931 ], [ 49.89972, 11.48932 ], [ 49.90051, 11.48993 ], [ 49.9028, 11.49177 ], [ 49.91177, 11.49889 ], [ 49.91185, 11.49888 ], [ 49.91713, 11.49865 ], [ 49.92551, 11.49059 ], [ 49.93118, 11.48768 ], [ 49.9318, 11.48736 ], [ 49.93949, 11.48068 ], [ 49.93951, 11.48072 ], [ 49.93951, 11.48071 ], [ 49.94012, 11.48187 ], [ 49.94085, 11.48355 ], [ 49.94112, 11.48413 ], [ 49.93996, 11.48873 ], [ 49.93994, 11.48874 ], [ 49.92777, 11.49477 ], [ 49.92511, 11.49609 ], [ 49.92468, 11.49686 ], [ 49.92413, 11.49795 ], [ 49.92504, 11.49995 ], [ 49.9273, 11.50469 ], [ 49.92816, 11.50521 ], [ 49.93207, 11.50759 ], [ 49.93953, 11.50941 ], [ 49.95492, 11.50916 ], [ 49.96936, 11.50361 ], [ 49.97985, 11.50176 ], [ 49.99185, 11.50202 ], [ 49.99652, 11.50208 ], [ 49.99768, 11.50215 ], [ 50.0, 11.50221 ], [ 50.00829, 11.50239 ], [ 50.02997, 11.50097 ], [ 50.06401, 11.50365 ], [ 50.07848, 11.50684 ], [ 50.08371, 11.50884 ], [ 50.08929, 11.51093 ], [ 50.09027, 11.51172 ], [ 50.10066, 11.51943 ], [ 50.1007, 11.51945 ], [ 50.11185, 11.52469 ], [ 50.11188, 11.52472 ], [ 50.1123, 11.52509 ], [ 50.11647, 11.53045 ], [ 50.12209, 11.53748 ], [ 50.12268, 11.53748 ], [ 50.12854, 11.53733 ], [ 50.13753, 11.53704 ], [ 50.13844, 11.53783 ], [ 50.1473, 11.54548 ], [ 50.14738, 11.54554 ], [ 50.1478, 11.54577 ], [ 50.15238, 11.54824 ], [ 50.15668, 11.55048 ], [ 50.16258, 11.55248 ], [ 50.16718, 11.55398 ], [ 50.18398, 11.556 ], [ 50.18798, 11.55791 ], [ 50.19348, 11.56049 ], [ 50.20503, 11.56006 ], [ 50.20987, 11.55984 ], [ 50.2157, 11.56166 ], [ 50.2311, 11.57228 ], [ 50.23313, 11.57368 ], [ 50.23468, 11.57471 ], [ 50.23936, 11.57579 ], [ 50.26052, 11.58061 ], [ 50.26986, 11.58426 ], [ 50.26988, 11.58428 ], [ 50.2699, 11.58429 ], [ 50.27069, 11.5849 ], [ 50.27631, 11.58948 ], [ 50.2807, 11.59851 ], [ 50.2852, 11.60259 ], [ 50.31857, 11.6182 ], [ 50.31891, 11.61829 ], [ 50.34131, 11.62909 ], [ 50.35165, 11.63426 ], [ 50.35562, 11.63619 ], [ 50.3557, 11.63623 ], [ 50.35654, 11.63664 ], [ 50.35661, 11.63669 ], [ 50.35669, 11.63672 ], [ 50.3783, 11.65149 ], [ 50.3877, 11.65631 ], [ 50.39105, 11.65721 ], [ 50.41751, 11.66424 ], [ 50.43153, 11.6704 ], [ 50.43213, 11.67094 ], [ 50.43231, 11.67108 ], [ 50.43517, 11.67365 ], [ 50.45216, 11.68883 ], [ 50.47178, 11.70635 ], [ 50.47179, 11.70636 ], [ 50.47192, 11.70648 ], [ 50.47613, 11.71127 ], [ 50.48372, 11.71987 ], [ 50.49286, 11.73155 ], [ 50.49702, 11.73888 ], [ 50.51337, 11.76755 ], [ 50.51817, 11.77772 ], [ 50.5213, 11.7843 ], [ 50.52771, 11.78912 ], [ 50.53011, 11.79319 ], [ 50.53113, 11.79485 ], [ 50.53237, 11.79864 ], [ 50.53668, 11.81152 ], [ 50.53928, 11.82415 ], [ 50.53931, 11.82429 ], [ 50.53954, 11.82537 ], [ 50.54132, 11.83368 ], [ 50.54688, 11.84833 ], [ 50.55291, 11.86291 ], [ 50.56155, 11.87772 ], [ 50.56166, 11.87846 ], [ 50.5625, 11.88312 ], [ 50.5625, 11.88373 ], [ 50.56245, 11.88367 ], [ 50.56245, 11.88368 ], [ 50.56216, 11.88334 ], [ 50.55469, 11.87488 ], [ 50.54878, 11.86359 ], [ 50.54137, 11.84975 ], [ 50.53773, 11.84129 ], [ 50.53711, 11.8399 ], [ 50.53664, 11.83804 ], [ 50.53417, 11.82864 ], [ 50.5281, 11.80559 ], [ 50.52588, 11.7973 ], [ 50.52588, 11.79713 ], [ 50.52577, 11.79671 ], [ 50.52417, 11.79638 ], [ 50.52252, 11.79608 ], [ 50.52191, 11.79968 ], [ 50.5391, 11.85937 ], [ 50.53931, 11.8601 ], [ 50.53951, 11.86048 ], [ 50.55072, 11.88092 ], [ 50.55212, 11.88377 ], [ 50.55247, 11.88442 ], [ 50.5588, 11.89197 ], [ 50.5588, 11.89198 ], [ 50.58153, 11.91212 ], [ 50.5816, 11.91215 ], [ 50.58209, 11.91229 ], [ 50.59009, 11.91553 ], [ 50.59796, 11.92079 ], [ 50.60177, 11.92329 ], [ 50.60352, 11.92444 ], [ 50.604, 11.9245 ], [ 50.62085, 11.9268 ], [ 50.62329, 11.92712 ], [ 50.62361, 11.92754 ], [ 50.62391, 11.92781 ], [ 50.62661, 11.93031 ], [ 50.6275, 11.93109 ], [ 50.63031, 11.9389 ], [ 50.63031, 11.93891 ], [ 50.63263, 11.94087 ], [ 50.63278, 11.94087 ], [ 50.63838, 11.94084 ], [ 50.63894, 11.94072 ], [ 50.65342, 11.93752 ], [ 50.67338, 11.93311 ], [ 50.67343, 11.93313 ], [ 50.67352, 11.93311 ], [ 50.68421, 11.93705 ], [ 50.70705, 11.94537 ], [ 50.72647, 11.95402 ], [ 50.73629, 11.95604 ], [ 50.75314, 11.9624 ], [ 50.76599, 11.96487 ], [ 50.76602, 11.96489 ], [ 50.76611, 11.9649 ], [ 50.76668, 11.96537 ], [ 50.767, 11.9656 ], [ 50.77318, 11.97008 ], [ 50.77368, 11.97045 ], [ 50.77607, 11.97217 ], [ 50.77615, 11.97218 ], [ 50.78775, 11.97327 ], [ 50.78864, 11.97399 ], [ 50.79162, 11.97642 ], [ 50.79352, 11.97791 ], [ 50.79211, 11.97992 ], [ 50.77991, 11.98071 ], [ 50.77505, 11.97875 ], [ 50.77255, 11.97775 ], [ 50.77188, 11.97748 ], [ 50.76637, 11.9713 ], [ 50.76568, 11.97053 ], [ 50.76312, 11.97211 ], [ 50.76971, 11.98212 ], [ 50.76993, 11.98228 ], [ 50.77051, 11.9826 ], [ 50.77378, 11.98437 ], [ 50.79154, 11.9852 ], [ 50.79877, 11.98356 ], [ 50.80576, 11.97939 ], [ 50.81656, 11.96865 ], [ 50.81989, 11.96527 ], [ 50.82277, 11.96334 ], [ 50.82714, 11.96033 ], [ 50.83134, 11.95743 ], [ 50.85138, 11.94698 ], [ 50.8586, 11.94373 ], [ 50.88153, 11.94038 ], [ 50.89288, 11.93872 ], [ 50.89343, 11.93878 ], [ 50.90411, 11.93982 ], [ 50.92019, 11.93123 ], [ 50.95586, 11.92184 ], [ 50.97337, 11.91387 ], [ 51.00081, 11.90137 ], [ 51.0178, 11.89024 ], [ 51.05435, 11.87256 ], [ 51.06438, 11.87158 ], [ 51.08494, 11.87284 ], [ 51.09116, 11.87167 ], [ 51.10009, 11.87 ], [ 51.11574, 11.87036 ], [ 51.14023, 11.87389 ], [ 51.14027, 11.87389 ], [ 51.1454, 11.87225 ], [ 51.16145, 11.86227 ], [ 51.16888, 11.85556 ], [ 51.18215, 11.85065 ], [ 51.2116, 11.84408 ], [ 51.21502, 11.84332 ], [ 51.23225, 11.83539 ], [ 51.24578, 11.83531 ], [ 51.24584, 11.83533 ], [ 51.24591, 11.83533 ], [ 51.25007, 11.83682 ], [ 51.2631, 11.8414 ], [ 51.27314, 11.8418 ], [ 51.28105, 11.83807 ], [ 51.28393, 11.83466 ], [ 51.28473, 11.83368 ], [ 51.28504, 11.83232 ], [ 51.28679, 11.82378 ], [ 51.28461, 11.81161 ], [ 51.27979, 11.80195 ], [ 51.27289, 11.78833 ], [ 51.26885, 11.78004 ], [ 51.26664, 11.77564 ], [ 51.25864, 11.7642 ], [ 51.25733, 11.75903 ], [ 51.25671, 11.75671 ], [ 51.25672, 11.75663 ], [ 51.25672, 11.75662 ], [ 51.25826, 11.74098 ], [ 51.25563, 11.73111 ], [ 51.24739, 11.71944 ], [ 51.24454, 11.71234 ], [ 51.25423, 11.69457 ], [ 51.25535, 11.68744 ], [ 51.25334, 11.67843 ], [ 51.25293, 11.6767 ], [ 51.2511, 11.67273 ], [ 51.2507, 11.67188 ], [ 51.2408, 11.65085 ], [ 51.24065, 11.65053 ], [ 51.22885, 11.64491 ], [ 51.22871, 11.64485 ], [ 51.22827, 11.64471 ], [ 51.22693, 11.64335 ], [ 51.22543, 11.64189 ], [ 51.22002, 11.62739 ], [ 51.2193, 11.62549 ], [ 51.21624, 11.62184 ], [ 51.21611, 11.62169 ], [ 51.21574, 11.62126 ], [ 51.21357, 11.62024 ], [ 51.20789, 11.61768 ], [ 51.20709, 11.61731 ], [ 51.18707, 11.58752 ], [ 51.1745, 11.57672 ], [ 51.17389, 11.57629 ], [ 51.1669, 11.56726 ], [ 51.16479, 11.56457 ], [ 51.16104, 11.55834 ], [ 51.15747, 11.55249 ], [ 51.15156, 11.53923 ], [ 51.12849, 11.50717 ], [ 51.12735, 11.50558 ], [ 51.12488, 11.50232 ], [ 51.12465, 11.50183 ], [ 51.1244, 11.50147 ], [ 51.1205, 11.49319 ], [ 51.11987, 11.49188 ], [ 51.11987, 11.49185 ], [ 51.11982, 11.49175 ], [ 51.12003, 11.48692 ], [ 51.12301, 11.4784 ], [ 51.12318, 11.46805 ], [ 51.12343, 11.46696 ], [ 51.12545, 11.45815 ], [ 51.12062, 11.42853 ], [ 51.11391, 11.41062 ], [ 51.11188, 11.40527 ], [ 51.11189, 11.40522 ], [ 51.11186, 11.40513 ], [ 51.11276, 11.4003 ], [ 51.10619, 11.39138 ], [ 51.08805, 11.3485 ], [ 51.08398, 11.33887 ], [ 51.0799, 11.31752 ], [ 51.07982, 11.31667 ], [ 51.07788, 11.29608 ], [ 51.07989, 11.2875 ], [ 51.08086, 11.28328 ], [ 51.08059, 11.28239 ], [ 51.07802, 11.27431 ], [ 51.07399, 11.26238 ], [ 51.07557, 11.22608 ], [ 51.07584, 11.21985 ], [ 51.07721, 11.21363 ], [ 51.08637, 11.18692 ], [ 51.09628, 11.16962 ], [ 51.10021, 11.16408 ], [ 51.10833, 11.15804 ], [ 51.10836, 11.15802 ], [ 51.11108, 11.15588 ], [ 51.12043, 11.15411 ], [ 51.13599, 11.15099 ], [ 51.14629, 11.15112 ], [ 51.14832, 11.15112 ], [ 51.15508, 11.14785 ], [ 51.15785, 11.14649 ], [ 51.15787, 11.1465 ], [ 51.1579, 11.14648 ], [ 51.16216, 11.14753 ], [ 51.16998, 11.14941 ], [ 51.17689, 11.14709 ], [ 51.17767, 11.14613 ], [ 51.17926, 11.14406 ], [ 51.18039, 11.13877 ], [ 51.1785, 11.13149 ], [ 51.17617, 11.12828 ], [ 51.17548, 11.12734 ], [ 51.16017, 11.10648 ], [ 51.15801, 11.09569 ], [ 51.13905, 11.05375 ], [ 51.13231, 11.03885 ], [ 51.12586, 11.01223 ], [ 51.1242, 11.00534 ], [ 51.12245, 10.9903 ], [ 51.1166, 10.93988 ], [ 51.11825, 10.91169 ], [ 51.11908, 10.89673 ], [ 51.1196, 10.8944 ], [ 51.12117, 10.88676 ], [ 51.12219, 10.8805 ], [ 51.12268, 10.87708 ], [ 51.1235, 10.85727 ], [ 51.12455, 10.82965 ], [ 51.12516, 10.81364 ], [ 51.1294, 10.76072 ], [ 51.12978, 10.75596 ], [ 51.12988, 10.75409 ], [ 51.12898, 10.74231 ], [ 51.12897, 10.74218 ], [ 51.12742, 10.72285 ], [ 51.13071, 10.68072 ], [ 51.13129, 10.6731 ], [ 51.1313, 10.67307 ], [ 51.13131, 10.67295 ], [ 51.13362, 10.66926 ], [ 51.1422, 10.66599 ], [ 51.14541, 10.6593 ], [ 51.1471, 10.64556 ], [ 51.14752, 10.64191 ], [ 51.15088, 10.61432 ], [ 51.15705, 10.60164 ], [ 51.16771, 10.57965 ], [ 51.16929, 10.57369 ], [ 51.16816, 10.5713 ], [ 51.16599, 10.56679 ], [ 51.16577, 10.56633 ], [ 51.16124, 10.56422 ], [ 51.16052, 10.5639 ], [ 51.14648, 10.5603 ], [ 51.1239, 10.55969 ], [ 51.12073, 10.55847 ], [ 51.12059, 10.55842 ], [ 51.11682, 10.55697 ], [ 51.11506, 10.5563 ], [ 51.1122, 10.55443 ], [ 51.10632, 10.55072 ], [ 51.10534, 10.54997 ], [ 51.10527, 10.54992 ], [ 51.10422, 10.54758 ], [ 51.10291, 10.54468 ], [ 51.10292, 10.54466 ], [ 51.10291, 10.54465 ], [ 51.10406, 10.54234 ], [ 51.10962, 10.53886 ], [ 51.11024, 10.53676 ], [ 51.11027, 10.53667 ], [ 51.10669, 10.53448 ], [ 51.10571, 10.53387 ], [ 51.10564, 10.53383 ], [ 51.10528, 10.53296 ], [ 51.10468, 10.53168 ], [ 51.10471, 10.53157 ], [ 51.10469, 10.53154 ], [ 51.10743, 10.52302 ], [ 51.10485, 10.51844 ], [ 51.11016, 10.51243 ], [ 51.11058, 10.50508 ], [ 51.1082, 10.49429 ], [ 51.10162, 10.48215 ], [ 51.09354, 10.47009 ], [ 51.09271, 10.46887 ], [ 51.08551, 10.46252 ], [ 51.08457, 10.46158 ], [ 51.08455, 10.46157 ], [ 51.08369, 10.46143 ], [ 51.08209, 10.4613 ], [ 51.05713, 10.45728 ], [ 51.03992, 10.45691 ], [ 51.0329, 10.45313 ], [ 51.03229, 10.4527 ], [ 51.03225, 10.45268 ], [ 51.02664, 10.44627 ], [ 51.02625, 10.44403 ], [ 51.02588, 10.44208 ], [ 51.02796, 10.44022 ], [ 51.02985, 10.43844 ], [ 51.03006, 10.43522 ], [ 51.03089, 10.42546 ], [ 51.03113, 10.42249 ], [ 51.03064, 10.42017 ], [ 51.02984, 10.41673 ], [ 51.02955, 10.41551 ], [ 51.02948, 10.41528 ], [ 51.02209, 10.42151 ], [ 51.02047, 10.42162 ], [ 51.01947, 10.42171 ], [ 51.01945, 10.42171 ], [ 51.01929, 10.42188 ], [ 51.01783, 10.42028 ], [ 51.0172, 10.41967 ], [ 51.01924, 10.4152 ], [ 51.01971, 10.41412 ], [ 51.01966, 10.4136 ], [ 51.01899, 10.40771 ], [ 51.02177, 10.40494 ], [ 51.02186, 10.40496 ], [ 51.02191, 10.40491 ], [ 51.0245, 10.40564 ], [ 51.02967, 10.40696 ], [ 51.03778, 10.4037 ], [ 51.03786, 10.40371 ], [ 51.0379, 10.40369 ], [ 51.03877, 10.40383 ], [ 51.04266, 10.40436 ], [ 51.05239, 10.4122 ], [ 51.05278, 10.41252 ], [ 51.05609, 10.4151 ], [ 51.06372, 10.4187 ], [ 51.0872, 10.42132 ], [ 51.08734, 10.42133 ], [ 51.08798, 10.4215 ], [ 51.09113, 10.4223 ], [ 51.11144, 10.42778 ], [ 51.12013, 10.4301 ], [ 51.13685, 10.42931 ], [ 51.18332, 10.43339 ], [ 51.18864, 10.43309 ], [ 51.2174, 10.43144 ], [ 51.22835, 10.43081 ], [ 51.2328, 10.43193 ], [ 51.2337, 10.43213 ], [ 51.23413, 10.43292 ], [ 51.23572, 10.4361 ], [ 51.23352, 10.44171 ], [ 51.22852, 10.44513 ], [ 51.22737, 10.45166 ], [ 51.22732, 10.45196 ], [ 51.22729, 10.45209 ], [ 51.22449, 10.45313 ], [ 51.22388, 10.45349 ], [ 51.22247, 10.44952 ], [ 51.22193, 10.44789 ], [ 51.22038, 10.4502 ], [ 51.2121, 10.46271 ], [ 51.19672, 10.47412 ], [ 51.19391, 10.47888 ], [ 51.19232, 10.48572 ], [ 51.1947, 10.49469 ], [ 51.19771, 10.4993 ], [ 51.19953, 10.502 ], [ 51.2003, 10.50762 ], [ 51.2005, 10.50909 ], [ 51.2005, 10.50911 ], [ 51.2005, 10.50912 ], [ 51.2001, 10.51161 ], [ 51.19925, 10.51686 ], [ 51.19873, 10.52008 ], [ 51.19871, 10.52015 ], [ 51.19871, 10.52016 ], [ 51.19712, 10.52661 ], [ 51.19709, 10.52665 ], [ 51.19708, 10.52667 ], [ 51.18292, 10.54169 ], [ 51.17549, 10.5571 ], [ 51.17592, 10.55781 ], [ 51.17767, 10.56048 ], [ 51.17803, 10.56033 ], [ 51.18152, 10.55888 ], [ 51.18337, 10.55525 ], [ 51.19208, 10.53809 ], [ 51.19384, 10.53643 ], [ 51.19924, 10.53119 ], [ 51.21848, 10.52349 ], [ 51.22691, 10.51566 ], [ 51.23669, 10.50659 ], [ 51.2504, 10.50145 ], [ 51.25964, 10.49472 ], [ 51.27287, 10.49165 ], [ 51.29137, 10.47935 ], [ 51.29993, 10.47561 ], [ 51.30968, 10.47463 ], [ 51.31849, 10.47066 ], [ 51.3294, 10.47082 ], [ 51.34094, 10.47571 ], [ 51.35089, 10.47992 ], [ 51.3513, 10.48009 ], [ 51.35506, 10.48032 ], [ 51.36469, 10.4809 ], [ 51.37451, 10.47968 ], [ 51.3777, 10.47854 ], [ 51.38796, 10.47478 ], [ 51.39049, 10.47201 ], [ 51.39204, 10.46051 ], [ 51.39802, 10.45173 ], [ 51.41236, 10.44336 ], [ 51.41303, 10.43968 ], [ 51.4048, 10.42457 ], [ 51.40465, 10.4241 ], [ 51.39817, 10.41206 ], [ 51.39761, 10.4116 ], [ 51.39612, 10.41052 ], [ 51.3957, 10.40844 ], [ 51.39538, 10.40694 ], [ 51.39275, 10.39455 ], [ 51.3898, 10.38989 ], [ 51.38971, 10.38989 ], [ 51.38654, 10.38735 ], [ 51.3834, 10.38496 ], [ 51.38332, 10.38486 ], [ 51.37531, 10.38348 ], [ 51.37408, 10.38251 ], [ 51.37292, 10.38171 ], [ 51.37109, 10.3775 ], [ 51.3731, 10.37123 ], [ 51.37307, 10.37119 ], [ 51.37511, 10.36488 ], [ 51.37469, 10.36376 ], [ 51.37446, 10.36323 ], [ 51.374, 10.36216 ], [ 51.36029, 10.3689 ], [ 51.35554, 10.36754 ], [ 51.351, 10.36634 ], [ 51.34995, 10.3667 ], [ 51.34833, 10.36731 ], [ 51.3407, 10.37433 ], [ 51.3363, 10.37567 ], [ 51.33148, 10.37592 ], [ 51.32092, 10.37231 ], [ 51.31848, 10.37243 ], [ 51.31694, 10.37252 ], [ 51.31575, 10.37259 ], [ 51.30328, 10.37347 ], [ 51.29547, 10.37057 ], [ 51.28926, 10.36837 ], [ 51.28804, 10.36869 ], [ 51.28491, 10.36969 ], [ 51.2771, 10.37512 ], [ 51.27242, 10.37575 ], [ 51.26847, 10.37631 ], [ 51.2655, 10.3797 ], [ 51.26392, 10.3847 ], [ 51.26849, 10.40289 ], [ 51.26691, 10.40948 ], [ 51.26251, 10.41309 ], [ 51.24487, 10.42188 ], [ 51.22968, 10.42273 ], [ 51.2121, 10.42371 ], [ 51.17749, 10.41852 ], [ 51.16168, 10.41772 ], [ 51.14682, 10.41415 ], [ 51.10977, 10.40534 ], [ 51.10602, 10.40492 ], [ 51.10388, 10.40472 ], [ 51.08472, 10.40253 ], [ 51.06628, 10.39691 ], [ 51.04712, 10.39587 ], [ 51.01593, 10.38232 ], [ 51.00863, 10.37772 ], [ 50.98561, 10.36337 ], [ 50.97274, 10.35534 ], [ 50.9647, 10.35042 ], [ 50.94971, 10.34131 ], [ 50.94054, 10.33715 ], [ 50.93642, 10.33532 ], [ 50.9319, 10.33224 ], [ 50.92218, 10.32564 ], [ 50.90009, 10.31073 ], [ 50.89929, 10.31012 ], [ 50.89928, 10.31009 ], [ 50.89915, 10.31001 ], [ 50.89704, 10.30542 ], [ 50.89611, 10.29034 ], [ 50.89611, 10.29033 ], [ 50.89486, 10.27015 ], [ 50.89401, 10.25649 ], [ 50.89546, 10.22894 ], [ 50.89569, 10.2243 ], [ 50.89755, 10.21492 ], [ 50.90227, 10.19096 ], [ 50.902, 10.18292 ], [ 50.89558, 10.14504 ], [ 50.89445, 10.13841 ], [ 50.89387, 10.13494 ], [ 50.89055, 10.12186 ], [ 50.88476, 10.10723 ], [ 50.88373, 10.10468 ], [ 50.88261, 10.09857 ], [ 50.88207, 10.09571 ], [ 50.88615, 10.0757 ], [ 50.88766, 10.05271 ], [ 50.89294, 10.03478 ], [ 50.89587, 10.02487 ], [ 50.89601, 10.0223 ], [ 50.89629, 10.01706 ], [ 50.89463, 10.01017 ], [ 50.89666, 10.0 ], [ 50.89825, 9.99202 ], [ 50.89365, 9.98454 ], [ 50.89218, 9.98215 ], [ 50.89208, 9.98173 ], [ 50.88629, 9.96472 ], [ 50.88041, 9.93187 ], [ 50.87991, 9.92972 ], [ 50.87785, 9.92093 ], [ 50.87259, 9.90064 ], [ 50.87147, 9.89631 ], [ 50.86987, 9.8905 ], [ 50.86871, 9.88008 ], [ 50.86825, 9.87622 ], [ 50.86724, 9.87441 ], [ 50.86544, 9.87132 ], [ 50.86469, 9.87055 ], [ 50.85373, 9.85919 ], [ 50.85309, 9.85852 ], [ 50.8529, 9.85806 ], [ 50.85145, 9.85462 ], [ 50.84609, 9.82083 ], [ 50.8421, 9.7959 ], [ 50.83961, 9.78365 ], [ 50.83217, 9.74766 ], [ 50.83437, 9.73725 ], [ 50.83489, 9.73479 ], [ 50.834, 9.72169 ], [ 50.83389, 9.72009 ], [ 50.82941, 9.70426 ], [ 50.83005, 9.69231 ], [ 50.82837, 9.68015 ], [ 50.82067, 9.66732 ], [ 50.82387, 9.65743 ], [ 50.81915, 9.6416 ], [ 50.8175, 9.63611 ], [ 50.81616, 9.63365 ], [ 50.81329, 9.62846 ], [ 50.80705, 9.61715 ], [ 50.80701, 9.61708 ], [ 50.80699, 9.6169 ], [ 50.80612, 9.60812 ], [ 50.80548, 9.60248 ], [ 50.80367, 9.59448 ], [ 50.80059, 9.58151 ], [ 50.79922, 9.56685 ], [ 50.79864, 9.56062 ], [ 50.80207, 9.55072 ], [ 50.80132, 9.53878 ], [ 50.80295, 9.53274 ], [ 50.80469, 9.52612 ], [ 50.80451, 9.5224 ], [ 50.80397, 9.51327 ], [ 50.806, 9.50155 ], [ 50.81106, 9.49349 ], [ 50.81423, 9.49074 ], [ 50.8161, 9.48907 ], [ 50.81738, 9.48838 ], [ 50.82859, 9.48192 ], [ 50.82862, 9.48191 ], [ 50.82867, 9.48187 ], [ 50.83074, 9.48117 ], [ 50.83806, 9.47865 ], [ 50.84336, 9.4738 ], [ 50.84533, 9.46884 ], [ 50.84656, 9.46575 ], [ 50.84328, 9.45589 ], [ 50.82996, 9.42931 ], [ 50.8282, 9.42205 ], [ 50.82709, 9.41772 ], [ 50.81012, 9.3847 ], [ 50.80961, 9.38391 ], [ 50.80762, 9.38093 ], [ 50.79075, 9.35555 ], [ 50.77215, 9.3352 ], [ 50.7677, 9.32645 ], [ 50.76349, 9.3183 ], [ 50.7558, 9.30799 ], [ 50.7456, 9.29445 ], [ 50.74191, 9.29104 ], [ 50.73932, 9.2887 ], [ 50.73828, 9.28772 ], [ 50.72913, 9.2843 ], [ 50.71973, 9.2807 ], [ 50.7063, 9.26892 ], [ 50.70532, 9.26813 ], [ 50.68793, 9.24188 ], [ 50.68793, 9.24186 ], [ 50.68784, 9.24173 ], [ 50.6878, 9.24166 ], [ 50.67255, 9.22815 ], [ 50.67155, 9.22727 ], [ 50.66156, 9.21468 ], [ 50.65504, 9.20346 ], [ 50.65198, 9.18969 ], [ 50.64566, 9.1725 ], [ 50.64422, 9.1585 ], [ 50.64487, 9.14972 ], [ 50.64508, 9.14648 ], [ 50.64615, 9.14388 ], [ 50.65036, 9.13321 ], [ 50.65123, 9.11897 ], [ 50.64958, 9.10888 ], [ 50.64719, 9.09419 ], [ 50.64091, 9.07706 ], [ 50.62189, 9.05212 ], [ 50.62164, 9.05171 ], [ 50.62147, 9.05149 ], [ 50.60388, 9.04327 ], [ 50.58752, 9.02869 ], [ 50.58656, 9.02778 ], [ 50.5864, 9.02763 ], [ 50.5788, 9.01432 ], [ 50.57482, 9.00733 ], [ 50.57476, 9.00724 ], [ 50.56691, 9.00017 ], [ 50.56128, 8.99512 ], [ 50.55852, 8.99334 ], [ 50.54604, 8.98532 ], [ 50.52445, 8.96753 ], [ 50.5025, 8.94952 ], [ 50.49469, 8.9425 ], [ 50.47247, 8.9223 ], [ 50.47202, 8.92185 ], [ 50.47144, 8.92132 ], [ 50.45092, 8.89947 ], [ 50.44629, 8.89728 ], [ 50.44568, 8.89691 ], [ 50.44357, 8.89346 ], [ 50.4434, 8.89318 ], [ 50.44339, 8.88907 ], [ 50.44338, 8.88676 ], [ 50.43989, 8.88034 ], [ 50.42807, 8.86615 ], [ 50.42303, 8.85686 ], [ 50.42279, 8.85641 ], [ 50.42273, 8.85632 ], [ 50.41827, 8.8537 ], [ 50.41781, 8.85334 ], [ 50.41741, 8.8531 ], [ 50.41438, 8.84645 ], [ 50.41227, 8.83429 ], [ 50.40975, 8.82959 ], [ 50.40785, 8.82605 ], [ 50.40471, 8.78085 ], [ 50.40438, 8.78015 ], [ 50.40366, 8.77867 ], [ 50.39846, 8.76792 ] ] ] ] } },
{ "type": "Feature", "properties": { "adm1_name": "Bay" }, "geometry": { "type": "MultiPolygon", "coordinates": [ [ [ [ 44.3111, 3.57147 ], [ 44.3111, 3.55957 ], [ 44.3111, 3.51367 ], [ 44.3111, 3.51068 ], [ 44.3111, 3.50787 ], [ 44.3111, 3.50488 ], [ 44.3111, 3.50189 ], [ 44.3111, 3.4989 ], [ 44.3111, 3.49591 ], [ 44.3111, 3.49292 ], [ 44.3111, 3.48993 ], [ 44.3111, 3.48688 ], [ 44.3111, 3.48389 ], [ 44.3111, 3.4809 ], [ 44.3111, 3.47791 ], [ 44.3111, 3.47491 ], [ 44.3111, 3.47192 ], [ 44.3111, 3.46887 ], [ 44.3111, 3.46588 ], [ 44.3111, 3.46307 ], [ 44.3111, 3.46008 ], [ 44.3111, 3.45709 ], [ 44.3111, 3.4541 ], [ 44.3111, 3.45111 ], [ 44.3111, 3.40943 ], [ 44.3111, 3.39148 ], [ 44.31095, 3.39123 ], [ 44.30293, 3.37802 ], [ 44.29392, 3.36317 ], [ 44.28697, 3.35158 ], [ 44.28094, 3.34154 ], [ 44.30186, 3.32867 ], [ 44.33392, 3.30895 ], [ 44.37298, 3.28491 ], [ 44.41089, 3.26147 ], [ 44.42152, 3.26204 ], [ 44.43503, 3.26275 ], [ 44.43557, 3.26278 ], [ 44.47192, 3.26471 ], [ 44.55521, 3.26876 ], [ 44.56735, 3.26937 ], [ 44.61095, 3.27155 ], [ 44.64096, 3.25954 ], [ 44.66096, 3.25154 ], [ 44.67071, 3.1866 ], [ 44.67108, 3.18488 ], [ 44.67133, 3.18268 ], [ 44.67169, 3.18091 ], [ 44.67188, 3.17889 ], [ 44.67209, 3.17739 ], [ 44.67234, 3.17573 ], [ 44.67273, 3.17389 ], [ 44.6729, 3.17197 ], [ 44.67294, 3.17173 ], [ 44.67328, 3.16992 ], [ 44.69095, 3.05268 ], [ 44.6911, 3.0517 ], [ 44.69095, 3.05099 ], [ 44.67792, 2.98871 ], [ 44.67731, 2.98572 ], [ 44.67688, 2.9837 ], [ 44.67651, 2.98169 ], [ 44.6759, 2.97888 ], [ 44.67529, 2.97589 ], [ 44.67468, 2.97308 ], [ 44.67431, 2.97168 ], [ 44.67382, 2.96932 ], [ 44.67371, 2.96808 ], [ 44.67303, 2.96551 ], [ 44.67285, 2.96466 ], [ 44.67249, 2.96228 ], [ 44.67186, 2.95994 ], [ 44.67186, 2.95992 ], [ 44.67171, 2.95923 ], [ 44.6711, 2.95629 ], [ 44.67093, 2.95544 ], [ 44.67091, 2.95538 ], [ 44.67072, 2.95428 ], [ 44.6701, 2.95148 ], [ 44.66949, 2.94849 ], [ 44.66888, 2.9455 ], [ 44.66831, 2.94286 ], [ 44.66826, 2.94262 ], [ 44.66772, 2.9397 ], [ 44.66711, 2.93671 ], [ 44.66669, 2.93488 ], [ 44.66608, 2.93188 ], [ 44.66553, 2.92889 ], [ 44.6651, 2.92688 ], [ 44.66449, 2.92407 ], [ 44.66388, 2.92108 ], [ 44.66338, 2.9192 ], [ 44.66315, 2.91811 ], [ 44.66254, 2.91518 ], [ 44.66224, 2.91374 ], [ 44.66136, 2.90953 ], [ 44.66132, 2.9093 ], [ 44.66126, 2.90904 ], [ 44.6607, 2.90637 ], [ 44.6605, 2.90539 ], [ 44.66011, 2.9035 ], [ 44.65991, 2.90253 ], [ 44.6597, 2.90152 ], [ 44.65948, 2.9005 ], [ 44.65917, 2.89903 ], [ 44.6587, 2.89673 ], [ 44.65833, 2.89471 ], [ 44.6579, 2.8927 ], [ 44.65767, 2.89182 ], [ 44.65726, 2.88985 ], [ 44.6571, 2.88905 ], [ 44.65692, 2.88788 ], [ 44.65631, 2.88489 ], [ 44.6557, 2.8819 ], [ 44.65527, 2.87988 ], [ 44.65472, 2.87708 ], [ 44.65411, 2.87408 ], [ 44.64429, 2.82763 ], [ 44.64096, 2.81162 ], [ 44.64818, 2.78992 ], [ 44.651, 2.78146 ], [ 44.66095, 2.7516 ], [ 44.65398, 2.70451 ], [ 44.65395, 2.70432 ], [ 44.65379, 2.70322 ], [ 44.65129, 2.68638 ], [ 44.65129, 2.68635 ], [ 44.65129, 2.68634 ], [ 44.65112, 2.68451 ], [ 44.6507, 2.68152 ], [ 44.64096, 2.61612 ], [ 44.63326, 2.56444 ], [ 44.6327, 2.56066 ], [ 44.6311, 2.54993 ], [ 44.62109, 2.48169 ], [ 44.6283, 2.41913 ], [ 44.62844, 2.41668 ], [ 44.62865, 2.41486 ], [ 44.62891, 2.41309 ], [ 44.62927, 2.4101 ], [ 44.6297, 2.4071 ], [ 44.62987, 2.40431 ], [ 44.62993, 2.40382 ], [ 44.63031, 2.40131 ], [ 44.63068, 2.39832 ], [ 44.63092, 2.39532 ], [ 44.63129, 2.39227 ], [ 44.63171, 2.38928 ], [ 44.63208, 2.38629 ], [ 44.63232, 2.38348 ], [ 44.63269, 2.38049 ], [ 44.63312, 2.3775 ], [ 44.63329, 2.37471 ], [ 44.63336, 2.37413 ], [ 44.63373, 2.37152 ], [ 44.63409, 2.36853 ], [ 44.63419, 2.36687 ], [ 44.63468, 2.36267 ], [ 44.6347, 2.36249 ], [ 44.63507, 2.35968 ], [ 44.6355, 2.35669 ], [ 44.63564, 2.35431 ], [ 44.63585, 2.35248 ], [ 44.63611, 2.35071 ], [ 44.63647, 2.34772 ], [ 44.6369, 2.34473 ], [ 44.63707, 2.34199 ], [ 44.63718, 2.34103 ], [ 44.63751, 2.33868 ], [ 44.63788, 2.33588 ], [ 44.63812, 2.33289 ], [ 44.63849, 2.3299 ], [ 44.63892, 2.3269 ], [ 44.63928, 2.32391 ], [ 44.63953, 2.32092 ], [ 44.63989, 2.31787 ], [ 44.64032, 2.31488 ], [ 44.64048, 2.31242 ], [ 44.64059, 2.31143 ], [ 44.64093, 2.30908 ], [ 44.6413, 2.30609 ], [ 44.64139, 2.30452 ], [ 44.64188, 2.30029 ], [ 44.64191, 2.30011 ], [ 44.64227, 2.29712 ], [ 44.64288, 2.2923 ], [ 44.64331, 2.28833 ], [ 44.64368, 2.28528 ], [ 44.64837, 2.24467 ], [ 44.64872, 2.24163 ], [ 44.64948, 2.23508 ], [ 44.65016, 2.22859 ], [ 44.65088, 2.22168 ], [ 44.45772, 2.13633 ], [ 44.37313, 2.099 ], [ 44.33601, 2.08261 ], [ 44.09725, 1.97719 ], [ 43.94326, 1.9092 ], [ 43.94296, 1.90907 ], [ 43.90166, 1.89062 ], [ 43.88092, 1.88171 ], [ 43.62747, 1.78031 ], [ 43.58538, 1.76347 ], [ 43.58515, 1.76335 ], [ 43.58452, 1.76311 ], [ 43.37606, 1.65926 ], [ 43.31093, 1.62672 ], [ 43.31091, 1.62671 ], [ 43.24341, 1.59295 ], [ 42.98095, 1.46173 ], [ 42.98092, 1.46171 ], [ 42.98074, 1.46185 ], [ 42.98072, 1.46186 ], [ 42.9533, 1.48243 ], [ 42.95323, 1.48249 ], [ 42.95258, 1.48303 ], [ 42.86275, 1.55804 ], [ 42.86129, 1.55925 ], [ 42.86123, 1.55931 ], [ 42.86111, 1.55942 ], [ 42.83048, 1.58843 ], [ 42.82867, 1.59009 ], [ 42.82763, 1.59114 ], [ 42.82666, 1.59205 ], [ 42.82507, 1.59351 ], [ 42.82458, 1.59402 ], [ 42.82001, 1.59835 ], [ 42.80267, 1.61477 ], [ 42.80188, 1.61548 ], [ 42.801, 1.61636 ], [ 42.79458, 1.62244 ], [ 42.77792, 1.63823 ], [ 42.77317, 1.64272 ], [ 42.77209, 1.64368 ], [ 42.77166, 1.64415 ], [ 42.76434, 1.65109 ], [ 42.7641, 1.65131 ], [ 42.76405, 1.65136 ], [ 42.7605, 1.65472 ], [ 42.76049, 1.65473 ], [ 42.7526, 1.66221 ], [ 42.7525, 1.66229 ], [ 42.75239, 1.66241 ], [ 42.7076, 1.70483 ], [ 42.70752, 1.7049 ], [ 42.70725, 1.70517 ], [ 42.69882, 1.71315 ], [ 42.69733, 1.71448 ], [ 42.69672, 1.71514 ], [ 42.69089, 1.72066 ], [ 42.68927, 1.72211 ], [ 42.68877, 1.72267 ], [ 42.68587, 1.72542 ], [ 42.68573, 1.72552 ], [ 42.68476, 1.72647 ], [ 42.6786, 1.7323 ], [ 42.67767, 1.73309 ], [ 42.67718, 1.73365 ], [ 42.67002, 1.74043 ], [ 42.66968, 1.74072 ], [ 42.66905, 1.74135 ], [ 42.64964, 1.75973 ], [ 42.64948, 1.75989 ], [ 42.64938, 1.75999 ], [ 42.64062, 1.76828 ], [ 42.63928, 1.76947 ], [ 42.63788, 1.77087 ], [ 42.6378, 1.77095 ], [ 42.63202, 1.77642 ], [ 42.63129, 1.7771 ], [ 42.63086, 1.77753 ], [ 42.62039, 1.78745 ], [ 42.61969, 1.78809 ], [ 42.61928, 1.78849 ], [ 42.61058, 1.79674 ], [ 42.6095, 1.79773 ], [ 42.60927, 1.79798 ], [ 42.60277, 1.80414 ], [ 42.6015, 1.8053 ], [ 42.60123, 1.80559 ], [ 42.59808, 1.80858 ], [ 42.5979, 1.80872 ], [ 42.59729, 1.80932 ], [ 42.59573, 1.8108 ], [ 42.5905, 1.81575 ], [ 42.5899, 1.81628 ], [ 42.58964, 1.81657 ], [ 42.57567, 1.82981 ], [ 42.57471, 1.83069 ], [ 42.57415, 1.83124 ], [ 42.56742, 1.83762 ], [ 42.52091, 1.88168 ], [ 42.51636, 1.88433 ], [ 42.45711, 1.91889 ], [ 42.41106, 1.94889 ], [ 42.40091, 1.9517 ], [ 42.40422, 1.97032 ], [ 42.41439, 2.02762 ], [ 42.45846, 2.27588 ], [ 42.45862, 2.27678 ], [ 42.48567, 2.4294 ], [ 42.49182, 2.46409 ], [ 42.50895, 2.56071 ], [ 42.51599, 2.60041 ], [ 42.51599, 2.60042 ], [ 42.51613, 2.60062 ], [ 42.52406, 2.64578 ], [ 42.5304, 2.6819 ], [ 42.54175, 2.74608 ], [ 42.54272, 2.7511 ], [ 42.54273, 2.75113 ], [ 42.58125, 2.96343 ], [ 42.59546, 3.04157 ], [ 42.59548, 3.04169 ], [ 42.60091, 3.07157 ], [ 42.6249, 3.06939 ], [ 42.67814, 3.06455 ], [ 42.67853, 3.06451 ], [ 42.68017, 3.06437 ], [ 42.68487, 3.06394 ], [ 42.78346, 3.05498 ], [ 42.85836, 3.04817 ], [ 42.87122, 3.047 ], [ 42.92965, 3.04169 ], [ 42.93092, 3.04157 ], [ 42.9319, 3.04169 ], [ 43.02926, 3.05314 ], [ 43.10092, 3.06157 ], [ 43.10092, 3.06169 ], [ 43.10107, 3.06171 ], [ 43.10107, 3.07449 ], [ 43.10107, 3.08148 ], [ 43.10209, 3.08148 ], [ 43.10209, 3.08156 ], [ 43.10107, 3.08157 ], [ 43.10107, 3.10447 ], [ 43.10108, 3.10497 ], [ 43.10109, 3.10693 ], [ 43.10195, 3.2357 ], [ 43.10209, 3.25697 ], [ 43.10211, 3.25751 ], [ 43.10698, 3.36472 ], [ 43.1096, 3.42225 ], [ 43.1096, 3.42233 ], [ 43.119, 3.62915 ], [ 43.12092, 3.6715 ], [ 43.12092, 3.67151 ], [ 43.12095, 3.67151 ], [ 43.23631, 3.63174 ], [ 43.23635, 3.63168 ], [ 43.41074, 3.57152 ], [ 43.41089, 3.57147 ], [ 43.4111, 3.57152 ], [ 43.46619, 3.58452 ], [ 43.47099, 3.58566 ], [ 43.56117, 3.60687 ], [ 43.58087, 3.61151 ], [ 43.59922, 3.63169 ], [ 43.68091, 3.7215 ], [ 43.74528, 3.84103 ], [ 43.75092, 3.8515 ], [ 43.75947, 3.85789 ], [ 43.77534, 3.8698 ], [ 43.79094, 3.88149 ], [ 43.79236, 3.88213 ], [ 43.79779, 3.88465 ], [ 43.79773, 3.8847 ], [ 43.79791, 3.8847 ], [ 43.81619, 3.89281 ], [ 43.84863, 3.90719 ], [ 43.88088, 3.92149 ], [ 43.88092, 3.92151 ], [ 43.95093, 3.92151 ], [ 43.95099, 3.92149 ], [ 44.01732, 3.90129 ], [ 44.01735, 3.90128 ], [ 44.18095, 3.8515 ], [ 44.21114, 3.78564 ], [ 44.24705, 3.7073 ], [ 44.27331, 3.65 ], [ 44.27655, 3.64293 ], [ 44.28192, 3.63121 ], [ 44.28416, 3.62633 ], [ 44.29108, 3.61151 ], [ 44.31095, 3.57177 ], [ 44.3111, 3.57147 ] ] ] ] } },
{ "type": "Feature", "properties": { "adm1_name": "Galgaduud" }, "geometry": { "type": "MultiPolygon", "coordinates": [ [ [ [ 47.07738, 6.39826 ], [ 47.29591, 6.34946 ], [ 47.29582, 6.34962 ], [ 47.29652, 6.34946 ], [ 47.31622, 6.34505 ], [ 47.35804, 6.33569 ], [ 47.35839, 6.33561 ], [ 47.47106, 6.31039 ], [ 47.51877, 6.2997 ], [ 47.53344, 6.29641 ], [ 47.60101, 6.28132 ], [ 47.60103, 6.28132 ], [ 47.60101, 6.28127 ], [ 47.56594, 6.20691 ], [ 47.51877, 6.10694 ], [ 47.3825, 5.81822 ], [ 47.35175, 5.75307 ], [ 47.35168, 5.75293 ], [ 47.35171, 5.75289 ], [ 47.35175, 5.75283 ], [ 47.38862, 5.69677 ], [ 47.39149, 5.6924 ], [ 47.47101, 5.57134 ], [ 47.52689, 5.4197 ], [ 47.58082, 5.27335 ], [ 47.58089, 5.27335 ], [ 47.58146, 5.27181 ], [ 47.59498, 5.23501 ], [ 47.60802, 5.1995 ], [ 47.60714, 5.16675 ], [ 47.60332, 5.1419 ], [ 47.50171, 4.49548 ], [ 47.50169, 4.49534 ], [ 47.50168, 4.49531 ], [ 47.60547, 4.44188 ], [ 47.83482, 4.33289 ], [ 47.81989, 4.3147 ], [ 47.7981, 4.2851 ], [ 47.77173, 4.25372 ], [ 47.75162, 4.22678 ], [ 47.75101, 4.22601 ], [ 47.74114, 4.21596 ], [ 47.74054, 4.21535 ], [ 47.71501, 4.19356 ], [ 47.71009, 4.18841 ], [ 47.69066, 4.16809 ], [ 47.64057, 4.11259 ], [ 47.62408, 4.09613 ], [ 47.60734, 4.07576 ], [ 47.60706, 4.07545 ], [ 47.53717, 3.99578 ], [ 47.5351, 3.99353 ], [ 47.52978, 3.98735 ], [ 47.52934, 3.98685 ], [ 47.52403, 3.98067 ], [ 47.48651, 3.93707 ], [ 47.43643, 3.87872 ], [ 47.42851, 3.8695 ], [ 47.42199, 3.86399 ], [ 47.40009, 3.84552 ], [ 47.37793, 3.8269 ], [ 47.35188, 3.80174 ], [ 47.33224, 3.78285 ], [ 47.30582, 3.7573 ], [ 47.29688, 3.7489 ], [ 47.28748, 3.74152 ], [ 47.26172, 3.71472 ], [ 47.26135, 3.71428 ], [ 47.21858, 3.67136 ], [ 47.21808, 3.6709 ], [ 47.21588, 3.66888 ], [ 47.20569, 3.65808 ], [ 47.19934, 3.64894 ], [ 47.17592, 3.62155 ], [ 47.1673, 3.61249 ], [ 47.16076, 3.60381 ], [ 47.15963, 3.60249 ], [ 47.12915, 3.56479 ], [ 47.12808, 3.56363 ], [ 47.10449, 3.53931 ], [ 47.07489, 3.50582 ], [ 47.03805, 3.47233 ], [ 46.914, 3.55284 ], [ 46.73037, 3.67168 ], [ 46.48606, 3.82994 ], [ 46.39111, 3.89141 ], [ 46.39196, 3.94405 ], [ 46.39318, 4.0093 ], [ 46.39408, 4.0578 ], [ 46.39664, 4.20127 ], [ 46.39683, 4.23479 ], [ 46.39666, 4.23492 ], [ 46.36264, 4.26215 ], [ 46.22992, 4.36835 ], [ 46.15098, 4.43151 ], [ 46.15098, 4.43152 ], [ 46.14357, 4.4892 ], [ 46.12644, 4.6226 ], [ 46.11108, 4.74152 ], [ 46.11159, 4.74252 ], [ 46.21099, 4.9414 ], [ 46.22992, 5.07328 ], [ 46.22983, 5.07326 ], [ 46.23099, 5.08138 ], [ 46.05156, 5.03417 ], [ 46.04139, 5.03149 ], [ 46.04099, 5.03139 ], [ 46.04054, 5.03149 ], [ 45.82025, 5.08491 ], [ 45.74637, 5.10281 ], [ 45.7288, 5.10706 ], [ 45.71684, 5.10996 ], [ 45.71098, 5.11138 ], [ 45.71059, 5.11215 ], [ 45.67609, 5.15369 ], [ 45.66944, 5.16172 ], [ 45.65552, 5.17853 ], [ 45.48122, 5.43285 ], [ 45.48252, 5.4342 ], [ 45.48879, 5.44067 ], [ 45.49507, 5.44715 ], [ 45.50135, 5.45363 ], [ 45.50762, 5.46011 ], [ 45.5139, 5.46659 ], [ 45.52017, 5.47306 ], [ 45.52645, 5.47954 ], [ 45.53273, 5.48602 ], [ 45.53513, 5.4885 ], [ 45.539, 5.4925 ], [ 45.54528, 5.49898 ], [ 45.55156, 5.50545 ], [ 45.55784, 5.51193 ], [ 45.56411, 5.51841 ], [ 45.57039, 5.52489 ], [ 45.57667, 5.53136 ], [ 45.58294, 5.53784 ], [ 45.58922, 5.54432 ], [ 45.5955, 5.5508 ], [ 45.60178, 5.55727 ], [ 45.60806, 5.56375 ], [ 45.61434, 5.57023 ], [ 45.62061, 5.5767 ], [ 45.62689, 5.58318 ], [ 45.63317, 5.58966 ], [ 45.63945, 5.59613 ], [ 45.64573, 5.60261 ], [ 45.65201, 5.60909 ], [ 45.65829, 5.61556 ], [ 45.66457, 5.62204 ], [ 45.67085, 5.62852 ], [ 45.67713, 5.63499 ], [ 45.68341, 5.64147 ], [ 45.68969, 5.64794 ], [ 45.69597, 5.65442 ], [ 45.70225, 5.6609 ], [ 45.70853, 5.66737 ], [ 45.71481, 5.67385 ], [ 45.72109, 5.68032 ], [ 45.72737, 5.6868 ], [ 45.73365, 5.69328 ], [ 45.73993, 5.69975 ], [ 45.74621, 5.70623 ], [ 45.75249, 5.7127 ], [ 45.75877, 5.71918 ], [ 45.76506, 5.72565 ], [ 45.77134, 5.73213 ], [ 45.77762, 5.7386 ], [ 45.7839, 5.74508 ], [ 45.79018, 5.75155 ], [ 45.79647, 5.75803 ], [ 45.80275, 5.7645 ], [ 45.80903, 5.77098 ], [ 45.81532, 5.77745 ], [ 45.8216, 5.78393 ], [ 45.82788, 5.7904 ], [ 45.83416, 5.79688 ], [ 45.84045, 5.80335 ], [ 45.84673, 5.80983 ], [ 45.85301, 5.8163 ], [ 45.8593, 5.82277 ], [ 45.86558, 5.82925 ], [ 45.87187, 5.83572 ], [ 45.87815, 5.8422 ], [ 45.88444, 5.84867 ], [ 45.89072, 5.85514 ], [ 45.897, 5.86162 ], [ 45.90329, 5.86809 ], [ 45.90957, 5.87457 ], [ 45.91586, 5.88104 ], [ 45.92214, 5.88751 ], [ 45.92843, 5.89399 ], [ 45.93472, 5.90046 ], [ 45.941, 5.90693 ], [ 45.94729, 5.91341 ], [ 45.95357, 5.91988 ], [ 45.95986, 5.92635 ], [ 45.96615, 5.93283 ], [ 45.97243, 5.9393 ], [ 45.97872, 5.94577 ], [ 45.98501, 5.95224 ], [ 45.99129, 5.95872 ], [ 45.99758, 5.96519 ], [ 46.00387, 5.97166 ], [ 46.01015, 5.97813 ], [ 46.01644, 5.98461 ], [ 46.02273, 5.99108 ], [ 46.02902, 5.99755 ], [ 46.0353, 6.00402 ], [ 46.04159, 6.0105 ], [ 46.04788, 6.01697 ], [ 46.05417, 6.02344 ], [ 46.06046, 6.02991 ], [ 46.06675, 6.03638 ], [ 46.07304, 6.04286 ], [ 46.07932, 6.04933 ], [ 46.08561, 6.0558 ], [ 46.0919, 6.06227 ], [ 46.09819, 6.06874 ], [ 46.10448, 6.07521 ], [ 46.11077, 6.08168 ], [ 46.11706, 6.08816 ], [ 46.12335, 6.09463 ], [ 46.12964, 6.1011 ], [ 46.13593, 6.10757 ], [ 46.14222, 6.11404 ], [ 46.14851, 6.12051 ], [ 46.1548, 6.12698 ], [ 46.16109, 6.13345 ], [ 46.16739, 6.13992 ], [ 46.17368, 6.14639 ], [ 46.17997, 6.15286 ], [ 46.18626, 6.15933 ], [ 46.19255, 6.1658 ], [ 46.19884, 6.17228 ], [ 46.20513, 6.17875 ], [ 46.21143, 6.18522 ], [ 46.21772, 6.19169 ], [ 46.22401, 6.19816 ], [ 46.2303, 6.20463 ], [ 46.2366, 6.2111 ], [ 46.24289, 6.21756 ], [ 46.24918, 6.22403 ], [ 46.25548, 6.2305 ], [ 46.26177, 6.23697 ], [ 46.26806, 6.24344 ], [ 46.27436, 6.24991 ], [ 46.28065, 6.25638 ], [ 46.28694, 6.26285 ], [ 46.29324, 6.26932 ], [ 46.29953, 6.27579 ], [ 46.30583, 6.28226 ], [ 46.3104, 6.28696 ], [ 46.31212, 6.28873 ], [ 46.31842, 6.2952 ], [ 46.32471, 6.30166 ], [ 46.33101, 6.30813 ], [ 46.3373, 6.3146 ], [ 46.3436, 6.32107 ], [ 46.34989, 6.32754 ], [ 46.35619, 6.33401 ], [ 46.36248, 6.34048 ], [ 46.36878, 6.34694 ], [ 46.37508, 6.35341 ], [ 46.38137, 6.35988 ], [ 46.38767, 6.36635 ], [ 46.39397, 6.37282 ], [ 46.40026, 6.37928 ], [ 46.40656, 6.38575 ], [ 46.41286, 6.39222 ], [ 46.41915, 6.39869 ], [ 46.42545, 6.40515 ], [ 46.43175, 6.41162 ], [ 46.43805, 6.41809 ], [ 46.44434, 6.42456 ], [ 46.45064, 6.43102 ], [ 46.45694, 6.43749 ], [ 46.46324, 6.44396 ], [ 46.46954, 6.45042 ], [ 46.47584, 6.45689 ], [ 46.48213, 6.46336 ], [ 46.48843, 6.46982 ], [ 46.49473, 6.47629 ], [ 46.50103, 6.48276 ], [ 46.50733, 6.48922 ], [ 46.51363, 6.49569 ], [ 46.51507, 6.49717 ], [ 46.51993, 6.50216 ], [ 46.52289, 6.50519 ], [ 46.52623, 6.50862 ], [ 46.53253, 6.51509 ], [ 46.53626, 6.51891 ], [ 46.53827, 6.52098 ], [ 46.54065, 6.51863 ], [ 46.54155, 6.51773 ], [ 46.6842, 6.48603 ], [ 46.68432, 6.486 ], [ 46.68434, 6.486 ], [ 46.73734, 6.47419 ], [ 46.99746, 6.41611 ], [ 47.07738, 6.39826 ] ] ] ] } },
{ "type": "Feature", "properties": { "adm1_name": "Gedo" }, "geometry": { "type": "MultiPolygon", "coordinates": [ [ [ [ 42.88661, 4.30553 ], [ 43.05142, 4.01652 ], [ 43.05532, 4.00986 ], [ 43.08884, 3.9522 ], [ 43.09144, 3.94774 ], [ 43.10107, 3.93152 ], [ 43.14092, 3.85152 ], [ 43.14093, 3.8515 ], [ 43.14092, 3.85143 ], [ 43.13857, 3.83028 ], [ 43.13288, 3.77909 ], [ 43.13262, 3.77677 ], [ 43.12939, 3.74773 ], [ 43.12092, 3.67151 ], [ 43.12092, 3.6715 ], [ 43.119, 3.62915 ], [ 43.1096, 3.42233 ], [ 43.1096, 3.42225 ], [ 43.10698, 3.36472 ], [ 43.10211, 3.25751 ], [ 43.10209, 3.25697 ], [ 43.10195, 3.2357 ], [ 43.10109, 3.10693 ], [ 43.10108, 3.10497 ], [ 43.10107, 3.10447 ], [ 43.10107, 3.08157 ], [ 43.10209, 3.08156 ], [ 43.10209, 3.08148 ], [ 43.10107, 3.08148 ], [ 43.10107, 3.07449 ], [ 43.10107, 3.06171 ], [ 43.10092, 3.06169 ], [ 43.10092, 3.06157 ], [ 43.02926, 3.05314 ], [ 42.9319, 3.04169 ], [ 42.93092, 3.04157 ], [ 42.92965, 3.04169 ], [ 42.87122, 3.047 ], [ 42.85836, 3.04817 ], [ 42.78346, 3.05498 ], [ 42.68487, 3.06394 ], [ 42.68017, 3.06437 ], [ 42.67853, 3.06451 ], [ 42.67814, 3.06455 ], [ 42.6249, 3.06939 ], [ 42.60091, 3.07157 ], [ 42.59548, 3.04169 ], [ 42.59546, 3.04157 ], [ 42.58125, 2.96343 ], [ 42.54273, 2.75113 ], [ 42.54272, 2.7511 ], [ 42.54175, 2.74608 ], [ 42.5304, 2.6819 ], [ 42.52406, 2.64578 ], [ 42.51613, 2.60062 ], [ 42.51599, 2.60042 ], [ 42.51599, 2.60041 ], [ 42.50895, 2.56071 ], [ 42.49182, 2.46409 ], [ 42.48567, 2.4294 ], [ 42.45862, 2.27678 ], [ 42.45846, 2.27588 ], [ 42.41439, 2.02762 ], [ 42.40422, 1.97032 ], [ 42.40091, 1.9517 ], [ 42.39315, 1.9516 ], [ 42.23333, 1.9495 ], [ 42.23187, 1.94948 ], [ 41.77912, 1.9435 ], [ 41.69881, 1.94244 ], [ 41.68773, 1.9423 ], [ 41.68144, 1.94221 ], [ 41.68143, 1.94221 ], [ 41.64092, 1.94167 ], [ 41.59263, 1.79245 ], [ 41.55833, 1.68645 ], [ 41.45132, 1.35578 ], [ 41.42768, 1.28273 ], [ 41.4209, 1.26173 ], [ 41.00863, 1.23363 ], [ 40.99565, 1.23325 ], [ 40.99565, 1.23797 ], [ 40.99565, 1.24679 ], [ 40.99565, 1.25561 ], [ 40.99565, 1.26443 ], [ 40.99565, 1.27325 ], [ 40.99565, 1.28206 ], [ 40.99565, 1.29088 ], [ 40.99565, 1.2997 ], [ 40.99565, 1.30852 ], [ 40.99565, 1.31734 ], [ 40.99565, 1.32616 ], [ 40.99565, 1.33497 ], [ 40.99565, 1.34379 ], [ 40.99565, 1.35261 ], [ 40.99565, 1.36143 ], [ 40.99565, 1.37025 ], [ 40.99565, 1.37906 ], [ 40.99565, 1.38788 ], [ 40.99565, 1.3967 ], [ 40.99565, 1.40552 ], [ 40.99565, 1.41434 ], [ 40.99565, 1.42316 ], [ 40.99565, 1.43197 ], [ 40.99565, 1.44079 ], [ 40.99565, 1.44968 ], [ 40.99565, 1.45858 ], [ 40.99565, 1.46747 ], [ 40.99565, 1.47636 ], [ 40.99565, 1.48525 ], [ 40.99565, 1.49414 ], [ 40.99565, 1.50303 ], [ 40.99565, 1.51193 ], [ 40.99565, 1.52082 ], [ 40.99565, 1.52971 ], [ 40.99565, 1.5386 ], [ 40.99565, 1.54749 ], [ 40.99565, 1.55638 ], [ 40.99565, 1.56528 ], [ 40.99565, 1.57417 ], [ 40.99565, 1.57423 ], [ 40.99565, 1.58306 ], [ 40.99565, 1.59195 ], [ 40.99565, 1.60084 ], [ 40.99565, 1.60974 ], [ 40.99565, 1.61863 ], [ 40.99565, 1.62752 ], [ 40.99565, 1.63641 ], [ 40.99565, 1.6453 ], [ 40.99565, 1.65419 ], [ 40.99565, 1.66309 ], [ 40.99565, 1.67198 ], [ 40.99565, 1.68087 ], [ 40.99565, 1.68976 ], [ 40.99565, 1.69865 ], [ 40.99565, 1.70754 ], [ 40.9956, 1.71633 ], [ 40.99555, 1.72511 ], [ 40.9955, 1.73389 ], [ 40.99545, 1.74267 ], [ 40.9954, 1.75145 ], [ 40.99535, 1.76024 ], [ 40.9953, 1.76902 ], [ 40.99526, 1.7778 ], [ 40.99521, 1.78658 ], [ 40.99516, 1.79537 ], [ 40.99511, 1.80415 ], [ 40.99506, 1.81293 ], [ 40.99501, 1.82171 ], [ 40.99491, 1.83928 ], [ 40.99481, 1.85684 ], [ 40.99471, 1.8744 ], [ 40.99461, 1.89197 ], [ 40.99456, 1.90075 ], [ 40.99451, 1.90953 ], [ 40.99447, 1.91831 ], [ 40.99442, 1.9271 ], [ 40.99437, 1.93588 ], [ 40.99432, 1.94466 ], [ 40.99436, 1.9536 ], [ 40.9944, 1.96254 ], [ 40.99443, 1.97148 ], [ 40.99447, 1.98042 ], [ 40.99451, 1.98936 ], [ 40.99455, 1.9983 ], [ 40.99459, 2.00724 ], [ 40.99463, 2.01618 ], [ 40.99467, 2.02513 ], [ 40.99471, 2.03407 ], [ 40.99475, 2.04301 ], [ 40.99479, 2.05195 ], [ 40.99487, 2.06983 ], [ 40.99491, 2.07877 ], [ 40.99494, 2.08771 ], [ 40.99498, 2.09665 ], [ 40.99502, 2.10559 ], [ 40.99506, 2.11453 ], [ 40.9951, 2.12347 ], [ 40.99514, 2.13241 ], [ 40.99518, 2.14135 ], [ 40.99526, 2.15923 ], [ 40.9953, 2.16817 ], [ 40.99534, 2.17711 ], [ 40.99538, 2.18605 ], [ 40.99541, 2.19499 ], [ 40.99545, 2.20393 ], [ 40.99548, 2.2109 ], [ 40.99549, 2.21287 ], [ 40.99553, 2.22181 ], [ 40.99557, 2.23076 ], [ 40.99561, 2.2397 ], [ 40.99565, 2.25742 ], [ 40.99565, 2.2662 ], [ 40.99565, 2.27498 ], [ 40.99565, 2.28376 ], [ 40.99565, 2.29254 ], [ 40.99565, 2.30132 ], [ 40.99565, 2.3101 ], [ 40.99565, 2.31158 ], [ 40.99565, 2.3117 ], [ 40.99565, 2.31889 ], [ 40.99565, 2.32767 ], [ 40.99565, 2.33645 ], [ 40.99565, 2.34523 ], [ 40.99565, 2.35401 ], [ 40.99565, 2.36279 ], [ 40.99565, 2.37157 ], [ 40.99565, 2.38035 ], [ 40.99565, 2.38914 ], [ 40.99565, 2.39792 ], [ 40.99565, 2.4067 ], [ 40.99565, 2.41548 ], [ 40.99565, 2.42426 ], [ 40.99565, 2.43304 ], [ 40.99565, 2.44182 ], [ 40.99565, 2.4506 ], [ 40.99565, 2.45938 ], [ 40.99565, 2.46817 ], [ 40.99565, 2.47695 ], [ 40.99565, 2.48573 ], [ 40.99565, 2.49451 ], [ 40.99565, 2.50329 ], [ 40.99565, 2.51207 ], [ 40.99565, 2.52085 ], [ 40.99565, 2.52963 ], [ 40.99565, 2.53842 ], [ 40.99565, 2.5472 ], [ 40.99565, 2.55598 ], [ 40.99565, 2.56476 ], [ 40.99565, 2.57354 ], [ 40.99565, 2.58232 ], [ 40.99565, 2.5911 ], [ 40.99565, 2.59988 ], [ 40.99565, 2.60867 ], [ 40.99565, 2.61745 ], [ 40.99565, 2.62623 ], [ 40.99565, 2.63501 ], [ 40.99565, 2.64379 ], [ 40.99565, 2.64432 ], [ 40.99565, 2.65257 ], [ 40.99565, 2.66135 ], [ 40.99565, 2.67013 ], [ 40.99565, 2.67892 ], [ 40.99565, 2.6877 ], [ 40.99565, 2.69648 ], [ 40.99565, 2.70526 ], [ 40.99565, 2.71404 ], [ 40.99565, 2.72282 ], [ 40.99565, 2.7316 ], [ 40.99565, 2.74038 ], [ 40.99565, 2.74917 ], [ 40.99565, 2.75795 ], [ 40.99565, 2.76673 ], [ 40.99565, 2.77551 ], [ 40.99565, 2.78429 ], [ 40.99565, 2.79307 ], [ 40.99565, 2.8003 ], [ 40.99565, 2.80754 ], [ 40.99565, 2.81477 ], [ 40.99565, 2.822 ], [ 41.00205, 2.82835 ], [ 41.00845, 2.8347 ], [ 41.01485, 2.84105 ], [ 41.02125, 2.84739 ], [ 41.02765, 2.85374 ], [ 41.03405, 2.86009 ], [ 41.04045, 2.86644 ], [ 41.04685, 2.87279 ], [ 41.05325, 2.87914 ], [ 41.05965, 2.88549 ], [ 41.06606, 2.89183 ], [ 41.07246, 2.89818 ], [ 41.07886, 2.90453 ], [ 41.08526, 2.91088 ], [ 41.09166, 2.91723 ], [ 41.09806, 2.92357 ], [ 41.10446, 2.92992 ], [ 41.11086, 2.93627 ], [ 41.11727, 2.94262 ], [ 41.12367, 2.94897 ], [ 41.13007, 2.95531 ], [ 41.13129, 2.95652 ], [ 41.13647, 2.96166 ], [ 41.14287, 2.96801 ], [ 41.14927, 2.97436 ], [ 41.15568, 2.98071 ], [ 41.16208, 2.98705 ], [ 41.21299, 3.03755 ], [ 41.21932, 3.04382 ], [ 41.22565, 3.0501 ], [ 41.23197, 3.05637 ], [ 41.2383, 3.06265 ], [ 41.24463, 3.06892 ], [ 41.25096, 3.0752 ], [ 41.25728, 3.08147 ], [ 41.26361, 3.08775 ], [ 41.26994, 3.09402 ], [ 41.27627, 3.1003 ], [ 41.28259, 3.10657 ], [ 41.28892, 3.11285 ], [ 41.29525, 3.11912 ], [ 41.30158, 3.1254 ], [ 41.3079, 3.13167 ], [ 41.31423, 3.13795 ], [ 41.31609, 3.13979 ], [ 41.31611, 3.13981 ], [ 41.32056, 3.14422 ], [ 41.32689, 3.15049 ], [ 41.33322, 3.15677 ], [ 41.33833, 3.16409 ], [ 41.34344, 3.17141 ], [ 41.34855, 3.17873 ], [ 41.35366, 3.18606 ], [ 41.35877, 3.19338 ], [ 41.36388, 3.2007 ], [ 41.36899, 3.20802 ], [ 41.3741, 3.21534 ], [ 41.37921, 3.22266 ], [ 41.38432, 3.22999 ], [ 41.38943, 3.23731 ], [ 41.39454, 3.24463 ], [ 41.39965, 3.25195 ], [ 41.40476, 3.25927 ], [ 41.40987, 3.26659 ], [ 41.41498, 3.27391 ], [ 41.42009, 3.28124 ], [ 41.4252, 3.28856 ], [ 41.43031, 3.29588 ], [ 41.43542, 3.3032 ], [ 41.44053, 3.31052 ], [ 41.44564, 3.31784 ], [ 41.45076, 3.32516 ], [ 41.45587, 3.33248 ], [ 41.46098, 3.33981 ], [ 41.46609, 3.34713 ], [ 41.4712, 3.35445 ], [ 41.47631, 3.36177 ], [ 41.48142, 3.36909 ], [ 41.48654, 3.37641 ], [ 41.49165, 3.38373 ], [ 41.49676, 3.39105 ], [ 41.50187, 3.39837 ], [ 41.50698, 3.40569 ], [ 41.5121, 3.41302 ], [ 41.51721, 3.42034 ], [ 41.52232, 3.42766 ], [ 41.52743, 3.43498 ], [ 41.53249, 3.44222 ], [ 41.53755, 3.44946 ], [ 41.5426, 3.4567 ], [ 41.54766, 3.46394 ], [ 41.55272, 3.47118 ], [ 41.55777, 3.47841 ], [ 41.56283, 3.48565 ], [ 41.56789, 3.49289 ], [ 41.57294, 3.50013 ], [ 41.578, 3.50737 ], [ 41.58306, 3.51461 ], [ 41.58811, 3.52185 ], [ 41.59317, 3.52909 ], [ 41.59823, 3.53633 ], [ 41.60329, 3.54357 ], [ 41.60834, 3.55081 ], [ 41.6134, 3.55805 ], [ 41.61846, 3.56529 ], [ 41.62352, 3.57252 ], [ 41.6644, 3.63105 ], [ 41.66957, 3.63844 ], [ 41.67075, 3.64013 ], [ 41.67473, 3.64584 ], [ 41.67989, 3.65323 ], [ 41.68506, 3.66062 ], [ 41.69022, 3.66801 ], [ 41.69539, 3.6754 ], [ 41.70055, 3.6828 ], [ 41.70571, 3.69019 ], [ 41.71088, 3.69758 ], [ 41.71604, 3.70497 ], [ 41.72121, 3.71237 ], [ 41.72637, 3.71976 ], [ 41.73153, 3.72715 ], [ 41.7367, 3.73454 ], [ 41.74186, 3.74193 ], [ 41.74703, 3.74933 ], [ 41.75219, 3.75672 ], [ 41.75736, 3.76411 ], [ 41.76252, 3.7715 ], [ 41.76769, 3.77889 ], [ 41.77285, 3.78629 ], [ 41.77802, 3.79368 ], [ 41.81883, 3.85209 ], [ 41.82387, 3.8593 ], [ 41.82891, 3.86651 ], [ 41.83394, 3.87372 ], [ 41.83898, 3.88094 ], [ 41.84402, 3.88815 ], [ 41.84906, 3.89536 ], [ 41.8541, 3.90257 ], [ 41.85913, 3.90978 ], [ 41.86046, 3.91168 ], [ 41.86053, 3.91178 ], [ 41.86417, 3.91699 ], [ 41.86921, 3.9242 ], [ 41.87425, 3.93141 ], [ 41.87929, 3.93863 ], [ 41.89767, 3.96493 ], [ 41.91012, 3.98276 ], [ 41.91309, 3.99075 ], [ 41.92142, 3.99412 ], [ 41.92391, 3.99837 ], [ 41.9264, 4.00261 ], [ 41.93209, 4.00729 ], [ 41.93777, 4.01198 ], [ 41.94346, 4.01666 ], [ 41.94896, 4.02787 ], [ 41.94753, 4.03595 ], [ 41.94609, 4.04403 ], [ 41.94599, 4.04459 ], [ 41.94611, 4.05012 ], [ 41.94623, 4.05566 ], [ 41.9514, 4.06177 ], [ 41.95657, 4.06788 ], [ 41.96175, 4.07398 ], [ 41.96692, 4.08009 ], [ 41.97268, 4.07937 ], [ 41.97422, 4.08056 ], [ 41.97663, 4.08788 ], [ 41.97905, 4.09519 ], [ 41.98603, 4.09458 ], [ 41.99302, 4.09398 ], [ 42.0, 4.09337 ], [ 42.00871, 4.10152 ], [ 42.03535, 4.13222 ], [ 42.04061, 4.13865 ], [ 42.04363, 4.14234 ], [ 42.04588, 4.14509 ], [ 42.05114, 4.15152 ], [ 42.05611, 4.15653 ], [ 42.06109, 4.16154 ], [ 42.06505, 4.16493 ], [ 42.06902, 4.16831 ], [ 42.07459, 4.17184 ], [ 42.08016, 4.17536 ], [ 42.08767, 4.17937 ], [ 42.0927, 4.17955 ], [ 42.09774, 4.17973 ], [ 42.10649, 4.17971 ], [ 42.11525, 4.17968 ], [ 42.124, 4.17966 ], [ 42.13276, 4.17963 ], [ 42.14151, 4.17961 ], [ 42.1494, 4.17951 ], [ 42.15729, 4.17942 ], [ 42.16518, 4.17932 ], [ 42.17307, 4.17923 ], [ 42.18096, 4.17913 ], [ 42.18885, 4.17904 ], [ 42.19674, 4.17894 ], [ 42.20469, 4.17937 ], [ 42.21264, 4.1798 ], [ 42.22059, 4.18023 ], [ 42.22853, 4.18067 ], [ 42.23648, 4.1811 ], [ 42.24443, 4.18153 ], [ 42.25238, 4.18196 ], [ 42.26009, 4.18237 ], [ 42.2678, 4.18277 ], [ 42.2755, 4.18318 ], [ 42.28321, 4.18358 ], [ 42.29092, 4.18399 ], [ 42.29863, 4.18439 ], [ 42.31695, 4.18554 ], [ 42.37098, 4.18945 ], [ 42.4016, 4.19309 ], [ 42.40166, 4.1931 ], [ 42.4165, 4.19486 ], [ 42.42376, 4.19599 ], [ 42.43102, 4.19712 ], [ 42.43829, 4.19824 ], [ 42.44555, 4.19937 ], [ 42.45304, 4.20021 ], [ 42.46054, 4.20105 ], [ 42.46803, 4.20189 ], [ 42.47553, 4.20273 ], [ 42.48068, 4.20303 ], [ 42.48583, 4.20332 ], [ 42.49168, 4.20282 ], [ 42.49753, 4.20232 ], [ 42.52662, 4.20291 ], [ 42.53462, 4.20393 ], [ 42.54263, 4.20495 ], [ 42.54858, 4.2056 ], [ 42.55453, 4.20625 ], [ 42.56012, 4.20805 ], [ 42.56572, 4.20984 ], [ 42.57394, 4.21201 ], [ 42.58091, 4.21371 ], [ 42.58788, 4.21541 ], [ 42.59368, 4.21801 ], [ 42.59949, 4.22061 ], [ 42.60724, 4.2236 ], [ 42.615, 4.2266 ], [ 42.62275, 4.22959 ], [ 42.63051, 4.23259 ], [ 42.63826, 4.23558 ], [ 42.64492, 4.23856 ], [ 42.65158, 4.24154 ], [ 42.65823, 4.24453 ], [ 42.66489, 4.24751 ], [ 42.67155, 4.25049 ], [ 42.69437, 4.25789 ], [ 42.70236, 4.26006 ], [ 42.70991, 4.26176 ], [ 42.71505, 4.26229 ], [ 42.7202, 4.26281 ], [ 42.7376, 4.26394 ], [ 42.7439, 4.26425 ], [ 42.7502, 4.26455 ], [ 42.75859, 4.2646 ], [ 42.76698, 4.26464 ], [ 42.77538, 4.26469 ], [ 42.78377, 4.26473 ], [ 42.79216, 4.26478 ], [ 42.80055, 4.26482 ], [ 42.80895, 4.26487 ], [ 42.81734, 4.26491 ], [ 42.8251, 4.26707 ], [ 42.83331, 4.27062 ], [ 42.84902, 4.27955 ], [ 42.86242, 4.28938 ], [ 42.87763, 4.30152 ], [ 42.88527, 4.30789 ], [ 42.88533, 4.30795 ], [ 42.88661, 4.30553 ] ] ] ] } },
{ "type": "Feature", "properties": { "adm1_name": "Hiraan" }, "geometry": { "type": "MultiPolygon", "coordinates": [ [ [ [ 45.71684, 5.10996 ], [ 45.7288, 5.10706 ], [ 45.74637, 5.10281 ], [ 45.82025, 5.08491 ], [ 46.04054, 5.03149 ], [ 46.04099, 5.03139 ], [ 46.04139, 5.03149 ], [ 46.05156, 5.03417 ], [ 46.23099, 5.08138 ], [ 46.22983, 5.07326 ], [ 46.22992, 5.07328 ], [ 46.21099, 4.9414 ], [ 46.11159, 4.74252 ], [ 46.11108, 4.74152 ], [ 46.12644, 4.6226 ], [ 46.14357, 4.4892 ], [ 46.15098, 4.43152 ], [ 46.15098, 4.43151 ], [ 46.22992, 4.36835 ], [ 46.36264, 4.26215 ], [ 46.39666, 4.23492 ], [ 46.39683, 4.23479 ], [ 46.39664, 4.20127 ], [ 46.39408, 4.0578 ], [ 46.39318, 4.0093 ], [ 46.39196, 3.94405 ], [ 46.39111, 3.89141 ], [ 46.39106, 3.89145 ], [ 46.39099, 3.89141 ], [ 46.30334, 3.84247 ], [ 46.29088, 3.8355 ], [ 46.22521, 3.79876 ], [ 46.09113, 3.57147 ], [ 46.09095, 3.57124 ], [ 46.07571, 3.55094 ], [ 46.0611, 3.53149 ], [ 46.06109, 3.53149 ], [ 46.03088, 3.49969 ], [ 46.01251, 3.46588 ], [ 46.0116, 3.46341 ], [ 46.01149, 3.46308 ], [ 46.01134, 3.46264 ], [ 46.01031, 3.45929 ], [ 46.0097, 3.45752 ], [ 46.00873, 3.45453 ], [ 46.00751, 3.45068 ], [ 46.00689, 3.44931 ], [ 46.00674, 3.44886 ], [ 46.0064, 3.44783 ], [ 46.00531, 3.44409 ], [ 46.00391, 3.44031 ], [ 46.00232, 3.43549 ], [ 46.00171, 3.43372 ], [ 46.0011, 3.43188 ], [ 45.99951, 3.42712 ], [ 45.99935, 3.42669 ], [ 45.99766, 3.42161 ], [ 45.99731, 3.42047 ], [ 45.99639, 3.41781 ], [ 45.99615, 3.41708 ], [ 45.99512, 3.41388 ], [ 45.99353, 3.40912 ], [ 45.99316, 3.40811 ], [ 45.99155, 3.4033 ], [ 45.9903, 3.39948 ], [ 45.98981, 3.39806 ], [ 45.98964, 3.39755 ], [ 45.98853, 3.39392 ], [ 45.98753, 3.39122 ], [ 45.9873, 3.39054 ], [ 45.98651, 3.38812 ], [ 45.9859, 3.38629 ], [ 45.96534, 3.32466 ], [ 45.96349, 3.31912 ], [ 45.96089, 3.31131 ], [ 45.96083, 3.31113 ], [ 45.95972, 3.3075 ], [ 45.94098, 3.25152 ], [ 45.93379, 3.25102 ], [ 45.9001, 3.24851 ], [ 45.80047, 3.2411 ], [ 45.64335, 3.22938 ], [ 45.51453, 3.21978 ], [ 45.43583, 3.21389 ], [ 45.41816, 3.21257 ], [ 45.35814, 3.20804 ], [ 45.35215, 3.20763 ], [ 45.31262, 3.20466 ], [ 45.29711, 3.20351 ], [ 45.29712, 3.20349 ], [ 45.29699, 3.20348 ], [ 45.27189, 3.20156 ], [ 45.27087, 3.20148 ], [ 45.26994, 3.20156 ], [ 45.26634, 3.20186 ], [ 45.24655, 3.20351 ], [ 45.18097, 3.20898 ], [ 45.15088, 3.21149 ], [ 45.09502, 3.23952 ], [ 45.07112, 3.25146 ], [ 45.07096, 3.25154 ], [ 45.03865, 3.25376 ], [ 45.00515, 3.25607 ], [ 44.87988, 3.26471 ], [ 44.79322, 3.27064 ], [ 44.78088, 3.27148 ], [ 44.78047, 3.28964 ], [ 44.77829, 3.38619 ], [ 44.77221, 3.64775 ], [ 44.77214, 3.65027 ], [ 44.77087, 3.70148 ], [ 44.78236, 3.7623 ], [ 44.80096, 3.8615 ], [ 44.77569, 3.968 ], [ 44.76517, 4.01238 ], [ 44.7511, 4.07147 ], [ 44.75047, 4.07435 ], [ 44.74972, 4.07752 ], [ 44.74966, 4.07777 ], [ 44.74963, 4.07788 ], [ 44.74455, 4.1026 ], [ 44.72316, 4.20691 ], [ 44.68109, 4.4115 ], [ 44.68046, 4.4152 ], [ 44.67964, 4.41921 ], [ 44.67845, 4.43082 ], [ 44.67834, 4.43145 ], [ 44.67668, 4.44077 ], [ 44.66439, 4.50972 ], [ 44.59508, 4.91736 ], [ 44.59253, 4.93486 ], [ 44.59447, 4.93477 ], [ 44.60347, 4.93437 ], [ 44.61248, 4.93396 ], [ 44.62149, 4.93356 ], [ 44.63049, 4.93315 ], [ 44.6395, 4.93275 ], [ 44.64851, 4.93235 ], [ 44.65751, 4.93194 ], [ 44.66652, 4.93154 ], [ 44.67552, 4.93113 ], [ 44.68453, 4.93073 ], [ 44.69354, 4.93032 ], [ 44.70254, 4.92992 ], [ 44.71155, 4.92951 ], [ 44.72056, 4.92911 ], [ 44.72956, 4.9287 ], [ 44.73857, 4.9283 ], [ 44.74758, 4.92789 ], [ 44.75658, 4.92748 ], [ 44.76559, 4.92708 ], [ 44.7746, 4.92667 ], [ 44.7836, 4.92627 ], [ 44.79261, 4.92586 ], [ 44.80162, 4.92545 ], [ 44.81062, 4.92505 ], [ 44.81963, 4.92464 ], [ 44.82863, 4.92423 ], [ 44.83764, 4.92383 ], [ 44.84665, 4.92342 ], [ 44.85565, 4.92301 ], [ 44.86466, 4.92261 ], [ 44.87367, 4.9222 ], [ 44.88267, 4.92179 ], [ 44.89168, 4.92138 ], [ 44.90068, 4.92098 ], [ 44.90969, 4.92057 ], [ 44.9187, 4.92016 ], [ 44.9277, 4.91975 ], [ 44.93671, 4.91934 ], [ 44.94317, 4.91905 ], [ 44.94572, 4.91893 ], [ 44.95472, 4.91853 ], [ 44.96373, 4.91812 ], [ 44.97273, 4.91771 ], [ 44.98174, 4.9173 ], [ 45.0, 4.93603 ], [ 45.00623, 4.94243 ], [ 45.01247, 4.94882 ], [ 45.0187, 4.95522 ], [ 45.02494, 4.96162 ], [ 45.03117, 4.96802 ], [ 45.03741, 4.97441 ], [ 45.04364, 4.98081 ], [ 45.04988, 4.98721 ], [ 45.05611, 4.9936 ], [ 45.06862, 5.00648 ], [ 45.07488, 5.01297 ], [ 45.08115, 5.01945 ], [ 45.08742, 5.02593 ], [ 45.09369, 5.03241 ], [ 45.09995, 5.03889 ], [ 45.10622, 5.04538 ], [ 45.11249, 5.05186 ], [ 45.11876, 5.05834 ], [ 45.12503, 5.06482 ], [ 45.13129, 5.07131 ], [ 45.13756, 5.07779 ], [ 45.14383, 5.08427 ], [ 45.1501, 5.09075 ], [ 45.15637, 5.09723 ], [ 45.16264, 5.10371 ], [ 45.16891, 5.1102 ], [ 45.17517, 5.11668 ], [ 45.18144, 5.12316 ], [ 45.1854, 5.12725 ], [ 45.18771, 5.12964 ], [ 45.19398, 5.13612 ], [ 45.20025, 5.1426 ], [ 45.20652, 5.14908 ], [ 45.21279, 5.15557 ], [ 45.21906, 5.16205 ], [ 45.22533, 5.16853 ], [ 45.2316, 5.17501 ], [ 45.23787, 5.18149 ], [ 45.24414, 5.18797 ], [ 45.25041, 5.19445 ], [ 45.25668, 5.20093 ], [ 45.26296, 5.20741 ], [ 45.26923, 5.21389 ], [ 45.2755, 5.22037 ], [ 45.28177, 5.22685 ], [ 45.28804, 5.23333 ], [ 45.29431, 5.23982 ], [ 45.30058, 5.2463 ], [ 45.30686, 5.25278 ], [ 45.31313, 5.25926 ], [ 45.3194, 5.26574 ], [ 45.32567, 5.27222 ], [ 45.33194, 5.2787 ], [ 45.33822, 5.28518 ], [ 45.34449, 5.29166 ], [ 45.35076, 5.29814 ], [ 45.35703, 5.30462 ], [ 45.36331, 5.31109 ], [ 45.36958, 5.31757 ], [ 45.37585, 5.32405 ], [ 45.38213, 5.33053 ], [ 45.3884, 5.33701 ], [ 45.39467, 5.34349 ], [ 45.40095, 5.34997 ], [ 45.40722, 5.35645 ], [ 45.4135, 5.36293 ], [ 45.41977, 5.36941 ], [ 45.42604, 5.37589 ], [ 45.43232, 5.38237 ], [ 45.43859, 5.38885 ], [ 45.44487, 5.39532 ], [ 45.45114, 5.4018 ], [ 45.45742, 5.40828 ], [ 45.46369, 5.41476 ], [ 45.46997, 5.42124 ], [ 45.47624, 5.42772 ], [ 45.48122, 5.43285 ], [ 45.65552, 5.17853 ], [ 45.66944, 5.16172 ], [ 45.67609, 5.15369 ], [ 45.71059, 5.11215 ], [ 45.71098, 5.11138 ], [ 45.71684, 5.10996 ] ] ] ] } },
{ "type": "Feature", "properties": { "adm1_name": "Lower Juba" }, "geometry": { "type": "MultiPolygon", "coordinates": [ [ [ [ 41.91748, -1.1554 ], [ 41.93347, -1.14081 ], [ 41.9397, -1.13239 ], [ 41.94233, -1.1305 ], [ 41.94261, -1.13057 ], [ 41.9451, -1.13138 ], [ 41.94626, -1.1332 ], [ 41.94568, -1.13568 ], [ 41.94561, -1.1362 ], [ 41.94082, -1.14486 ], [ 41.93109, -1.15338 ], [ 41.9267, -1.16192 ], [ 41.92265, -1.16287 ], [ 41.91889, -1.1615 ], [ 41.91873, -1.1613 ], [ 41.9165, -1.15839 ], [ 41.91687, -1.15601 ], [ 41.91748, -1.1554 ] ] ], [ [ [ 41.99357, -1.07384 ], [ 41.99246, -1.07707 ], [ 41.98969, -1.07941 ], [ 41.98222, -1.0804 ], [ 41.9743, -1.08569 ], [ 41.97113, -1.08258 ], [ 41.98309, -1.0705 ], [ 41.98712, -1.06818 ], [ 41.99078, -1.0695 ], [ 41.99357, -1.07384 ] ] ], [ [ [ 42.01672, -1.01038 ], [ 42.01892, -1.0083 ], [ 42.02771, -1.00519 ], [ 42.03229, -1.00189 ], [ 42.03247, -1.00049 ], [ 42.0343, -0.99091 ], [ 42.03491, -0.99048 ], [ 42.04148, -0.98527 ], [ 42.04194, -0.98504 ], [ 42.04791, -0.9834 ], [ 42.04952, -0.98129 ], [ 42.05329, -0.98124 ], [ 42.05309, -0.98172 ], [ 42.04968, -0.98669 ], [ 42.04907, -0.98779 ], [ 42.0473, -0.9953 ], [ 42.04716, -0.99587 ], [ 42.04663, -0.99714 ], [ 42.04291, -0.99908 ], [ 42.04211, -0.99951 ], [ 42.04187, -1.0036 ], [ 42.04187, -1.0047 ], [ 42.03912, -1.00769 ], [ 42.0329, -1.00928 ], [ 42.03247, -1.0094 ], [ 42.03192, -1.0116 ], [ 42.03528, -1.0152 ], [ 42.03561, -1.01558 ], [ 42.0354, -1.01592 ], [ 42.03202, -1.01962 ], [ 42.02429, -1.02228 ], [ 42.02289, -1.01929 ], [ 42.02148, -1.0163 ], [ 42.01569, -1.0144 ], [ 42.01593, -1.01111 ], [ 42.01672, -1.01038 ] ] ], [ [ [ 42.09833, -0.9389 ], [ 42.10132, -0.93591 ], [ 42.10193, -0.9342 ], [ 42.10408, -0.9287 ], [ 42.10636, -0.92825 ], [ 42.10732, -0.93169 ], [ 42.10616, -0.93533 ], [ 42.10599, -0.93584 ], [ 42.09984, -0.94766 ], [ 42.0965, -0.94629 ], [ 42.0979, -0.9447 ], [ 42.0979, -0.94458 ], [ 42.09772, -0.94391 ], [ 42.09748, -0.94168 ], [ 42.09811, -0.93911 ], [ 42.09833, -0.9389 ] ] ], [ [ [ 42.11505, -0.914 ], [ 42.11432, -0.91575 ], [ 42.11133, -0.91339 ], [ 42.11072, -0.90948 ], [ 42.11169, -0.90759 ], [ 42.11226, -0.9063 ], [ 42.11706, -0.90492 ], [ 42.118, -0.90698 ], [ 42.11505, -0.914 ] ] ], [ [ [ 43.19128, 0.32867 ], [ 43.1888, 0.32572 ], [ 43.15038, 0.28182 ], [ 43.14868, 0.28009 ], [ 43.12231, 0.25269 ], [ 43.10455, 0.23053 ], [ 43.09319, 0.21783 ], [ 43.08929, 0.21509 ], [ 43.0813, 0.20612 ], [ 43.06488, 0.18652 ], [ 43.06118, 0.18203 ], [ 42.99389, 0.10678 ], [ 42.99324, 0.10607 ], [ 42.9801, 0.09369 ], [ 42.97168, 0.08569 ], [ 42.89612, 0.0 ], [ 42.88507, -0.01202 ], [ 42.85731, -0.04053 ], [ 42.85687, -0.04099 ], [ 42.85133, -0.04667 ], [ 42.85127, -0.04673 ], [ 42.84369, -0.05157 ], [ 42.83032, -0.06549 ], [ 42.80504, -0.09185 ], [ 42.80465, -0.09223 ], [ 42.79562, -0.10044 ], [ 42.78721, -0.10805 ], [ 42.78545, -0.10663 ], [ 42.77893, -0.11261 ], [ 42.77588, -0.1156 ], [ 42.77411, -0.11713 ], [ 42.77332, -0.1178 ], [ 42.77173, -0.1192 ], [ 42.77008, -0.12109 ], [ 42.76727, -0.1236 ], [ 42.7663, -0.125 ], [ 42.76569, -0.12549 ], [ 42.7655, -0.12579 ], [ 42.76508, -0.12598 ], [ 42.76489, -0.12659 ], [ 42.76428, -0.1272 ], [ 42.76367, -0.12781 ], [ 42.76251, -0.12842 ], [ 42.76129, -0.13031 ], [ 42.75952, -0.13208 ], [ 42.75452, -0.13708 ], [ 42.75269, -0.13928 ], [ 42.75208, -0.14008 ], [ 42.74951, -0.14221 ], [ 42.74512, -0.146 ], [ 42.74268, -0.14838 ], [ 42.7417, -0.14929 ], [ 42.73932, -0.15118 ], [ 42.7359, -0.15448 ], [ 42.73108, -0.1593 ], [ 42.72668, -0.16339 ], [ 42.72142, -0.16847 ], [ 42.72131, -0.16858 ], [ 42.72089, -0.16901 ], [ 42.72028, -0.1698 ], [ 42.7193, -0.17078 ], [ 42.71808, -0.17151 ], [ 42.71649, -0.17328 ], [ 42.71429, -0.17542 ], [ 42.71252, -0.177 ], [ 42.70929, -0.18018 ], [ 42.70367, -0.18561 ], [ 42.69891, -0.19061 ], [ 42.69611, -0.19342 ], [ 42.69128, -0.19812 ], [ 42.68689, -0.20258 ], [ 42.68268, -0.20679 ], [ 42.68188, -0.20758 ], [ 42.6803, -0.20892 ], [ 42.67853, -0.21088 ], [ 42.67688, -0.2124 ], [ 42.67633, -0.2132 ], [ 42.6759, -0.2135 ], [ 42.67548, -0.21381 ], [ 42.67468, -0.21478 ], [ 42.67188, -0.2171 ], [ 42.66949, -0.21991 ], [ 42.66608, -0.22339 ], [ 42.66351, -0.22601 ], [ 42.66211, -0.22729 ], [ 42.66071, -0.22882 ], [ 42.65692, -0.2323 ], [ 42.65369, -0.23511 ], [ 42.65131, -0.237 ], [ 42.6507, -0.23749 ], [ 42.65052, -0.23765 ], [ 42.64962, -0.2384 ], [ 42.64771, -0.23999 ], [ 42.64587, -0.24121 ], [ 42.64569, -0.24158 ], [ 42.64368, -0.2431 ], [ 42.64146, -0.24326 ], [ 42.63951, -0.24339 ], [ 42.63831, -0.24463 ], [ 42.63733, -0.24622 ], [ 42.63611, -0.24872 ], [ 42.63593, -0.24829 ], [ 42.63591, -0.24835 ], [ 42.63588, -0.2483 ], [ 42.63578, -0.24877 ], [ 42.63568, -0.24908 ], [ 42.6357, -0.24913 ], [ 42.63569, -0.24915 ], [ 42.63593, -0.24982 ], [ 42.63568, -0.25018 ], [ 42.63391, -0.25159 ], [ 42.63208, -0.2533 ], [ 42.6319, -0.25342 ], [ 42.63176, -0.25356 ], [ 42.63165, -0.25365 ], [ 42.63149, -0.25377 ], [ 42.63168, -0.2536 ], [ 42.62988, -0.255 ], [ 42.62769, -0.2561 ], [ 42.6261, -0.25732 ], [ 42.62531, -0.25812 ], [ 42.62451, -0.25861 ], [ 42.62347, -0.25952 ], [ 42.62189, -0.2608 ], [ 42.62109, -0.26141 ], [ 42.6203, -0.2619 ], [ 42.61969, -0.2627 ], [ 42.61908, -0.26318 ], [ 42.61792, -0.2641 ], [ 42.61731, -0.26471 ], [ 42.6167, -0.26538 ], [ 42.61609, -0.26581 ], [ 42.61548, -0.2663 ], [ 42.61511, -0.26678 ], [ 42.61493, -0.26709 ], [ 42.61469, -0.26721 ], [ 42.61407, -0.26813 ], [ 42.61328, -0.26868 ], [ 42.61249, -0.26941 ], [ 42.61212, -0.27002 ], [ 42.61169, -0.27081 ], [ 42.61188, -0.27118 ], [ 42.61209, -0.27129 ], [ 42.61212, -0.2713 ], [ 42.61249, -0.27191 ], [ 42.6123, -0.27228 ], [ 42.61108, -0.27289 ], [ 42.61029, -0.27362 ], [ 42.6095, -0.27429 ], [ 42.60889, -0.27502 ], [ 42.60852, -0.27551 ], [ 42.60748, -0.27631 ], [ 42.60651, -0.2774 ], [ 42.60571, -0.27808 ], [ 42.60531, -0.27848 ], [ 42.60529, -0.2785 ], [ 42.6051, -0.27881 ], [ 42.6037, -0.28088 ], [ 42.60352, -0.28131 ], [ 42.60327, -0.2821 ], [ 42.60291, -0.28278 ], [ 42.60327, -0.28418 ], [ 42.60291, -0.2854 ], [ 42.60309, -0.28583 ], [ 42.60229, -0.28638 ], [ 42.60107, -0.28619 ], [ 42.60071, -0.28632 ], [ 42.60071, -0.28638 ], [ 42.60052, -0.2865 ], [ 42.59967, -0.28699 ], [ 42.59949, -0.28711 ], [ 42.59772, -0.289 ], [ 42.5965, -0.29059 ], [ 42.59448, -0.29291 ], [ 42.5929, -0.29388 ], [ 42.59219, -0.29541 ], [ 42.5921, -0.29559 ], [ 42.59192, -0.29578 ], [ 42.59113, -0.29639 ], [ 42.59052, -0.2973 ], [ 42.58972, -0.29828 ], [ 42.58807, -0.29999 ], [ 42.58673, -0.30121 ], [ 42.58533, -0.30341 ], [ 42.58429, -0.3045 ], [ 42.58411, -0.30481 ], [ 42.5835, -0.30548 ], [ 42.58173, -0.30811 ], [ 42.58051, -0.31018 ], [ 42.57953, -0.31201 ], [ 42.57892, -0.3136 ], [ 42.57672, -0.31769 ], [ 42.57452, -0.32251 ], [ 42.5741, -0.32379 ], [ 42.57373, -0.32471 ], [ 42.57373, -0.32481 ], [ 42.57349, -0.32531 ], [ 42.57271, -0.3269 ], [ 42.57191, -0.32853 ], [ 42.57266, -0.33021 ], [ 42.57279, -0.33052 ], [ 42.57269, -0.33099 ], [ 42.57251, -0.3335 ], [ 42.57208, -0.33521 ], [ 42.5719, -0.33588 ], [ 42.57129, -0.33801 ], [ 42.57092, -0.33868 ], [ 42.57092, -0.33911 ], [ 42.57092, -0.34009 ], [ 42.57147, -0.34131 ], [ 42.57165, -0.34118 ], [ 42.57208, -0.34088 ], [ 42.57222, -0.34095 ], [ 42.57269, -0.34119 ], [ 42.57147, -0.34271 ], [ 42.57129, -0.34271 ], [ 42.57129, -0.3429 ], [ 42.57031, -0.34381 ], [ 42.57013, -0.34399 ], [ 42.56909, -0.34491 ], [ 42.56891, -0.34509 ], [ 42.56873, -0.34528 ], [ 42.56848, -0.3457 ], [ 42.5683, -0.34601 ], [ 42.56812, -0.34619 ], [ 42.56787, -0.34637 ], [ 42.56708, -0.34692 ], [ 42.56671, -0.3479 ], [ 42.56628, -0.34943 ], [ 42.56628, -0.35052 ], [ 42.56653, -0.35052 ], [ 42.56671, -0.35052 ], [ 42.56671, -0.35059 ], [ 42.56628, -0.35303 ], [ 42.5661, -0.354 ], [ 42.56592, -0.3551 ], [ 42.56531, -0.35571 ], [ 42.56488, -0.35669 ], [ 42.56427, -0.35718 ], [ 42.56379, -0.35755 ], [ 42.56372, -0.3576 ], [ 42.56311, -0.3573 ], [ 42.56311, -0.35681 ], [ 42.56348, -0.35571 ], [ 42.56427, -0.3537 ], [ 42.56329, -0.35303 ], [ 42.56293, -0.35278 ], [ 42.56218, -0.35276 ], [ 42.56125, -0.35273 ], [ 42.5611, -0.35272 ], [ 42.55933, -0.35309 ], [ 42.55908, -0.35321 ], [ 42.5589, -0.35339 ], [ 42.55829, -0.3537 ], [ 42.55829, -0.35379 ], [ 42.55811, -0.35388 ], [ 42.55768, -0.35449 ], [ 42.55688, -0.35529 ], [ 42.5567, -0.35559 ], [ 42.55652, -0.3559 ], [ 42.55647, -0.35599 ], [ 42.55573, -0.3576 ], [ 42.55583, -0.35857 ], [ 42.55581, -0.35865 ], [ 42.55589, -0.3591 ], [ 42.55609, -0.3609 ], [ 42.55614, -0.361 ], [ 42.55639, -0.3615 ], [ 42.5567, -0.36212 ], [ 42.55673, -0.36213 ], [ 42.55688, -0.36243 ], [ 42.5575, -0.3631 ], [ 42.55788, -0.36348 ], [ 42.55792, -0.36353 ], [ 42.5589, -0.36407 ], [ 42.55933, -0.36438 ], [ 42.55988, -0.36462 ], [ 42.55995, -0.36456 ], [ 42.56049, -0.36407 ], [ 42.56053, -0.36403 ], [ 42.56059, -0.36396 ], [ 42.56093, -0.36359 ], [ 42.5611, -0.3634 ], [ 42.56128, -0.36322 ], [ 42.56171, -0.36151 ], [ 42.56268, -0.35999 ], [ 42.56293, -0.35999 ], [ 42.56311, -0.35999 ], [ 42.56348, -0.36121 ], [ 42.56293, -0.36212 ], [ 42.56293, -0.36261 ], [ 42.56293, -0.36269 ], [ 42.56293, -0.36279 ], [ 42.56293, -0.36282 ], [ 42.56293, -0.36292 ], [ 42.56293, -0.36328 ], [ 42.56293, -0.3634 ], [ 42.5625, -0.36469 ], [ 42.56232, -0.36572 ], [ 42.56171, -0.36658 ], [ 42.56152, -0.36719 ], [ 42.56128, -0.36749 ], [ 42.5609, -0.36762 ], [ 42.56073, -0.36768 ], [ 42.56049, -0.367 ], [ 42.56067, -0.36666 ], [ 42.56091, -0.36621 ], [ 42.56049, -0.3656 ], [ 42.55969, -0.36542 ], [ 42.55908, -0.3653 ], [ 42.55768, -0.36548 ], [ 42.5567, -0.36609 ], [ 42.55609, -0.36688 ], [ 42.55548, -0.3681 ], [ 42.55548, -0.36951 ], [ 42.55548, -0.36981 ], [ 42.55566, -0.37039 ], [ 42.55559, -0.37098 ], [ 42.55548, -0.37128 ], [ 42.5553, -0.37189 ], [ 42.55548, -0.37268 ], [ 42.55548, -0.37341 ], [ 42.55573, -0.3739 ], [ 42.55609, -0.37439 ], [ 42.55652, -0.37482 ], [ 42.55768, -0.37512 ], [ 42.55792, -0.37451 ], [ 42.55811, -0.37408 ], [ 42.55811, -0.37402 ], [ 42.55812, -0.37402 ], [ 42.55872, -0.3739 ], [ 42.5589, -0.3739 ], [ 42.55908, -0.37421 ], [ 42.55988, -0.3739 ], [ 42.56012, -0.3739 ], [ 42.56049, -0.37408 ], [ 42.5603, -0.37421 ], [ 42.55951, -0.375 ], [ 42.55933, -0.37518 ], [ 42.5603, -0.37579 ], [ 42.55927, -0.37724 ], [ 42.55913, -0.37734 ], [ 42.55908, -0.37745 ], [ 42.55908, -0.3775 ], [ 42.55835, -0.37872 ], [ 42.55829, -0.37878 ], [ 42.55796, -0.37918 ], [ 42.55768, -0.37952 ], [ 42.55735, -0.38022 ], [ 42.55688, -0.3808 ], [ 42.5555, -0.3817 ], [ 42.55548, -0.38171 ], [ 42.5545, -0.38239 ], [ 42.55408, -0.38281 ], [ 42.55353, -0.38318 ], [ 42.55267, -0.38361 ], [ 42.55249, -0.38361 ], [ 42.55188, -0.38373 ], [ 42.55188, -0.38379 ], [ 42.5517, -0.38391 ], [ 42.5512, -0.38418 ], [ 42.55094, -0.3843 ], [ 42.55072, -0.3844 ], [ 42.55051, -0.38456 ], [ 42.5505, -0.38457 ], [ 42.55048, -0.38458 ], [ 42.54773, -0.3866 ], [ 42.54688, -0.38733 ], [ 42.54673, -0.38738 ], [ 42.54664, -0.38745 ], [ 42.54651, -0.38751 ], [ 42.5451, -0.38861 ], [ 42.54413, -0.3894 ], [ 42.54388, -0.3891 ], [ 42.5437, -0.3891 ], [ 42.54291, -0.38818 ], [ 42.54272, -0.38812 ], [ 42.54132, -0.3869 ], [ 42.5415, -0.38678 ], [ 42.54152, -0.38681 ], [ 42.5423, -0.38647 ], [ 42.54431, -0.38812 ], [ 42.54561, -0.38682 ], [ 42.54633, -0.38611 ], [ 42.54669, -0.38629 ], [ 42.54791, -0.38611 ], [ 42.54907, -0.38531 ], [ 42.55048, -0.38428 ], [ 42.55048, -0.38427 ], [ 42.55072, -0.38409 ], [ 42.55212, -0.383 ], [ 42.55239, -0.38235 ], [ 42.5531, -0.38064 ], [ 42.55328, -0.38019 ], [ 42.55401, -0.37914 ], [ 42.55469, -0.37872 ], [ 42.55524, -0.37768 ], [ 42.55591, -0.3764 ], [ 42.55573, -0.37579 ], [ 42.55548, -0.37518 ], [ 42.55548, -0.37512 ], [ 42.55548, -0.375 ], [ 42.55548, -0.37488 ], [ 42.55548, -0.37402 ], [ 42.55548, -0.3739 ], [ 42.55519, -0.37336 ], [ 42.55511, -0.37323 ], [ 42.5545, -0.37262 ], [ 42.55389, -0.37219 ], [ 42.55267, -0.37091 ], [ 42.55212, -0.37042 ], [ 42.55199, -0.37029 ], [ 42.55151, -0.36981 ], [ 42.55011, -0.3689 ], [ 42.54871, -0.36829 ], [ 42.54704, -0.36763 ], [ 42.5459, -0.36719 ], [ 42.54272, -0.3667 ], [ 42.5423, -0.36658 ], [ 42.54211, -0.36658 ], [ 42.54053, -0.36639 ], [ 42.53772, -0.36652 ], [ 42.53528, -0.36719 ], [ 42.5343, -0.36749 ], [ 42.5329, -0.3681 ], [ 42.5321, -0.36871 ], [ 42.53183, -0.36907 ], [ 42.53088, -0.3703 ], [ 42.52991, -0.37079 ], [ 42.5285, -0.3717 ], [ 42.52533, -0.3736 ], [ 42.52252, -0.37518 ], [ 42.52173, -0.37598 ], [ 42.52087, -0.37689 ], [ 42.52069, -0.37738 ], [ 42.52051, -0.37738 ], [ 42.51971, -0.37848 ], [ 42.51849, -0.3797 ], [ 42.51849, -0.37972 ], [ 42.51831, -0.37988 ], [ 42.51817, -0.3812 ], [ 42.51813, -0.38141 ], [ 42.51733, -0.38245 ], [ 42.51727, -0.38251 ], [ 42.51727, -0.38253 ], [ 42.51691, -0.383 ], [ 42.51672, -0.38391 ], [ 42.51648, -0.38409 ], [ 42.51543, -0.38482 ], [ 42.51508, -0.38501 ], [ 42.51502, -0.38505 ], [ 42.51367, -0.3858 ], [ 42.51233, -0.38708 ], [ 42.51208, -0.38739 ], [ 42.5119, -0.38751 ], [ 42.5119, -0.3877 ], [ 42.51147, -0.388 ], [ 42.50993, -0.39018 ], [ 42.50926, -0.39099 ], [ 42.50769, -0.3927 ], [ 42.50671, -0.39429 ], [ 42.50671, -0.3943 ], [ 42.50463, -0.39764 ], [ 42.5033, -0.3996 ], [ 42.50304, -0.40002 ], [ 42.50012, -0.40369 ], [ 42.50012, -0.4043 ], [ 42.4999, -0.40529 ], [ 42.49982, -0.40542 ], [ 42.49951, -0.40558 ], [ 42.49908, -0.4057 ], [ 42.49847, -0.40631 ], [ 42.49792, -0.40631 ], [ 42.49707, -0.40631 ], [ 42.49548, -0.40851 ], [ 42.49249, -0.41382 ], [ 42.49231, -0.41418 ], [ 42.49188, -0.41461 ], [ 42.4917, -0.4151 ], [ 42.4917, -0.41541 ], [ 42.49109, -0.4165 ], [ 42.4905, -0.41804 ], [ 42.49002, -0.4185 ], [ 42.48932, -0.4184 ], [ 42.48792, -0.41931 ], [ 42.48633, -0.42078 ], [ 42.48633, -0.42072 ], [ 42.48608, -0.4209 ], [ 42.48511, -0.42059 ], [ 42.48492, -0.42078 ], [ 42.48248, -0.42291 ], [ 42.48132, -0.42499 ], [ 42.48029, -0.42578 ], [ 42.47913, -0.42603 ], [ 42.47888, -0.42609 ], [ 42.47852, -0.427 ], [ 42.47827, -0.42743 ], [ 42.47827, -0.42749 ], [ 42.47791, -0.42828 ], [ 42.47748, -0.4292 ], [ 42.47729, -0.4295 ], [ 42.47693, -0.4303 ], [ 42.47668, -0.43109 ], [ 42.4765, -0.4314 ], [ 42.4765, -0.43152 ], [ 42.47632, -0.4317 ], [ 42.47589, -0.4328 ], [ 42.47571, -0.43329 ], [ 42.47552, -0.43378 ], [ 42.47528, -0.43402 ], [ 42.47491, -0.435 ], [ 42.47449, -0.43579 ], [ 42.47449, -0.43622 ], [ 42.4743, -0.4364 ], [ 42.47369, -0.43793 ], [ 42.47369, -0.43842 ], [ 42.47369, -0.43878 ], [ 42.47369, -0.43988 ], [ 42.47467, -0.4422 ], [ 42.4765, -0.44458 ], [ 42.47791, -0.44568 ], [ 42.47827, -0.4458 ], [ 42.4801, -0.44641 ], [ 42.48291, -0.44678 ], [ 42.48352, -0.44708 ], [ 42.48389, -0.44733 ], [ 42.48529, -0.44781 ], [ 42.48537, -0.44784 ], [ 42.48568, -0.44868 ], [ 42.4845, -0.45062 ], [ 42.48291, -0.45251 ], [ 42.4823, -0.45312 ], [ 42.48071, -0.4549 ], [ 42.48053, -0.45508 ], [ 42.4787, -0.4566 ], [ 42.47729, -0.45758 ], [ 42.47589, -0.45892 ], [ 42.47528, -0.45978 ], [ 42.4751, -0.461 ], [ 42.47552, -0.46149 ], [ 42.4765, -0.46179 ], [ 42.47693, -0.4624 ], [ 42.47693, -0.4632 ], [ 42.47693, -0.46381 ], [ 42.47668, -0.46478 ], [ 42.47449, -0.4657 ], [ 42.47308, -0.46619 ], [ 42.4729, -0.46631 ], [ 42.47278, -0.46631 ], [ 42.47204, -0.46501 ], [ 42.47352, -0.45512 ], [ 42.47233, -0.45077 ], [ 42.46982, -0.45079 ], [ 42.46645, -0.4539 ], [ 42.46613, -0.4538 ], [ 42.46429, -0.4538 ], [ 42.46289, -0.4541 ], [ 42.46149, -0.45441 ], [ 42.46033, -0.4549 ], [ 42.45892, -0.45551 ], [ 42.45831, -0.45599 ], [ 42.45813, -0.45673 ], [ 42.45709, -0.45789 ], [ 42.45612, -0.45862 ], [ 42.45569, -0.45959 ], [ 42.45532, -0.46069 ], [ 42.45453, -0.46143 ], [ 42.45367, -0.46143 ], [ 42.45331, -0.46259 ], [ 42.45331, -0.46271 ], [ 42.45288, -0.46338 ], [ 42.4527, -0.46429 ], [ 42.45227, -0.46472 ], [ 42.45209, -0.46539 ], [ 42.45172, -0.46619 ], [ 42.45111, -0.4668 ], [ 42.45111, -0.46698 ], [ 42.45093, -0.46741 ], [ 42.45032, -0.4682 ], [ 42.44928, -0.47009 ], [ 42.44849, -0.47058 ], [ 42.44769, -0.4715 ], [ 42.44708, -0.47241 ], [ 42.44611, -0.47321 ], [ 42.44427, -0.47418 ], [ 42.44391, -0.47461 ], [ 42.44373, -0.47479 ], [ 42.44348, -0.47449 ], [ 42.44287, -0.47479 ], [ 42.44128, -0.47571 ], [ 42.43951, -0.4765 ], [ 42.43909, -0.47601 ], [ 42.43768, -0.47742 ], [ 42.43549, -0.47913 ], [ 42.43408, -0.48059 ], [ 42.43188, -0.48273 ], [ 42.42908, -0.48608 ], [ 42.42731, -0.48828 ], [ 42.42633, -0.4892 ], [ 42.42468, -0.49042 ], [ 42.42389, -0.49139 ], [ 42.42352, -0.49182 ], [ 42.42133, -0.495 ], [ 42.4187, -0.49689 ], [ 42.41748, -0.49878 ], [ 42.41748, -0.49879 ], [ 42.41359, -0.50267 ], [ 42.40894, -0.51089 ], [ 42.4054, -0.51748 ], [ 42.40349, -0.519 ], [ 42.40159, -0.52214 ], [ 42.39997, -0.5229 ], [ 42.39131, -0.53756 ], [ 42.38026, -0.54622 ], [ 42.37317, -0.55193 ], [ 42.36803, -0.55606 ], [ 42.36788, -0.55627 ], [ 42.36749, -0.55658 ], [ 42.35931, -0.56628 ], [ 42.35632, -0.57159 ], [ 42.35365, -0.57598 ], [ 42.35282, -0.57713 ], [ 42.34229, -0.586 ], [ 42.33728, -0.59381 ], [ 42.32428, -0.60889 ], [ 42.31873, -0.61871 ], [ 42.31787, -0.62 ], [ 42.31531, -0.62878 ], [ 42.31514, -0.62933 ], [ 42.31392, -0.63103 ], [ 42.31385, -0.63111 ], [ 42.29688, -0.6463 ], [ 42.28856, -0.66263 ], [ 42.28775, -0.66365 ], [ 42.28103, -0.67045 ], [ 42.26449, -0.68721 ], [ 42.26031, -0.69141 ], [ 42.26024, -0.69151 ], [ 42.26008, -0.69167 ], [ 42.25589, -0.69756 ], [ 42.25514, -0.69862 ], [ 42.25428, -0.70346 ], [ 42.25448, -0.70512 ], [ 42.25528, -0.71182 ], [ 42.25529, -0.71195 ], [ 42.25361, -0.71521 ], [ 42.24231, -0.71558 ], [ 42.23792, -0.7182 ], [ 42.23749, -0.71838 ], [ 42.23745, -0.71851 ], [ 42.23733, -0.71858 ], [ 42.23471, -0.72721 ], [ 42.23425, -0.72873 ], [ 42.22635, -0.7357 ], [ 42.22634, -0.73571 ], [ 42.22233, -0.74422 ], [ 42.22144, -0.74611 ], [ 42.21378, -0.75585 ], [ 42.21071, -0.75832 ], [ 42.20752, -0.7608 ], [ 42.19976, -0.76715 ], [ 42.19817, -0.76843 ], [ 42.18758, -0.78119 ], [ 42.18018, -0.79299 ], [ 42.16508, -0.8083 ], [ 42.15758, -0.81473 ], [ 42.148, -0.82289 ], [ 42.14532, -0.8233 ], [ 42.13989, -0.8186 ], [ 42.13733, -0.8183 ], [ 42.1371, -0.81852 ], [ 42.13708, -0.81852 ], [ 42.13322, -0.82222 ], [ 42.13092, -0.8244 ], [ 42.11748, -0.83222 ], [ 42.11511, -0.83359 ], [ 42.11353, -0.83441 ], [ 42.10687, -0.83478 ], [ 42.09448, -0.8324 ], [ 42.0799, -0.8327 ], [ 42.06732, -0.83539 ], [ 42.06713, -0.83558 ], [ 42.06694, -0.83562 ], [ 42.05905, -0.8435 ], [ 42.05487, -0.8432 ], [ 42.04932, -0.8327 ], [ 42.04852, -0.8269 ], [ 42.05511, -0.8031 ], [ 42.05609, -0.80139 ], [ 42.06348, -0.78589 ], [ 42.06549, -0.78198 ], [ 42.06549, -0.7818 ], [ 42.06848, -0.771 ], [ 42.06909, -0.77008 ], [ 42.0827, -0.74908 ], [ 42.0827, -0.7486 ], [ 42.08228, -0.7406 ], [ 42.07813, -0.74109 ], [ 42.07798, -0.74128 ], [ 42.07797, -0.74128 ], [ 42.07504, -0.74485 ], [ 42.07455, -0.74546 ], [ 42.07452, -0.74548 ], [ 42.07452, -0.74549 ], [ 42.07436, -0.74568 ], [ 42.07244, -0.75531 ], [ 42.0722, -0.75651 ], [ 42.06025, -0.76951 ], [ 42.04886, -0.79216 ], [ 42.0457, -0.79541 ], [ 42.0387, -0.7951 ], [ 42.03571, -0.7948 ], [ 42.0293, -0.7995 ], [ 42.02368, -0.7998 ], [ 42.01752, -0.79669 ], [ 42.0047, -0.79761 ], [ 41.99951, -0.79559 ], [ 41.99329, -0.78821 ], [ 41.99231, -0.78088 ], [ 42.00232, -0.73779 ], [ 41.99933, -0.72559 ], [ 41.99548, -0.72321 ], [ 41.9931, -0.72388 ], [ 41.99301, -0.72402 ], [ 41.99282, -0.72407 ], [ 41.99136, -0.72634 ], [ 41.99103, -0.72684 ], [ 41.98859, -0.73285 ], [ 41.98173, -0.77267 ], [ 41.98074, -0.7867 ], [ 41.9822, -0.79427 ], [ 41.98732, -0.80294 ], [ 41.99039, -0.80585 ], [ 41.99309, -0.8084 ], [ 42.00043, -0.81153 ], [ 42.00774, -0.81168 ], [ 42.00799, -0.81158 ], [ 42.00812, -0.81158 ], [ 42.01244, -0.80973 ], [ 42.02365, -0.80507 ], [ 42.03824, -0.80261 ], [ 42.04284, -0.80486 ], [ 42.04496, -0.81127 ], [ 42.04058, -0.82787 ], [ 42.04134, -0.83406 ], [ 42.0432, -0.83716 ], [ 42.0467, -0.84297 ], [ 42.05477, -0.85 ], [ 42.06229, -0.84831 ], [ 42.06248, -0.84821 ], [ 42.0625, -0.84821 ], [ 42.06269, -0.8481 ], [ 42.07264, -0.84298 ], [ 42.08116, -0.8412 ], [ 42.08598, -0.84345 ], [ 42.08854, -0.84756 ], [ 42.08929, -0.85329 ], [ 42.08668, -0.85977 ], [ 42.08485, -0.8643 ], [ 42.0789, -0.87908 ], [ 42.07841, -0.8803 ], [ 42.07472, -0.88658 ], [ 42.07393, -0.88794 ], [ 42.0719, -0.89878 ], [ 42.07159, -0.90041 ], [ 42.06232, -0.9021 ], [ 42.0621, -0.9023 ], [ 42.06199, -0.90232 ], [ 42.06022, -0.90398 ], [ 42.05933, -0.90479 ], [ 42.05133, -0.91229 ], [ 42.05122, -0.91247 ], [ 42.05114, -0.91255 ], [ 42.04239, -0.92644 ], [ 42.03773, -0.93123 ], [ 42.03719, -0.93178 ], [ 42.03062, -0.95667 ], [ 42.02586, -0.96754 ], [ 42.02505, -0.96938 ], [ 42.01871, -0.97607 ], [ 42.01648, -0.97839 ], [ 42.00653, -0.9823 ], [ 42.00644, -0.98238 ], [ 42.00624, -0.98245 ], [ 41.99825, -0.98981 ], [ 41.99152, -0.99591 ], [ 41.99017, -0.99752 ], [ 41.98624, -1.0021 ], [ 41.9829, -1.00598 ], [ 41.97913, -1.00739 ], [ 41.97589, -1.00568 ], [ 41.97351, -1.00128 ], [ 41.9729, -0.99548 ], [ 41.97931, -0.98029 ], [ 41.97968, -0.9762 ], [ 41.97729, -0.96948 ], [ 41.96887, -0.95801 ], [ 41.96692, -0.95001 ], [ 41.97528, -0.91559 ], [ 41.97272, -0.90619 ], [ 41.96912, -0.90039 ], [ 41.96832, -0.89899 ], [ 41.94873, -0.88019 ], [ 41.93732, -0.87549 ], [ 41.92688, -0.87518 ], [ 41.9209, -0.8725 ], [ 41.91333, -0.87311 ], [ 41.91333, -0.87329 ], [ 41.9133, -0.87336 ], [ 41.91308, -0.87338 ], [ 41.91297, -0.87339 ], [ 41.91164, -0.87662 ], [ 41.91512, -0.88141 ], [ 41.92062, -0.88342 ], [ 41.9261, -0.88359 ], [ 41.92736, -0.88304 ], [ 41.93366, -0.88029 ], [ 41.93863, -0.88069 ], [ 41.94439, -0.885 ], [ 41.95138, -0.89756 ], [ 41.96153, -0.90595 ], [ 41.9648, -0.91258 ], [ 41.9653, -0.91648 ], [ 41.96215, -0.92949 ], [ 41.96072, -0.93538 ], [ 41.95945, -0.96194 ], [ 41.95942, -0.96251 ], [ 41.96118, -0.96992 ], [ 41.96152, -0.97084 ], [ 41.96191, -0.9726 ], [ 41.9627, -0.97413 ], [ 41.96288, -0.97463 ], [ 41.96649, -0.98151 ], [ 41.96696, -0.98593 ], [ 41.96725, -0.98863 ], [ 41.9664, -0.99425 ], [ 41.96509, -1.00269 ], [ 41.96837, -1.01057 ], [ 41.96888, -1.01182 ], [ 41.9776, -1.01541 ], [ 41.97939, -1.01891 ], [ 41.98041, -1.02089 ], [ 41.97946, -1.02327 ], [ 41.97827, -1.026 ], [ 41.97772, -1.02759 ], [ 41.96252, -1.04938 ], [ 41.96247, -1.04947 ], [ 41.96223, -1.04982 ], [ 41.96023, -1.05467 ], [ 41.95995, -1.0696 ], [ 41.95994, -1.06984 ], [ 41.95825, -1.07307 ], [ 41.951, -1.08695 ], [ 41.94173, -1.09444 ], [ 41.94153, -1.0946 ], [ 41.94153, -1.09461 ], [ 41.94149, -1.09464 ], [ 41.92761, -1.12603 ], [ 41.92678, -1.1279 ], [ 41.92339, -1.13162 ], [ 41.91681, -1.13537 ], [ 41.90989, -1.14249 ], [ 41.90369, -1.1488 ], [ 41.90348, -1.14907 ], [ 41.90326, -1.1493 ], [ 41.89996, -1.16099 ], [ 41.89893, -1.16461 ], [ 41.89879, -1.16517 ], [ 41.89865, -1.16564 ], [ 41.89653, -1.1694 ], [ 41.89327, -1.17514 ], [ 41.8931, -1.1753 ], [ 41.8918, -1.17642 ], [ 41.88368, -1.18341 ], [ 41.88348, -1.18341 ], [ 41.88128, -1.18872 ], [ 41.88042, -1.1907 ], [ 41.88002, -1.19599 ], [ 41.88048, -1.19674 ], [ 41.88258, -1.2001 ], [ 41.88579, -1.20168 ], [ 41.88588, -1.20158 ], [ 41.88593, -1.2016 ], [ 41.90192, -1.18451 ], [ 41.9039, -1.18347 ], [ 41.90614, -1.18238 ], [ 41.90888, -1.18235 ], [ 41.90952, -1.18503 ], [ 41.91008, -1.18739 ], [ 41.90947, -1.18921 ], [ 41.90902, -1.19055 ], [ 41.90887, -1.19098 ], [ 41.90857, -1.19192 ], [ 41.90831, -1.1927 ], [ 41.8988, -1.20062 ], [ 41.8934, -1.20803 ], [ 41.89161, -1.20948 ], [ 41.88708, -1.21301 ], [ 41.8768, -1.21866 ], [ 41.8753, -1.21946 ], [ 41.87488, -1.21631 ], [ 41.87567, -1.21429 ], [ 41.8758, -1.21398 ], [ 41.87654, -1.21235 ], [ 41.87651, -1.21231 ], [ 41.87653, -1.21228 ], [ 41.87628, -1.21191 ], [ 41.87592, -1.21149 ], [ 41.87502, -1.21027 ], [ 41.87353, -1.20825 ], [ 41.87352, -1.20825 ], [ 41.87347, -1.20819 ], [ 41.86873, -1.2105 ], [ 41.86603, -1.21178 ], [ 41.86577, -1.21176 ], [ 41.86328, -1.21149 ], [ 41.85809, -1.20911 ], [ 41.85175, -1.20294 ], [ 41.85047, -1.2005 ], [ 41.84711, -1.19391 ], [ 41.8457, -1.18762 ], [ 41.84631, -1.17932 ], [ 41.84149, -1.17151 ], [ 41.83228, -1.16498 ], [ 41.82147, -1.16418 ], [ 41.81268, -1.16101 ], [ 41.80585, -1.15285 ], [ 41.80551, -1.15243 ], [ 41.80403, -1.14935 ], [ 41.80011, -1.14111 ], [ 41.79688, -1.14512 ], [ 41.79607, -1.1461 ], [ 41.78402, -1.14473 ], [ 41.76648, -1.1427 ], [ 41.76552, -1.14363 ], [ 41.7648, -1.14424 ], [ 41.74801, -1.15856 ], [ 41.74683, -1.15916 ], [ 41.73777, -1.16373 ], [ 41.72566, -1.1733 ], [ 41.72131, -1.1767 ], [ 41.72124, -1.17678 ], [ 41.72076, -1.17733 ], [ 41.70251, -1.1983 ], [ 41.70114, -1.20072 ], [ 41.69741, -1.20713 ], [ 41.69728, -1.20736 ], [ 41.69708, -1.20758 ], [ 41.69287, -1.21771 ], [ 41.69033, -1.22778 ], [ 41.68764, -1.23829 ], [ 41.6877, -1.23822 ], [ 41.68768, -1.23828 ], [ 41.6983, -1.22693 ], [ 41.69841, -1.22618 ], [ 41.69852, -1.22563 ], [ 41.69959, -1.22049 ], [ 41.70068, -1.21539 ], [ 41.70148, -1.21393 ], [ 41.70428, -1.2088 ], [ 41.71033, -1.19739 ], [ 41.71112, -1.19672 ], [ 41.71149, -1.19629 ], [ 41.74072, -1.1701 ], [ 41.7446, -1.16733 ], [ 41.75192, -1.1622 ], [ 41.76958, -1.1525 ], [ 41.77287, -1.15071 ], [ 41.78011, -1.14949 ], [ 41.79867, -1.15389 ], [ 41.80585, -1.16277 ], [ 41.81628, -1.16656 ], [ 41.83109, -1.17193 ], [ 41.8327, -1.1742 ], [ 41.83271, -1.17436 ], [ 41.83277, -1.17972 ], [ 41.83101, -1.18549 ], [ 41.83944, -1.20471 ], [ 41.84142, -1.21719 ], [ 41.84237, -1.22319 ], [ 41.84362, -1.2311 ], [ 41.84101, -1.24023 ], [ 41.84098, -1.24032 ], [ 41.83781, -1.24712 ], [ 41.8354, -1.2523 ], [ 41.83472, -1.25372 ], [ 41.83216, -1.25823 ], [ 41.80872, -1.2993 ], [ 41.80133, -1.31219 ], [ 41.79427, -1.32358 ], [ 41.78911, -1.33191 ], [ 41.77528, -1.35414 ], [ 41.75236, -1.37856 ], [ 41.75139, -1.37959 ], [ 41.75067, -1.38031 ], [ 41.7505, -1.38054 ], [ 41.75021, -1.38085 ], [ 41.74784, -1.38946 ], [ 41.74768, -1.39001 ], [ 41.74767, -1.39006 ], [ 41.74735, -1.39122 ], [ 41.73317, -1.41069 ], [ 41.72167, -1.43194 ], [ 41.7193, -1.43628 ], [ 41.70508, -1.4585 ], [ 41.69809, -1.47291 ], [ 41.6973, -1.47453 ], [ 41.69607, -1.47652 ], [ 41.68951, -1.48718 ], [ 41.67482, -1.51117 ], [ 41.66024, -1.53494 ], [ 41.63145, -1.57801 ], [ 41.61918, -1.58504 ], [ 41.61649, -1.58797 ], [ 41.61627, -1.5882 ], [ 41.61612, -1.58837 ], [ 41.61534, -1.58922 ], [ 41.61491, -1.5901 ], [ 41.60953, -1.60124 ], [ 41.59924, -1.61497 ], [ 41.59913, -1.61511 ], [ 41.59888, -1.6153 ], [ 41.59405, -1.62548 ], [ 41.59267, -1.62832 ], [ 41.59361, -1.62969 ], [ 41.59368, -1.62969 ], [ 41.59369, -1.6297 ], [ 41.59404, -1.62972 ], [ 41.59887, -1.63009 ], [ 41.60098, -1.63536 ], [ 41.59863, -1.6411 ], [ 41.59786, -1.64298 ], [ 41.59224, -1.64829 ], [ 41.59101, -1.64768 ], [ 41.59013, -1.6472 ], [ 41.58929, -1.64517 ], [ 41.58673, -1.63861 ], [ 41.58252, -1.63922 ], [ 41.58251, -1.63923 ], [ 41.5825, -1.63923 ], [ 41.58222, -1.63951 ], [ 41.57568, -1.64569 ], [ 41.57333, -1.65077 ], [ 41.56879, -1.6603 ], [ 41.56495, -1.66446 ], [ 41.56449, -1.66443 ], [ 41.56449, -1.65543 ], [ 41.56449, -1.64716 ], [ 41.56449, -1.64642 ], [ 41.56449, -1.63742 ], [ 41.56449, -1.62841 ], [ 41.56449, -1.61941 ], [ 41.56449, -1.6104 ], [ 41.56449, -1.6014 ], [ 41.53885, -1.56689 ], [ 41.51805, -1.53889 ], [ 41.4864, -1.49631 ], [ 41.46532, -1.46793 ], [ 41.46005, -1.46084 ], [ 41.45478, -1.45375 ], [ 41.44951, -1.44666 ], [ 41.44424, -1.43957 ], [ 41.43897, -1.43247 ], [ 41.4337, -1.42538 ], [ 41.42843, -1.41829 ], [ 41.42316, -1.4112 ], [ 41.41789, -1.40411 ], [ 41.41262, -1.39702 ], [ 41.40735, -1.38993 ], [ 41.40208, -1.38283 ], [ 41.39681, -1.37574 ], [ 41.39154, -1.36865 ], [ 41.38627, -1.36156 ], [ 41.381, -1.35447 ], [ 41.37573, -1.34738 ], [ 41.37047, -1.34029 ], [ 41.3652, -1.33319 ], [ 41.35993, -1.3261 ], [ 41.35466, -1.31901 ], [ 41.34939, -1.31192 ], [ 41.34412, -1.30483 ], [ 41.33885, -1.29774 ], [ 41.33358, -1.29064 ], [ 41.32831, -1.28355 ], [ 41.32304, -1.27646 ], [ 41.31777, -1.26937 ], [ 41.3125, -1.26228 ], [ 41.30724, -1.25519 ], [ 41.30197, -1.24809 ], [ 41.2967, -1.241 ], [ 41.29143, -1.23391 ], [ 41.28616, -1.22682 ], [ 41.28089, -1.21973 ], [ 41.27562, -1.21264 ], [ 41.27035, -1.20554 ], [ 41.26516, -1.19851 ], [ 41.25998, -1.19149 ], [ 41.25479, -1.18446 ], [ 41.2496, -1.17743 ], [ 41.24441, -1.1704 ], [ 41.23922, -1.16337 ], [ 41.23403, -1.15634 ], [ 41.22885, -1.14931 ], [ 41.22366, -1.14228 ], [ 41.21847, -1.13525 ], [ 41.21328, -1.12822 ], [ 41.20809, -1.12119 ], [ 41.20291, -1.11416 ], [ 41.19772, -1.10713 ], [ 41.19253, -1.1001 ], [ 41.11875, -1.00013 ], [ 41.11339, -0.99288 ], [ 41.10804, -0.98562 ], [ 41.10269, -0.97837 ], [ 41.09734, -0.97112 ], [ 41.09199, -0.96387 ], [ 41.08663, -0.95662 ], [ 41.08128, -0.94937 ], [ 41.07593, -0.94211 ], [ 41.07058, -0.93486 ], [ 41.06523, -0.92761 ], [ 41.05987, -0.92036 ], [ 41.05452, -0.91311 ], [ 41.04917, -0.90585 ], [ 41.04382, -0.8986 ], [ 41.03847, -0.89135 ], [ 41.03311, -0.8841 ], [ 41.02776, -0.87685 ], [ 41.02241, -0.86959 ], [ 41.01706, -0.86234 ], [ 41.01171, -0.85509 ], [ 41.00635, -0.84784 ], [ 41.001, -0.84059 ], [ 40.99565, -0.83333 ], [ 40.99565, -0.82447 ], [ 40.99565, -0.81561 ], [ 40.99565, -0.80676 ], [ 40.99565, -0.7979 ], [ 40.99565, -0.79154 ], [ 40.99565, -0.78904 ], [ 40.99565, -0.78018 ], [ 40.99565, -0.77132 ], [ 40.99565, -0.76246 ], [ 40.99565, -0.7536 ], [ 40.99565, -0.74474 ], [ 40.99565, -0.73588 ], [ 40.99565, -0.72702 ], [ 40.99565, -0.71816 ], [ 40.99565, -0.7093 ], [ 40.99565, -0.70044 ], [ 40.99565, -0.69158 ], [ 40.99565, -0.68273 ], [ 40.99565, -0.67387 ], [ 40.99565, -0.66501 ], [ 40.99565, -0.65615 ], [ 40.99565, -0.64729 ], [ 40.99565, -0.63843 ], [ 40.99565, -0.62957 ], [ 40.99565, -0.62071 ], [ 40.99565, -0.61185 ], [ 40.99565, -0.60299 ], [ 40.99565, -0.59413 ], [ 40.99565, -0.58527 ], [ 40.99565, -0.57641 ], [ 40.99565, -0.56754 ], [ 40.99565, -0.55867 ], [ 40.99565, -0.5498 ], [ 40.99565, -0.54092 ], [ 40.99565, -0.53205 ], [ 40.99565, -0.52318 ], [ 40.99565, -0.51431 ], [ 40.99565, -0.50544 ], [ 40.99565, -0.49656 ], [ 40.99565, -0.48769 ], [ 40.99565, -0.47882 ], [ 40.99565, -0.46995 ], [ 40.99565, -0.46107 ], [ 40.99565, -0.4522 ], [ 40.99565, -0.44333 ], [ 40.99565, -0.43446 ], [ 40.99565, -0.42559 ], [ 40.99565, -0.41671 ], [ 40.99565, -0.40784 ], [ 40.99565, -0.39897 ], [ 40.99565, -0.3901 ], [ 40.99565, -0.38122 ], [ 40.99565, -0.37235 ], [ 40.99565, -0.36348 ], [ 40.99565, -0.35461 ], [ 40.99565, -0.34573 ], [ 40.99565, -0.33686 ], [ 40.99565, -0.32799 ], [ 40.99565, -0.31912 ], [ 40.99565, -0.31025 ], [ 40.99565, -0.30137 ], [ 40.99565, -0.2925 ], [ 40.99565, -0.28363 ], [ 40.99565, -0.27476 ], [ 40.99565, -0.26588 ], [ 40.99565, -0.25701 ], [ 40.99565, -0.24814 ], [ 40.99565, -0.23927 ], [ 40.99565, -0.23039 ], [ 40.99565, -0.22152 ], [ 40.99565, -0.21265 ], [ 40.99565, -0.20378 ], [ 40.99565, -0.19727 ], [ 40.99565, -0.19491 ], [ 40.99565, -0.18603 ], [ 40.99565, -0.17716 ], [ 40.99565, -0.16829 ], [ 40.99565, -0.15942 ], [ 40.99565, -0.15063 ], [ 40.99565, -0.14185 ], [ 40.99565, -0.13307 ], [ 40.99565, -0.12428 ], [ 40.99565, -0.1155 ], [ 40.99565, -0.10672 ], [ 40.99565, -0.09793 ], [ 40.99565, -0.08915 ], [ 40.99565, -0.08037 ], [ 40.99565, -0.07158 ], [ 40.99565, -0.0628 ], [ 40.99565, -0.05401 ], [ 40.99565, -0.04523 ], [ 40.99565, -0.03645 ], [ 40.99565, -0.02766 ], [ 40.99565, -0.01888 ], [ 40.99565, -0.0101 ], [ 40.99565, -0.00131 ], [ 40.99565, 0.00757 ], [ 40.99565, 0.01646 ], [ 40.99565, 0.02534 ], [ 40.99565, 0.03423 ], [ 40.99565, 0.04312 ], [ 40.99565, 0.052 ], [ 40.99565, 0.06089 ], [ 40.99565, 0.06978 ], [ 40.99565, 0.07866 ], [ 40.99565, 0.08755 ], [ 40.99565, 0.09644 ], [ 40.99565, 0.10532 ], [ 40.99565, 0.11421 ], [ 40.99565, 0.12309 ], [ 40.99565, 0.13198 ], [ 40.99565, 0.13273 ], [ 40.99565, 0.14087 ], [ 40.99565, 0.14975 ], [ 40.99565, 0.15864 ], [ 40.99565, 0.16753 ], [ 40.99565, 0.17641 ], [ 40.99565, 0.1853 ], [ 40.99565, 0.19418 ], [ 40.99565, 0.20307 ], [ 40.99565, 0.21196 ], [ 40.99565, 0.22084 ], [ 40.99565, 0.22973 ], [ 40.99565, 0.23862 ], [ 40.99565, 0.2475 ], [ 40.99565, 0.25639 ], [ 40.99565, 0.26527 ], [ 40.99565, 0.27416 ], [ 40.99565, 0.28305 ], [ 40.99565, 0.29193 ], [ 40.99565, 0.30082 ], [ 40.99565, 0.30971 ], [ 40.99565, 0.31859 ], [ 40.99565, 0.32748 ], [ 40.99565, 0.33637 ], [ 40.99565, 0.34525 ], [ 40.99565, 0.35414 ], [ 40.99565, 0.36302 ], [ 40.99565, 0.37191 ], [ 40.99565, 0.3808 ], [ 40.99565, 0.38968 ], [ 40.99565, 0.39857 ], [ 40.99565, 0.40746 ], [ 40.99565, 0.41647 ], [ 40.99565, 0.42549 ], [ 40.99565, 0.43451 ], [ 40.99565, 0.44353 ], [ 40.99565, 0.45254 ], [ 40.99565, 0.46156 ], [ 40.99565, 0.47058 ], [ 40.99565, 0.4796 ], [ 40.99565, 0.48861 ], [ 40.99565, 0.49763 ], [ 40.99565, 0.50665 ], [ 40.99565, 0.51569 ], [ 40.99565, 0.51688 ], [ 40.99565, 0.52474 ], [ 40.99565, 0.53378 ], [ 40.99565, 0.54282 ], [ 40.99565, 0.55187 ], [ 40.99565, 0.56091 ], [ 40.99565, 0.56197 ], [ 40.99565, 0.56995 ], [ 40.99565, 0.57899 ], [ 40.99565, 0.58804 ], [ 40.99565, 0.59708 ], [ 40.99565, 0.60612 ], [ 40.99565, 0.61517 ], [ 40.99565, 0.62421 ], [ 40.99565, 0.63325 ], [ 40.99565, 0.6423 ], [ 40.99565, 0.65134 ], [ 40.99565, 0.66038 ], [ 40.99565, 0.66943 ], [ 40.99565, 0.67847 ], [ 40.99565, 0.68751 ], [ 40.99565, 0.69655 ], [ 40.99565, 0.7056 ], [ 40.99565, 0.71464 ], [ 40.99565, 0.72368 ], [ 40.99565, 0.73251 ], [ 40.99565, 0.74133 ], [ 40.99565, 0.75015 ], [ 40.99565, 0.75898 ], [ 40.99565, 0.7678 ], [ 40.99565, 0.77662 ], [ 40.99565, 0.78544 ], [ 40.99565, 0.79427 ], [ 40.99565, 0.80309 ], [ 40.99565, 0.81191 ], [ 40.99565, 0.82074 ], [ 40.99565, 0.82956 ], [ 40.99565, 0.83838 ], [ 40.99565, 0.8472 ], [ 40.99565, 0.85603 ], [ 40.99565, 0.86485 ], [ 40.99565, 0.87367 ], [ 40.99565, 0.8825 ], [ 40.99565, 0.89132 ], [ 40.99565, 0.90014 ], [ 40.99565, 0.90897 ], [ 40.99565, 0.91779 ], [ 40.99565, 0.92661 ], [ 40.99565, 0.93543 ], [ 40.99565, 0.94426 ], [ 40.99565, 0.95308 ], [ 40.99565, 0.9619 ], [ 40.99565, 0.97073 ], [ 40.99565, 0.97955 ], [ 40.99565, 0.98837 ], [ 40.99565, 0.99719 ], [ 40.99565, 1.00615 ], [ 40.99565, 1.01511 ], [ 40.99565, 1.02407 ], [ 40.99565, 1.03303 ], [ 40.99565, 1.04199 ], [ 40.99565, 1.05095 ], [ 40.99565, 1.05991 ], [ 40.99565, 1.06887 ], [ 40.99565, 1.07783 ], [ 40.99565, 1.08679 ], [ 40.99565, 1.09575 ], [ 40.99565, 1.10471 ], [ 40.99565, 1.11367 ], [ 40.99565, 1.12263 ], [ 40.99565, 1.13159 ], [ 40.99565, 1.14055 ], [ 40.99565, 1.14951 ], [ 40.99565, 1.15847 ], [ 40.99565, 1.16743 ], [ 40.99565, 1.17625 ], [ 40.99565, 1.18506 ], [ 40.99565, 1.19388 ], [ 40.99565, 1.2027 ], [ 40.99565, 1.21152 ], [ 40.99565, 1.22034 ], [ 40.99565, 1.22916 ], [ 40.99565, 1.23274 ], [ 40.99565, 1.23325 ], [ 41.00863, 1.23363 ], [ 41.4209, 1.26173 ], [ 41.45911, 1.26418 ], [ 41.59705, 1.273 ], [ 41.77129, 1.28415 ], [ 42.03592, 1.30114 ], [ 42.13896, 1.30776 ], [ 42.14363, 1.30798 ], [ 42.16655, 1.30947 ], [ 42.20093, 1.31171 ], [ 42.32147, 1.31708 ], [ 42.38667, 1.31984 ], [ 42.42104, 1.3213 ], [ 42.43066, 1.32172 ], [ 42.43091, 1.32173 ], [ 42.43091, 1.32172 ], [ 42.43557, 1.30776 ], [ 42.43925, 1.29674 ], [ 42.46296, 1.22566 ], [ 42.48446, 1.16121 ], [ 42.51459, 1.07085 ], [ 42.53925, 0.99686 ], [ 42.56916, 0.9071 ], [ 42.6107, 0.78251 ], [ 42.62091, 0.75189 ], [ 42.62094, 0.75179 ], [ 42.63179, 0.71838 ], [ 42.67747, 0.53127 ], [ 42.67791, 0.52945 ], [ 42.67804, 0.52858 ], [ 42.67826, 0.52768 ], [ 42.67928, 0.52349 ], [ 42.7268, 0.32868 ], [ 42.72992, 0.3159 ], [ 42.73091, 0.31182 ], [ 42.7329, 0.31189 ], [ 42.7664, 0.31311 ], [ 42.9284, 0.3191 ], [ 43.05288, 0.32356 ], [ 43.19128, 0.32867 ] ] ], [ [ [ 42.14429, -0.87311 ], [ 42.14191, -0.8858 ], [ 42.14149, -0.88765 ], [ 42.14145, -0.8877 ], [ 42.1377, -0.88849 ], [ 42.13312, -0.88269 ], [ 42.13391, -0.8786 ], [ 42.1347, -0.8772 ], [ 42.1377, -0.87189 ], [ 42.13953, -0.86981 ], [ 42.13988, -0.86942 ], [ 42.14469, -0.86417 ], [ 42.14509, -0.86376 ], [ 42.15833, -0.8548 ], [ 42.16193, -0.84949 ], [ 42.16229, -0.84839 ], [ 42.16322, -0.84547 ], [ 42.17034, -0.83828 ], [ 42.17493, -0.83899 ], [ 42.1795, -0.8291 ], [ 42.17964, -0.82895 ], [ 42.18443, -0.82482 ], [ 42.19092, -0.823 ], [ 42.19849, -0.81378 ], [ 42.21954, -0.79453 ], [ 42.21971, -0.79438 ], [ 42.22219, -0.79571 ], [ 42.22224, -0.79573 ], [ 42.21978, -0.80059 ], [ 42.20714, -0.8136 ], [ 42.19698, -0.82359 ], [ 42.19207, -0.82707 ], [ 42.1861, -0.8313 ], [ 42.17552, -0.84675 ], [ 42.17548, -0.8468 ], [ 42.16467, -0.8537 ], [ 42.16052, -0.8609 ], [ 42.15527, -0.86578 ], [ 42.14771, -0.86859 ], [ 42.14508, -0.87219 ], [ 42.14429, -0.87311 ] ] ], [ [ [ 42.23846, -0.77648 ], [ 42.23938, -0.77806 ], [ 42.23939, -0.77808 ], [ 42.23783, -0.78131 ], [ 42.22919, -0.78997 ], [ 42.22589, -0.78979 ], [ 42.22449, -0.78778 ], [ 42.22571, -0.78619 ], [ 42.2323, -0.77759 ], [ 42.233, -0.77716 ], [ 42.23571, -0.77559 ], [ 42.23846, -0.77648 ] ] ], [ [ [ 42.25864, -0.74521 ], [ 42.25865, -0.74523 ], [ 42.25731, -0.748 ], [ 42.25512, -0.75003 ], [ 42.25067, -0.75079 ], [ 42.24847, -0.74829 ], [ 42.25049, -0.74408 ], [ 42.25049, -0.744 ], [ 42.25631, -0.74066 ], [ 42.25864, -0.74521 ] ] ], [ [ [ 42.29612, -0.70827 ], [ 42.29843, -0.71031 ], [ 42.29393, -0.7161 ], [ 42.29381, -0.71622 ], [ 42.2829, -0.72369 ], [ 42.27843, -0.73078 ], [ 42.27161, -0.73725 ], [ 42.26849, -0.7395 ], [ 42.26251, -0.74579 ], [ 42.26453, -0.73871 ], [ 42.26508, -0.73798 ], [ 42.27307, -0.7265 ], [ 42.2785, -0.72168 ], [ 42.28607, -0.71759 ], [ 42.29284, -0.70985 ], [ 42.29612, -0.70827 ] ] ], [ [ [ 42.3205, -0.6488 ], [ 42.32489, -0.64911 ], [ 42.32532, -0.64728 ], [ 42.32532, -0.64618 ], [ 42.3205, -0.64099 ], [ 42.32172, -0.6394 ], [ 42.3219, -0.6391 ], [ 42.33472, -0.63611 ], [ 42.34343, -0.6225 ], [ 42.34673, -0.62291 ], [ 42.34862, -0.62817 ], [ 42.34729, -0.63186 ], [ 42.34574, -0.63578 ], [ 42.34501, -0.6371 ], [ 42.33673, -0.64758 ], [ 42.33612, -0.64838 ], [ 42.33429, -0.65558 ], [ 42.334, -0.65692 ], [ 42.33378, -0.65731 ], [ 42.3219, -0.6593 ], [ 42.31873, -0.65479 ], [ 42.31812, -0.65039 ], [ 42.31909, -0.6496 ], [ 42.3205, -0.6488 ] ] ] ] } },
{ "type": "Feature", "properties": { "adm1_name": "Lower Shabelle" }, "geometry": { "type": "MultiPolygon", "coordinates": [ [ [ [ 45.33112, 2.1817 ], [ 45.34214, 2.17606 ], [ 45.34505, 2.17461 ], [ 45.39097, 2.15165 ], [ 45.34369, 2.0899 ], [ 45.34209, 2.09042 ], [ 45.34177, 2.09052 ], [ 45.33483, 2.09274 ], [ 45.3313, 2.09387 ], [ 45.32788, 2.09491 ], [ 45.32777, 2.09494 ], [ 45.32652, 2.09534 ], [ 45.32019, 2.09735 ], [ 45.31479, 2.09906 ], [ 45.30819, 2.10115 ], [ 45.30322, 2.10273 ], [ 45.30151, 2.10327 ], [ 45.30133, 2.10327 ], [ 45.29572, 2.10229 ], [ 45.29468, 2.10211 ], [ 45.29395, 2.10225 ], [ 45.29273, 2.10255 ], [ 45.29022, 2.10316 ], [ 45.28904, 2.10345 ], [ 45.2883, 2.10363 ], [ 45.28748, 2.10388 ], [ 45.28486, 2.10458 ], [ 45.28448, 2.10468 ], [ 45.28445, 2.10458 ], [ 45.28445, 2.10457 ], [ 45.28444, 2.10458 ], [ 45.28441, 2.10458 ], [ 45.2844, 2.10458 ], [ 45.28195, 2.09894 ], [ 45.28051, 2.09692 ], [ 45.27771, 2.09631 ], [ 45.2735, 2.09528 ], [ 45.27195, 2.0949 ], [ 45.26868, 2.09412 ], [ 45.26672, 2.09369 ], [ 45.26555, 2.0933 ], [ 45.26489, 2.09308 ], [ 45.26471, 2.09308 ], [ 45.26468, 2.09308 ], [ 45.2641, 2.09308 ], [ 45.26392, 2.09332 ], [ 45.26349, 2.09448 ], [ 45.2627, 2.0965 ], [ 45.26129, 2.1001 ], [ 45.2547, 2.10229 ], [ 45.2529, 2.10284 ], [ 45.25264, 2.10293 ], [ 45.25141, 2.10334 ], [ 45.25035, 2.10144 ], [ 45.24854, 2.0982 ], [ 45.2481, 2.09743 ], [ 45.24787, 2.097 ], [ 45.24678, 2.09507 ], [ 45.24591, 2.0935 ], [ 45.2459, 2.0935 ], [ 45.2431, 2.08868 ], [ 45.24321, 2.08868 ], [ 45.24318, 2.08863 ], [ 45.24313, 2.08854 ], [ 45.24619, 2.08662 ], [ 45.24587, 2.08112 ], [ 45.24282, 2.08136 ], [ 45.23339, 2.08209 ], [ 45.23225, 2.08219 ], [ 45.22791, 2.08252 ], [ 45.22748, 2.08252 ], [ 45.22748, 2.08209 ], [ 45.22747, 2.08207 ], [ 45.22742, 2.08203 ], [ 45.22721, 2.08093 ], [ 45.22607, 2.07507 ], [ 45.22604, 2.07492 ], [ 45.22547, 2.07196 ], [ 45.22552, 2.07172 ], [ 45.22551, 2.0717 ], [ 45.22549, 2.07172 ], [ 45.22505, 2.07194 ], [ 45.22438, 2.07228 ], [ 45.22426, 2.07234 ], [ 45.22248, 2.07319 ], [ 45.22216, 2.07336 ], [ 45.22131, 2.07379 ], [ 45.22046, 2.07422 ], [ 45.22028, 2.07428 ], [ 45.22012, 2.0744 ], [ 45.21975, 2.07462 ], [ 45.21961, 2.07471 ], [ 45.21957, 2.07473 ], [ 45.21948, 2.07478 ], [ 45.21948, 2.07489 ], [ 45.21945, 2.07492 ], [ 45.2193, 2.07507 ], [ 45.21889, 2.07492 ], [ 45.21667, 2.0741 ], [ 45.21613, 2.07391 ], [ 45.21569, 2.07369 ], [ 45.21562, 2.07367 ], [ 45.21532, 2.07357 ], [ 45.21429, 2.07321 ], [ 45.21307, 2.07288 ], [ 45.20836, 2.0713 ], [ 45.20831, 2.07129 ], [ 45.20836, 2.07129 ], [ 45.2085, 2.07129 ], [ 45.20852, 2.07123 ], [ 45.20836, 2.07118 ], [ 45.2083, 2.07116 ], [ 45.20836, 2.07102 ], [ 45.21562, 2.05321 ], [ 45.22729, 2.02455 ], [ 45.22755, 2.02392 ], [ 45.22806, 2.02264 ], [ 45.22929, 2.0196 ], [ 45.22952, 2.01908 ], [ 45.22956, 2.01883 ], [ 45.22954, 2.01121 ], [ 45.2296, 1.98918 ], [ 45.22961, 1.98737 ], [ 45.22961, 1.98589 ], [ 45.22962, 1.98171 ], [ 45.22963, 1.98147 ], [ 45.22963, 1.98112 ], [ 45.22963, 1.97986 ], [ 45.22964, 1.97623 ], [ 45.22983, 1.9759 ], [ 45.22992, 1.97203 ], [ 45.22992, 1.9715 ], [ 45.22993, 1.97139 ], [ 45.22996, 1.97001 ], [ 45.22999, 1.96877 ], [ 45.23, 1.96844 ], [ 45.23005, 1.96838 ], [ 45.2301, 1.96833 ], [ 45.2301, 1.96832 ], [ 45.22888, 1.96729 ], [ 45.22668, 1.96613 ], [ 45.22369, 1.96448 ], [ 45.22131, 1.96368 ], [ 45.21973, 1.96271 ], [ 45.2193, 1.96307 ], [ 45.21869, 1.96411 ], [ 45.21588, 1.96411 ], [ 45.2135, 1.96411 ], [ 45.21112, 1.9635 ], [ 45.2077, 1.96252 ], [ 45.2063, 1.9621 ], [ 45.20428, 1.96088 ], [ 45.20367, 1.96008 ], [ 45.20313, 1.95947 ], [ 45.20313, 1.95831 ], [ 45.20367, 1.95831 ], [ 45.20471, 1.95789 ], [ 45.2041, 1.95789 ], [ 45.20367, 1.95709 ], [ 45.20288, 1.95673 ], [ 45.2019, 1.95648 ], [ 45.20172, 1.95612 ], [ 45.20093, 1.9563 ], [ 45.2027, 1.95813 ], [ 45.20111, 1.95947 ], [ 45.20032, 1.9599 ], [ 45.19788, 1.9599 ], [ 45.19629, 1.95947 ], [ 45.19568, 1.95911 ], [ 45.19489, 1.9585 ], [ 45.19409, 1.9585 ], [ 45.19049, 1.95728 ], [ 45.19067, 1.95691 ], [ 45.18909, 1.95648 ], [ 45.18848, 1.95587 ], [ 45.18793, 1.95532 ], [ 45.18768, 1.95551 ], [ 45.18689, 1.95453 ], [ 45.18689, 1.95367 ], [ 45.18591, 1.95313 ], [ 45.18469, 1.95209 ], [ 45.18408, 1.95209 ], [ 45.18372, 1.95111 ], [ 45.1839, 1.95032 ], [ 45.18329, 1.94971 ], [ 45.18213, 1.94952 ], [ 45.18127, 1.94849 ], [ 45.18091, 1.9483 ], [ 45.1795, 1.94849 ], [ 45.17987, 1.9491 ], [ 45.1795, 1.94971 ], [ 45.17767, 1.94952 ], [ 45.17651, 1.94873 ], [ 45.17529, 1.94812 ], [ 45.17212, 1.94812 ], [ 45.17047, 1.94733 ], [ 45.16913, 1.94629 ], [ 45.16748, 1.94348 ], [ 45.16632, 1.94269 ], [ 45.16467, 1.9425 ], [ 45.16272, 1.94269 ], [ 45.16052, 1.94189 ], [ 45.1593, 1.94153 ], [ 45.15729, 1.94012 ], [ 45.15588, 1.93951 ], [ 45.1557, 1.93848 ], [ 45.15527, 1.93768 ], [ 45.1521, 1.93512 ], [ 45.1507, 1.93512 ], [ 45.14972, 1.93433 ], [ 45.14929, 1.93451 ], [ 45.1485, 1.93408 ], [ 45.14807, 1.93433 ], [ 45.14807, 1.93549 ], [ 45.14752, 1.93591 ], [ 45.14673, 1.93628 ], [ 45.14612, 1.93652 ], [ 45.14551, 1.93689 ], [ 45.14447, 1.93689 ], [ 45.14288, 1.93671 ], [ 45.1413, 1.93652 ], [ 45.14008, 1.93628 ], [ 45.13831, 1.93573 ], [ 45.13507, 1.93451 ], [ 45.13232, 1.93268 ], [ 45.13092, 1.93188 ], [ 45.12952, 1.93127 ], [ 45.1283, 1.93091 ], [ 45.1275, 1.9303 ], [ 45.12653, 1.92908 ], [ 45.12628, 1.92688 ], [ 45.12811, 1.92712 ], [ 45.12811, 1.9267 ], [ 45.12671, 1.9259 ], [ 45.1261, 1.92633 ], [ 45.12549, 1.92572 ], [ 45.12531, 1.92548 ], [ 45.12488, 1.92529 ], [ 45.12451, 1.92529 ], [ 45.12408, 1.92548 ], [ 45.12372, 1.92548 ], [ 45.12329, 1.92511 ], [ 45.12292, 1.92493 ], [ 45.12268, 1.92468 ], [ 45.12231, 1.92468 ], [ 45.12189, 1.92468 ], [ 45.1217, 1.92493 ], [ 45.1217, 1.92511 ], [ 45.12128, 1.92468 ], [ 45.12091, 1.92432 ], [ 45.12048, 1.92407 ], [ 45.12012, 1.92407 ], [ 45.11969, 1.92407 ], [ 45.11932, 1.92432 ], [ 45.1189, 1.92468 ], [ 45.11871, 1.92468 ], [ 45.11829, 1.92371 ], [ 45.11792, 1.92352 ], [ 45.11749, 1.92352 ], [ 45.11731, 1.92328 ], [ 45.11688, 1.9231 ], [ 45.11627, 1.92273 ], [ 45.11591, 1.92249 ], [ 45.11548, 1.9223 ], [ 45.11469, 1.92188 ], [ 45.11407, 1.92169 ], [ 45.11353, 1.92108 ], [ 45.11249, 1.9209 ], [ 45.11188, 1.92029 ], [ 45.11188, 1.91992 ], [ 45.11133, 1.91949 ], [ 45.11108, 1.91888 ], [ 45.11029, 1.91888 ], [ 45.10992, 1.91809 ], [ 45.1095, 1.91748 ], [ 45.10889, 1.91687 ], [ 45.10828, 1.9165 ], [ 45.1073, 1.91608 ], [ 45.10529, 1.91553 ], [ 45.10529, 1.9151 ], [ 45.10468, 1.9151 ], [ 45.10468, 1.91467 ], [ 45.10388, 1.91449 ], [ 45.10309, 1.91412 ], [ 45.10168, 1.9137 ], [ 45.1001, 1.9129 ], [ 45.09912, 1.91333 ], [ 45.0979, 1.91272 ], [ 45.09692, 1.91168 ], [ 45.09668, 1.91089 ], [ 45.09528, 1.91089 ], [ 45.09229, 1.91107 ], [ 45.09088, 1.91071 ], [ 45.08972, 1.90973 ], [ 45.08868, 1.90887 ], [ 45.08868, 1.90808 ], [ 45.08807, 1.90808 ], [ 45.08771, 1.90833 ], [ 45.08649, 1.90808 ], [ 45.08588, 1.9079 ], [ 45.08472, 1.90729 ], [ 45.08447, 1.90692 ], [ 45.08447, 1.90631 ], [ 45.08331, 1.90588 ], [ 45.08331, 1.90527 ], [ 45.0827, 1.90472 ], [ 45.08289, 1.90369 ], [ 45.0835, 1.90393 ], [ 45.08368, 1.9035 ], [ 45.08313, 1.90308 ], [ 45.08228, 1.90228 ], [ 45.0813, 1.90167 ], [ 45.08008, 1.90088 ], [ 45.07928, 1.90009 ], [ 45.07788, 1.89929 ], [ 45.07727, 1.89929 ], [ 45.07629, 1.89972 ], [ 45.07672, 1.90033 ], [ 45.07629, 1.90088 ], [ 45.07568, 1.90112 ], [ 45.07507, 1.90112 ], [ 45.07452, 1.9007 ], [ 45.07349, 1.90088 ], [ 45.07129, 1.89948 ], [ 45.06909, 1.89771 ], [ 45.06549, 1.89508 ], [ 45.06372, 1.89368 ], [ 45.06348, 1.89288 ], [ 45.06207, 1.89252 ], [ 45.05988, 1.89191 ], [ 45.05713, 1.89032 ], [ 45.0553, 1.88928 ], [ 45.05267, 1.88831 ], [ 45.05048, 1.88733 ], [ 45.04828, 1.88611 ], [ 45.04749, 1.8855 ], [ 45.0459, 1.88489 ], [ 45.04449, 1.88391 ], [ 45.04309, 1.88269 ], [ 45.04132, 1.8811 ], [ 45.03748, 1.8783 ], [ 45.03589, 1.87769 ], [ 45.0343, 1.87653 ], [ 45.03168, 1.87512 ], [ 45.03052, 1.87347 ], [ 45.03009, 1.87231 ], [ 45.02948, 1.87189 ], [ 45.02789, 1.87128 ], [ 45.02472, 1.86792 ], [ 45.02332, 1.86652 ], [ 45.02112, 1.86511 ], [ 45.02008, 1.86511 ], [ 45.0191, 1.86353 ], [ 45.01831, 1.86151 ], [ 45.01648, 1.86029 ], [ 45.0155, 1.86011 ], [ 45.01428, 1.85913 ], [ 45.01331, 1.8587 ], [ 45.0127, 1.85748 ], [ 45.01093, 1.85651 ], [ 45.00909, 1.85529 ], [ 45.00848, 1.85492 ], [ 45.00787, 1.85492 ], [ 45.00751, 1.85529 ], [ 45.00708, 1.85529 ], [ 45.00653, 1.85468 ], [ 45.0061, 1.8551 ], [ 45.00653, 1.85608 ], [ 45.00549, 1.85687 ], [ 45.00427, 1.85669 ], [ 45.00269, 1.85571 ], [ 44.99933, 1.8537 ], [ 44.99353, 1.85028 ], [ 44.99072, 1.84711 ], [ 44.98969, 1.84631 ], [ 44.98492, 1.84332 ], [ 44.98352, 1.8429 ], [ 44.98187, 1.84131 ], [ 44.98108, 1.8399 ], [ 44.97607, 1.8371 ], [ 44.97229, 1.83533 ], [ 44.96887, 1.83252 ], [ 44.96393, 1.83008 ], [ 44.96149, 1.82892 ], [ 44.95789, 1.82648 ], [ 44.95691, 1.82593 ], [ 44.95227, 1.8233 ], [ 44.9491, 1.82129 ], [ 44.94513, 1.81927 ], [ 44.94287, 1.8175 ], [ 44.94031, 1.81592 ], [ 44.93768, 1.81409 ], [ 44.93268, 1.81152 ], [ 44.92889, 1.80933 ], [ 44.92511, 1.80731 ], [ 44.92188, 1.80609 ], [ 44.91992, 1.80652 ], [ 44.91669, 1.80548 ], [ 44.91333, 1.80389 ], [ 44.91071, 1.80151 ], [ 44.90991, 1.80029 ], [ 44.9093, 1.79889 ], [ 44.90912, 1.7981 ], [ 44.90808, 1.79749 ], [ 44.90692, 1.79688 ], [ 44.90631, 1.79608 ], [ 44.9057, 1.79633 ], [ 44.90491, 1.79608 ], [ 44.9043, 1.79572 ], [ 44.89807, 1.79272 ], [ 44.89532, 1.79053 ], [ 44.89172, 1.78949 ], [ 44.88849, 1.78693 ], [ 44.8855, 1.78491 ], [ 44.88348, 1.78351 ], [ 44.8819, 1.78229 ], [ 44.87927, 1.78088 ], [ 44.87567, 1.77869 ], [ 44.87311, 1.77649 ], [ 44.86969, 1.77448 ], [ 44.86768, 1.77368 ], [ 44.86627, 1.77252 ], [ 44.86548, 1.77209 ], [ 44.86407, 1.77069 ], [ 44.8631, 1.7699 ], [ 44.8595, 1.76752 ], [ 44.85773, 1.7663 ], [ 44.85071, 1.76172 ], [ 44.84888, 1.76093 ], [ 44.84692, 1.75989 ], [ 44.8457, 1.75952 ], [ 44.84509, 1.75891 ], [ 44.84369, 1.75812 ], [ 44.8429, 1.75812 ], [ 44.8421, 1.75751 ], [ 44.84149, 1.75671 ], [ 44.84131, 1.75629 ], [ 44.84027, 1.75531 ], [ 44.83728, 1.75348 ], [ 44.83289, 1.75049 ], [ 44.82867, 1.74792 ], [ 44.82648, 1.7467 ], [ 44.82507, 1.74591 ], [ 44.82471, 1.74548 ], [ 44.82349, 1.74487 ], [ 44.82208, 1.74408 ], [ 44.82129, 1.74353 ], [ 44.82031, 1.7431 ], [ 44.81708, 1.74127 ], [ 44.81549, 1.7403 ], [ 44.81091, 1.73749 ], [ 44.80792, 1.73572 ], [ 44.8067, 1.7345 ], [ 44.80469, 1.73328 ], [ 44.80188, 1.73132 ], [ 44.80133, 1.73053 ], [ 44.80029, 1.72949 ], [ 44.7995, 1.72931 ], [ 44.79852, 1.72913 ], [ 44.79749, 1.72827 ], [ 44.79669, 1.72748 ], [ 44.79529, 1.72693 ], [ 44.79388, 1.72607 ], [ 44.7923, 1.7251 ], [ 44.79108, 1.72412 ], [ 44.78992, 1.72308 ], [ 44.78912, 1.72229 ], [ 44.78809, 1.72211 ], [ 44.78748, 1.72168 ], [ 44.78607, 1.72089 ], [ 44.78552, 1.72028 ], [ 44.7851, 1.71991 ], [ 44.78448, 1.71973 ], [ 44.78387, 1.71948 ], [ 44.78351, 1.71912 ], [ 44.7829, 1.71869 ], [ 44.78131, 1.71808 ], [ 44.78088, 1.71753 ], [ 44.78027, 1.71729 ], [ 44.77972, 1.71729 ], [ 44.77911, 1.7171 ], [ 44.77869, 1.71692 ], [ 44.77808, 1.71667 ], [ 44.77771, 1.71649 ], [ 44.77728, 1.71613 ], [ 44.77692, 1.71552 ], [ 44.77612, 1.71509 ], [ 44.7757, 1.71472 ], [ 44.7749, 1.71429 ], [ 44.77411, 1.7135 ], [ 44.77332, 1.71307 ], [ 44.77271, 1.71289 ], [ 44.77209, 1.71289 ], [ 44.77087, 1.71252 ], [ 44.77051, 1.71228 ], [ 44.77032, 1.7121 ], [ 44.76971, 1.71228 ], [ 44.76947, 1.71228 ], [ 44.7691, 1.71252 ], [ 44.76868, 1.71289 ], [ 44.76813, 1.71271 ], [ 44.76752, 1.71228 ], [ 44.76691, 1.71173 ], [ 44.7663, 1.71191 ], [ 44.7655, 1.71173 ], [ 44.76471, 1.71149 ], [ 44.7641, 1.71088 ], [ 44.76312, 1.71033 ], [ 44.76147, 1.70868 ], [ 44.75989, 1.70673 ], [ 44.7583, 1.70532 ], [ 44.75751, 1.70453 ], [ 44.7569, 1.70392 ], [ 44.75671, 1.70367 ], [ 44.75629, 1.70288 ], [ 44.7547, 1.70172 ], [ 44.75372, 1.70068 ], [ 44.75293, 1.69952 ], [ 44.74988, 1.69672 ], [ 44.74951, 1.69629 ], [ 44.74933, 1.69629 ], [ 44.74908, 1.69568 ], [ 44.7489, 1.69531 ], [ 44.74847, 1.69489 ], [ 44.74829, 1.69452 ], [ 44.74811, 1.69409 ], [ 44.74811, 1.69348 ], [ 44.74829, 1.69287 ], [ 44.74829, 1.6925 ], [ 44.74847, 1.69232 ], [ 44.74872, 1.69208 ], [ 44.74908, 1.69189 ], [ 44.74933, 1.69153 ], [ 44.74908, 1.69153 ], [ 44.74908, 1.69128 ], [ 44.74872, 1.69092 ], [ 44.74847, 1.69067 ], [ 44.74811, 1.69049 ], [ 44.74768, 1.69012 ], [ 44.74768, 1.68988 ], [ 44.74731, 1.68988 ], [ 44.74689, 1.6897 ], [ 44.74652, 1.6897 ], [ 44.74628, 1.6897 ], [ 44.74609, 1.68951 ], [ 44.74591, 1.68927 ], [ 44.74573, 1.68951 ], [ 44.74512, 1.68988 ], [ 44.74469, 1.68988 ], [ 44.74408, 1.6897 ], [ 44.74371, 1.6897 ], [ 44.74371, 1.68951 ], [ 44.74353, 1.68927 ], [ 44.74329, 1.68927 ], [ 44.74213, 1.6889 ], [ 44.74152, 1.68848 ], [ 44.74048, 1.68793 ], [ 44.73932, 1.68689 ], [ 44.73853, 1.68591 ], [ 44.73712, 1.68469 ], [ 44.73608, 1.6839 ], [ 44.73468, 1.68268 ], [ 44.73248, 1.68213 ], [ 44.73151, 1.68152 ], [ 44.73029, 1.68048 ], [ 44.7301, 1.67987 ], [ 44.72968, 1.6795 ], [ 44.72949, 1.67871 ], [ 44.72888, 1.6781 ], [ 44.72809, 1.6781 ], [ 44.72772, 1.67792 ], [ 44.72711, 1.67731 ], [ 44.72607, 1.67712 ], [ 44.72528, 1.67712 ], [ 44.72527, 1.67712 ], [ 44.72449, 1.67712 ], [ 44.72369, 1.67688 ], [ 44.72272, 1.67633 ], [ 44.72168, 1.67548 ], [ 44.72113, 1.67529 ], [ 44.71912, 1.67572 ], [ 44.71887, 1.67572 ], [ 44.71851, 1.67572 ], [ 44.71808, 1.67572 ], [ 44.71753, 1.67548 ], [ 44.7171, 1.67529 ], [ 44.71667, 1.67529 ], [ 44.71631, 1.67511 ], [ 44.71588, 1.67468 ], [ 44.71552, 1.67493 ], [ 44.71368, 1.67328 ], [ 44.71271, 1.67188 ], [ 44.71033, 1.6701 ], [ 44.70813, 1.66827 ], [ 44.7041, 1.66528 ], [ 44.70251, 1.66388 ], [ 44.70129, 1.6629 ], [ 44.69928, 1.66089 ], [ 44.6991, 1.66071 ], [ 44.69812, 1.65973 ], [ 44.69708, 1.65887 ], [ 44.69733, 1.65729 ], [ 44.6969, 1.65668 ], [ 44.6955, 1.65552 ], [ 44.69049, 1.65228 ], [ 44.68732, 1.65033 ], [ 44.68512, 1.64868 ], [ 44.68329, 1.64832 ], [ 44.68268, 1.64728 ], [ 44.68231, 1.64691 ], [ 44.68152, 1.6463 ], [ 44.68048, 1.64569 ], [ 44.67932, 1.6449 ], [ 44.67828, 1.64429 ], [ 44.67767, 1.6441 ], [ 44.67731, 1.64392 ], [ 44.67688, 1.64368 ], [ 44.67633, 1.64349 ], [ 44.67572, 1.64429 ], [ 44.67529, 1.64429 ], [ 44.67493, 1.64447 ], [ 44.6745, 1.64447 ], [ 44.67407, 1.64447 ], [ 44.67371, 1.64429 ], [ 44.67328, 1.64429 ], [ 44.6731, 1.64447 ], [ 44.67291, 1.64447 ], [ 44.67273, 1.64447 ], [ 44.6723, 1.64447 ], [ 44.67212, 1.64447 ], [ 44.67188, 1.64429 ], [ 44.67169, 1.6441 ], [ 44.67151, 1.6441 ], [ 44.67133, 1.64429 ], [ 44.67108, 1.64447 ], [ 44.67072, 1.64471 ], [ 44.67047, 1.64471 ], [ 44.67029, 1.64471 ], [ 44.6701, 1.64429 ], [ 44.66913, 1.6441 ], [ 44.66827, 1.64331 ], [ 44.66711, 1.6427 ], [ 44.66309, 1.64032 ], [ 44.65851, 1.63647 ], [ 44.65692, 1.6355 ], [ 44.6543, 1.63348 ], [ 44.65411, 1.6333 ], [ 44.65393, 1.63312 ], [ 44.65369, 1.63287 ], [ 44.65332, 1.63269 ], [ 44.65308, 1.63251 ], [ 44.65289, 1.63208 ], [ 44.65253, 1.6319 ], [ 44.6521, 1.6319 ], [ 44.65192, 1.63171 ], [ 44.65149, 1.63153 ], [ 44.65112, 1.63153 ], [ 44.65088, 1.63129 ], [ 44.65033, 1.63092 ], [ 44.64807, 1.62909 ], [ 44.64551, 1.62708 ], [ 44.64313, 1.62531 ], [ 44.64008, 1.62311 ], [ 44.63867, 1.62207 ], [ 44.63812, 1.62189 ], [ 44.6377, 1.62109 ], [ 44.63733, 1.62091 ], [ 44.63733, 1.62073 ], [ 44.6369, 1.62048 ], [ 44.63672, 1.62048 ], [ 44.63647, 1.6203 ], [ 44.63647, 1.62012 ], [ 44.63629, 1.61969 ], [ 44.63647, 1.61951 ], [ 44.63647, 1.61932 ], [ 44.63672, 1.61908 ], [ 44.63672, 1.6189 ], [ 44.63672, 1.61853 ], [ 44.63647, 1.61829 ], [ 44.63629, 1.61792 ], [ 44.63629, 1.61749 ], [ 44.63629, 1.61688 ], [ 44.63647, 1.61652 ], [ 44.63629, 1.61609 ], [ 44.63611, 1.61591 ], [ 44.63593, 1.61548 ], [ 44.63568, 1.6153 ], [ 44.63568, 1.61511 ], [ 44.63568, 1.61493 ], [ 44.63531, 1.6145 ], [ 44.63507, 1.6145 ], [ 44.63489, 1.61432 ], [ 44.6347, 1.61407 ], [ 44.63452, 1.61407 ], [ 44.63428, 1.61371 ], [ 44.63391, 1.6131 ], [ 44.63391, 1.61267 ], [ 44.63373, 1.6123 ], [ 44.63348, 1.61188 ], [ 44.63348, 1.61169 ], [ 44.63312, 1.61151 ], [ 44.63312, 1.61133 ], [ 44.63171, 1.61011 ], [ 44.63092, 1.6095 ], [ 44.63013, 1.60913 ], [ 44.62891, 1.60828 ], [ 44.6275, 1.60712 ], [ 44.6261, 1.60651 ], [ 44.62451, 1.60529 ], [ 44.6239, 1.60449 ], [ 44.62347, 1.6037 ], [ 44.62207, 1.60327 ], [ 44.62048, 1.60248 ], [ 44.61932, 1.60193 ], [ 44.61871, 1.60132 ], [ 44.61829, 1.60107 ], [ 44.6181, 1.60089 ], [ 44.61768, 1.60071 ], [ 44.61768, 1.60052 ], [ 44.61731, 1.60052 ], [ 44.61688, 1.60028 ], [ 44.6167, 1.60028 ], [ 44.61652, 1.60028 ], [ 44.61627, 1.60028 ], [ 44.61591, 1.60052 ], [ 44.61548, 1.60028 ], [ 44.61493, 1.6001 ], [ 44.61371, 1.59949 ], [ 44.61292, 1.59912 ], [ 44.61249, 1.59888 ], [ 44.61169, 1.59869 ], [ 44.61151, 1.59851 ], [ 44.61133, 1.59833 ], [ 44.61072, 1.59833 ], [ 44.61029, 1.59851 ], [ 44.60968, 1.59888 ], [ 44.6095, 1.5993 ], [ 44.60931, 1.59967 ], [ 44.60889, 1.59991 ], [ 44.60852, 1.59967 ], [ 44.60828, 1.59949 ], [ 44.60791, 1.59949 ], [ 44.60748, 1.59949 ], [ 44.6073, 1.59949 ], [ 44.60632, 1.59949 ], [ 44.60608, 1.59949 ], [ 44.60529, 1.59949 ], [ 44.60449, 1.59949 ], [ 44.60352, 1.59949 ], [ 44.60272, 1.59949 ], [ 44.60211, 1.5993 ], [ 44.60193, 1.59912 ], [ 44.6015, 1.5993 ], [ 44.6015, 1.59912 ], [ 44.60071, 1.59869 ], [ 44.60052, 1.59869 ], [ 44.59991, 1.59808 ], [ 44.59949, 1.59772 ], [ 44.59888, 1.59729 ], [ 44.59869, 1.59692 ], [ 44.59851, 1.59631 ], [ 44.59808, 1.5957 ], [ 44.5979, 1.59491 ], [ 44.59729, 1.5943 ], [ 44.59729, 1.59387 ], [ 44.59747, 1.59369 ], [ 44.59729, 1.59351 ], [ 44.59692, 1.5929 ], [ 44.59668, 1.5929 ], [ 44.59668, 1.59271 ], [ 44.59589, 1.5921 ], [ 44.5957, 1.59167 ], [ 44.59528, 1.59149 ], [ 44.59473, 1.5907 ], [ 44.5943, 1.58972 ], [ 44.59332, 1.58728 ], [ 44.5929, 1.58673 ], [ 44.59253, 1.58649 ], [ 44.59192, 1.58612 ], [ 44.59149, 1.58569 ], [ 44.59113, 1.5849 ], [ 44.59088, 1.58447 ], [ 44.5907, 1.58429 ], [ 44.59052, 1.58392 ], [ 44.59009, 1.58368 ], [ 44.5899, 1.5835 ], [ 44.58948, 1.58313 ], [ 44.58911, 1.58289 ], [ 44.58868, 1.58252 ], [ 44.58807, 1.58209 ], [ 44.58728, 1.58148 ], [ 44.58673, 1.58087 ], [ 44.58588, 1.58032 ], [ 44.58533, 1.5799 ], [ 44.5849, 1.57953 ], [ 44.58429, 1.57928 ], [ 44.58392, 1.57892 ], [ 44.5835, 1.57849 ], [ 44.58313, 1.57813 ], [ 44.58289, 1.57788 ], [ 44.58252, 1.5777 ], [ 44.58191, 1.57727 ], [ 44.58112, 1.5769 ], [ 44.58032, 1.5769 ], [ 44.57953, 1.5769 ], [ 44.57892, 1.57648 ], [ 44.57831, 1.57611 ], [ 44.57788, 1.57568 ], [ 44.5777, 1.57568 ], [ 44.57727, 1.57532 ], [ 44.57709, 1.57507 ], [ 44.57672, 1.57489 ], [ 44.57629, 1.57452 ], [ 44.57593, 1.5741 ], [ 44.5755, 1.57373 ], [ 44.57532, 1.57349 ], [ 44.57452, 1.57288 ], [ 44.57288, 1.57172 ], [ 44.57111, 1.57013 ], [ 44.56989, 1.56909 ], [ 44.56909, 1.56848 ], [ 44.56873, 1.5683 ], [ 44.56848, 1.56787 ], [ 44.56787, 1.56769 ], [ 44.56732, 1.56732 ], [ 44.56653, 1.56653 ], [ 44.5661, 1.56628 ], [ 44.56592, 1.5661 ], [ 44.56567, 1.5661 ], [ 44.56488, 1.56512 ], [ 44.56207, 1.56293 ], [ 44.5603, 1.56189 ], [ 44.5575, 1.56012 ], [ 44.55573, 1.55792 ], [ 44.55328, 1.55548 ], [ 44.55133, 1.55408 ], [ 44.54889, 1.55353 ], [ 44.54633, 1.55151 ], [ 44.54468, 1.55011 ], [ 44.54187, 1.54791 ], [ 44.53967, 1.54749 ], [ 44.53833, 1.54669 ], [ 44.53632, 1.5451 ], [ 44.53448, 1.54327 ], [ 44.53308, 1.54132 ], [ 44.5321, 1.53992 ], [ 44.53192, 1.53949 ], [ 44.53113, 1.53851 ], [ 44.53052, 1.53851 ], [ 44.5293, 1.53711 ], [ 44.52808, 1.5365 ], [ 44.52789, 1.53528 ], [ 44.5271, 1.53448 ], [ 44.52612, 1.53369 ], [ 44.52631, 1.53448 ], [ 44.5249, 1.53448 ], [ 44.52368, 1.53351 ], [ 44.5199, 1.53027 ], [ 44.51672, 1.52728 ], [ 44.5141, 1.5249 ], [ 44.51367, 1.52448 ], [ 44.51129, 1.52307 ], [ 44.50909, 1.52209 ], [ 44.5061, 1.52008 ], [ 44.50452, 1.5191 ], [ 44.50153, 1.51648 ], [ 44.49988, 1.51569 ], [ 44.49792, 1.51471 ], [ 44.49609, 1.51288 ], [ 44.49573, 1.51251 ], [ 44.4953, 1.51251 ], [ 44.49439, 1.51152 ], [ 44.49432, 1.51147 ], [ 44.49249, 1.50952 ], [ 44.48932, 1.50592 ], [ 44.48572, 1.50208 ], [ 44.47949, 1.49731 ], [ 44.47168, 1.49127 ], [ 44.46631, 1.48712 ], [ 44.46448, 1.48633 ], [ 44.46228, 1.48492 ], [ 44.46112, 1.48328 ], [ 44.45752, 1.48029 ], [ 44.45508, 1.47791 ], [ 44.45288, 1.47607 ], [ 44.44873, 1.47247 ], [ 44.44708, 1.47113 ], [ 44.44391, 1.46869 ], [ 44.44067, 1.46649 ], [ 44.43591, 1.46332 ], [ 44.43347, 1.46069 ], [ 44.42932, 1.45789 ], [ 44.42633, 1.45532 ], [ 44.42212, 1.45209 ], [ 44.42029, 1.45068 ], [ 44.4187, 1.44928 ], [ 44.41711, 1.44849 ], [ 44.41333, 1.44611 ], [ 44.40912, 1.44287 ], [ 44.40472, 1.43951 ], [ 44.4021, 1.43811 ], [ 44.40009, 1.43689 ], [ 44.39752, 1.43488 ], [ 44.39612, 1.43408 ], [ 44.39447, 1.43268 ], [ 44.39429, 1.4325 ], [ 44.38013, 1.42188 ], [ 44.37708, 1.41968 ], [ 44.37567, 1.41913 ], [ 44.37488, 1.41827 ], [ 44.37292, 1.4165 ], [ 44.37189, 1.41571 ], [ 44.37128, 1.41589 ], [ 44.37091, 1.41571 ], [ 44.37109, 1.41467 ], [ 44.37048, 1.4137 ], [ 44.36987, 1.41333 ], [ 44.36768, 1.41168 ], [ 44.36688, 1.4115 ], [ 44.36548, 1.40912 ], [ 44.36371, 1.40729 ], [ 44.36328, 1.40613 ], [ 44.36267, 1.40509 ], [ 44.3609, 1.4043 ], [ 44.36086, 1.40427 ], [ 44.36072, 1.40448 ], [ 44.35968, 1.40491 ], [ 44.35889, 1.40393 ], [ 44.35828, 1.40308 ], [ 44.35669, 1.40253 ], [ 44.3551, 1.40228 ], [ 44.35413, 1.40131 ], [ 44.3501, 1.39868 ], [ 44.34833, 1.39752 ], [ 44.34613, 1.39569 ], [ 44.34522, 1.39485 ], [ 44.33051, 1.38348 ], [ 44.32709, 1.38068 ], [ 44.3255, 1.37952 ], [ 44.32471, 1.37872 ], [ 44.32373, 1.37793 ], [ 44.32031, 1.37531 ], [ 44.31848, 1.37372 ], [ 44.31671, 1.37189 ], [ 44.31409, 1.3689 ], [ 44.31232, 1.36713 ], [ 44.31218, 1.36699 ], [ 44.3103, 1.36511 ], [ 44.30847, 1.3631 ], [ 44.30829, 1.36188 ], [ 44.30609, 1.35889 ], [ 44.30627, 1.35791 ], [ 44.3067, 1.3573 ], [ 44.30573, 1.3559 ], [ 44.3053, 1.35553 ], [ 44.30487, 1.35492 ], [ 44.30487, 1.35388 ], [ 44.30432, 1.35352 ], [ 44.30408, 1.35352 ], [ 44.30353, 1.35352 ], [ 44.3031, 1.35309 ], [ 44.30267, 1.35272 ], [ 44.30249, 1.35248 ], [ 44.30231, 1.35211 ], [ 44.30212, 1.35168 ], [ 44.30151, 1.35028 ], [ 44.30133, 1.3501 ], [ 44.30072, 1.35028 ], [ 44.29932, 1.34991 ], [ 44.29828, 1.35052 ], [ 44.2981, 1.3515 ], [ 44.29688, 1.3515 ], [ 44.2959, 1.35089 ], [ 44.29413, 1.3493 ], [ 44.29211, 1.3479 ], [ 44.2887, 1.34491 ], [ 44.28552, 1.3421 ], [ 44.28412, 1.34088 ], [ 44.28192, 1.33911 ], [ 44.27911, 1.33673 ], [ 44.27612, 1.33411 ], [ 44.27368, 1.33173 ], [ 44.27112, 1.32953 ], [ 44.26947, 1.32788 ], [ 44.2677, 1.3269 ], [ 44.26471, 1.32428 ], [ 44.26147, 1.32129 ], [ 44.25909, 1.31909 ], [ 44.25629, 1.31689 ], [ 44.25391, 1.3147 ], [ 44.2525, 1.31348 ], [ 44.25128, 1.3125 ], [ 44.24792, 1.30951 ], [ 44.24548, 1.3075 ], [ 44.24451, 1.30688 ], [ 44.24268, 1.30511 ], [ 44.24188, 1.30408 ], [ 44.24091, 1.30371 ], [ 44.23969, 1.30212 ], [ 44.23792, 1.30048 ], [ 44.23651, 1.2995 ], [ 44.2359, 1.29932 ], [ 44.23529, 1.29889 ], [ 44.23413, 1.29773 ], [ 44.23291, 1.29688 ], [ 44.23108, 1.2951 ], [ 44.2301, 1.29449 ], [ 44.22888, 1.2937 ], [ 44.22809, 1.29352 ], [ 44.22711, 1.29248 ], [ 44.22632, 1.29132 ], [ 44.22528, 1.29071 ], [ 44.22369, 1.28888 ], [ 44.22229, 1.28668 ], [ 44.22113, 1.28589 ], [ 44.21948, 1.28387 ], [ 44.21887, 1.28229 ], [ 44.21832, 1.2821 ], [ 44.21771, 1.28149 ], [ 44.2171, 1.2807 ], [ 44.21631, 1.27972 ], [ 44.2157, 1.27869 ], [ 44.21527, 1.27753 ], [ 44.21527, 1.27588 ], [ 44.21631, 1.27509 ], [ 44.21692, 1.27472 ], [ 44.21588, 1.27368 ], [ 44.2149, 1.27411 ], [ 44.21307, 1.2713 ], [ 44.21271, 1.27032 ], [ 44.21069, 1.26947 ], [ 44.20972, 1.26849 ], [ 44.20868, 1.2677 ], [ 44.20813, 1.2663 ], [ 44.20709, 1.26508 ], [ 44.20612, 1.26312 ], [ 44.20453, 1.26349 ], [ 44.20367, 1.26331 ], [ 44.20227, 1.26288 ], [ 44.20129, 1.26233 ], [ 44.19971, 1.26147 ], [ 44.19788, 1.2605 ], [ 44.19647, 1.2597 ], [ 44.1947, 1.25848 ], [ 44.1925, 1.25671 ], [ 44.19049, 1.25549 ], [ 44.18689, 1.25293 ], [ 44.18213, 1.24988 ], [ 44.18183, 1.24965 ], [ 44.18612, 1.24662 ], [ 44.18549, 1.24628 ], [ 44.17468, 1.23871 ], [ 44.17463, 1.23858 ], [ 44.16796, 1.23392 ], [ 44.15305, 1.21902 ], [ 44.15246, 1.21843 ], [ 44.14569, 1.21173 ], [ 44.14392, 1.2099 ], [ 44.13568, 1.20172 ], [ 44.13507, 1.20007 ], [ 44.13432, 1.19773 ], [ 44.13256, 1.19263 ], [ 44.13424, 1.18523 ], [ 44.13489, 1.18213 ], [ 44.13425, 1.18068 ], [ 44.13361, 1.17943 ], [ 44.13272, 1.17769 ], [ 44.13082, 1.17777 ], [ 44.12048, 1.17828 ], [ 44.12041, 1.17824 ], [ 44.12038, 1.17824 ], [ 44.11942, 1.17771 ], [ 44.10968, 1.17249 ], [ 44.06222, 1.13555 ], [ 44.05107, 1.12692 ], [ 44.04923, 1.12489 ], [ 44.04871, 1.12433 ], [ 44.03711, 1.11169 ], [ 44.02191, 1.0849 ], [ 44.01966, 1.08396 ], [ 44.01799, 1.08334 ], [ 44.0175, 1.08339 ], [ 44.01172, 1.08411 ], [ 44.00488, 1.08032 ], [ 43.99203, 1.07036 ], [ 43.98596, 1.06567 ], [ 43.97852, 1.05992 ], [ 43.96061, 1.04869 ], [ 43.95666, 1.04513 ], [ 43.94608, 1.0356 ], [ 43.93793, 1.02832 ], [ 43.93707, 1.02753 ], [ 43.93683, 1.02532 ], [ 43.93647, 1.02245 ], [ 43.94187, 1.01693 ], [ 43.94225, 1.01654 ], [ 43.93924, 1.01345 ], [ 43.93829, 1.01251 ], [ 43.92526, 1.0131 ], [ 43.92471, 1.01313 ], [ 43.9247, 1.01312 ], [ 43.92468, 1.01312 ], [ 43.92322, 1.01229 ], [ 43.91722, 1.00891 ], [ 43.89913, 0.99331 ], [ 43.89844, 0.99282 ], [ 43.87189, 0.9743 ], [ 43.87109, 0.97369 ], [ 43.86782, 0.97187 ], [ 43.84654, 0.96008 ], [ 43.83833, 0.95163 ], [ 43.83191, 0.94513 ], [ 43.8255, 0.94153 ], [ 43.81997, 0.93598 ], [ 43.8118, 0.92778 ], [ 43.8109, 0.92687 ], [ 43.80513, 0.9242 ], [ 43.79699, 0.92046 ], [ 43.78797, 0.91338 ], [ 43.78192, 0.90869 ], [ 43.77901, 0.90578 ], [ 43.77159, 0.89846 ], [ 43.76048, 0.8875 ], [ 43.76031, 0.88733 ], [ 43.76016, 0.88718 ], [ 43.75659, 0.88077 ], [ 43.75166, 0.87191 ], [ 43.74603, 0.86588 ], [ 43.71457, 0.84162 ], [ 43.70721, 0.83715 ], [ 43.68988, 0.82672 ], [ 43.67792, 0.81708 ], [ 43.66273, 0.80488 ], [ 43.65526, 0.79889 ], [ 43.65142, 0.79532 ], [ 43.62231, 0.76831 ], [ 43.58832, 0.73389 ], [ 43.58551, 0.73151 ], [ 43.55829, 0.7085 ], [ 43.55666, 0.70677 ], [ 43.55665, 0.70677 ], [ 43.54749, 0.69708 ], [ 43.53247, 0.68591 ], [ 43.52612, 0.68019 ], [ 43.5208, 0.67556 ], [ 43.52059, 0.67579 ], [ 43.48258, 0.7309 ], [ 43.39379, 0.85963 ], [ 43.33972, 0.93732 ], [ 43.30904, 0.97985 ], [ 43.26101, 1.04646 ], [ 43.24317, 1.07291 ], [ 43.02865, 1.39095 ], [ 43.00324, 1.42861 ], [ 42.98095, 1.46166 ], [ 42.98092, 1.46171 ], [ 42.98095, 1.46173 ], [ 43.24341, 1.59295 ], [ 43.31091, 1.62671 ], [ 43.31093, 1.62672 ], [ 43.37606, 1.65926 ], [ 43.58452, 1.76311 ], [ 43.58515, 1.76335 ], [ 43.58538, 1.76347 ], [ 43.62747, 1.78031 ], [ 43.88092, 1.88171 ], [ 43.90166, 1.89062 ], [ 43.94296, 1.90907 ], [ 43.94326, 1.9092 ], [ 44.09725, 1.97719 ], [ 44.33601, 2.08261 ], [ 44.37313, 2.099 ], [ 44.45772, 2.13633 ], [ 44.65088, 2.22168 ], [ 44.65016, 2.22859 ], [ 44.64948, 2.23508 ], [ 44.64872, 2.24163 ], [ 44.64837, 2.24467 ], [ 44.64368, 2.28528 ], [ 44.64331, 2.28833 ], [ 44.64288, 2.2923 ], [ 44.64227, 2.29712 ], [ 44.64191, 2.30011 ], [ 44.64188, 2.30029 ], [ 44.64139, 2.30452 ], [ 44.6413, 2.30609 ], [ 44.64093, 2.30908 ], [ 44.64059, 2.31143 ], [ 44.64048, 2.31242 ], [ 44.64032, 2.31488 ], [ 44.63989, 2.31787 ], [ 44.63953, 2.32092 ], [ 44.63928, 2.32391 ], [ 44.63892, 2.3269 ], [ 44.63849, 2.3299 ], [ 44.63812, 2.33289 ], [ 44.63788, 2.33588 ], [ 44.63751, 2.33868 ], [ 44.63718, 2.34103 ], [ 44.63707, 2.34199 ], [ 44.6369, 2.34473 ], [ 44.63647, 2.34772 ], [ 44.63611, 2.35071 ], [ 44.63585, 2.35248 ], [ 44.63564, 2.35431 ], [ 44.6355, 2.35669 ], [ 44.63507, 2.35968 ], [ 44.6347, 2.36249 ], [ 44.63468, 2.36267 ], [ 44.63419, 2.36687 ], [ 44.63409, 2.36853 ], [ 44.63373, 2.37152 ], [ 44.63336, 2.37413 ], [ 44.63329, 2.37471 ], [ 44.63312, 2.3775 ], [ 44.63269, 2.38049 ], [ 44.63232, 2.38348 ], [ 44.63208, 2.38629 ], [ 44.63171, 2.38928 ], [ 44.63129, 2.39227 ], [ 44.63092, 2.39532 ], [ 44.63068, 2.39832 ], [ 44.63031, 2.40131 ], [ 44.62993, 2.40382 ], [ 44.62987, 2.40431 ], [ 44.6297, 2.4071 ], [ 44.62927, 2.4101 ], [ 44.62891, 2.41309 ], [ 44.62865, 2.41486 ], [ 44.62844, 2.41668 ], [ 44.6283, 2.41913 ], [ 44.62109, 2.48169 ], [ 44.6311, 2.54993 ], [ 44.6327, 2.56066 ], [ 44.63326, 2.56444 ], [ 44.64096, 2.61612 ], [ 44.6507, 2.68152 ], [ 44.65112, 2.68451 ], [ 44.65129, 2.68634 ], [ 44.65129, 2.68635 ], [ 44.65129, 2.68638 ], [ 44.65379, 2.70322 ], [ 44.65395, 2.70432 ], [ 44.65398, 2.70451 ], [ 44.66095, 2.7516 ], [ 44.651, 2.78146 ], [ 44.64818, 2.78992 ], [ 44.64096, 2.81162 ], [ 44.64429, 2.82763 ], [ 44.65411, 2.87408 ], [ 44.65472, 2.87708 ], [ 44.65527, 2.87988 ], [ 44.6557, 2.8819 ], [ 44.65631, 2.88489 ], [ 44.65692, 2.88788 ], [ 44.6571, 2.88905 ], [ 44.65726, 2.88985 ], [ 44.65767, 2.89182 ], [ 44.6579, 2.8927 ], [ 44.65833, 2.89471 ], [ 44.6587, 2.89673 ], [ 44.65917, 2.89903 ], [ 44.65948, 2.9005 ], [ 44.6597, 2.90152 ], [ 44.65991, 2.90253 ], [ 44.66011, 2.9035 ], [ 44.6605, 2.90539 ], [ 44.6607, 2.90637 ], [ 44.66126, 2.90904 ], [ 44.66132, 2.9093 ], [ 44.66136, 2.90953 ], [ 44.66224, 2.91374 ], [ 44.66254, 2.91518 ], [ 44.66315, 2.91811 ], [ 44.66338, 2.9192 ], [ 44.66388, 2.92108 ], [ 44.66449, 2.92407 ], [ 44.6651, 2.92688 ], [ 44.66553, 2.92889 ], [ 44.66608, 2.93188 ], [ 44.66669, 2.93488 ], [ 44.66711, 2.93671 ], [ 44.66772, 2.9397 ], [ 44.66826, 2.94262 ], [ 44.66831, 2.94286 ], [ 44.66888, 2.9455 ], [ 44.66949, 2.94849 ], [ 44.6701, 2.95148 ], [ 44.67072, 2.95428 ], [ 44.67091, 2.95538 ], [ 44.67093, 2.95544 ], [ 44.6711, 2.95629 ], [ 44.67171, 2.95923 ], [ 44.67186, 2.95992 ], [ 44.67186, 2.95994 ], [ 44.67249, 2.96228 ], [ 44.67285, 2.96466 ], [ 44.67303, 2.96551 ], [ 44.67371, 2.96808 ], [ 44.67382, 2.96932 ], [ 44.67431, 2.97168 ], [ 44.67468, 2.97308 ], [ 44.67529, 2.97589 ], [ 44.6759, 2.97888 ], [ 44.67651, 2.98169 ], [ 44.67688, 2.9837 ], [ 44.67731, 2.98572 ], [ 44.67792, 2.98871 ], [ 44.69095, 3.05099 ], [ 44.6911, 3.0517 ], [ 44.69095, 3.05268 ], [ 44.67328, 3.16992 ], [ 44.67294, 3.17173 ], [ 44.6729, 3.17197 ], [ 44.67273, 3.17389 ], [ 44.67234, 3.17573 ], [ 44.67209, 3.17739 ], [ 44.67188, 3.17889 ], [ 44.67169, 3.18091 ], [ 44.67133, 3.18268 ], [ 44.67108, 3.18488 ], [ 44.67071, 3.1866 ], [ 44.66096, 3.25154 ], [ 44.78088, 3.27148 ], [ 44.79322, 3.27064 ], [ 44.87988, 3.26471 ], [ 45.00515, 3.25607 ], [ 45.03865, 3.25376 ], [ 45.07096, 3.25154 ], [ 45.07106, 3.25116 ], [ 45.08296, 3.20148 ], [ 45.09369, 3.15668 ], [ 45.0943, 3.15369 ], [ 45.09509, 3.15088 ], [ 45.0957, 3.14789 ], [ 45.09631, 3.14508 ], [ 45.09711, 3.14209 ], [ 45.10773, 3.09772 ], [ 45.11421, 3.07054 ], [ 45.12109, 3.04169 ], [ 45.15308, 2.99487 ], [ 45.15491, 2.99231 ], [ 45.15649, 2.98993 ], [ 45.15701, 2.98913 ], [ 45.15866, 2.98673 ], [ 45.15991, 2.98511 ], [ 45.1615, 2.98273 ], [ 45.16333, 2.98029 ], [ 45.16492, 2.97772 ], [ 45.16669, 2.97528 ], [ 45.16827, 2.9729 ], [ 45.16992, 2.97052 ], [ 45.17169, 2.96808 ], [ 45.17291, 2.96613 ], [ 45.1745, 2.96393 ], [ 45.17609, 2.96149 ], [ 45.17792, 2.95892 ], [ 45.1795, 2.95648 ], [ 45.18127, 2.9541 ], [ 45.18292, 2.95148 ], [ 45.18361, 2.95044 ], [ 45.18488, 2.9486 ], [ 45.18628, 2.94672 ], [ 45.18793, 2.94427 ], [ 45.1897, 2.94171 ], [ 45.19113, 2.93951 ], [ 45.19137, 2.93916 ], [ 45.19312, 2.93689 ], [ 45.1947, 2.93433 ], [ 45.19647, 2.93188 ], [ 45.19812, 2.9295 ], [ 45.19989, 2.92688 ], [ 45.20148, 2.9245 ], [ 45.20331, 2.92212 ], [ 45.2739, 2.81928 ], [ 45.30713, 2.77087 ], [ 45.3258, 2.74367 ], [ 45.33362, 2.73229 ], [ 45.33112, 2.73169 ], [ 45.34061, 2.72196 ], [ 45.34089, 2.72168 ], [ 45.34097, 2.7216 ], [ 45.34088, 2.71688 ], [ 45.34015, 2.6777 ], [ 45.3399, 2.66272 ], [ 45.3399, 2.65973 ], [ 45.3399, 2.65668 ], [ 45.33972, 2.65369 ], [ 45.33972, 2.65088 ], [ 45.33709, 2.50981 ], [ 45.33216, 2.24682 ], [ 45.33207, 2.24113 ], [ 45.33123, 2.1886 ], [ 45.33114, 2.1835 ], [ 45.33112, 2.1817 ] ] ] ] } },
{ "type": "Feature", "properties": { "adm1_name": "Middle Juba" }, "geometry": { "type": "MultiPolygon", "coordinates": [ [ [ [ 43.02865, 1.39095 ], [ 43.24317, 1.07291 ], [ 43.26101, 1.04646 ], [ 43.30904, 0.97985 ], [ 43.33972, 0.93732 ], [ 43.39379, 0.85963 ], [ 43.48258, 0.7309 ], [ 43.52059, 0.67579 ], [ 43.5208, 0.67556 ], [ 43.51478, 0.67026 ], [ 43.51367, 0.66931 ], [ 43.49858, 0.65354 ], [ 43.49638, 0.65124 ], [ 43.4963, 0.65115 ], [ 43.49367, 0.64928 ], [ 43.4917, 0.64789 ], [ 43.48608, 0.64392 ], [ 43.4339, 0.58807 ], [ 43.41991, 0.57574 ], [ 43.40189, 0.55996 ], [ 43.40095, 0.55914 ], [ 43.40088, 0.55908 ], [ 43.37653, 0.53333 ], [ 43.36117, 0.51508 ], [ 43.35695, 0.51008 ], [ 43.35563, 0.50851 ], [ 43.35113, 0.50319 ], [ 43.31903, 0.46515 ], [ 43.2935, 0.43489 ], [ 43.25765, 0.39955 ], [ 43.25095, 0.39174 ], [ 43.24048, 0.3797 ], [ 43.23352, 0.37292 ], [ 43.20789, 0.34833 ], [ 43.19128, 0.32867 ], [ 43.05288, 0.32356 ], [ 42.9284, 0.3191 ], [ 42.7664, 0.31311 ], [ 42.7329, 0.31189 ], [ 42.73091, 0.31182 ], [ 42.72992, 0.3159 ], [ 42.7268, 0.32868 ], [ 42.67928, 0.52349 ], [ 42.67826, 0.52768 ], [ 42.67804, 0.52858 ], [ 42.67791, 0.52945 ], [ 42.67747, 0.53127 ], [ 42.63179, 0.71838 ], [ 42.62094, 0.75179 ], [ 42.62091, 0.75189 ], [ 42.6107, 0.78251 ], [ 42.56916, 0.9071 ], [ 42.53925, 0.99686 ], [ 42.51459, 1.07085 ], [ 42.48446, 1.16121 ], [ 42.46296, 1.22566 ], [ 42.43925, 1.29674 ], [ 42.43557, 1.30776 ], [ 42.43091, 1.32172 ], [ 42.43091, 1.32173 ], [ 42.43066, 1.32172 ], [ 42.42104, 1.3213 ], [ 42.38667, 1.31984 ], [ 42.32147, 1.31708 ], [ 42.20093, 1.31171 ], [ 42.16655, 1.30947 ], [ 42.14363, 1.30798 ], [ 42.13896, 1.30776 ], [ 42.03592, 1.30114 ], [ 41.77129, 1.28415 ], [ 41.59705, 1.273 ], [ 41.45911, 1.26418 ], [ 41.4209, 1.26173 ], [ 41.42768, 1.28273 ], [ 41.45132, 1.35578 ], [ 41.55833, 1.68645 ], [ 41.59263, 1.79245 ], [ 41.64092, 1.94167 ], [ 41.68143, 1.94221 ], [ 41.68144, 1.94221 ], [ 41.68773, 1.9423 ], [ 41.69881, 1.94244 ], [ 41.77912, 1.9435 ], [ 42.23187, 1.94948 ], [ 42.23333, 1.9495 ], [ 42.39315, 1.9516 ], [ 42.40091, 1.9517 ], [ 42.41106, 1.94889 ], [ 42.45711, 1.91889 ], [ 42.51636, 1.88433 ], [ 42.52091, 1.88168 ], [ 42.56742, 1.83762 ], [ 42.57415, 1.83124 ], [ 42.57471, 1.83069 ], [ 42.57567, 1.82981 ], [ 42.58964, 1.81657 ], [ 42.5899, 1.81628 ], [ 42.5905, 1.81575 ], [ 42.59573, 1.8108 ], [ 42.59729, 1.80932 ], [ 42.5979, 1.80872 ], [ 42.59808, 1.80858 ], [ 42.60123, 1.80559 ], [ 42.6015, 1.8053 ], [ 42.60277, 1.80414 ], [ 42.60927, 1.79798 ], [ 42.6095, 1.79773 ], [ 42.61058, 1.79674 ], [ 42.61928, 1.78849 ], [ 42.61969, 1.78809 ], [ 42.62039, 1.78745 ], [ 42.63086, 1.77753 ], [ 42.63129, 1.7771 ], [ 42.63202, 1.77642 ], [ 42.6378, 1.77095 ], [ 42.63788, 1.77087 ], [ 42.63928, 1.76947 ], [ 42.64062, 1.76828 ], [ 42.64938, 1.75999 ], [ 42.64948, 1.75989 ], [ 42.64964, 1.75973 ], [ 42.66905, 1.74135 ], [ 42.66968, 1.74072 ], [ 42.67002, 1.74043 ], [ 42.67718, 1.73365 ], [ 42.67767, 1.73309 ], [ 42.6786, 1.7323 ], [ 42.68476, 1.72647 ], [ 42.68573, 1.72552 ], [ 42.68587, 1.72542 ], [ 42.68877, 1.72267 ], [ 42.68927, 1.72211 ], [ 42.69089, 1.72066 ], [ 42.69672, 1.71514 ], [ 42.69733, 1.71448 ], [ 42.69882, 1.71315 ], [ 42.70725, 1.70517 ], [ 42.70752, 1.7049 ], [ 42.7076, 1.70483 ], [ 42.75239, 1.66241 ], [ 42.7525, 1.66229 ], [ 42.7526, 1.66221 ], [ 42.76049, 1.65473 ], [ 42.7605, 1.65472 ], [ 42.76405, 1.65136 ], [ 42.7641, 1.65131 ], [ 42.76434, 1.65109 ], [ 42.77166, 1.64415 ], [ 42.77209, 1.64368 ], [ 42.77317, 1.64272 ], [ 42.77792, 1.63823 ], [ 42.79458, 1.62244 ], [ 42.801, 1.61636 ], [ 42.80188, 1.61548 ], [ 42.80267, 1.61477 ], [ 42.82001, 1.59835 ], [ 42.82458, 1.59402 ], [ 42.82507, 1.59351 ], [ 42.82666, 1.59205 ], [ 42.82763, 1.59114 ], [ 42.82867, 1.59009 ], [ 42.83048, 1.58843 ], [ 42.86111, 1.55942 ], [ 42.86123, 1.55931 ], [ 42.86129, 1.55925 ], [ 42.86275, 1.55804 ], [ 42.95258, 1.48303 ], [ 42.95323, 1.48249 ], [ 42.9533, 1.48243 ], [ 42.98072, 1.46186 ], [ 42.98074, 1.46185 ], [ 42.98092, 1.46171 ], [ 42.98095, 1.46166 ], [ 43.00324, 1.42861 ], [ 43.02865, 1.39095 ] ] ] ] } },
{ "type": "Feature", "properties": { "adm1_name": "Middle Shabelle" }, "geometry": { "type": "MultiPolygon", "coordinates": [ [ [ [ 46.83842, 3.24169 ], [ 46.75542, 3.15325 ], [ 46.75171, 3.14948 ], [ 46.7431, 3.14313 ], [ 46.72287, 3.12005 ], [ 46.62031, 3.0158 ], [ 46.62031, 3.01579 ], [ 46.61906, 3.01458 ], [ 46.60468, 3.00171 ], [ 46.57568, 2.97192 ], [ 46.53668, 2.9433 ], [ 46.53662, 2.94324 ], [ 46.53658, 2.94321 ], [ 46.53624, 2.94289 ], [ 46.52948, 2.93671 ], [ 46.51908, 2.92675 ], [ 46.51661, 2.92443 ], [ 46.51551, 2.92376 ], [ 46.49655, 2.91229 ], [ 46.46061, 2.88646 ], [ 46.44652, 2.87415 ], [ 46.43177, 2.85784 ], [ 46.40544, 2.82871 ], [ 46.40475, 2.82812 ], [ 46.38046, 2.80989 ], [ 46.36238, 2.79795 ], [ 46.34528, 2.78668 ], [ 46.33893, 2.78088 ], [ 46.33868, 2.7807 ], [ 46.33858, 2.78051 ], [ 46.33645, 2.77674 ], [ 46.33274, 2.77016 ], [ 46.33206, 2.76638 ], [ 46.33112, 2.76123 ], [ 46.33069, 2.75909 ], [ 46.33069, 2.75889 ], [ 46.33056, 2.75818 ], [ 46.33047, 2.75809 ], [ 46.3269, 2.7547 ], [ 46.3197, 2.75311 ], [ 46.3103, 2.74792 ], [ 46.30863, 2.7462 ], [ 46.3023, 2.73973 ], [ 46.30143, 2.73884 ], [ 46.30132, 2.73816 ], [ 46.29909, 2.72492 ], [ 46.29749, 2.7157 ], [ 46.29684, 2.71447 ], [ 46.29622, 2.71346 ], [ 46.29526, 2.71188 ], [ 46.2829, 2.69971 ], [ 46.26172, 2.68591 ], [ 46.25909, 2.68433 ], [ 46.24908, 2.67529 ], [ 46.22827, 2.66193 ], [ 46.22823, 2.66188 ], [ 46.22819, 2.66186 ], [ 46.21639, 2.65026 ], [ 46.19124, 2.62152 ], [ 46.18161, 2.60817 ], [ 46.17655, 2.60115 ], [ 46.17297, 2.59763 ], [ 46.1726, 2.59727 ], [ 46.17108, 2.59589 ], [ 46.17072, 2.59541 ], [ 46.17042, 2.59512 ], [ 46.16904, 2.59115 ], [ 46.16777, 2.58747 ], [ 46.1673, 2.58612 ], [ 46.1599, 2.5824 ], [ 46.15613, 2.58051 ], [ 46.1413, 2.56671 ], [ 46.12988, 2.55389 ], [ 46.12988, 2.55408 ], [ 46.12918, 2.55549 ], [ 46.12891, 2.5553 ], [ 46.12872, 2.55487 ], [ 46.12793, 2.55408 ], [ 46.12732, 2.55328 ], [ 46.12628, 2.55188 ], [ 46.12567, 2.55109 ], [ 46.12512, 2.55048 ], [ 46.12408, 2.54907 ], [ 46.12292, 2.54749 ], [ 46.1225, 2.54712 ], [ 46.12189, 2.54651 ], [ 46.12128, 2.54547 ], [ 46.12048, 2.54431 ], [ 46.11932, 2.5415 ], [ 46.11871, 2.54053 ], [ 46.1181, 2.53809 ], [ 46.11792, 2.53693 ], [ 46.11792, 2.53589 ], [ 46.11879, 2.53556 ], [ 46.11881, 2.53555 ], [ 46.11792, 2.53192 ], [ 46.11778, 2.53157 ], [ 46.11777, 2.53156 ], [ 46.11776, 2.53151 ], [ 46.11768, 2.53131 ], [ 46.11443, 2.52749 ], [ 46.11353, 2.52667 ], [ 46.10992, 2.52307 ], [ 46.10889, 2.5213 ], [ 46.10828, 2.52032 ], [ 46.10571, 2.51727 ], [ 46.10352, 2.51508 ], [ 46.10172, 2.51368 ], [ 46.09728, 2.51065 ], [ 46.09631, 2.51007 ], [ 46.09387, 2.50848 ], [ 46.0919, 2.50698 ], [ 46.09088, 2.50629 ], [ 46.07928, 2.49811 ], [ 46.07672, 2.49628 ], [ 46.06409, 2.4859 ], [ 46.0509, 2.47308 ], [ 46.05088, 2.47307 ], [ 46.04761, 2.46991 ], [ 46.04409, 2.46649 ], [ 46.0437, 2.46613 ], [ 46.04367, 2.46608 ], [ 46.04364, 2.46605 ], [ 46.04352, 2.46588 ], [ 46.0423, 2.46393 ], [ 46.03992, 2.46191 ], [ 46.03949, 2.46088 ], [ 46.0387, 2.46008 ], [ 46.03772, 2.45868 ], [ 46.03711, 2.45831 ], [ 46.0365, 2.45789 ], [ 46.03552, 2.45691 ], [ 46.03369, 2.45471 ], [ 46.03168, 2.45251 ], [ 46.02893, 2.44849 ], [ 46.02893, 2.44812 ], [ 46.02869, 2.44769 ], [ 46.02728, 2.44708 ], [ 46.02588, 2.44611 ], [ 46.02533, 2.44513 ], [ 46.0249, 2.44427 ], [ 46.02448, 2.44391 ], [ 46.02429, 2.44171 ], [ 46.02228, 2.43988 ], [ 46.02148, 2.43927 ], [ 46.02087, 2.43848 ], [ 46.01929, 2.4375 ], [ 46.01788, 2.43652 ], [ 46.01593, 2.43573 ], [ 46.01367, 2.43329 ], [ 46.01312, 2.4317 ], [ 46.00989, 2.42932 ], [ 46.00812, 2.42767 ], [ 46.00592, 2.42651 ], [ 46.00488, 2.42468 ], [ 46.00452, 2.42468 ], [ 46.00348, 2.42371 ], [ 46.00189, 2.42273 ], [ 46.00031, 2.42133 ], [ 45.99872, 2.42072 ], [ 45.99768, 2.4201 ], [ 45.9967, 2.41968 ], [ 45.99469, 2.41852 ], [ 45.99249, 2.41687 ], [ 45.99127, 2.41608 ], [ 45.99091, 2.4165 ], [ 45.99091, 2.41669 ], [ 45.99048, 2.41687 ], [ 45.9903, 2.41772 ], [ 45.98969, 2.41809 ], [ 45.98828, 2.41748 ], [ 45.9873, 2.41669 ], [ 45.98633, 2.41571 ], [ 45.98511, 2.41412 ], [ 45.9837, 2.4137 ], [ 45.9823, 2.41309 ], [ 45.98093, 2.41227 ], [ 45.97931, 2.41132 ], [ 45.97888, 2.41071 ], [ 45.97791, 2.4093 ], [ 45.97748, 2.40869 ], [ 45.97711, 2.40808 ], [ 45.97689, 2.40791 ], [ 45.97632, 2.40747 ], [ 45.97589, 2.4071 ], [ 45.97573, 2.4071 ], [ 45.97571, 2.4071 ], [ 45.97552, 2.4071 ], [ 45.97528, 2.40692 ], [ 45.97449, 2.40631 ], [ 45.97211, 2.40491 ], [ 45.97113, 2.40448 ], [ 45.96973, 2.40369 ], [ 45.96832, 2.40253 ], [ 45.96771, 2.4021 ], [ 45.9671, 2.40149 ], [ 45.96631, 2.40088 ], [ 45.96619, 2.40051 ], [ 45.96613, 2.40051 ], [ 45.96613, 2.40033 ], [ 45.96588, 2.40009 ], [ 45.96509, 2.39929 ], [ 45.96307, 2.39771 ], [ 45.96112, 2.39587 ], [ 45.95868, 2.39392 ], [ 45.95752, 2.39331 ], [ 45.95587, 2.39227 ], [ 45.95428, 2.39148 ], [ 45.95367, 2.39093 ], [ 45.95349, 2.39093 ], [ 45.95333, 2.39071 ], [ 45.9527, 2.39032 ], [ 45.95148, 2.38953 ], [ 45.95032, 2.38831 ], [ 45.94873, 2.3869 ], [ 45.94531, 2.38391 ], [ 45.94189, 2.38153 ], [ 45.94128, 2.38129 ], [ 45.93988, 2.38049 ], [ 45.93848, 2.37988 ], [ 45.93793, 2.37872 ], [ 45.93732, 2.3775 ], [ 45.93591, 2.37653 ], [ 45.93573, 2.37628 ], [ 45.93572, 2.37627 ], [ 45.93469, 2.37549 ], [ 45.93311, 2.37451 ], [ 45.93127, 2.37372 ], [ 45.93048, 2.37292 ], [ 45.9295, 2.37268 ], [ 45.9281, 2.37189 ], [ 45.9267, 2.37109 ], [ 45.92529, 2.36987 ], [ 45.92389, 2.36871 ], [ 45.9223, 2.36749 ], [ 45.92072, 2.36652 ], [ 45.91827, 2.36469 ], [ 45.91711, 2.36389 ], [ 45.91571, 2.36249 ], [ 45.91431, 2.36151 ], [ 45.9137, 2.3609 ], [ 45.91211, 2.35968 ], [ 45.91168, 2.3595 ], [ 45.91028, 2.3587 ], [ 45.9079, 2.3573 ], [ 45.9072, 2.3569 ], [ 45.90509, 2.35571 ], [ 45.9043, 2.35468 ], [ 45.90253, 2.35327 ], [ 45.90192, 2.35291 ], [ 45.90088, 2.35211 ], [ 45.89911, 2.35193 ], [ 45.89771, 2.35168 ], [ 45.89752, 2.3515 ], [ 45.89728, 2.3515 ], [ 45.89569, 2.35052 ], [ 45.89537, 2.35015 ], [ 45.89532, 2.3501 ], [ 45.89447, 2.34888 ], [ 45.89368, 2.34851 ], [ 45.89331, 2.34772 ], [ 45.8927, 2.34833 ], [ 45.89252, 2.34833 ], [ 45.89239, 2.34833 ], [ 45.89227, 2.34833 ], [ 45.89172, 2.34833 ], [ 45.89032, 2.34772 ], [ 45.88928, 2.34711 ], [ 45.88812, 2.34613 ], [ 45.88629, 2.34528 ], [ 45.88452, 2.34412 ], [ 45.88287, 2.34308 ], [ 45.8819, 2.34229 ], [ 45.88089, 2.34158 ], [ 45.88068, 2.34149 ], [ 45.87988, 2.34088 ], [ 45.87848, 2.3399 ], [ 45.8783, 2.33972 ], [ 45.87827, 2.3397 ], [ 45.87628, 2.33807 ], [ 45.87469, 2.33691 ], [ 45.87311, 2.33588 ], [ 45.87189, 2.33569 ], [ 45.87109, 2.33551 ], [ 45.87048, 2.33569 ], [ 45.86908, 2.33569 ], [ 45.86688, 2.33472 ], [ 45.86572, 2.33313 ], [ 45.86493, 2.33313 ], [ 45.8645, 2.33252 ], [ 45.86407, 2.33228 ], [ 45.86328, 2.33112 ], [ 45.86133, 2.33051 ], [ 45.86072, 2.32971 ], [ 45.85968, 2.32953 ], [ 45.85791, 2.32892 ], [ 45.8573, 2.32867 ], [ 45.85632, 2.32867 ], [ 45.85468, 2.32849 ], [ 45.85388, 2.32831 ], [ 45.85168, 2.32751 ], [ 45.8493, 2.32648 ], [ 45.84692, 2.3255 ], [ 45.84509, 2.32452 ], [ 45.84332, 2.32349 ], [ 45.84088, 2.3219 ], [ 45.8399, 2.32111 ], [ 45.8385, 2.3197 ], [ 45.83752, 2.31891 ], [ 45.83673, 2.3183 ], [ 45.83588, 2.31812 ], [ 45.83551, 2.31769 ], [ 45.83429, 2.31689 ], [ 45.83331, 2.31592 ], [ 45.8327, 2.31531 ], [ 45.8327, 2.31348 ], [ 45.83368, 2.31348 ], [ 45.83411, 2.31329 ], [ 45.8335, 2.31311 ], [ 45.83228, 2.31207 ], [ 45.83191, 2.31232 ], [ 45.83051, 2.31207 ], [ 45.8299, 2.31128 ], [ 45.82928, 2.31128 ], [ 45.82788, 2.3111 ], [ 45.82788, 2.31189 ], [ 45.82672, 2.31171 ], [ 45.82452, 2.3103 ], [ 45.82349, 2.31012 ], [ 45.82233, 2.30951 ], [ 45.82129, 2.30872 ], [ 45.81952, 2.30829 ], [ 45.8183, 2.30811 ], [ 45.8175, 2.30811 ], [ 45.81681, 2.30792 ], [ 45.81592, 2.30768 ], [ 45.8147, 2.3067 ], [ 45.81348, 2.30609 ], [ 45.81268, 2.3053 ], [ 45.81152, 2.30469 ], [ 45.81012, 2.30353 ], [ 45.80847, 2.30212 ], [ 45.8075, 2.3009 ], [ 45.7981, 2.29547 ], [ 45.7973, 2.2959 ], [ 45.79633, 2.29651 ], [ 45.79529, 2.29688 ], [ 45.79449, 2.29712 ], [ 45.79352, 2.29712 ], [ 45.79309, 2.29688 ], [ 45.79248, 2.29669 ], [ 45.7923, 2.29633 ], [ 45.79248, 2.29572 ], [ 45.79169, 2.29529 ], [ 45.79053, 2.29468 ], [ 45.78949, 2.29388 ], [ 45.78851, 2.29291 ], [ 45.78772, 2.2923 ], [ 45.78632, 2.29132 ], [ 45.78571, 2.29053 ], [ 45.78528, 2.28967 ], [ 45.78473, 2.28931 ], [ 45.78333, 2.28888 ], [ 45.7829, 2.28833 ], [ 45.78192, 2.28772 ], [ 45.78088, 2.28668 ], [ 45.78009, 2.28693 ], [ 45.77991, 2.28748 ], [ 45.7793, 2.28748 ], [ 45.7785, 2.28711 ], [ 45.77808, 2.28693 ], [ 45.77728, 2.2865 ], [ 45.77667, 2.28589 ], [ 45.77649, 2.28589 ], [ 45.77551, 2.28528 ], [ 45.77472, 2.28491 ], [ 45.77368, 2.2843 ], [ 45.77191, 2.2821 ], [ 45.7713, 2.28131 ], [ 45.77051, 2.28052 ], [ 45.76971, 2.27972 ], [ 45.76831, 2.2785 ], [ 45.76672, 2.27753 ], [ 45.76489, 2.27631 ], [ 45.76367, 2.2757 ], [ 45.76288, 2.27509 ], [ 45.76172, 2.27448 ], [ 45.75989, 2.27332 ], [ 45.75909, 2.27289 ], [ 45.75812, 2.27209 ], [ 45.75348, 2.26929 ], [ 45.75391, 2.26892 ], [ 45.75348, 2.26849 ], [ 45.75311, 2.26892 ], [ 45.75269, 2.2691 ], [ 45.74847, 2.26691 ], [ 45.74689, 2.26569 ], [ 45.74548, 2.26453 ], [ 45.74469, 2.26349 ], [ 45.7431, 2.26312 ], [ 45.74292, 2.26288 ], [ 45.74231, 2.26208 ], [ 45.74109, 2.2627 ], [ 45.73993, 2.26208 ], [ 45.73932, 2.26208 ], [ 45.73828, 2.26147 ], [ 45.73712, 2.26129 ], [ 45.73511, 2.2605 ], [ 45.7345, 2.26068 ], [ 45.7337, 2.26031 ], [ 45.73291, 2.2597 ], [ 45.73187, 2.25928 ], [ 45.73053, 2.2583 ], [ 45.73053, 2.25732 ], [ 45.72968, 2.2569 ], [ 45.72852, 2.25513 ], [ 45.72729, 2.25452 ], [ 45.7265, 2.2547 ], [ 45.72449, 2.25348 ], [ 45.7207, 2.25092 ], [ 45.71613, 2.24792 ], [ 45.71393, 2.24652 ], [ 45.71252, 2.24573 ], [ 45.71112, 2.24469 ], [ 45.70868, 2.24329 ], [ 45.7077, 2.24268 ], [ 45.70709, 2.24188 ], [ 45.70673, 2.24109 ], [ 45.70587, 2.24091 ], [ 45.70551, 2.24048 ], [ 45.70453, 2.24072 ], [ 45.70288, 2.23969 ], [ 45.70129, 2.23907 ], [ 45.69952, 2.23792 ], [ 45.69891, 2.23828 ], [ 45.69751, 2.23749 ], [ 45.69611, 2.23651 ], [ 45.69373, 2.23468 ], [ 45.69128, 2.23309 ], [ 45.68951, 2.23169 ], [ 45.68768, 2.2309 ], [ 45.6861, 2.22992 ], [ 45.68488, 2.22931 ], [ 45.68451, 2.2287 ], [ 45.68347, 2.22852 ], [ 45.68311, 2.22809 ], [ 45.68268, 2.22809 ], [ 45.68188, 2.22791 ], [ 45.6817, 2.22772 ], [ 45.68109, 2.22772 ], [ 45.68048, 2.22748 ], [ 45.6795, 2.22729 ], [ 45.67889, 2.22729 ], [ 45.67828, 2.22693 ], [ 45.67767, 2.22668 ], [ 45.67712, 2.22607 ], [ 45.67688, 2.22589 ], [ 45.67651, 2.22552 ], [ 45.67572, 2.22449 ], [ 45.67468, 2.22333 ], [ 45.67432, 2.22333 ], [ 45.67371, 2.22272 ], [ 45.67291, 2.2215 ], [ 45.67169, 2.22028 ], [ 45.67072, 2.21991 ], [ 45.6701, 2.2193 ], [ 45.66968, 2.21912 ], [ 45.66913, 2.21851 ], [ 45.66913, 2.21729 ], [ 45.6687, 2.2179 ], [ 45.66809, 2.21808 ], [ 45.66632, 2.21729 ], [ 45.66528, 2.21667 ], [ 45.66388, 2.21613 ], [ 45.66309, 2.2157 ], [ 45.66248, 2.21527 ], [ 45.66211, 2.21552 ], [ 45.66091, 2.21535 ], [ 45.66028, 2.21509 ], [ 45.65851, 2.2135 ], [ 45.65729, 2.21307 ], [ 45.65631, 2.21271 ], [ 45.65552, 2.21228 ], [ 45.65448, 2.2121 ], [ 45.65393, 2.21228 ], [ 45.65332, 2.21228 ], [ 45.65167, 2.21173 ], [ 45.65088, 2.21112 ], [ 45.65009, 2.21069 ], [ 45.64948, 2.21033 ], [ 45.64893, 2.2099 ], [ 45.64832, 2.20929 ], [ 45.64771, 2.20892 ], [ 45.64673, 2.20813 ], [ 45.64587, 2.20673 ], [ 45.64551, 2.20612 ], [ 45.64532, 2.20532 ], [ 45.64612, 2.20551 ], [ 45.64612, 2.20532 ], [ 45.64569, 2.20508 ], [ 45.64532, 2.20471 ], [ 45.64508, 2.20428 ], [ 45.64471, 2.2041 ], [ 45.64471, 2.20392 ], [ 45.64447, 2.20367 ], [ 45.6441, 2.20349 ], [ 45.64392, 2.20331 ], [ 45.64349, 2.20313 ], [ 45.64331, 2.20331 ], [ 45.64331, 2.2041 ], [ 45.64313, 2.20428 ], [ 45.64209, 2.2049 ], [ 45.64172, 2.2049 ], [ 45.64069, 2.20471 ], [ 45.64008, 2.20471 ], [ 45.63971, 2.20453 ], [ 45.6391, 2.20428 ], [ 45.63867, 2.20428 ], [ 45.63733, 2.20392 ], [ 45.6369, 2.20367 ], [ 45.63629, 2.20349 ], [ 45.63568, 2.20313 ], [ 45.6355, 2.20313 ], [ 45.63507, 2.20288 ], [ 45.63507, 2.2027 ], [ 45.63489, 2.2027 ], [ 45.63428, 2.20172 ], [ 45.63409, 2.20148 ], [ 45.63391, 2.20129 ], [ 45.63348, 2.20111 ], [ 45.6333, 2.20068 ], [ 45.63287, 2.20032 ], [ 45.63251, 2.20007 ], [ 45.63208, 2.20007 ], [ 45.63153, 2.20032 ], [ 45.63092, 2.19989 ], [ 45.63031, 2.19952 ], [ 45.6297, 2.1991 ], [ 45.62909, 2.19849 ], [ 45.62848, 2.1983 ], [ 45.62769, 2.19769 ], [ 45.62708, 2.19733 ], [ 45.62653, 2.19708 ], [ 45.6261, 2.1969 ], [ 45.62549, 2.19672 ], [ 45.62512, 2.19611 ], [ 45.62408, 2.19568 ], [ 45.62311, 2.1947 ], [ 45.62048, 2.19312 ], [ 45.61908, 2.19189 ], [ 45.6181, 2.19128 ], [ 45.6167, 2.19049 ], [ 45.61609, 2.19012 ], [ 45.61469, 2.18988 ], [ 45.61328, 2.1897 ], [ 45.61212, 2.18848 ], [ 45.61151, 2.18811 ], [ 45.61108, 2.18732 ], [ 45.61029, 2.18707 ], [ 45.60913, 2.18689 ], [ 45.60748, 2.18573 ], [ 45.60687, 2.18512 ], [ 45.60686, 2.18491 ], [ 45.58771, 2.18329 ], [ 45.53324, 2.1783 ], [ 45.50738, 2.17587 ], [ 45.46097, 2.17165 ], [ 45.39097, 2.15165 ], [ 45.34505, 2.17461 ], [ 45.34214, 2.17606 ], [ 45.33112, 2.1817 ], [ 45.33114, 2.1835 ], [ 45.33123, 2.1886 ], [ 45.33207, 2.24113 ], [ 45.33216, 2.24682 ], [ 45.33709, 2.50981 ], [ 45.33972, 2.65088 ], [ 45.33972, 2.65369 ], [ 45.3399, 2.65668 ], [ 45.3399, 2.65973 ], [ 45.3399, 2.66272 ], [ 45.34015, 2.6777 ], [ 45.34088, 2.71688 ], [ 45.34097, 2.7216 ], [ 45.34089, 2.72168 ], [ 45.34061, 2.72196 ], [ 45.33112, 2.73169 ], [ 45.33362, 2.73229 ], [ 45.3258, 2.74367 ], [ 45.30713, 2.77087 ], [ 45.2739, 2.81928 ], [ 45.20331, 2.92212 ], [ 45.20148, 2.9245 ], [ 45.19989, 2.92688 ], [ 45.19812, 2.9295 ], [ 45.19647, 2.93188 ], [ 45.1947, 2.93433 ], [ 45.19312, 2.93689 ], [ 45.19137, 2.93916 ], [ 45.19113, 2.93951 ], [ 45.1897, 2.94171 ], [ 45.18793, 2.94427 ], [ 45.18628, 2.94672 ], [ 45.18488, 2.9486 ], [ 45.18361, 2.95044 ], [ 45.18292, 2.95148 ], [ 45.18127, 2.9541 ], [ 45.1795, 2.95648 ], [ 45.17792, 2.95892 ], [ 45.17609, 2.96149 ], [ 45.1745, 2.96393 ], [ 45.17291, 2.96613 ], [ 45.17169, 2.96808 ], [ 45.16992, 2.97052 ], [ 45.16827, 2.9729 ], [ 45.16669, 2.97528 ], [ 45.16492, 2.97772 ], [ 45.16333, 2.98029 ], [ 45.1615, 2.98273 ], [ 45.15991, 2.98511 ], [ 45.15866, 2.98673 ], [ 45.15701, 2.98913 ], [ 45.15649, 2.98993 ], [ 45.15491, 2.99231 ], [ 45.15308, 2.99487 ], [ 45.12109, 3.04169 ], [ 45.11421, 3.07054 ], [ 45.10773, 3.09772 ], [ 45.09711, 3.14209 ], [ 45.09631, 3.14508 ], [ 45.0957, 3.14789 ], [ 45.09509, 3.15088 ], [ 45.0943, 3.15369 ], [ 45.09369, 3.15668 ], [ 45.08296, 3.20148 ], [ 45.07106, 3.25116 ], [ 45.07096, 3.25154 ], [ 45.07112, 3.25146 ], [ 45.09502, 3.23952 ], [ 45.15088, 3.21149 ], [ 45.18097, 3.20898 ], [ 45.24655, 3.20351 ], [ 45.26634, 3.20186 ], [ 45.26994, 3.20156 ], [ 45.27087, 3.20148 ], [ 45.27189, 3.20156 ], [ 45.29699, 3.20348 ], [ 45.29712, 3.20349 ], [ 45.29711, 3.20351 ], [ 45.31262, 3.20466 ], [ 45.35215, 3.20763 ], [ 45.35814, 3.20804 ], [ 45.41816, 3.21257 ], [ 45.43583, 3.21389 ], [ 45.51453, 3.21978 ], [ 45.64335, 3.22938 ], [ 45.80047, 3.2411 ], [ 45.9001, 3.24851 ], [ 45.93379, 3.25102 ], [ 45.94098, 3.25152 ], [ 45.95972, 3.3075 ], [ 45.96083, 3.31113 ], [ 45.96089, 3.31131 ], [ 45.96349, 3.31912 ], [ 45.96534, 3.32466 ], [ 45.9859, 3.38629 ], [ 45.98651, 3.38812 ], [ 45.9873, 3.39054 ], [ 45.98753, 3.39122 ], [ 45.98853, 3.39392 ], [ 45.98964, 3.39755 ], [ 45.98981, 3.39806 ], [ 45.9903, 3.39948 ], [ 45.99155, 3.4033 ], [ 45.99316, 3.40811 ], [ 45.99353, 3.40912 ], [ 45.99512, 3.41388 ], [ 45.99615, 3.41708 ], [ 45.99639, 3.41781 ], [ 45.99731, 3.42047 ], [ 45.99766, 3.42161 ], [ 45.99935, 3.42669 ], [ 45.99951, 3.42712 ], [ 46.0011, 3.43188 ], [ 46.00171, 3.43372 ], [ 46.00232, 3.43549 ], [ 46.00391, 3.44031 ], [ 46.00531, 3.44409 ], [ 46.0064, 3.44783 ], [ 46.00674, 3.44886 ], [ 46.00689, 3.44931 ], [ 46.00751, 3.45068 ], [ 46.00873, 3.45453 ], [ 46.0097, 3.45752 ], [ 46.01031, 3.45929 ], [ 46.01134, 3.46264 ], [ 46.01149, 3.46308 ], [ 46.0116, 3.46341 ], [ 46.01251, 3.46588 ], [ 46.03088, 3.49969 ], [ 46.06109, 3.53149 ], [ 46.0611, 3.53149 ], [ 46.07571, 3.55094 ], [ 46.09095, 3.57124 ], [ 46.09113, 3.57147 ], [ 46.22521, 3.79876 ], [ 46.29088, 3.8355 ], [ 46.30334, 3.84247 ], [ 46.39099, 3.89141 ], [ 46.39106, 3.89145 ], [ 46.39111, 3.89141 ], [ 46.48606, 3.82994 ], [ 46.73037, 3.67168 ], [ 46.914, 3.55284 ], [ 47.03805, 3.47233 ], [ 47.02393, 3.45972 ], [ 47.01196, 3.44764 ], [ 47.00425, 3.43987 ], [ 46.91137, 3.33932 ], [ 46.8964, 3.32174 ], [ 46.87722, 3.29923 ], [ 46.8761, 3.29791 ], [ 46.87207, 3.29327 ], [ 46.86011, 3.27486 ], [ 46.83842, 3.24169 ] ] ] ] } },
{ "type": "Feature", "properties": { "adm1_name": "Mudug" }, "geometry": { "type": "MultiPolygon", "coordinates": [ [ [ [ 49.50106, 7.57115 ], [ 49.6507, 7.39929 ], [ 49.63989, 7.3833 ], [ 49.60388, 7.33008 ], [ 49.57507, 7.29388 ], [ 49.56977, 7.28649 ], [ 49.56579, 7.281 ], [ 49.54168, 7.24858 ], [ 49.52948, 7.23468 ], [ 49.51905, 7.21814 ], [ 49.50283, 7.19632 ], [ 49.48998, 7.17904 ], [ 49.47528, 7.15991 ], [ 49.42633, 7.08148 ], [ 49.42029, 7.07489 ], [ 49.3985, 7.05072 ], [ 49.39821, 7.05036 ], [ 49.39745, 7.04952 ], [ 49.38145, 7.02112 ], [ 49.37488, 7.00952 ], [ 49.3715, 7.00223 ], [ 49.36121, 6.9802 ], [ 49.35356, 6.96839 ], [ 49.33747, 6.94356 ], [ 49.33326, 6.93862 ], [ 49.32976, 6.93451 ], [ 49.32489, 6.92889 ], [ 49.32375, 6.92579 ], [ 49.32004, 6.91598 ], [ 49.3193, 6.91471 ], [ 49.31329, 6.90887 ], [ 49.31232, 6.9079 ], [ 49.31108, 6.9044 ], [ 49.30735, 6.89425 ], [ 49.30209, 6.88733 ], [ 49.29279, 6.8693 ], [ 49.28868, 6.86134 ], [ 49.28569, 6.85555 ], [ 49.27074, 6.8314 ], [ 49.25952, 6.81329 ], [ 49.25899, 6.81141 ], [ 49.25896, 6.81135 ], [ 49.25835, 6.80917 ], [ 49.25708, 6.80469 ], [ 49.25708, 6.80457 ], [ 49.25699, 6.80425 ], [ 49.2525, 6.80072 ], [ 49.25237, 6.80059 ], [ 49.25193, 6.80024 ], [ 49.24842, 6.79519 ], [ 49.24548, 6.79108 ], [ 49.23637, 6.77367 ], [ 49.23079, 6.76312 ], [ 49.22588, 6.7547 ], [ 49.22486, 6.75325 ], [ 49.21843, 6.74408 ], [ 49.21112, 6.7337 ], [ 49.2111, 6.73365 ], [ 49.2111, 6.73364 ], [ 49.20861, 6.72513 ], [ 49.20747, 6.70871 ], [ 49.20709, 6.70349 ], [ 49.20665, 6.70258 ], [ 49.19915, 6.6874 ], [ 49.17964, 6.63714 ], [ 49.1735, 6.62132 ], [ 49.1641, 6.60108 ], [ 49.15748, 6.58682 ], [ 49.15369, 6.57867 ], [ 49.1524, 6.57646 ], [ 49.14642, 6.56626 ], [ 49.14556, 6.56039 ], [ 49.1442, 6.55108 ], [ 49.13286, 6.53014 ], [ 49.12848, 6.52209 ], [ 49.11508, 6.49143 ], [ 49.11326, 6.48726 ], [ 49.10416, 6.45768 ], [ 49.08997, 6.41153 ], [ 49.08796, 6.40291 ], [ 49.08571, 6.39325 ], [ 49.08525, 6.39127 ], [ 49.08063, 6.35056 ], [ 49.07916, 6.32274 ], [ 49.08083, 6.31218 ], [ 49.08371, 6.30303 ], [ 49.08503, 6.29886 ], [ 49.08436, 6.29041 ], [ 49.08368, 6.28247 ], [ 49.08228, 6.27832 ], [ 49.06879, 6.23517 ], [ 49.0618, 6.213 ], [ 49.05455, 6.19251 ], [ 49.05411, 6.19155 ], [ 49.04828, 6.18188 ], [ 49.03888, 6.15991 ], [ 49.03418, 6.14856 ], [ 49.03319, 6.14642 ], [ 48.98935, 6.05267 ], [ 48.98712, 6.04791 ], [ 48.98667, 6.04708 ], [ 48.98562, 6.04518 ], [ 48.96546, 6.00883 ], [ 48.94769, 5.98492 ], [ 48.93988, 5.96667 ], [ 48.9231, 5.93951 ], [ 48.92169, 5.93671 ], [ 48.91494, 5.92385 ], [ 48.89719, 5.89399 ], [ 48.89508, 5.89111 ], [ 48.88894, 5.88011 ], [ 48.87485, 5.85641 ], [ 48.87479, 5.85632 ], [ 48.85852, 5.83191 ], [ 48.85651, 5.82849 ], [ 48.85165, 5.81997 ], [ 48.79263, 5.72728 ], [ 48.79181, 5.72596 ], [ 48.78888, 5.72168 ], [ 48.78571, 5.7171 ], [ 48.72607, 5.6239 ], [ 48.72089, 5.6153 ], [ 48.68732, 5.55792 ], [ 48.6854, 5.55403 ], [ 48.63044, 5.46523 ], [ 48.56834, 5.38431 ], [ 48.54272, 5.35687 ], [ 48.54132, 5.35529 ], [ 48.53729, 5.34967 ], [ 48.53632, 5.34528 ], [ 48.53685, 5.34327 ], [ 48.46142, 5.24497 ], [ 48.43292, 5.21008 ], [ 48.43268, 5.2099 ], [ 48.43011, 5.2063 ], [ 48.39235, 5.15497 ], [ 48.36615, 5.12083 ], [ 48.36328, 5.11829 ], [ 48.36267, 5.11792 ], [ 48.35911, 5.11165 ], [ 48.33648, 5.08216 ], [ 48.29658, 5.03017 ], [ 48.2785, 5.0047 ], [ 48.27533, 5.00012 ], [ 48.2644, 4.98441 ], [ 48.25737, 4.97434 ], [ 48.19736, 4.88358 ], [ 48.17182, 4.83178 ], [ 48.17151, 4.8313 ], [ 48.16912, 4.82404 ], [ 48.16783, 4.82019 ], [ 48.13131, 4.75172 ], [ 48.11749, 4.72827 ], [ 48.11407, 4.7207 ], [ 48.11187, 4.71526 ], [ 48.10315, 4.69891 ], [ 48.09729, 4.68951 ], [ 48.08759, 4.66973 ], [ 48.08639, 4.66748 ], [ 48.0863, 4.66748 ], [ 48.05847, 4.62952 ], [ 48.05768, 4.6283 ], [ 48.0481, 4.61328 ], [ 48.0387, 4.59869 ], [ 48.0191, 4.5639 ], [ 48.0111, 4.54494 ], [ 47.99795, 4.52354 ], [ 47.9931, 4.51691 ], [ 47.99213, 4.51569 ], [ 47.98529, 4.50409 ], [ 47.96887, 4.47632 ], [ 47.96851, 4.47571 ], [ 47.95569, 4.45944 ], [ 47.93942, 4.43889 ], [ 47.92908, 4.42841 ], [ 47.90668, 4.40588 ], [ 47.90491, 4.40393 ], [ 47.87433, 4.37732 ], [ 47.86011, 4.36267 ], [ 47.83482, 4.33289 ], [ 47.60547, 4.44188 ], [ 47.50168, 4.49531 ], [ 47.50169, 4.49534 ], [ 47.50171, 4.49548 ], [ 47.60332, 5.1419 ], [ 47.60714, 5.16675 ], [ 47.60802, 5.1995 ], [ 47.59498, 5.23501 ], [ 47.58146, 5.27181 ], [ 47.58089, 5.27335 ], [ 47.58082, 5.27335 ], [ 47.52689, 5.4197 ], [ 47.47101, 5.57134 ], [ 47.39149, 5.6924 ], [ 47.38862, 5.69677 ], [ 47.35175, 5.75283 ], [ 47.35171, 5.75289 ], [ 47.35168, 5.75293 ], [ 47.35175, 5.75307 ], [ 47.3825, 5.81822 ], [ 47.51877, 6.10694 ], [ 47.56594, 6.20691 ], [ 47.60101, 6.28127 ], [ 47.60103, 6.28132 ], [ 47.60101, 6.28132 ], [ 47.53344, 6.29641 ], [ 47.51877, 6.2997 ], [ 47.47106, 6.31039 ], [ 47.35839, 6.33561 ], [ 47.35804, 6.33569 ], [ 47.31622, 6.34505 ], [ 47.29652, 6.34946 ], [ 47.29582, 6.34962 ], [ 47.29591, 6.34946 ], [ 47.07738, 6.39826 ], [ 46.99746, 6.41611 ], [ 46.73734, 6.47419 ], [ 46.68434, 6.486 ], [ 46.68432, 6.486 ], [ 46.6842, 6.48603 ], [ 46.54155, 6.51773 ], [ 46.54065, 6.51863 ], [ 46.53827, 6.52098 ], [ 46.53883, 6.52155 ], [ 46.54513, 6.52802 ], [ 46.55143, 6.53449 ], [ 46.55773, 6.54095 ], [ 46.56403, 6.54742 ], [ 46.57034, 6.55388 ], [ 46.57664, 6.56035 ], [ 46.58294, 6.56682 ], [ 46.58924, 6.57328 ], [ 46.59554, 6.57975 ], [ 46.60184, 6.58621 ], [ 46.60815, 6.59268 ], [ 46.61445, 6.59914 ], [ 46.62075, 6.60561 ], [ 46.62705, 6.61207 ], [ 46.63336, 6.61854 ], [ 46.63966, 6.625 ], [ 46.64596, 6.63147 ], [ 46.65226, 6.63793 ], [ 46.65857, 6.64439 ], [ 46.66487, 6.65086 ], [ 46.67118, 6.65732 ], [ 46.67748, 6.66379 ], [ 46.68378, 6.67025 ], [ 46.69009, 6.67672 ], [ 46.69639, 6.68318 ], [ 46.7027, 6.68964 ], [ 46.709, 6.69611 ], [ 46.71531, 6.70257 ], [ 46.72161, 6.70904 ], [ 46.72792, 6.7155 ], [ 46.73422, 6.72196 ], [ 46.74053, 6.72843 ], [ 46.74683, 6.73489 ], [ 46.75314, 6.74135 ], [ 46.75944, 6.74782 ], [ 46.76575, 6.75428 ], [ 46.77206, 6.76074 ], [ 46.77836, 6.7672 ], [ 46.78467, 6.77367 ], [ 46.79098, 6.78013 ], [ 46.79728, 6.78659 ], [ 46.80359, 6.79306 ], [ 46.8099, 6.79952 ], [ 46.81621, 6.80598 ], [ 46.82251, 6.81244 ], [ 46.82882, 6.81891 ], [ 46.83513, 6.82537 ], [ 46.84144, 6.83183 ], [ 46.84775, 6.83829 ], [ 46.85406, 6.84475 ], [ 46.86036, 6.85122 ], [ 46.86667, 6.85768 ], [ 46.87298, 6.86414 ], [ 46.87929, 6.8706 ], [ 46.8856, 6.87706 ], [ 46.89191, 6.88352 ], [ 46.89503, 6.88672 ], [ 46.89822, 6.88998 ], [ 46.90453, 6.89645 ], [ 46.91084, 6.90291 ], [ 46.91715, 6.90937 ], [ 46.92346, 6.91583 ], [ 46.92977, 6.92229 ], [ 46.93608, 6.92875 ], [ 46.94239, 6.93521 ], [ 46.9487, 6.94167 ], [ 46.95502, 6.94813 ], [ 46.96133, 6.95459 ], [ 46.96764, 6.96105 ], [ 46.97395, 6.96751 ], [ 46.98026, 6.97397 ], [ 46.98657, 6.98043 ], [ 46.99289, 6.98689 ], [ 46.9992, 6.99335 ], [ 47.00551, 6.99981 ], [ 47.01183, 7.00627 ], [ 47.01814, 7.01273 ], [ 47.02445, 7.01919 ], [ 47.03076, 7.02565 ], [ 47.03708, 7.03211 ], [ 47.04339, 7.03857 ], [ 47.04971, 7.04503 ], [ 47.05602, 7.05149 ], [ 47.06233, 7.05795 ], [ 47.06865, 7.06441 ], [ 47.07496, 7.07087 ], [ 47.08128, 7.07733 ], [ 47.08759, 7.08379 ], [ 47.09391, 7.09024 ], [ 47.10022, 7.0967 ], [ 47.10654, 7.10316 ], [ 47.11285, 7.10962 ], [ 47.11917, 7.11608 ], [ 47.12549, 7.12254 ], [ 47.1318, 7.12899 ], [ 47.13812, 7.13545 ], [ 47.14444, 7.14191 ], [ 47.14688, 7.1444 ], [ 47.15075, 7.14837 ], [ 47.15707, 7.15483 ], [ 47.16339, 7.16128 ], [ 47.1697, 7.16774 ], [ 47.17602, 7.1742 ], [ 47.18234, 7.18066 ], [ 47.18866, 7.18711 ], [ 47.19497, 7.19357 ], [ 47.20129, 7.20003 ], [ 47.20761, 7.20648 ], [ 47.21393, 7.21294 ], [ 47.22025, 7.2194 ], [ 47.22657, 7.22586 ], [ 47.23289, 7.23231 ], [ 47.23921, 7.23877 ], [ 47.24552, 7.24523 ], [ 47.25184, 7.25168 ], [ 47.25816, 7.25814 ], [ 47.26448, 7.26459 ], [ 47.2708, 7.27105 ], [ 47.27712, 7.27751 ], [ 47.28344, 7.28396 ], [ 47.28977, 7.29042 ], [ 47.29609, 7.29687 ], [ 47.30241, 7.30333 ], [ 47.30873, 7.30979 ], [ 47.31505, 7.31624 ], [ 47.32137, 7.3227 ], [ 47.32769, 7.32915 ], [ 47.33402, 7.33561 ], [ 47.34034, 7.34206 ], [ 47.34666, 7.34852 ], [ 47.35298, 7.35497 ], [ 47.3593, 7.36143 ], [ 47.36002, 7.36216 ], [ 47.36563, 7.36788 ], [ 47.37195, 7.37434 ], [ 47.37827, 7.38079 ], [ 47.3846, 7.38725 ], [ 47.39092, 7.3937 ], [ 47.39724, 7.40016 ], [ 47.40357, 7.40661 ], [ 47.40989, 7.41306 ], [ 47.41622, 7.41952 ], [ 47.42254, 7.42597 ], [ 47.42887, 7.43243 ], [ 47.43519, 7.43888 ], [ 47.44152, 7.44533 ], [ 47.44784, 7.45179 ], [ 47.45417, 7.45824 ], [ 47.46049, 7.46469 ], [ 47.46682, 7.47115 ], [ 47.47314, 7.4776 ], [ 47.47947, 7.48405 ], [ 47.4858, 7.49051 ], [ 47.49212, 7.49696 ], [ 47.49845, 7.50341 ], [ 47.50478, 7.50987 ], [ 47.5111, 7.51632 ], [ 47.51743, 7.52277 ], [ 47.52376, 7.52922 ], [ 47.53009, 7.53568 ], [ 47.53641, 7.54213 ], [ 47.54274, 7.54858 ], [ 47.54907, 7.55503 ], [ 47.5554, 7.56148 ], [ 47.55622, 7.56232 ], [ 47.55768, 7.56381 ], [ 47.58631, 7.55878 ], [ 48.10089, 7.47542 ], [ 48.16921, 7.46439 ], [ 48.28686, 7.44557 ], [ 48.30485, 7.44268 ], [ 48.4746, 7.41541 ], [ 48.50009, 7.41132 ], [ 48.50104, 7.41116 ], [ 48.50131, 7.41132 ], [ 48.53146, 7.42838 ], [ 48.53149, 7.4284 ], [ 48.86266, 7.61584 ], [ 48.93687, 7.65781 ], [ 48.93708, 7.65793 ], [ 48.99435, 7.69032 ], [ 49.03113, 7.71112 ], [ 49.03497, 7.71089 ], [ 49.05153, 7.7099 ], [ 49.19105, 7.70114 ], [ 49.1911, 7.70111 ], [ 49.26788, 7.66431 ], [ 49.34515, 7.62719 ], [ 49.44105, 7.58115 ], [ 49.50106, 7.57115 ] ] ] ] } },
{ "type": "Feature", "properties": { "adm1_name": "Nugaal" }, "geometry": { "type": "MultiPolygon", "coordinates": [ [ [ [ 49.11105, 8.90103 ], [ 49.18105, 8.77104 ], [ 49.25543, 8.71753 ], [ 49.30007, 8.68541 ], [ 49.30008, 8.68541 ], [ 49.32173, 8.67187 ], [ 49.34391, 8.65801 ], [ 49.34528, 8.6571 ], [ 49.3459, 8.65677 ], [ 49.35837, 8.64898 ], [ 49.35968, 8.64807 ], [ 49.3623, 8.64648 ], [ 49.36278, 8.64622 ], [ 49.37368, 8.63941 ], [ 49.37408, 8.6391 ], [ 49.37671, 8.63751 ], [ 49.37763, 8.63694 ], [ 49.38821, 8.63033 ], [ 49.38849, 8.63013 ], [ 49.39111, 8.62848 ], [ 49.39159, 8.62822 ], [ 49.40078, 8.62247 ], [ 49.40131, 8.62207 ], [ 49.40234, 8.6215 ], [ 49.44193, 8.59676 ], [ 49.45106, 8.59105 ], [ 49.50804, 8.58858 ], [ 49.51232, 8.58839 ], [ 49.5191, 8.5881 ], [ 49.51929, 8.58807 ], [ 49.51963, 8.58807 ], [ 49.52284, 8.58793 ], [ 49.52332, 8.58789 ], [ 49.52384, 8.58789 ], [ 49.53529, 8.58739 ], [ 49.53696, 8.58732 ], [ 49.53729, 8.58728 ], [ 49.53788, 8.58728 ], [ 49.55009, 8.58675 ], [ 49.55029, 8.58673 ], [ 49.55051, 8.58673 ], [ 49.55435, 8.58656 ], [ 49.5553, 8.58649 ], [ 49.55613, 8.58649 ], [ 49.56358, 8.58616 ], [ 49.56427, 8.58612 ], [ 49.56455, 8.58612 ], [ 49.56725, 8.586 ], [ 49.5683, 8.58588 ], [ 49.57017, 8.58588 ], [ 49.57725, 8.58557 ], [ 49.58826, 8.58509 ], [ 49.58832, 8.58508 ], [ 49.58842, 8.58508 ], [ 49.60212, 8.58449 ], [ 49.60229, 8.58447 ], [ 49.60245, 8.58447 ], [ 49.60601, 8.58432 ], [ 49.60632, 8.58429 ], [ 49.60666, 8.58429 ], [ 49.60865, 8.5842 ], [ 49.60975, 8.58416 ], [ 49.61029, 8.58411 ], [ 49.61087, 8.58411 ], [ 49.61855, 8.58377 ], [ 49.61932, 8.58368 ], [ 49.6207, 8.58368 ], [ 49.62379, 8.58354 ], [ 49.62433, 8.5835 ], [ 49.64075, 8.58281 ], [ 49.68106, 8.58105 ], [ 49.73758, 8.5528 ], [ 49.78106, 8.53106 ], [ 49.78867, 8.50571 ], [ 49.79773, 8.47548 ], [ 49.81368, 8.42233 ], [ 49.81503, 8.41784 ], [ 49.84104, 8.33115 ], [ 49.84106, 8.33108 ], [ 49.84112, 8.33115 ], [ 49.84113, 8.33112 ], [ 49.84115, 8.33115 ], [ 49.8728, 8.37547 ], [ 49.89106, 8.40105 ], [ 49.89111, 8.40112 ], [ 49.91425, 8.43585 ], [ 49.91891, 8.44284 ], [ 49.93106, 8.46107 ], [ 50.05107, 8.44107 ], [ 50.17608, 8.3291 ], [ 50.16936, 8.32645 ], [ 50.16532, 8.3227 ], [ 50.16309, 8.32068 ], [ 50.1624, 8.31999 ], [ 50.1622, 8.31981 ], [ 50.15688, 8.30996 ], [ 50.15501, 8.29826 ], [ 50.15363, 8.29283 ], [ 50.1516, 8.28991 ], [ 50.14714, 8.2836 ], [ 50.14562, 8.27019 ], [ 50.14551, 8.26929 ], [ 50.14551, 8.26924 ], [ 50.1455, 8.26915 ], [ 50.14615, 8.25677 ], [ 50.14616, 8.25653 ], [ 50.1436, 8.24575 ], [ 50.13759, 8.23613 ], [ 50.12922, 8.19853 ], [ 50.12415, 8.19336 ], [ 50.11969, 8.1889 ], [ 50.11487, 8.18391 ], [ 50.11465, 8.18368 ], [ 50.11436, 8.18339 ], [ 50.11366, 8.18268 ], [ 50.11315, 8.18216 ], [ 50.11267, 8.1817 ], [ 50.10338, 8.17387 ], [ 50.07554, 8.15054 ], [ 50.07545, 8.15048 ], [ 50.07428, 8.14925 ], [ 50.06311, 8.1377 ], [ 50.06239, 8.13685 ], [ 50.06207, 8.13651 ], [ 50.05883, 8.13437 ], [ 50.0553, 8.13208 ], [ 50.04795, 8.1282 ], [ 50.04547, 8.12691 ], [ 50.03151, 8.12169 ], [ 50.01813, 8.1167 ], [ 50.01695, 8.11597 ], [ 50.0, 8.10549 ], [ 49.9844, 8.09584 ], [ 49.95148, 8.06271 ], [ 49.94198, 8.05314 ], [ 49.93438, 8.0455 ], [ 49.9339, 8.0451 ], [ 49.92375, 8.03319 ], [ 49.90656, 8.01315 ], [ 49.906, 8.01249 ], [ 49.89271, 8.00057 ], [ 49.89245, 8.00034 ], [ 49.89209, 8.00012 ], [ 49.86108, 7.96088 ], [ 49.8609, 7.96059 ], [ 49.86032, 7.95986 ], [ 49.85596, 7.95731 ], [ 49.85508, 7.95738 ], [ 49.85028, 7.95789 ], [ 49.8407, 7.9635 ], [ 49.8399, 7.96411 ], [ 49.83987, 7.96393 ], [ 49.83976, 7.964 ], [ 49.83936, 7.96161 ], [ 49.8412, 7.96023 ], [ 49.84834, 7.95486 ], [ 49.84999, 7.95362 ], [ 49.84912, 7.95032 ], [ 49.83533, 7.93488 ], [ 49.82727, 7.92188 ], [ 49.82284, 7.91034 ], [ 49.82186, 7.90784 ], [ 49.81622, 7.88165 ], [ 49.8137, 7.86261 ], [ 49.81175, 7.84789 ], [ 49.80957, 7.81827 ], [ 49.8119, 7.813 ], [ 49.81621, 7.80767 ], [ 49.81655, 7.80726 ], [ 49.81703, 7.79787 ], [ 49.81889, 7.7926 ], [ 49.82167, 7.78986 ], [ 49.82858, 7.78851 ], [ 49.82865, 7.78852 ], [ 49.82867, 7.78851 ], [ 49.83642, 7.78966 ], [ 49.83891, 7.78742 ], [ 49.83816, 7.78464 ], [ 49.83807, 7.78431 ], [ 49.83807, 7.7843 ], [ 49.83536, 7.78159 ], [ 49.83264, 7.77895 ], [ 49.83184, 7.77818 ], [ 49.83173, 7.77808 ], [ 49.83172, 7.77806 ], [ 49.83162, 7.77796 ], [ 49.83003, 7.77244 ], [ 49.83119, 7.76969 ], [ 49.83488, 7.7681 ], [ 49.83627, 7.76512 ], [ 49.82553, 7.74717 ], [ 49.83109, 7.73847 ], [ 49.83099, 7.7383 ], [ 49.82378, 7.72536 ], [ 49.81518, 7.71474 ], [ 49.80271, 7.69933 ], [ 49.8027, 7.69931 ], [ 49.80267, 7.69928 ], [ 49.79688, 7.68872 ], [ 49.79688, 7.68847 ], [ 49.79678, 7.68829 ], [ 49.78741, 7.67973 ], [ 49.78679, 7.67916 ], [ 49.78668, 7.67908 ], [ 49.78027, 7.6701 ], [ 49.7795, 7.66837 ], [ 49.77275, 7.65352 ], [ 49.76921, 7.63998 ], [ 49.76892, 7.63892 ], [ 49.76891, 7.63885 ], [ 49.76891, 7.63882 ], [ 49.7667, 7.61707 ], [ 49.76601, 7.61498 ], [ 49.76221, 7.60379 ], [ 49.75942, 7.59561 ], [ 49.74835, 7.5727 ], [ 49.74213, 7.55988 ], [ 49.7099, 7.50092 ], [ 49.70879, 7.49844 ], [ 49.70539, 7.4911 ], [ 49.69827, 7.47573 ], [ 49.68616, 7.45405 ], [ 49.67889, 7.4411 ], [ 49.6507, 7.39929 ], [ 49.50106, 7.57115 ], [ 49.44105, 7.58115 ], [ 49.34515, 7.62719 ], [ 49.26788, 7.66431 ], [ 49.1911, 7.70111 ], [ 49.19105, 7.70114 ], [ 49.05153, 7.7099 ], [ 49.03497, 7.71089 ], [ 49.03113, 7.71112 ], [ 48.99435, 7.69032 ], [ 48.93708, 7.65793 ], [ 48.93687, 7.65781 ], [ 48.86266, 7.61584 ], [ 48.53149, 7.4284 ], [ 48.53146, 7.42838 ], [ 48.50131, 7.41132 ], [ 48.50104, 7.41116 ], [ 48.50009, 7.41132 ], [ 48.4746, 7.41541 ], [ 48.30485, 7.44268 ], [ 48.28686, 7.44557 ], [ 48.16921, 7.46439 ], [ 48.10089, 7.47542 ], [ 47.58631, 7.55878 ], [ 47.55768, 7.56381 ], [ 47.56173, 7.56794 ], [ 47.56806, 7.57439 ], [ 47.57439, 7.58084 ], [ 47.58071, 7.58729 ], [ 47.58704, 7.59374 ], [ 47.59337, 7.60019 ], [ 47.5997, 7.60665 ], [ 47.60603, 7.6131 ], [ 47.61236, 7.61955 ], [ 47.61869, 7.626 ], [ 47.62502, 7.63245 ], [ 47.63135, 7.6389 ], [ 47.63769, 7.64535 ], [ 47.64402, 7.6518 ], [ 47.65035, 7.65825 ], [ 47.65668, 7.6647 ], [ 47.66301, 7.67116 ], [ 47.66934, 7.67761 ], [ 47.67567, 7.68406 ], [ 47.68201, 7.69051 ], [ 47.68834, 7.69696 ], [ 47.69467, 7.70341 ], [ 47.701, 7.70986 ], [ 47.70734, 7.71631 ], [ 47.71367, 7.72276 ], [ 47.72, 7.7292 ], [ 47.72634, 7.73565 ], [ 47.73267, 7.7421 ], [ 47.739, 7.74855 ], [ 47.74534, 7.755 ], [ 47.75167, 7.76145 ], [ 47.75801, 7.7679 ], [ 47.76434, 7.77435 ], [ 47.77068, 7.7808 ], [ 47.77701, 7.78725 ], [ 47.78335, 7.7937 ], [ 47.78968, 7.80014 ], [ 47.79602, 7.80659 ], [ 47.80235, 7.81304 ], [ 47.80869, 7.81949 ], [ 47.81503, 7.82594 ], [ 47.82136, 7.83239 ], [ 47.8277, 7.83883 ], [ 47.83404, 7.84528 ], [ 47.84037, 7.85173 ], [ 47.84671, 7.85818 ], [ 47.85305, 7.86462 ], [ 47.85939, 7.87107 ], [ 47.86572, 7.87752 ], [ 47.87206, 7.88397 ], [ 47.8784, 7.89041 ], [ 47.88474, 7.89686 ], [ 47.89108, 7.90331 ], [ 47.89742, 7.90975 ], [ 47.90376, 7.9162 ], [ 47.91009, 7.92265 ], [ 47.91643, 7.92909 ], [ 47.92277, 7.93554 ], [ 47.92911, 7.94199 ], [ 47.93545, 7.94843 ], [ 47.94179, 7.95488 ], [ 47.94181, 7.95489 ], [ 47.94813, 7.96133 ], [ 47.95447, 7.96777 ], [ 47.96081, 7.97422 ], [ 47.96716, 7.98066 ], [ 47.9735, 7.98711 ], [ 47.97984, 7.99355 ], [ 47.98618, 8.0 ], [ 47.95145, 8.0 ], [ 47.91999, 8.00002 ], [ 47.92764, 8.00773 ], [ 47.95459, 8.03468 ], [ 48.13103, 8.21109 ], [ 48.05103, 8.24109 ], [ 48.06149, 8.2522 ], [ 48.08076, 8.27262 ], [ 48.33653, 8.5437 ], [ 48.36736, 8.57617 ], [ 48.39994, 8.61049 ], [ 48.53762, 8.75627 ], [ 48.54543, 8.76454 ], [ 48.56101, 8.78101 ], [ 48.56104, 8.78104 ], [ 48.73104, 8.78104 ], [ 48.73113, 8.78113 ], [ 48.76397, 8.81489 ], [ 48.79414, 8.84587 ], [ 48.82489, 8.87744 ], [ 49.04362, 9.10203 ], [ 49.0704, 9.12953 ], [ 49.08111, 9.14053 ], [ 49.08112, 9.1405 ], [ 49.08615, 9.10025 ], [ 49.08665, 9.09623 ], [ 49.11105, 8.90103 ] ] ] ] } },
{ "type": "Feature", "properties": { "adm1_name": "Sanaag" }, "geometry": { "type": "MultiPolygon", "coordinates": [ [ [ [ 48.70194, 11.30749 ], [ 48.71615, 11.30546 ], [ 48.75973, 11.29426 ], [ 48.77374, 11.29066 ], [ 48.78167, 11.28811 ], [ 48.7879, 11.28607 ], [ 48.78929, 11.28565 ], [ 48.79356, 11.28427 ], [ 48.80141, 11.28085 ], [ 48.81874, 11.2733 ], [ 48.82665, 11.26866 ], [ 48.83671, 11.26276 ], [ 48.84898, 11.25906 ], [ 48.85791, 11.25629 ], [ 48.87427, 11.24895 ], [ 48.8796, 11.24653 ], [ 48.90665, 11.2412 ], [ 48.91605, 11.23934 ], [ 48.91913, 11.23871 ], [ 48.93507, 11.17339 ], [ 48.95616, 11.087 ], [ 48.96214, 11.06263 ], [ 48.96931, 11.03345 ], [ 49.00293, 10.89648 ], [ 49.01166, 10.86068 ], [ 49.01181, 10.86007 ], [ 49.03113, 10.78088 ], [ 49.03373, 10.66568 ], [ 49.03643, 10.54974 ], [ 49.03984, 10.40337 ], [ 49.04108, 10.35092 ], [ 49.04187, 10.35168 ], [ 49.0411, 10.35092 ], [ 49.04108, 10.35089 ], [ 49.04185, 10.31965 ], [ 49.04187, 10.3189 ], [ 49.04188, 10.31835 ], [ 49.04637, 10.14369 ], [ 49.05533, 9.79581 ], [ 49.05533, 9.7958 ], [ 49.06105, 9.5711 ], [ 49.03852, 9.56975 ], [ 48.57971, 9.54213 ], [ 48.57948, 9.54211 ], [ 48.57719, 9.54193 ], [ 48.35961, 9.52493 ], [ 48.35615, 9.52466 ], [ 48.35292, 9.5244 ], [ 48.35284, 9.52439 ], [ 48.35284, 9.5244 ], [ 48.35275, 9.52439 ], [ 48.3176, 9.52157 ], [ 48.30877, 9.52086 ], [ 48.07953, 9.50245 ], [ 48.07637, 9.50226 ], [ 47.39572, 9.46068 ], [ 47.38228, 9.45987 ], [ 47.3373, 9.45715 ], [ 47.10089, 9.44287 ], [ 46.91107, 9.43099 ], [ 46.91101, 9.43098 ], [ 46.90686, 9.43039 ], [ 46.84113, 9.42108 ], [ 46.79773, 9.45551 ], [ 46.79547, 9.45728 ], [ 46.79327, 9.45911 ], [ 46.79108, 9.46069 ], [ 46.78888, 9.46252 ], [ 46.78668, 9.46429 ], [ 46.78513, 9.46541 ], [ 46.78326, 9.46691 ], [ 46.78229, 9.46771 ], [ 46.78009, 9.46948 ], [ 46.77808, 9.47113 ], [ 46.778, 9.47119 ], [ 46.77631, 9.47247 ], [ 46.77429, 9.47412 ], [ 46.77191, 9.47607 ], [ 46.77032, 9.47729 ], [ 46.76792, 9.4791 ], [ 46.76632, 9.48037 ], [ 46.76544, 9.48107 ], [ 46.7641, 9.4823 ], [ 46.76251, 9.48352 ], [ 46.76007, 9.48547 ], [ 46.75769, 9.4873 ], [ 46.75549, 9.48907 ], [ 46.75391, 9.49048 ], [ 46.75153, 9.49231 ], [ 46.74908, 9.49408 ], [ 46.74689, 9.49591 ], [ 46.7453, 9.49731 ], [ 46.74292, 9.49908 ], [ 46.74051, 9.50089 ], [ 46.74047, 9.50093 ], [ 46.73828, 9.50293 ], [ 46.73669, 9.50409 ], [ 46.73431, 9.50592 ], [ 46.73187, 9.50787 ], [ 46.72968, 9.5097 ], [ 46.72809, 9.51093 ], [ 46.72571, 9.51288 ], [ 46.72333, 9.51471 ], [ 46.7211, 9.51632 ], [ 46.72069, 9.51665 ], [ 46.71948, 9.5177 ], [ 46.7171, 9.51971 ], [ 46.71472, 9.52148 ], [ 46.71276, 9.52296 ], [ 46.71159, 9.52389 ], [ 46.71088, 9.52448 ], [ 46.7085, 9.52649 ], [ 46.70612, 9.52832 ], [ 46.70367, 9.53027 ], [ 46.70209, 9.53149 ], [ 46.69989, 9.53333 ], [ 46.69751, 9.53528 ], [ 46.69513, 9.53711 ], [ 46.69348, 9.53833 ], [ 46.69128, 9.5401 ], [ 46.6889, 9.54211 ], [ 46.68652, 9.54388 ], [ 46.68526, 9.54482 ], [ 46.68286, 9.54673 ], [ 46.68268, 9.54688 ], [ 46.6803, 9.54889 ], [ 46.67792, 9.55072 ], [ 46.67696, 9.55142 ], [ 46.67499, 9.55299 ], [ 46.67389, 9.55389 ], [ 46.67169, 9.55573 ], [ 46.66931, 9.55768 ], [ 46.66772, 9.5589 ], [ 46.66528, 9.56073 ], [ 46.66309, 9.5625 ], [ 46.66071, 9.56451 ], [ 46.65912, 9.56567 ], [ 46.65759, 9.56682 ], [ 46.65634, 9.56782 ], [ 46.65448, 9.56952 ], [ 46.6521, 9.57129 ], [ 46.65051, 9.57251 ], [ 46.64962, 9.57315 ], [ 46.64718, 9.5751 ], [ 46.64587, 9.57629 ], [ 46.64349, 9.57813 ], [ 46.64199, 9.57922 ], [ 46.6418, 9.57937 ], [ 46.63953, 9.5813 ], [ 46.63708, 9.58313 ], [ 46.63489, 9.5849 ], [ 46.6333, 9.5863 ], [ 46.63092, 9.58807 ], [ 46.62984, 9.58888 ], [ 46.62797, 9.59037 ], [ 46.62628, 9.59192 ], [ 46.62469, 9.59308 ], [ 46.62231, 9.59491 ], [ 46.62171, 9.59535 ], [ 46.61881, 9.59765 ], [ 46.61768, 9.59869 ], [ 46.61609, 9.59991 ], [ 46.6142, 9.60132 ], [ 46.61321, 9.60211 ], [ 46.61133, 9.6037 ], [ 46.60913, 9.60553 ], [ 46.60748, 9.60669 ], [ 46.6051, 9.6087 ], [ 46.60272, 9.61047 ], [ 46.60052, 9.6123 ], [ 46.59888, 9.61353 ], [ 46.5965, 9.61548 ], [ 46.59412, 9.61731 ], [ 46.59192, 9.61908 ], [ 46.59027, 9.62048 ], [ 46.58789, 9.62231 ], [ 46.5864, 9.62342 ], [ 46.58513, 9.62443 ], [ 46.58331, 9.6261 ], [ 46.58173, 9.62732 ], [ 46.57928, 9.62909 ], [ 46.5769, 9.6311 ], [ 46.57452, 9.63287 ], [ 46.57312, 9.63409 ], [ 46.57068, 9.63611 ], [ 46.5683, 9.63788 ], [ 46.56592, 9.63971 ], [ 46.56451, 9.64093 ], [ 46.56207, 9.64288 ], [ 46.55969, 9.64471 ], [ 46.55861, 9.64552 ], [ 46.55699, 9.64681 ], [ 46.55591, 9.64789 ], [ 46.55353, 9.64972 ], [ 46.55126, 9.65136 ], [ 46.55085, 9.65169 ], [ 46.54871, 9.6535 ], [ 46.5473, 9.65472 ], [ 46.545, 9.65644 ], [ 46.54492, 9.65649 ], [ 46.54248, 9.65851 ], [ 46.5401, 9.66028 ], [ 46.53851, 9.6615 ], [ 46.53632, 9.66333 ], [ 46.53387, 9.66528 ], [ 46.53149, 9.66711 ], [ 46.53096, 9.66751 ], [ 46.52935, 9.66878 ], [ 46.52771, 9.67029 ], [ 46.52533, 9.67212 ], [ 46.52336, 9.67354 ], [ 46.52252, 9.67422 ], [ 46.5213, 9.67529 ], [ 46.5191, 9.67712 ], [ 46.51672, 9.67889 ], [ 46.51428, 9.68091 ], [ 46.5127, 9.68213 ], [ 46.5105, 9.6839 ], [ 46.50812, 9.68573 ], [ 46.50568, 9.68768 ], [ 46.50409, 9.6889 ], [ 46.50189, 9.69067 ], [ 46.49951, 9.69269 ], [ 46.49707, 9.69452 ], [ 46.49601, 9.69529 ], [ 46.4952, 9.69593 ], [ 46.49329, 9.69769 ], [ 46.49091, 9.69952 ], [ 46.48853, 9.70129 ], [ 46.48688, 9.7027 ], [ 46.48468, 9.70453 ], [ 46.4823, 9.7063 ], [ 46.47992, 9.70813 ], [ 46.47827, 9.70947 ], [ 46.47607, 9.7113 ], [ 46.47369, 9.71307 ], [ 46.47131, 9.71509 ], [ 46.46973, 9.71631 ], [ 46.46808, 9.7175 ], [ 46.46682, 9.7185 ], [ 46.46509, 9.72009 ], [ 46.46271, 9.72192 ], [ 46.46112, 9.72308 ], [ 46.45868, 9.7251 ], [ 46.45753, 9.7259 ], [ 46.45688, 9.72641 ], [ 46.4541, 9.7287 ], [ 46.45251, 9.72992 ], [ 46.45007, 9.73187 ], [ 46.44788, 9.7337 ], [ 46.4455, 9.73547 ], [ 46.44391, 9.73688 ], [ 46.44153, 9.73871 ], [ 46.44021, 9.73966 ], [ 46.43844, 9.74107 ], [ 46.43689, 9.74249 ], [ 46.4353, 9.74371 ], [ 46.43292, 9.74548 ], [ 46.43048, 9.7475 ], [ 46.42828, 9.74933 ], [ 46.4259, 9.7511 ], [ 46.4236, 9.75287 ], [ 46.42343, 9.75301 ], [ 46.42188, 9.75427 ], [ 46.41968, 9.7561 ], [ 46.41745, 9.75776 ], [ 46.41715, 9.758 ], [ 46.41492, 9.75989 ], [ 46.41333, 9.76111 ], [ 46.41229, 9.76186 ], [ 46.41008, 9.76362 ], [ 46.40869, 9.76489 ], [ 46.40631, 9.76672 ], [ 46.40472, 9.76788 ], [ 46.40228, 9.7699 ], [ 46.40009, 9.77173 ], [ 46.39771, 9.7735 ], [ 46.39616, 9.77469 ], [ 46.39592, 9.77488 ], [ 46.39368, 9.77667 ], [ 46.39148, 9.7785 ], [ 46.38963, 9.77988 ], [ 46.38879, 9.78054 ], [ 46.38751, 9.78168 ], [ 46.38507, 9.78351 ], [ 46.38287, 9.78528 ], [ 46.38049, 9.78729 ], [ 46.37891, 9.78851 ], [ 46.3768, 9.79008 ], [ 46.37605, 9.79067 ], [ 46.37408, 9.7923 ], [ 46.37189, 9.79413 ], [ 46.3703, 9.79529 ], [ 46.36872, 9.79651 ], [ 46.36526, 9.79926 ], [ 46.36367, 9.80058 ], [ 46.36328, 9.8009 ], [ 46.36169, 9.80212 ], [ 46.35931, 9.80408 ], [ 46.35721, 9.80566 ], [ 46.35543, 9.80707 ], [ 46.35468, 9.80768 ], [ 46.35309, 9.80908 ], [ 46.35071, 9.81091 ], [ 46.34899, 9.81219 ], [ 46.34805, 9.81294 ], [ 46.34613, 9.8147 ], [ 46.34448, 9.81592 ], [ 46.3421, 9.81769 ], [ 46.3413, 9.8183 ], [ 46.33929, 9.81991 ], [ 46.33752, 9.82147 ], [ 46.33588, 9.82269 ], [ 46.3335, 9.82452 ], [ 46.33112, 9.82648 ], [ 46.32892, 9.82831 ], [ 46.32727, 9.82953 ], [ 46.32489, 9.83148 ], [ 46.32251, 9.83331 ], [ 46.32031, 9.83508 ], [ 46.31873, 9.83649 ], [ 46.31628, 9.83832 ], [ 46.3139, 9.84009 ], [ 46.31171, 9.8421 ], [ 46.31012, 9.84332 ], [ 46.30768, 9.84509 ], [ 46.30554, 9.84674 ], [ 46.30505, 9.84713 ], [ 46.30292, 9.84888 ], [ 46.30151, 9.8501 ], [ 46.29907, 9.85193 ], [ 46.29669, 9.85388 ], [ 46.29431, 9.85571 ], [ 46.29291, 9.85687 ], [ 46.29053, 9.85889 ], [ 46.28809, 9.86072 ], [ 46.2861, 9.8622 ], [ 46.28544, 9.86272 ], [ 46.2843, 9.86371 ], [ 46.28192, 9.86572 ], [ 46.27948, 9.86749 ], [ 46.27813, 9.86853 ], [ 46.27697, 9.86945 ], [ 46.2757, 9.87073 ], [ 46.27332, 9.8725 ], [ 46.27087, 9.87433 ], [ 46.26849, 9.87628 ], [ 46.26709, 9.8775 ], [ 46.26471, 9.87927 ], [ 46.26233, 9.88129 ], [ 46.25989, 9.88312 ], [ 46.25848, 9.88428 ], [ 46.2561, 9.88611 ], [ 46.25372, 9.88812 ], [ 46.25128, 9.88989 ], [ 46.25073, 9.89032 ], [ 46.24948, 9.89131 ], [ 46.2475, 9.89313 ], [ 46.24512, 9.8949 ], [ 46.24268, 9.89673 ], [ 46.24255, 9.89682 ], [ 46.24031, 9.8986 ], [ 46.23889, 9.8999 ], [ 46.23651, 9.90167 ], [ 46.23413, 9.90369 ], [ 46.23248, 9.90491 ], [ 46.23029, 9.90668 ], [ 46.22791, 9.90869 ], [ 46.22552, 9.91052 ], [ 46.22388, 9.91168 ], [ 46.22168, 9.91351 ], [ 46.2193, 9.91553 ], [ 46.21692, 9.9173 ], [ 46.21527, 9.91852 ], [ 46.21307, 9.92029 ], [ 46.21069, 9.9223 ], [ 46.20831, 9.92407 ], [ 46.20761, 9.92469 ], [ 46.20673, 9.92548 ], [ 46.20428, 9.92731 ], [ 46.20209, 9.92908 ], [ 46.19971, 9.93109 ], [ 46.19812, 9.93231 ], [ 46.19576, 9.93402 ], [ 46.19552, 9.93421 ], [ 46.19348, 9.93591 ], [ 46.1911, 9.93793 ], [ 46.18951, 9.93909 ], [ 46.18735, 9.94071 ], [ 46.18587, 9.94188 ], [ 46.18488, 9.94269 ], [ 46.1825, 9.9447 ], [ 46.18091, 9.94592 ], [ 46.17853, 9.94788 ], [ 46.17609, 9.94971 ], [ 46.17389, 9.95148 ], [ 46.1723, 9.9527 ], [ 46.16992, 9.95471 ], [ 46.16786, 9.95621 ], [ 46.16679, 9.95706 ], [ 46.16528, 9.95831 ], [ 46.1637, 9.95972 ], [ 46.16132, 9.96149 ], [ 46.15961, 9.96277 ], [ 46.15657, 9.96519 ], [ 46.15509, 9.96649 ], [ 46.15271, 9.96832 ], [ 46.15033, 9.97028 ], [ 46.14789, 9.97211 ], [ 46.14648, 9.97333 ], [ 46.1441, 9.97528 ], [ 46.14172, 9.97711 ], [ 46.13995, 9.9784 ], [ 46.13865, 9.97943 ], [ 46.13788, 9.9801 ], [ 46.1355, 9.98212 ], [ 46.13312, 9.98389 ], [ 46.13186, 9.98483 ], [ 46.12908, 9.98704 ], [ 46.12689, 9.98889 ], [ 46.12451, 9.99072 ], [ 46.12207, 9.99268 ], [ 46.12048, 9.9939 ], [ 46.11829, 9.99573 ], [ 46.11591, 9.99768 ], [ 46.11353, 9.99951 ], [ 46.11239, 10.00031 ], [ 46.11066, 10.00169 ], [ 46.10968, 10.0025 ], [ 46.1073, 10.00452 ], [ 46.10492, 10.00629 ], [ 46.10425, 10.00678 ], [ 46.10048, 10.00978 ], [ 46.09869, 10.01129 ], [ 46.09631, 10.01312 ], [ 46.09585, 10.01346 ], [ 46.09413, 10.01483 ], [ 46.09253, 10.0163 ], [ 46.09009, 10.01813 ], [ 46.08771, 10.02008 ], [ 46.08612, 10.0213 ], [ 46.08392, 10.02307 ], [ 46.08148, 10.0249 ], [ 46.0791, 10.02692 ], [ 46.07751, 10.02808 ], [ 46.07532, 10.02991 ], [ 46.0736, 10.03115 ], [ 46.07188, 10.03252 ], [ 46.0705, 10.03369 ], [ 46.06891, 10.03491 ], [ 46.06671, 10.03668 ], [ 46.06427, 10.0387 ], [ 46.06189, 10.04053 ], [ 46.06089, 10.04126 ], [ 46.05999, 10.04197 ], [ 46.05811, 10.0437 ], [ 46.05573, 10.04547 ], [ 46.04953, 10.05029 ], [ 46.02968, 10.06607 ], [ 46.01105, 10.08088 ], [ 46.0116, 10.09967 ], [ 46.01588, 10.24776 ], [ 46.01601, 10.25221 ], [ 46.01615, 10.25682 ], [ 46.0173, 10.29603 ], [ 46.02681, 10.61869 ], [ 46.03006, 10.72925 ], [ 46.0314, 10.77 ], [ 46.03149, 10.77302 ], [ 46.04165, 10.76997 ], [ 46.04804, 10.76804 ], [ 46.09694, 10.76243 ], [ 46.10639, 10.76314 ], [ 46.11169, 10.76349 ], [ 46.14725, 10.77085 ], [ 46.16764, 10.77503 ], [ 46.16863, 10.77524 ], [ 46.19268, 10.77877 ], [ 46.20612, 10.7807 ], [ 46.21162, 10.78067 ], [ 46.23623, 10.78039 ], [ 46.24534, 10.77705 ], [ 46.26224, 10.76391 ], [ 46.28635, 10.75063 ], [ 46.29197, 10.74701 ], [ 46.29786, 10.74064 ], [ 46.32053, 10.71056 ], [ 46.34472, 10.68968 ], [ 46.35093, 10.68809 ], [ 46.35248, 10.68768 ], [ 46.35742, 10.68764 ], [ 46.37467, 10.68744 ], [ 46.38028, 10.68737 ], [ 46.38248, 10.68732 ], [ 46.38947, 10.68472 ], [ 46.39807, 10.68152 ], [ 46.40355, 10.68162 ], [ 46.40782, 10.68168 ], [ 46.41351, 10.68056 ], [ 46.41571, 10.68011 ], [ 46.44133, 10.68057 ], [ 46.44966, 10.68072 ], [ 46.44967, 10.68072 ], [ 46.44971, 10.68073 ], [ 46.45598, 10.68304 ], [ 46.46182, 10.68518 ], [ 46.49295, 10.69658 ], [ 46.49772, 10.69913 ], [ 46.5038, 10.70238 ], [ 46.51883, 10.71042 ], [ 46.57934, 10.72576 ], [ 46.58839, 10.72746 ], [ 46.61025, 10.72722 ], [ 46.61514, 10.72889 ], [ 46.62012, 10.73053 ], [ 46.62569, 10.73305 ], [ 46.62854, 10.7343 ], [ 46.64085, 10.73558 ], [ 46.66679, 10.74503 ], [ 46.68987, 10.76089 ], [ 46.7061, 10.76588 ], [ 46.70689, 10.76668 ], [ 46.71691, 10.77679 ], [ 46.71713, 10.77686 ], [ 46.72271, 10.77868 ], [ 46.74193, 10.78599 ], [ 46.75769, 10.79397 ], [ 46.75861, 10.79444 ], [ 46.76946, 10.79733 ], [ 46.77001, 10.79761 ], [ 46.77112, 10.79791 ], [ 46.77165, 10.79844 ], [ 46.77191, 10.79858 ], [ 46.77563, 10.80233 ], [ 46.78113, 10.80768 ], [ 46.78126, 10.80785 ], [ 46.78127, 10.80786 ], [ 46.78785, 10.81059 ], [ 46.79534, 10.8137 ], [ 46.80029, 10.81567 ], [ 46.80377, 10.81719 ], [ 46.80764, 10.8188 ], [ 46.80819, 10.81942 ], [ 46.80829, 10.81952 ], [ 46.80962, 10.82102 ], [ 46.81379, 10.82571 ], [ 46.81569, 10.82784 ], [ 46.81583, 10.82788 ], [ 46.8161, 10.82788 ], [ 46.82154, 10.82946 ], [ 46.82775, 10.83117 ], [ 46.83445, 10.83537 ], [ 46.83457, 10.83558 ], [ 46.83472, 10.83569 ], [ 46.83756, 10.84095 ], [ 46.83948, 10.84439 ], [ 46.8457, 10.85019 ], [ 46.84583, 10.85022 ], [ 46.86218, 10.85425 ], [ 46.86228, 10.8543 ], [ 46.8623, 10.85431 ], [ 46.863, 10.85467 ], [ 46.86647, 10.85642 ], [ 46.87051, 10.85847 ], [ 46.87085, 10.85889 ], [ 46.87109, 10.85913 ], [ 46.88049, 10.87073 ], [ 46.88078, 10.87099 ], [ 46.88105, 10.87116 ], [ 46.88848, 10.87587 ], [ 46.88856, 10.87598 ], [ 46.88892, 10.87628 ], [ 46.89612, 10.88657 ], [ 46.89789, 10.88906 ], [ 46.90089, 10.89207 ], [ 46.90112, 10.89214 ], [ 46.91011, 10.89467 ], [ 46.91017, 10.89469 ], [ 46.92133, 10.89548 ], [ 46.92237, 10.89615 ], [ 46.92651, 10.89868 ], [ 46.9267, 10.89911 ], [ 46.93372, 10.91211 ], [ 46.93451, 10.91248 ], [ 46.93532, 10.9129 ], [ 46.93766, 10.91401 ], [ 46.95582, 10.9128 ], [ 46.96158, 10.91442 ], [ 46.96252, 10.91467 ], [ 46.96255, 10.9147 ], [ 46.96259, 10.91473 ], [ 46.9635, 10.91553 ], [ 46.97229, 10.92328 ], [ 46.97618, 10.92433 ], [ 46.98478, 10.92661 ], [ 46.98489, 10.92669 ], [ 46.98492, 10.9267 ], [ 46.98573, 10.92722 ], [ 46.99287, 10.93174 ], [ 46.99336, 10.93225 ], [ 46.9984, 10.93754 ], [ 47.00072, 10.94133 ], [ 47.00269, 10.94452 ], [ 47.00812, 10.95331 ], [ 47.01208, 10.9577 ], [ 47.01251, 10.95789 ], [ 47.01726, 10.96069 ], [ 47.03076, 10.96058 ], [ 47.0495, 10.96339 ], [ 47.05029, 10.9635 ], [ 47.05128, 10.96425 ], [ 47.06276, 10.9728 ], [ 47.07683, 10.97484 ], [ 47.08313, 10.97571 ], [ 47.09844, 10.98311 ], [ 47.09966, 10.98369 ], [ 47.09967, 10.98371 ], [ 47.10028, 10.98431 ], [ 47.10748, 10.99249 ], [ 47.10749, 10.9925 ], [ 47.10749, 10.99251 ], [ 47.10757, 10.99282 ], [ 47.10889, 10.99792 ], [ 47.11219, 11.01223 ], [ 47.11265, 11.01414 ], [ 47.11666, 11.01972 ], [ 47.11871, 11.02252 ], [ 47.11908, 11.02282 ], [ 47.11959, 11.02322 ], [ 47.12775, 11.02965 ], [ 47.14227, 11.04108 ], [ 47.14445, 11.04663 ], [ 47.14471, 11.04728 ], [ 47.14471, 11.0473 ], [ 47.14611, 11.05887 ], [ 47.14709, 11.0597 ], [ 47.15051, 11.0625 ], [ 47.18408, 11.07435 ], [ 47.19405, 11.07786 ], [ 47.20948, 11.08328 ], [ 47.21808, 11.0863 ], [ 47.22527, 11.09003 ], [ 47.23879, 11.097 ], [ 47.23944, 11.09764 ], [ 47.24699, 11.10512 ], [ 47.25634, 11.11438 ], [ 47.25656, 11.11442 ], [ 47.27609, 11.11844 ], [ 47.29192, 11.12701 ], [ 47.29421, 11.12824 ], [ 47.3004, 11.12977 ], [ 47.30286, 11.13038 ], [ 47.30724, 11.13147 ], [ 47.30951, 11.13203 ], [ 47.32501, 11.14027 ], [ 47.32724, 11.14145 ], [ 47.33411, 11.14508 ], [ 47.35529, 11.15308 ], [ 47.3783, 11.15851 ], [ 47.38708, 11.16465 ], [ 47.39234, 11.16828 ], [ 47.39302, 11.16837 ], [ 47.40332, 11.16968 ], [ 47.41273, 11.17258 ], [ 47.42209, 11.17539 ], [ 47.44303, 11.17309 ], [ 47.44563, 11.1728 ], [ 47.45607, 11.17816 ], [ 47.45992, 11.17892 ], [ 47.46088, 11.17908 ], [ 47.46458, 11.17863 ], [ 47.474, 11.17737 ], [ 47.48984, 11.18049 ], [ 47.49102, 11.18071 ], [ 47.50634, 11.18105 ], [ 47.53548, 11.1778 ], [ 47.54877, 11.17467 ], [ 47.55743, 11.16945 ], [ 47.56189, 11.1651 ], [ 47.56427, 11.16272 ], [ 47.57297, 11.15431 ], [ 47.57689, 11.1505 ], [ 47.59046, 11.14143 ], [ 47.59631, 11.13751 ], [ 47.59751, 11.13691 ], [ 47.61032, 11.13026 ], [ 47.62492, 11.11894 ], [ 47.62653, 11.11768 ], [ 47.62916, 11.11635 ], [ 47.6419, 11.10978 ], [ 47.66645, 11.09362 ], [ 47.6698, 11.09219 ], [ 47.67439, 11.09023 ], [ 47.68213, 11.08939 ], [ 47.68451, 11.08911 ], [ 47.69376, 11.08948 ], [ 47.69977, 11.0897 ], [ 47.69987, 11.08972 ], [ 47.69989, 11.08972 ], [ 47.70105, 11.09 ], [ 47.72046, 11.09465 ], [ 47.74236, 11.10332 ], [ 47.7641, 11.11188 ], [ 47.77817, 11.11566 ], [ 47.79234, 11.11942 ], [ 47.80222, 11.12204 ], [ 47.80992, 11.11956 ], [ 47.81832, 11.11685 ], [ 47.84464, 11.11401 ], [ 47.86422, 11.11022 ], [ 47.88121, 11.111 ], [ 47.91011, 11.12062 ], [ 47.91017, 11.12064 ], [ 47.91351, 11.12176 ], [ 47.91639, 11.12204 ], [ 47.91687, 11.12207 ], [ 47.91819, 11.12222 ], [ 47.92561, 11.12297 ], [ 47.94054, 11.11708 ], [ 47.97176, 11.11242 ], [ 47.98687, 11.1164 ], [ 48.00761, 11.11421 ], [ 48.0246, 11.11499 ], [ 48.04203, 11.11944 ], [ 48.05266, 11.12265 ], [ 48.05829, 11.12433 ], [ 48.06106, 11.12428 ], [ 48.07367, 11.12397 ], [ 48.0845, 11.12663 ], [ 48.09229, 11.12848 ], [ 48.0925, 11.1286 ], [ 48.09274, 11.12866 ], [ 48.09973, 11.12755 ], [ 48.10766, 11.12391 ], [ 48.1077, 11.12392 ], [ 48.10773, 11.1239 ], [ 48.11267, 11.12527 ], [ 48.12231, 11.12788 ], [ 48.12817, 11.12659 ], [ 48.13568, 11.12488 ], [ 48.1535, 11.12909 ], [ 48.17468, 11.14587 ], [ 48.1853, 11.15253 ], [ 48.18538, 11.15268 ], [ 48.1855, 11.15285 ], [ 48.19083, 11.16038 ], [ 48.20109, 11.1713 ], [ 48.20797, 11.17862 ], [ 48.20849, 11.17889 ], [ 48.21182, 11.18062 ], [ 48.22351, 11.18671 ], [ 48.22352, 11.18672 ], [ 48.22353, 11.18673 ], [ 48.22391, 11.18721 ], [ 48.23465, 11.2008 ], [ 48.23533, 11.20116 ], [ 48.23967, 11.20348 ], [ 48.24169, 11.20452 ], [ 48.26764, 11.2095 ], [ 48.28815, 11.21344 ], [ 48.3007, 11.21924 ], [ 48.31157, 11.22641 ], [ 48.31196, 11.22666 ], [ 48.31732, 11.2301 ], [ 48.31747, 11.23044 ], [ 48.31956, 11.23292 ], [ 48.32471, 11.23889 ], [ 48.32568, 11.23969 ], [ 48.32757, 11.24118 ], [ 48.33736, 11.24881 ], [ 48.33738, 11.24883 ], [ 48.33744, 11.2489 ], [ 48.33752, 11.2489 ], [ 48.3465, 11.25989 ], [ 48.3551, 11.26727 ], [ 48.35516, 11.26735 ], [ 48.35521, 11.26738 ], [ 48.3601, 11.26981 ], [ 48.38618, 11.27244 ], [ 48.38626, 11.27252 ], [ 48.38629, 11.27252 ], [ 48.38703, 11.27326 ], [ 48.38808, 11.27427 ], [ 48.39313, 11.27911 ], [ 48.39319, 11.27914 ], [ 48.39337, 11.27917 ], [ 48.40408, 11.28079 ], [ 48.41906, 11.28066 ], [ 48.44139, 11.28048 ], [ 48.4621, 11.28027 ], [ 48.46766, 11.28139 ], [ 48.47419, 11.28265 ], [ 48.48721, 11.28821 ], [ 48.51743, 11.30578 ], [ 48.53, 11.30973 ], [ 48.54026, 11.3103 ], [ 48.54327, 11.31046 ], [ 48.55117, 11.30935 ], [ 48.57497, 11.30597 ], [ 48.60409, 11.30698 ], [ 48.61376, 11.30947 ], [ 48.61662, 11.3102 ], [ 48.61951, 11.31091 ], [ 48.62858, 11.31459 ], [ 48.63847, 11.31857 ], [ 48.64598, 11.32158 ], [ 48.66205, 11.32255 ], [ 48.66514, 11.32138 ], [ 48.70194, 11.30749 ] ] ] ] } },
{ "type": "Feature", "properties": { "adm1_name": "Sool" }, "geometry": { "type": "MultiPolygon", "coordinates": [ [ [ [ 46.79773, 9.45551 ], [ 46.84113, 9.42108 ], [ 46.90686, 9.43039 ], [ 46.91101, 9.43098 ], [ 46.91107, 9.43099 ], [ 47.10089, 9.44287 ], [ 47.3373, 9.45715 ], [ 47.38228, 9.45987 ], [ 47.39572, 9.46068 ], [ 48.07637, 9.50226 ], [ 48.07953, 9.50245 ], [ 48.30877, 9.52086 ], [ 48.3176, 9.52157 ], [ 48.35275, 9.52439 ], [ 48.35284, 9.5244 ], [ 48.35284, 9.52439 ], [ 48.35292, 9.5244 ], [ 48.35615, 9.52466 ], [ 48.35961, 9.52493 ], [ 48.57719, 9.54193 ], [ 48.57948, 9.54211 ], [ 48.57971, 9.54213 ], [ 49.03852, 9.56975 ], [ 49.06105, 9.5711 ], [ 49.0704, 9.37108 ], [ 49.07455, 9.28084 ], [ 49.07872, 9.19174 ], [ 49.07911, 9.18341 ], [ 49.08111, 9.14053 ], [ 49.0704, 9.12953 ], [ 49.04362, 9.10203 ], [ 48.82489, 8.87744 ], [ 48.79414, 8.84587 ], [ 48.76397, 8.81489 ], [ 48.73113, 8.78113 ], [ 48.73104, 8.78104 ], [ 48.56104, 8.78104 ], [ 48.56101, 8.78101 ], [ 48.54543, 8.76454 ], [ 48.53762, 8.75627 ], [ 48.39994, 8.61049 ], [ 48.36736, 8.57617 ], [ 48.33653, 8.5437 ], [ 48.08076, 8.27262 ], [ 48.06149, 8.2522 ], [ 48.05103, 8.24109 ], [ 48.13103, 8.21109 ], [ 47.95459, 8.03468 ], [ 47.92764, 8.00773 ], [ 47.91999, 8.00002 ], [ 47.91992, 8.00002 ], [ 47.91609, 8.00002 ], [ 47.9071, 8.00003 ], [ 47.8981, 8.00004 ], [ 47.88911, 8.00005 ], [ 47.88012, 8.00006 ], [ 47.87112, 8.00007 ], [ 47.86213, 8.00008 ], [ 47.85313, 8.00008 ], [ 47.84414, 8.00009 ], [ 47.83515, 8.0001 ], [ 47.82615, 8.00011 ], [ 47.81716, 8.00012 ], [ 47.80816, 8.00012 ], [ 47.79917, 8.00013 ], [ 47.79017, 8.00014 ], [ 47.78118, 8.00015 ], [ 47.77219, 8.00015 ], [ 47.76319, 8.00016 ], [ 47.7542, 8.00017 ], [ 47.7452, 8.00017 ], [ 47.73621, 8.00018 ], [ 47.72722, 8.00018 ], [ 47.71822, 8.00019 ], [ 47.70923, 8.0002 ], [ 47.70023, 8.0002 ], [ 47.69124, 8.00021 ], [ 47.68225, 8.00021 ], [ 47.67325, 8.00022 ], [ 47.66426, 8.00022 ], [ 47.65526, 8.00022 ], [ 47.64627, 8.00023 ], [ 47.63727, 8.00023 ], [ 47.62828, 8.00024 ], [ 47.61929, 8.00024 ], [ 47.61029, 8.00024 ], [ 47.6013, 8.00025 ], [ 47.5923, 8.00025 ], [ 47.58331, 8.00025 ], [ 47.57432, 8.00025 ], [ 47.56532, 8.00026 ], [ 47.55633, 8.00026 ], [ 47.54733, 8.00026 ], [ 47.53834, 8.00026 ], [ 47.52935, 8.00026 ], [ 47.52035, 8.00027 ], [ 47.51136, 8.00027 ], [ 47.50236, 8.00027 ], [ 47.49337, 8.00027 ], [ 47.48438, 8.00027 ], [ 47.47538, 8.00027 ], [ 47.46639, 8.00027 ], [ 47.45739, 8.00027 ], [ 47.4484, 8.00027 ], [ 47.4394, 8.00027 ], [ 47.43041, 8.00027 ], [ 47.42142, 8.00027 ], [ 47.41242, 8.00027 ], [ 47.40343, 8.00027 ], [ 47.39443, 8.00026 ], [ 47.38544, 8.00026 ], [ 47.37645, 8.00026 ], [ 47.36745, 8.00026 ], [ 47.35846, 8.00026 ], [ 47.34946, 8.00025 ], [ 47.34047, 8.00025 ], [ 47.33148, 8.00025 ], [ 47.32248, 8.00025 ], [ 47.31349, 8.00024 ], [ 47.30675, 8.00024 ], [ 47.30449, 8.00024 ], [ 47.2955, 8.00024 ], [ 47.28651, 8.00023 ], [ 47.27751, 8.00023 ], [ 47.26852, 8.00022 ], [ 47.25952, 8.00022 ], [ 47.25053, 8.00022 ], [ 47.24153, 8.00021 ], [ 47.23254, 8.00021 ], [ 47.22355, 8.0002 ], [ 47.21455, 8.0002 ], [ 47.20556, 8.00019 ], [ 47.19656, 8.00018 ], [ 47.18757, 8.00018 ], [ 47.17858, 8.00017 ], [ 47.16958, 8.00017 ], [ 47.16059, 8.00016 ], [ 47.15159, 8.00015 ], [ 47.1426, 8.00015 ], [ 47.13361, 8.00014 ], [ 47.12461, 8.00013 ], [ 47.11562, 8.00012 ], [ 47.10662, 8.00012 ], [ 47.09763, 8.00011 ], [ 47.08863, 8.0001 ], [ 47.07964, 8.00009 ], [ 47.07065, 8.00008 ], [ 47.06165, 8.00008 ], [ 47.05266, 8.00007 ], [ 47.04366, 8.00006 ], [ 47.03467, 8.00005 ], [ 47.02568, 8.00004 ], [ 47.01668, 8.00003 ], [ 47.01278, 8.00003 ], [ 47.01255, 8.00003 ], [ 47.01364, 8.00666 ], [ 47.07837, 8.41695 ], [ 47.08382, 8.45218 ], [ 47.08386, 8.45248 ], [ 47.08394, 8.45297 ], [ 47.09611, 8.5296 ], [ 47.10101, 8.56068 ], [ 47.10107, 8.5611 ], [ 47.10101, 8.56122 ], [ 47.00271, 8.74803 ], [ 47.0011, 8.7511 ], [ 46.92108, 8.76111 ], [ 46.92108, 8.78262 ], [ 46.92101, 8.78262 ], [ 46.89404, 8.78406 ], [ 46.83773, 8.78705 ], [ 46.761, 8.79113 ], [ 46.71767, 8.79341 ], [ 46.61856, 8.79863 ], [ 46.38226, 8.81105 ], [ 46.35408, 8.81252 ], [ 46.27719, 8.81654 ], [ 46.25845, 8.81752 ], [ 46.19111, 8.82104 ], [ 46.19132, 8.82229 ], [ 46.1952, 8.8457 ], [ 46.2125, 8.94984 ], [ 46.221, 9.00103 ], [ 46.20761, 9.08516 ], [ 46.20761, 9.08517 ], [ 46.2076, 9.0852 ], [ 46.20761, 9.08521 ], [ 46.16978, 9.32374 ], [ 46.1689, 9.32929 ], [ 46.16624, 9.34608 ], [ 46.16605, 9.34728 ], [ 46.16604, 9.34737 ], [ 46.16603, 9.34741 ], [ 46.16602, 9.34747 ], [ 46.16601, 9.34753 ], [ 46.09092, 9.80058 ], [ 46.04953, 10.05029 ], [ 46.05573, 10.04547 ], [ 46.05811, 10.0437 ], [ 46.05999, 10.04197 ], [ 46.06089, 10.04126 ], [ 46.06189, 10.04053 ], [ 46.06427, 10.0387 ], [ 46.06671, 10.03668 ], [ 46.06891, 10.03491 ], [ 46.0705, 10.03369 ], [ 46.07188, 10.03252 ], [ 46.0736, 10.03115 ], [ 46.07532, 10.02991 ], [ 46.07751, 10.02808 ], [ 46.0791, 10.02692 ], [ 46.08148, 10.0249 ], [ 46.08392, 10.02307 ], [ 46.08612, 10.0213 ], [ 46.08771, 10.02008 ], [ 46.09009, 10.01813 ], [ 46.09253, 10.0163 ], [ 46.09413, 10.01483 ], [ 46.09585, 10.01346 ], [ 46.09631, 10.01312 ], [ 46.09869, 10.01129 ], [ 46.10048, 10.00978 ], [ 46.10425, 10.00678 ], [ 46.10492, 10.00629 ], [ 46.1073, 10.00452 ], [ 46.10968, 10.0025 ], [ 46.11066, 10.00169 ], [ 46.11239, 10.00031 ], [ 46.11353, 9.99951 ], [ 46.11591, 9.99768 ], [ 46.11829, 9.99573 ], [ 46.12048, 9.9939 ], [ 46.12207, 9.99268 ], [ 46.12451, 9.99072 ], [ 46.12689, 9.98889 ], [ 46.12908, 9.98704 ], [ 46.13186, 9.98483 ], [ 46.13312, 9.98389 ], [ 46.1355, 9.98212 ], [ 46.13788, 9.9801 ], [ 46.13865, 9.97943 ], [ 46.13995, 9.9784 ], [ 46.14172, 9.97711 ], [ 46.1441, 9.97528 ], [ 46.14648, 9.97333 ], [ 46.14789, 9.97211 ], [ 46.15033, 9.97028 ], [ 46.15271, 9.96832 ], [ 46.15509, 9.96649 ], [ 46.15657, 9.96519 ], [ 46.15961, 9.96277 ], [ 46.16132, 9.96149 ], [ 46.1637, 9.95972 ], [ 46.16528, 9.95831 ], [ 46.16679, 9.95706 ], [ 46.16786, 9.95621 ], [ 46.16992, 9.95471 ], [ 46.1723, 9.9527 ], [ 46.17389, 9.95148 ], [ 46.17609, 9.94971 ], [ 46.17853, 9.94788 ], [ 46.18091, 9.94592 ], [ 46.1825, 9.9447 ], [ 46.18488, 9.94269 ], [ 46.18587, 9.94188 ], [ 46.18735, 9.94071 ], [ 46.18951, 9.93909 ], [ 46.1911, 9.93793 ], [ 46.19348, 9.93591 ], [ 46.19552, 9.93421 ], [ 46.19576, 9.93402 ], [ 46.19812, 9.93231 ], [ 46.19971, 9.93109 ], [ 46.20209, 9.92908 ], [ 46.20428, 9.92731 ], [ 46.20673, 9.92548 ], [ 46.20761, 9.92469 ], [ 46.20831, 9.92407 ], [ 46.21069, 9.9223 ], [ 46.21307, 9.92029 ], [ 46.21527, 9.91852 ], [ 46.21692, 9.9173 ], [ 46.2193, 9.91553 ], [ 46.22168, 9.91351 ], [ 46.22388, 9.91168 ], [ 46.22552, 9.91052 ], [ 46.22791, 9.90869 ], [ 46.23029, 9.90668 ], [ 46.23248, 9.90491 ], [ 46.23413, 9.90369 ], [ 46.23651, 9.90167 ], [ 46.23889, 9.8999 ], [ 46.24031, 9.8986 ], [ 46.24255, 9.89682 ], [ 46.24268, 9.89673 ], [ 46.24512, 9.8949 ], [ 46.2475, 9.89313 ], [ 46.24948, 9.89131 ], [ 46.25073, 9.89032 ], [ 46.25128, 9.88989 ], [ 46.25372, 9.88812 ], [ 46.2561, 9.88611 ], [ 46.25848, 9.88428 ], [ 46.25989, 9.88312 ], [ 46.26233, 9.88129 ], [ 46.26471, 9.87927 ], [ 46.26709, 9.8775 ], [ 46.26849, 9.87628 ], [ 46.27087, 9.87433 ], [ 46.27332, 9.8725 ], [ 46.2757, 9.87073 ], [ 46.27697, 9.86945 ], [ 46.27813, 9.86853 ], [ 46.27948, 9.86749 ], [ 46.28192, 9.86572 ], [ 46.2843, 9.86371 ], [ 46.28544, 9.86272 ], [ 46.2861, 9.8622 ], [ 46.28809, 9.86072 ], [ 46.29053, 9.85889 ], [ 46.29291, 9.85687 ], [ 46.29431, 9.85571 ], [ 46.29669, 9.85388 ], [ 46.29907, 9.85193 ], [ 46.30151, 9.8501 ], [ 46.30292, 9.84888 ], [ 46.30505, 9.84713 ], [ 46.30554, 9.84674 ], [ 46.30768, 9.84509 ], [ 46.31012, 9.84332 ], [ 46.31171, 9.8421 ], [ 46.3139, 9.84009 ], [ 46.31628, 9.83832 ], [ 46.31873, 9.83649 ], [ 46.32031, 9.83508 ], [ 46.32251, 9.83331 ], [ 46.32489, 9.83148 ], [ 46.32727, 9.82953 ], [ 46.32892, 9.82831 ], [ 46.33112, 9.82648 ], [ 46.3335, 9.82452 ], [ 46.33588, 9.82269 ], [ 46.33752, 9.82147 ], [ 46.33929, 9.81991 ], [ 46.3413, 9.8183 ], [ 46.3421, 9.81769 ], [ 46.34448, 9.81592 ], [ 46.34613, 9.8147 ], [ 46.34805, 9.81294 ], [ 46.34899, 9.81219 ], [ 46.35071, 9.81091 ], [ 46.35309, 9.80908 ], [ 46.35468, 9.80768 ], [ 46.35543, 9.80707 ], [ 46.35721, 9.80566 ], [ 46.35931, 9.80408 ], [ 46.36169, 9.80212 ], [ 46.36328, 9.8009 ], [ 46.36367, 9.80058 ], [ 46.36526, 9.79926 ], [ 46.36872, 9.79651 ], [ 46.3703, 9.79529 ], [ 46.37189, 9.79413 ], [ 46.37408, 9.7923 ], [ 46.37605, 9.79067 ], [ 46.3768, 9.79008 ], [ 46.37891, 9.78851 ], [ 46.38049, 9.78729 ], [ 46.38287, 9.78528 ], [ 46.38507, 9.78351 ], [ 46.38751, 9.78168 ], [ 46.38879, 9.78054 ], [ 46.38963, 9.77988 ], [ 46.39148, 9.7785 ], [ 46.39368, 9.77667 ], [ 46.39592, 9.77488 ], [ 46.39616, 9.77469 ], [ 46.39771, 9.7735 ], [ 46.40009, 9.77173 ], [ 46.40228, 9.7699 ], [ 46.40472, 9.76788 ], [ 46.40631, 9.76672 ], [ 46.40869, 9.76489 ], [ 46.41008, 9.76362 ], [ 46.41229, 9.76186 ], [ 46.41333, 9.76111 ], [ 46.41492, 9.75989 ], [ 46.41715, 9.758 ], [ 46.41745, 9.75776 ], [ 46.41968, 9.7561 ], [ 46.42188, 9.75427 ], [ 46.42343, 9.75301 ], [ 46.4236, 9.75287 ], [ 46.4259, 9.7511 ], [ 46.42828, 9.74933 ], [ 46.43048, 9.7475 ], [ 46.43292, 9.74548 ], [ 46.4353, 9.74371 ], [ 46.43689, 9.74249 ], [ 46.43844, 9.74107 ], [ 46.44021, 9.73966 ], [ 46.44153, 9.73871 ], [ 46.44391, 9.73688 ], [ 46.4455, 9.73547 ], [ 46.44788, 9.7337 ], [ 46.45007, 9.73187 ], [ 46.45251, 9.72992 ], [ 46.4541, 9.7287 ], [ 46.45688, 9.72641 ], [ 46.45753, 9.7259 ], [ 46.45868, 9.7251 ], [ 46.46112, 9.72308 ], [ 46.46271, 9.72192 ], [ 46.46509, 9.72009 ], [ 46.46682, 9.7185 ], [ 46.46808, 9.7175 ], [ 46.46973, 9.71631 ], [ 46.47131, 9.71509 ], [ 46.47369, 9.71307 ], [ 46.47607, 9.7113 ], [ 46.47827, 9.70947 ], [ 46.47992, 9.70813 ], [ 46.4823, 9.7063 ], [ 46.48468, 9.70453 ], [ 46.48688, 9.7027 ], [ 46.48853, 9.70129 ], [ 46.49091, 9.69952 ], [ 46.49329, 9.69769 ], [ 46.4952, 9.69593 ], [ 46.49601, 9.69529 ], [ 46.49707, 9.69452 ], [ 46.49951, 9.69269 ], [ 46.50189, 9.69067 ], [ 46.50409, 9.6889 ], [ 46.50568, 9.68768 ], [ 46.50812, 9.68573 ], [ 46.5105, 9.6839 ], [ 46.5127, 9.68213 ], [ 46.51428, 9.68091 ], [ 46.51672, 9.67889 ], [ 46.5191, 9.67712 ], [ 46.5213, 9.67529 ], [ 46.52252, 9.67422 ], [ 46.52336, 9.67354 ], [ 46.52533, 9.67212 ], [ 46.52771, 9.67029 ], [ 46.52935, 9.66878 ], [ 46.53096, 9.66751 ], [ 46.53149, 9.66711 ], [ 46.53387, 9.66528 ], [ 46.53632, 9.66333 ], [ 46.53851, 9.6615 ], [ 46.5401, 9.66028 ], [ 46.54248, 9.65851 ], [ 46.54492, 9.65649 ], [ 46.545, 9.65644 ], [ 46.5473, 9.65472 ], [ 46.54871, 9.6535 ], [ 46.55085, 9.65169 ], [ 46.55126, 9.65136 ], [ 46.55353, 9.64972 ], [ 46.55591, 9.64789 ], [ 46.55699, 9.64681 ], [ 46.55861, 9.64552 ], [ 46.55969, 9.64471 ], [ 46.56207, 9.64288 ], [ 46.56451, 9.64093 ], [ 46.56592, 9.63971 ], [ 46.5683, 9.63788 ], [ 46.57068, 9.63611 ], [ 46.57312, 9.63409 ], [ 46.57452, 9.63287 ], [ 46.5769, 9.6311 ], [ 46.57928, 9.62909 ], [ 46.58173, 9.62732 ], [ 46.58331, 9.6261 ], [ 46.58513, 9.62443 ], [ 46.5864, 9.62342 ], [ 46.58789, 9.62231 ], [ 46.59027, 9.62048 ], [ 46.59192, 9.61908 ], [ 46.59412, 9.61731 ], [ 46.5965, 9.61548 ], [ 46.59888, 9.61353 ], [ 46.60052, 9.6123 ], [ 46.60272, 9.61047 ], [ 46.6051, 9.6087 ], [ 46.60748, 9.60669 ], [ 46.60913, 9.60553 ], [ 46.61133, 9.6037 ], [ 46.61321, 9.60211 ], [ 46.6142, 9.60132 ], [ 46.61609, 9.59991 ], [ 46.61768, 9.59869 ], [ 46.61881, 9.59765 ], [ 46.62171, 9.59535 ], [ 46.62231, 9.59491 ], [ 46.62469, 9.59308 ], [ 46.62628, 9.59192 ], [ 46.62797, 9.59037 ], [ 46.62984, 9.58888 ], [ 46.63092, 9.58807 ], [ 46.6333, 9.5863 ], [ 46.63489, 9.5849 ], [ 46.63708, 9.58313 ], [ 46.63953, 9.5813 ], [ 46.6418, 9.57937 ], [ 46.64199, 9.57922 ], [ 46.64349, 9.57813 ], [ 46.64587, 9.57629 ], [ 46.64718, 9.5751 ], [ 46.64962, 9.57315 ], [ 46.65051, 9.57251 ], [ 46.6521, 9.57129 ], [ 46.65448, 9.56952 ], [ 46.65634, 9.56782 ], [ 46.65759, 9.56682 ], [ 46.65912, 9.56567 ], [ 46.66071, 9.56451 ], [ 46.66309, 9.5625 ], [ 46.66528, 9.56073 ], [ 46.66772, 9.5589 ], [ 46.66931, 9.55768 ], [ 46.67169, 9.55573 ], [ 46.67389, 9.55389 ], [ 46.67499, 9.55299 ], [ 46.67696, 9.55142 ], [ 46.67792, 9.55072 ], [ 46.6803, 9.54889 ], [ 46.68268, 9.54688 ], [ 46.68286, 9.54673 ], [ 46.68526, 9.54482 ], [ 46.68652, 9.54388 ], [ 46.6889, 9.54211 ], [ 46.69128, 9.5401 ], [ 46.69348, 9.53833 ], [ 46.69513, 9.53711 ], [ 46.69751, 9.53528 ], [ 46.69989, 9.53333 ], [ 46.70209, 9.53149 ], [ 46.70367, 9.53027 ], [ 46.70612, 9.52832 ], [ 46.7085, 9.52649 ], [ 46.71088, 9.52448 ], [ 46.71159, 9.52389 ], [ 46.71276, 9.52296 ], [ 46.71472, 9.52148 ], [ 46.7171, 9.51971 ], [ 46.71948, 9.5177 ], [ 46.72069, 9.51665 ], [ 46.7211, 9.51632 ], [ 46.72333, 9.51471 ], [ 46.72571, 9.51288 ], [ 46.72809, 9.51093 ], [ 46.72968, 9.5097 ], [ 46.73187, 9.50787 ], [ 46.73431, 9.50592 ], [ 46.73669, 9.50409 ], [ 46.73828, 9.50293 ], [ 46.74047, 9.50093 ], [ 46.74051, 9.50089 ], [ 46.74292, 9.49908 ], [ 46.7453, 9.49731 ], [ 46.74689, 9.49591 ], [ 46.74908, 9.49408 ], [ 46.75153, 9.49231 ], [ 46.75391, 9.49048 ], [ 46.75549, 9.48907 ], [ 46.75769, 9.4873 ], [ 46.76007, 9.48547 ], [ 46.76251, 9.48352 ], [ 46.7641, 9.4823 ], [ 46.76544, 9.48107 ], [ 46.76632, 9.48037 ], [ 46.76792, 9.4791 ], [ 46.77032, 9.47729 ], [ 46.77191, 9.47607 ], [ 46.77429, 9.47412 ], [ 46.77631, 9.47247 ], [ 46.778, 9.47119 ], [ 46.77808, 9.47113 ], [ 46.78009, 9.46948 ], [ 46.78229, 9.46771 ], [ 46.78326, 9.46691 ], [ 46.78513, 9.46541 ], [ 46.78668, 9.46429 ], [ 46.78888, 9.46252 ], [ 46.79108, 9.46069 ], [ 46.79327, 9.45911 ], [ 46.79547, 9.45728 ], [ 46.79773, 9.45551 ] ] ] ] } },
{ "type": "Feature", "properties": { "adm1_name": "Togdheer" }, "geometry": { "type": "MultiPolygon", "coordinates": [ [ [ [ 46.99869, 8.00001 ], [ 46.9897, 8.0 ], [ 46.98967, 8.00306 ], [ 46.95705, 8.01488 ], [ 46.94937, 8.01766 ], [ 46.94168, 8.02045 ], [ 46.934, 8.02323 ], [ 46.92631, 8.02602 ], [ 46.91863, 8.0288 ], [ 46.9113, 8.03086 ], [ 46.90397, 8.03292 ], [ 46.89664, 8.03497 ], [ 46.88931, 8.03703 ], [ 46.88224, 8.03954 ], [ 46.87517, 8.04205 ], [ 46.8681, 8.04456 ], [ 46.86003, 8.04742 ], [ 46.85195, 8.05029 ], [ 46.84388, 8.05315 ], [ 46.83581, 8.05601 ], [ 46.82773, 8.05887 ], [ 46.81966, 8.06174 ], [ 46.81159, 8.0646 ], [ 46.80351, 8.06746 ], [ 46.79544, 8.07032 ], [ 46.78736, 8.07319 ], [ 46.77929, 8.07605 ], [ 46.77121, 8.07891 ], [ 46.76314, 8.08177 ], [ 46.75668, 8.08343 ], [ 46.74849, 8.0857 ], [ 46.73996, 8.08871 ], [ 46.73143, 8.09171 ], [ 46.7229, 8.09472 ], [ 46.71438, 8.09772 ], [ 46.70585, 8.10073 ], [ 46.69732, 8.10373 ], [ 46.68879, 8.10673 ], [ 46.68026, 8.10974 ], [ 46.67173, 8.11274 ], [ 46.6632, 8.11575 ], [ 46.65467, 8.11875 ], [ 46.64614, 8.12175 ], [ 46.63761, 8.12476 ], [ 46.62908, 8.12776 ], [ 46.62227, 8.12953 ], [ 46.61545, 8.1313 ], [ 46.59953, 8.1372 ], [ 46.5877, 8.14158 ], [ 46.58342, 8.14383 ], [ 46.57913, 8.14608 ], [ 46.57127, 8.1484 ], [ 46.56342, 8.15071 ], [ 46.55556, 8.15303 ], [ 46.5477, 8.15534 ], [ 46.53984, 8.15766 ], [ 46.53199, 8.15997 ], [ 46.52413, 8.16229 ], [ 46.50921, 8.16761 ], [ 46.48412, 8.17656 ], [ 46.48063, 8.17928 ], [ 46.47247, 8.18134 ], [ 46.4643, 8.18339 ], [ 46.45614, 8.18545 ], [ 46.4508, 8.18884 ], [ 46.44319, 8.19128 ], [ 46.43558, 8.19373 ], [ 46.42797, 8.19617 ], [ 46.42036, 8.19861 ], [ 46.41274, 8.20105 ], [ 46.37537, 8.21305 ], [ 46.34628, 8.22238 ], [ 46.33806, 8.22597 ], [ 46.32983, 8.22955 ], [ 46.32266, 8.23167 ], [ 46.31549, 8.2338 ], [ 46.30833, 8.23592 ], [ 46.30116, 8.23805 ], [ 46.29399, 8.24017 ], [ 46.28598, 8.24298 ], [ 46.27797, 8.24578 ], [ 46.26996, 8.24859 ], [ 46.26232, 8.25127 ], [ 46.25467, 8.25395 ], [ 46.25096, 8.25524 ], [ 46.25055, 8.25539 ], [ 46.24703, 8.25662 ], [ 46.23938, 8.2593 ], [ 46.2325, 8.26146 ], [ 46.22562, 8.26362 ], [ 46.21873, 8.26578 ], [ 46.21185, 8.26794 ], [ 46.20569, 8.26925 ], [ 46.19953, 8.27056 ], [ 46.19337, 8.27187 ], [ 46.18941, 8.27503 ], [ 46.18154, 8.27761 ], [ 46.17367, 8.2802 ], [ 46.1658, 8.28278 ], [ 46.15793, 8.28537 ], [ 46.15006, 8.28795 ], [ 46.1428, 8.29033 ], [ 46.13553, 8.29272 ], [ 46.12827, 8.2951 ], [ 46.121, 8.29749 ], [ 46.11374, 8.29987 ], [ 46.10644, 8.30357 ], [ 46.09913, 8.30727 ], [ 46.09382, 8.30767 ], [ 46.08851, 8.30807 ], [ 46.06907, 8.31472 ], [ 46.0649, 8.31686 ], [ 46.06072, 8.31899 ], [ 46.05622, 8.31974 ], [ 46.05171, 8.32049 ], [ 46.03042, 8.32724 ], [ 46.0218, 8.32998 ], [ 46.01318, 8.33271 ], [ 46.00455, 8.33545 ], [ 45.99593, 8.33818 ], [ 45.98731, 8.34092 ], [ 45.97869, 8.34365 ], [ 45.97006, 8.34639 ], [ 45.96144, 8.34912 ], [ 45.95282, 8.35186 ], [ 45.9442, 8.35459 ], [ 45.93557, 8.35733 ], [ 45.92695, 8.36006 ], [ 45.9193, 8.36341 ], [ 45.91164, 8.36676 ], [ 45.91029, 8.36709 ], [ 45.89476, 8.37091 ], [ 45.88653, 8.37396 ], [ 45.87831, 8.37702 ], [ 45.87008, 8.38007 ], [ 45.86186, 8.38312 ], [ 45.85363, 8.38617 ], [ 45.8454, 8.38923 ], [ 45.83718, 8.39228 ], [ 45.82895, 8.39533 ], [ 45.82122, 8.39776 ], [ 45.81349, 8.40019 ], [ 45.80577, 8.40261 ], [ 45.79804, 8.40504 ], [ 45.79031, 8.40747 ], [ 45.78212, 8.41004 ], [ 45.77392, 8.41261 ], [ 45.76851, 8.41431 ], [ 45.76573, 8.41518 ], [ 45.75778, 8.41793 ], [ 45.74983, 8.42067 ], [ 45.74188, 8.42342 ], [ 45.73393, 8.42617 ], [ 45.72598, 8.42891 ], [ 45.71803, 8.43166 ], [ 45.71008, 8.4344 ], [ 45.70213, 8.43715 ], [ 45.66517, 8.44991 ], [ 45.66066, 8.45054 ], [ 45.65615, 8.45117 ], [ 45.64873, 8.45394 ], [ 45.64131, 8.45671 ], [ 45.6339, 8.45948 ], [ 45.62648, 8.46225 ], [ 45.61906, 8.46502 ], [ 45.61164, 8.46779 ], [ 45.60396, 8.47029 ], [ 45.59628, 8.4728 ], [ 45.58859, 8.4753 ], [ 45.58091, 8.47781 ], [ 45.57323, 8.48031 ], [ 45.56555, 8.48281 ], [ 45.55786, 8.48532 ], [ 45.55018, 8.48782 ], [ 45.54317, 8.4901 ], [ 45.53615, 8.49239 ], [ 45.52914, 8.49467 ], [ 45.52128, 8.4964 ], [ 45.51341, 8.49813 ], [ 45.50699, 8.50064 ], [ 45.50057, 8.50316 ], [ 45.49415, 8.50567 ], [ 45.48791, 8.50685 ], [ 45.48166, 8.50802 ], [ 45.47419, 8.5105 ], [ 45.46671, 8.51298 ], [ 45.45924, 8.51545 ], [ 45.45177, 8.51793 ], [ 45.4443, 8.52041 ], [ 45.43682, 8.52288 ], [ 45.42935, 8.52536 ], [ 45.42076, 8.52821 ], [ 45.41216, 8.53105 ], [ 45.40357, 8.5339 ], [ 45.39497, 8.53675 ], [ 45.38638, 8.53959 ], [ 45.37778, 8.54244 ], [ 45.36919, 8.54528 ], [ 45.36059, 8.54813 ], [ 45.352, 8.55098 ], [ 45.3434, 8.55382 ], [ 45.33481, 8.55667 ], [ 45.32621, 8.55951 ], [ 45.31762, 8.56236 ], [ 45.30902, 8.5652 ], [ 45.30046, 8.56803 ], [ 45.29191, 8.57086 ], [ 45.29115, 8.57111 ], [ 45.29099, 8.57116 ], [ 45.28335, 8.57369 ], [ 45.27479, 8.57652 ], [ 45.26624, 8.57935 ], [ 45.25768, 8.58218 ], [ 45.25143, 8.5837 ], [ 45.24517, 8.58521 ], [ 45.23892, 8.58673 ], [ 45.23048, 8.58955 ], [ 45.22204, 8.59237 ], [ 45.2136, 8.59519 ], [ 45.20516, 8.59801 ], [ 45.19672, 8.60083 ], [ 45.18828, 8.60365 ], [ 45.18014, 8.60637 ], [ 45.172, 8.60909 ], [ 45.16386, 8.61181 ], [ 45.15572, 8.61453 ], [ 45.14757, 8.61725 ], [ 45.13943, 8.61996 ], [ 45.13129, 8.62268 ], [ 45.12315, 8.6254 ], [ 45.1158, 8.62827 ], [ 45.10844, 8.63114 ], [ 45.10109, 8.63401 ], [ 45.09288, 8.6366 ], [ 45.08467, 8.63918 ], [ 45.07646, 8.64177 ], [ 45.06825, 8.64435 ], [ 45.05992, 8.64697 ], [ 45.05158, 8.64959 ], [ 45.04325, 8.65221 ], [ 45.03491, 8.65483 ], [ 45.02658, 8.65745 ], [ 45.01824, 8.66007 ], [ 45.00991, 8.66269 ], [ 45.00157, 8.66531 ], [ 45.0, 8.66607 ], [ 44.99555, 8.66825 ], [ 44.9911, 8.67043 ], [ 44.98249, 8.67322 ], [ 44.97389, 8.67601 ], [ 44.96528, 8.67881 ], [ 44.95668, 8.6816 ], [ 44.93996, 8.68702 ], [ 44.93184, 8.68965 ], [ 44.92373, 8.69228 ], [ 44.91562, 8.69492 ], [ 44.9075, 8.69755 ], [ 44.89939, 8.70018 ], [ 44.89127, 8.70281 ], [ 44.88316, 8.70544 ], [ 44.87504, 8.70807 ], [ 44.86693, 8.7107 ], [ 44.8597, 8.71254 ], [ 44.85247, 8.71438 ], [ 44.84524, 8.71621 ], [ 44.83801, 8.71805 ], [ 44.83078, 8.71989 ], [ 44.82431, 8.72314 ], [ 44.81785, 8.72639 ], [ 44.81138, 8.72963 ], [ 44.80491, 8.73288 ], [ 44.79889, 8.73393 ], [ 44.79287, 8.73498 ], [ 44.78694, 8.73764 ], [ 44.781, 8.7403 ], [ 44.77282, 8.74317 ], [ 44.76463, 8.74603 ], [ 44.75645, 8.74889 ], [ 44.74827, 8.75176 ], [ 44.74008, 8.75462 ], [ 44.7319, 8.75749 ], [ 44.72372, 8.76035 ], [ 44.71553, 8.76322 ], [ 44.70735, 8.76608 ], [ 44.69969, 8.76876 ], [ 44.69203, 8.77143 ], [ 44.69102, 8.77176 ], [ 44.69095, 8.78976 ], [ 44.69096, 8.99646 ], [ 44.69097, 9.21352 ], [ 44.6911, 9.21454 ], [ 44.6911, 9.3111 ], [ 44.70796, 9.37731 ], [ 44.71785, 9.41616 ], [ 44.71797, 9.41709 ], [ 44.71801, 9.41737 ], [ 44.7237, 9.43976 ], [ 44.72386, 9.44036 ], [ 44.72589, 9.44836 ], [ 44.7467, 9.53013 ], [ 44.76973, 9.62059 ], [ 44.78521, 9.6814 ], [ 44.8001, 9.73983 ], [ 44.80593, 9.7627 ], [ 44.82735, 9.84675 ], [ 44.83097, 9.86095 ], [ 44.87097, 9.91095 ], [ 44.88768, 9.92984 ], [ 44.89672, 9.94005 ], [ 44.89768, 9.94114 ], [ 44.89844, 9.942 ], [ 44.98928, 10.04468 ], [ 45.08164, 10.14895 ], [ 45.09426, 10.1632 ], [ 45.09437, 10.16333 ], [ 45.10107, 10.1709 ], [ 45.17942, 10.16406 ], [ 45.25786, 10.1572 ], [ 45.26101, 10.15692 ], [ 45.26963, 10.15619 ], [ 45.35455, 10.14895 ], [ 45.65503, 10.12255 ], [ 45.67568, 10.12075 ], [ 45.68587, 10.11986 ], [ 45.71577, 10.11725 ], [ 45.90112, 10.10107 ], [ 45.90688, 10.0998 ], [ 45.9074, 10.09969 ], [ 46.01105, 10.08088 ], [ 46.02968, 10.06607 ], [ 46.04953, 10.05029 ], [ 46.09092, 9.80058 ], [ 46.16601, 9.34753 ], [ 46.16602, 9.34747 ], [ 46.16603, 9.34741 ], [ 46.16604, 9.34737 ], [ 46.16605, 9.34728 ], [ 46.16624, 9.34608 ], [ 46.1689, 9.32929 ], [ 46.16978, 9.32374 ], [ 46.20761, 9.08521 ], [ 46.2076, 9.0852 ], [ 46.20761, 9.08517 ], [ 46.20761, 9.08516 ], [ 46.221, 9.00103 ], [ 46.2125, 8.94984 ], [ 46.1952, 8.8457 ], [ 46.19132, 8.82229 ], [ 46.19111, 8.82104 ], [ 46.25845, 8.81752 ], [ 46.27719, 8.81654 ], [ 46.35408, 8.81252 ], [ 46.38226, 8.81105 ], [ 46.61856, 8.79863 ], [ 46.71767, 8.79341 ], [ 46.761, 8.79113 ], [ 46.83773, 8.78705 ], [ 46.89404, 8.78406 ], [ 46.92101, 8.78262 ], [ 46.92108, 8.78262 ], [ 46.92108, 8.76111 ], [ 47.0011, 8.7511 ], [ 47.00271, 8.74803 ], [ 47.10101, 8.56122 ], [ 47.10107, 8.5611 ], [ 47.10101, 8.56068 ], [ 47.09611, 8.5296 ], [ 47.08394, 8.45297 ], [ 47.08386, 8.45248 ], [ 47.08382, 8.45218 ], [ 47.07837, 8.41695 ], [ 47.01364, 8.00666 ], [ 47.01255, 8.00003 ], [ 47.00769, 8.00002 ], [ 46.99869, 8.00001 ] ] ] ] } },
{ "type": "Feature", "properties": { "adm1_name": "Woqooyi Galbeed" }, "geometry": { "type": "MultiPolygon", "coordinates": [ [ [ [ 45.86286, 10.81949 ], [ 45.86578, 10.81724 ], [ 45.87175, 10.81732 ], [ 45.87347, 10.81732 ], [ 45.87386, 10.81709 ], [ 45.88377, 10.81104 ], [ 45.88383, 10.81115 ], [ 45.88391, 10.8111 ], [ 45.88452, 10.81207 ], [ 45.8855, 10.8139 ], [ 45.88287, 10.81848 ], [ 45.86853, 10.82751 ], [ 45.86493, 10.83228 ], [ 45.86513, 10.8335 ], [ 45.86553, 10.83563 ], [ 45.86636, 10.83564 ], [ 45.87855, 10.8358 ], [ 45.912, 10.82151 ], [ 45.95539, 10.79356 ], [ 45.97458, 10.78119 ], [ 45.97467, 10.78113 ], [ 45.97832, 10.78037 ], [ 45.99491, 10.77681 ], [ 46.02193, 10.7756 ], [ 46.02306, 10.77555 ], [ 46.03149, 10.77302 ], [ 46.0314, 10.77 ], [ 46.03006, 10.72925 ], [ 46.02681, 10.61869 ], [ 46.0173, 10.29603 ], [ 46.01615, 10.25682 ], [ 46.01601, 10.25221 ], [ 46.01588, 10.24776 ], [ 46.0116, 10.09967 ], [ 46.01105, 10.08088 ], [ 45.9074, 10.09969 ], [ 45.90688, 10.0998 ], [ 45.90112, 10.10107 ], [ 45.71577, 10.11725 ], [ 45.68587, 10.11986 ], [ 45.67568, 10.12075 ], [ 45.65503, 10.12255 ], [ 45.35455, 10.14895 ], [ 45.26963, 10.15619 ], [ 45.26101, 10.15692 ], [ 45.25786, 10.1572 ], [ 45.17942, 10.16406 ], [ 45.10107, 10.1709 ], [ 45.09437, 10.16333 ], [ 45.09426, 10.1632 ], [ 45.08164, 10.14895 ], [ 44.98928, 10.04468 ], [ 44.89844, 9.942 ], [ 44.89768, 9.94114 ], [ 44.89672, 9.94005 ], [ 44.88768, 9.92984 ], [ 44.87097, 9.91095 ], [ 44.83097, 9.86095 ], [ 44.82735, 9.84675 ], [ 44.80593, 9.7627 ], [ 44.8001, 9.73983 ], [ 44.78521, 9.6814 ], [ 44.76973, 9.62059 ], [ 44.7467, 9.53013 ], [ 44.72589, 9.44836 ], [ 44.72386, 9.44036 ], [ 44.7237, 9.43976 ], [ 44.71801, 9.41737 ], [ 44.71797, 9.41709 ], [ 44.71785, 9.41616 ], [ 44.70796, 9.37731 ], [ 44.6911, 9.3111 ], [ 44.6911, 9.21454 ], [ 44.69097, 9.21352 ], [ 44.69096, 8.99646 ], [ 44.69095, 8.78976 ], [ 44.69102, 8.77176 ], [ 44.69056, 8.77191 ], [ 44.68394, 8.77408 ], [ 44.67586, 8.77674 ], [ 44.66777, 8.77939 ], [ 44.65968, 8.78204 ], [ 44.6516, 8.7847 ], [ 44.64351, 8.78735 ], [ 44.63542, 8.79 ], [ 44.62734, 8.79265 ], [ 44.61925, 8.7953 ], [ 44.61116, 8.79796 ], [ 44.60308, 8.80061 ], [ 44.59499, 8.80326 ], [ 44.5869, 8.80591 ], [ 44.57939, 8.80837 ], [ 44.57187, 8.81083 ], [ 44.56436, 8.81329 ], [ 44.55684, 8.81575 ], [ 44.52569, 8.82669 ], [ 44.52008, 8.8305 ], [ 44.51127, 8.83253 ], [ 44.50245, 8.83456 ], [ 44.47402, 8.84373 ], [ 44.4594, 8.84844 ], [ 44.44437, 8.85329 ], [ 44.4362, 8.85619 ], [ 44.42804, 8.85909 ], [ 44.41987, 8.86198 ], [ 44.4117, 8.86488 ], [ 44.40353, 8.86778 ], [ 44.39537, 8.87068 ], [ 44.3872, 8.87357 ], [ 44.37903, 8.87647 ], [ 44.37091, 8.87888 ], [ 44.3628, 8.8813 ], [ 44.35468, 8.88371 ], [ 44.34656, 8.88612 ], [ 44.33795, 8.88868 ], [ 44.32933, 8.89123 ], [ 44.32072, 8.89379 ], [ 44.31239, 8.89674 ], [ 44.31191, 8.89691 ], [ 44.30405, 8.89969 ], [ 44.29572, 8.90264 ], [ 44.28738, 8.90559 ], [ 44.27905, 8.90854 ], [ 44.27071, 8.91149 ], [ 44.26475, 8.91291 ], [ 44.2588, 8.91433 ], [ 44.25284, 8.91575 ], [ 44.24671, 8.91801 ], [ 44.24059, 8.92028 ], [ 44.23446, 8.92254 ], [ 44.21045, 8.92943 ], [ 44.17962, 8.93829 ], [ 44.17132, 8.94109 ], [ 44.16303, 8.94389 ], [ 44.15473, 8.94669 ], [ 44.14644, 8.94949 ], [ 44.13814, 8.95229 ], [ 44.12985, 8.95509 ], [ 44.12155, 8.95789 ], [ 44.11326, 8.96069 ], [ 44.10496, 8.96349 ], [ 44.09664, 8.9663 ], [ 44.08833, 8.9691 ], [ 44.08001, 8.97191 ], [ 44.07169, 8.97471 ], [ 44.06337, 8.97752 ], [ 44.05506, 8.98032 ], [ 44.04674, 8.98313 ], [ 44.03842, 8.98593 ], [ 44.03379, 8.98606 ], [ 44.00586, 8.99656 ], [ 43.98564, 9.01339 ], [ 43.97933, 9.01961 ], [ 43.97302, 9.02583 ], [ 43.96672, 9.03205 ], [ 43.96041, 9.03826 ], [ 43.9541, 9.04448 ], [ 43.94779, 9.0507 ], [ 43.94148, 9.05692 ], [ 43.93517, 9.06314 ], [ 43.92886, 9.06935 ], [ 43.92255, 9.07557 ], [ 43.91624, 9.08179 ], [ 43.90993, 9.08801 ], [ 43.90362, 9.09422 ], [ 43.89731, 9.10044 ], [ 43.88562, 9.11366 ], [ 43.88428, 9.11526 ], [ 43.88014, 9.12022 ], [ 43.87601, 9.12519 ], [ 43.87187, 9.13015 ], [ 43.86561, 9.13657 ], [ 43.85935, 9.143 ], [ 43.8531, 9.14942 ], [ 43.84684, 9.15584 ], [ 43.84058, 9.16227 ], [ 43.83432, 9.16869 ], [ 43.82806, 9.17511 ], [ 43.8218, 9.18153 ], [ 43.81554, 9.18796 ], [ 43.80928, 9.19438 ], [ 43.78068, 9.22361 ], [ 43.77525, 9.22916 ], [ 43.76982, 9.23471 ], [ 43.7656, 9.23715 ], [ 43.7598, 9.24308 ], [ 43.75399, 9.24901 ], [ 43.74819, 9.25495 ], [ 43.74239, 9.26088 ], [ 43.73658, 9.26681 ], [ 43.73078, 9.27274 ], [ 43.72497, 9.27868 ], [ 43.71917, 9.28461 ], [ 43.71336, 9.29054 ], [ 43.70756, 9.29647 ], [ 43.70466, 9.29943 ], [ 43.70184, 9.30232 ], [ 43.69611, 9.30816 ], [ 43.69039, 9.31401 ], [ 43.68466, 9.31985 ], [ 43.67894, 9.3257 ], [ 43.67321, 9.33154 ], [ 43.66749, 9.33739 ], [ 43.66003, 9.34586 ], [ 43.65681, 9.35004 ], [ 43.65175, 9.35419 ], [ 43.64669, 9.35833 ], [ 43.63881, 9.35845 ], [ 43.63092, 9.35857 ], [ 43.62304, 9.35868 ], [ 43.61515, 9.3588 ], [ 43.60727, 9.35892 ], [ 43.60154, 9.35901 ], [ 43.59387, 9.36069 ], [ 43.58681, 9.3637 ], [ 43.57974, 9.36672 ], [ 43.57268, 9.36973 ], [ 43.56561, 9.37274 ], [ 43.55793, 9.37482 ], [ 43.55611, 9.37531 ], [ 43.55608, 9.37532 ], [ 43.55024, 9.3769 ], [ 43.54256, 9.37898 ], [ 43.53487, 9.38106 ], [ 43.51992, 9.38718 ], [ 43.49137, 9.40152 ], [ 43.4683, 9.41941 ], [ 43.44552, 9.44489 ], [ 43.43223, 9.4708 ], [ 43.41729, 9.50458 ], [ 43.41371, 9.51268 ], [ 43.41256, 9.5194 ], [ 43.41141, 9.52611 ], [ 43.41026, 9.53283 ], [ 43.40757, 9.53933 ], [ 43.40488, 9.54582 ], [ 43.40156, 9.54931 ], [ 43.39824, 9.55279 ], [ 43.39248, 9.55686 ], [ 43.38671, 9.56093 ], [ 43.38095, 9.565 ], [ 43.37518, 9.56907 ], [ 43.37132, 9.57611 ], [ 43.366, 9.58117 ], [ 43.36067, 9.58622 ], [ 43.3543, 9.59035 ], [ 43.34792, 9.59447 ], [ 43.34155, 9.5986 ], [ 43.34062, 9.60029 ], [ 43.3327, 9.60321 ], [ 43.32478, 9.60613 ], [ 43.31584, 9.6072 ], [ 43.3069, 9.60827 ], [ 43.2992, 9.61109 ], [ 43.28965, 9.65722 ], [ 43.31091, 9.6911 ], [ 43.3706, 9.80052 ], [ 43.37088, 9.80102 ], [ 43.3712, 9.80141 ], [ 43.37597, 9.80694 ], [ 43.40635, 9.84303 ], [ 43.40636, 9.84302 ], [ 43.42222, 9.86185 ], [ 43.45657, 9.90264 ], [ 43.53094, 9.99094 ], [ 43.55449, 10.02441 ], [ 43.5546, 10.02456 ], [ 43.55449, 10.02462 ], [ 43.55456, 10.02472 ], [ 43.58663, 10.07026 ], [ 43.67013, 10.18884 ], [ 43.689, 10.21565 ], [ 43.72089, 10.26093 ], [ 43.75555, 10.29554 ], [ 43.76092, 10.3009 ], [ 43.76093, 10.3009 ], [ 43.82092, 10.29089 ], [ 43.92545, 10.23392 ], [ 43.95898, 10.21565 ], [ 43.98837, 10.19963 ], [ 44.00816, 10.18884 ], [ 44.04097, 10.17095 ], [ 44.04108, 10.17109 ], [ 44.0624, 10.20016 ], [ 44.09124, 10.23949 ], [ 44.10932, 10.26415 ], [ 44.11789, 10.27583 ], [ 44.15094, 10.32089 ], [ 44.18627, 10.38367 ], [ 44.23577, 10.47145 ], [ 44.23668, 10.47305 ], [ 44.25824, 10.45427 ], [ 44.28818, 10.43138 ], [ 44.32026, 10.41772 ], [ 44.36656, 10.40133 ], [ 44.39748, 10.3946 ], [ 44.4104, 10.39179 ], [ 44.42724, 10.39594 ], [ 44.44769, 10.40088 ], [ 44.46579, 10.39994 ], [ 44.48156, 10.39904 ], [ 44.50977, 10.39288 ], [ 44.52286, 10.38829 ], [ 44.54123, 10.387 ], [ 44.55457, 10.38103 ], [ 44.56458, 10.3796 ], [ 44.56922, 10.38018 ], [ 44.59447, 10.38334 ], [ 44.60604, 10.38266 ], [ 44.60954, 10.38246 ], [ 44.61249, 10.38228 ], [ 44.61572, 10.38208 ], [ 44.61998, 10.38406 ], [ 44.62254, 10.38521 ], [ 44.63827, 10.38824 ], [ 44.65247, 10.39906 ], [ 44.6587, 10.40146 ], [ 44.6978, 10.40995 ], [ 44.71635, 10.41118 ], [ 44.71847, 10.41261 ], [ 44.72589, 10.41748 ], [ 44.7394, 10.41932 ], [ 44.75218, 10.42098 ], [ 44.75965, 10.41904 ], [ 44.762, 10.41701 ], [ 44.77663, 10.41726 ], [ 44.78103, 10.41609 ], [ 44.78308, 10.41553 ], [ 44.78315, 10.41553 ], [ 44.78316, 10.41553 ], [ 44.79367, 10.41615 ], [ 44.79407, 10.41617 ], [ 44.79726, 10.41872 ], [ 44.79823, 10.41946 ], [ 44.7993, 10.41955 ], [ 44.8017, 10.41968 ], [ 44.80523, 10.41812 ], [ 44.80846, 10.41664 ], [ 44.8212, 10.41846 ], [ 44.82748, 10.41765 ], [ 44.84329, 10.41038 ], [ 44.84351, 10.41028 ], [ 44.84925, 10.40992 ], [ 44.86224, 10.40903 ], [ 44.88063, 10.40634 ], [ 44.88158, 10.40521 ], [ 44.88169, 10.4053 ], [ 44.88171, 10.40527 ], [ 44.88272, 10.40605 ], [ 44.88318, 10.40639 ], [ 44.8943, 10.40685 ], [ 44.91677, 10.40778 ], [ 44.91992, 10.4079 ], [ 44.9241, 10.40843 ], [ 44.94349, 10.41082 ], [ 44.96103, 10.41708 ], [ 44.96109, 10.4171 ], [ 44.96112, 10.41711 ], [ 44.99573, 10.43347 ], [ 45.00012, 10.43707 ], [ 45.00189, 10.43872 ], [ 45.00189, 10.43886 ], [ 45.0028, 10.44062 ], [ 45.00549, 10.44568 ], [ 45.0047, 10.44726 ], [ 45.00417, 10.44856 ], [ 45.00206, 10.44911 ], [ 45.00012, 10.44971 ], [ 44.99268, 10.44873 ], [ 44.98608, 10.44373 ], [ 44.98585, 10.44363 ], [ 44.9854, 10.44356 ], [ 44.98452, 10.44341 ], [ 44.98309, 10.4433 ], [ 44.98248, 10.44568 ], [ 44.98364, 10.44771 ], [ 44.98555, 10.4508 ], [ 44.98608, 10.45098 ], [ 44.99376, 10.45372 ], [ 45.00012, 10.45587 ], [ 45.00333, 10.45712 ], [ 45.00518, 10.45778 ], [ 45.02338, 10.46703 ], [ 45.03105, 10.46953 ], [ 45.04787, 10.475 ], [ 45.06039, 10.48326 ], [ 45.0647, 10.48608 ], [ 45.06512, 10.48669 ], [ 45.07428, 10.4989 ], [ 45.07461, 10.49923 ], [ 45.07509, 10.49965 ], [ 45.07802, 10.50224 ], [ 45.08252, 10.5061 ], [ 45.08285, 10.50616 ], [ 45.08475, 10.50638 ], [ 45.08612, 10.50728 ], [ 45.08807, 10.50848 ], [ 45.09907, 10.5104 ], [ 45.10719, 10.51178 ], [ 45.12944, 10.51558 ], [ 45.14294, 10.52027 ], [ 45.14471, 10.52087 ], [ 45.14871, 10.52345 ], [ 45.16309, 10.53265 ], [ 45.16536, 10.53358 ], [ 45.18512, 10.54108 ], [ 45.19295, 10.54412 ], [ 45.19369, 10.5444 ], [ 45.21089, 10.55108 ], [ 45.23325, 10.56199 ], [ 45.24244, 10.56903 ], [ 45.2426, 10.5692 ], [ 45.24292, 10.56952 ], [ 45.25653, 10.58368 ], [ 45.2699, 10.60248 ], [ 45.28387, 10.61627 ], [ 45.29669, 10.62891 ], [ 45.32452, 10.6601 ], [ 45.32458, 10.66015 ], [ 45.3247, 10.66017 ], [ 45.33642, 10.66256 ], [ 45.33911, 10.66309 ], [ 45.36029, 10.66132 ], [ 45.36547, 10.66142 ], [ 45.39172, 10.6618 ], [ 45.39532, 10.66185 ], [ 45.40603, 10.6604 ], [ 45.4218, 10.6627 ], [ 45.44017, 10.66227 ], [ 45.44297, 10.6625 ], [ 45.46069, 10.66388 ], [ 45.46503, 10.66613 ], [ 45.46683, 10.66702 ], [ 45.46689, 10.6671 ], [ 45.46692, 10.66711 ], [ 45.46697, 10.66719 ], [ 45.46734, 10.66766 ], [ 45.48006, 10.68376 ], [ 45.4805, 10.68394 ], [ 45.49069, 10.68828 ], [ 45.50042, 10.68955 ], [ 45.50909, 10.69067 ], [ 45.51428, 10.69128 ], [ 45.51727, 10.69278 ], [ 45.51828, 10.69327 ], [ 45.51834, 10.69332 ], [ 45.5191, 10.69409 ], [ 45.53303, 10.70844 ], [ 45.53314, 10.70848 ], [ 45.53928, 10.71032 ], [ 45.55548, 10.71509 ], [ 45.5623, 10.71929 ], [ 45.56484, 10.72081 ], [ 45.57197, 10.7262 ], [ 45.57199, 10.72625 ], [ 45.57208, 10.72632 ], [ 45.57208, 10.72644 ], [ 45.57413, 10.73084 ], [ 45.5767, 10.73638 ], [ 45.58138, 10.74129 ], [ 45.58392, 10.7439 ], [ 45.59167, 10.75873 ], [ 45.59253, 10.76031 ], [ 45.59508, 10.76287 ], [ 45.59721, 10.76493 ], [ 45.59731, 10.76493 ], [ 45.61813, 10.76545 ], [ 45.61828, 10.7655 ], [ 45.61829, 10.7655 ], [ 45.61841, 10.76555 ], [ 45.63155, 10.77023 ], [ 45.658, 10.78262 ], [ 45.65835, 10.78278 ], [ 45.67108, 10.78686 ], [ 45.67624, 10.78967 ], [ 45.68152, 10.79248 ], [ 45.7, 10.8057 ], [ 45.70518, 10.80939 ], [ 45.71035, 10.81324 ], [ 45.71552, 10.81708 ], [ 45.74791, 10.82776 ], [ 45.75559, 10.83029 ], [ 45.7556, 10.8303 ], [ 45.75568, 10.83032 ], [ 45.75848, 10.8327 ], [ 45.7656, 10.84619 ], [ 45.76787, 10.85045 ], [ 45.77105, 10.85417 ], [ 45.77391, 10.85747 ], [ 45.77427, 10.85765 ], [ 45.78028, 10.86072 ], [ 45.79132, 10.86188 ], [ 45.79861, 10.86272 ], [ 45.80189, 10.86308 ], [ 45.80316, 10.8641 ], [ 45.8075, 10.86749 ], [ 45.81021, 10.86732 ], [ 45.81986, 10.85871 ], [ 45.84051, 10.84542 ], [ 45.85455, 10.8394 ], [ 45.85786, 10.83484 ], [ 45.85939, 10.82521 ], [ 45.86104, 10.82218 ], [ 45.86225, 10.81996 ], [ 45.86228, 10.81994 ], [ 45.8623, 10.81989 ], [ 45.86286, 10.81949 ] ] ] ] } }
]
}
