{
"type": "FeatureCollection",
"name": "pak_adminpoints",
"crs": { "type": "name", "properties": { "name": "urn:ogc:def:crs:OGC:1.3:CRS84" } },
"features": [
{"type":"Feature","properties":{"admin_level":0,"name":"Pakistan","name1":null,"name2":null,"name3":null,"x_coord":70.14005798,"y_coord":30.43837536,"adm4_name":null,"adm4_name1":null,"adm4_name2":null,"adm4_name3":null,"adm4_pcode":null,"adm3_name":null,"adm3_name1":null,"adm3_name2":null,"adm3_name3":null,"adm3_pcode":null,"adm2_name":null,"adm2_name1":null,"adm2_name2":null,"adm2_name3":null,"adm2_pcode":null,"adm1_name":null,"adm1_name1":null,"adm1_name2":null,"adm1_name3":null,"adm1_pcode":null,"adm0_name":"Pakistan","adm0_name1":null,"adm0_name2":null,"adm0_name3":null,"adm0_pcode":"PK","valid_on":"2022-09-09","valid_to":null,"version":"v01","lang":"en","lang1":null,"lang2":null,"lang3":null},"geometry":{"type":"Point","coordinates":[70.140057978000129,30.438375363000034]}},
{"type":"Feature","properties":{"admin_level":1,"name":"Azad Kashmir","name1":null,"name2":null,"name3":null,"x_coord":73.90063879,"y_coord":33.95324505,"adm4_name":null,"adm4_name1":null,"adm4_name2":null,"adm4_name3":null,"adm4_pcode":null,"adm3_name":null,"adm3_name1":null,"adm3_name2":null,"adm3_name3":null,"adm3_pcode":null,"adm2_name":null,"adm2_name1":null,"adm2_name2":null,"adm2_name3":null,"adm2_pcode":null,"adm1_name":"Azad Kashmir","adm1_name1":null,"adm1_name2":null,"adm1_name3":null,"adm1_pcode":"PK1","adm0_name":"Pakistan","adm0_name1":null,"adm0_name2":null,"adm0_name3":null,"adm0_pcode":"PK","valid_on":"2022-09-09","valid_to":null,"version":"v01","lang":"en","lang1":null,"lang2":null,"lang3":null},"geometry":{"type":"Point","coordinates":[73.900638794000145,33.953245047999985]}},
{"type":"Feature","properties":{"admin_level":1,"name":"Balochistan","name1":null,"name2":null,"name3":null,"x_coord":65.70961117,"y_coord":28.49738407,"adm4_name":null,"adm4_name1":null,"adm4_name2":null,"adm4_name3":null,"adm4_pcode":null,"adm3_name":null,"adm3_name1":null,"adm3_name2":null,"adm3_name3":null,"adm3_pcode":null,"adm2_name":null,"adm2_name1":null,"adm2_name2":null,"adm2_name3":null,"adm2_pcode":null,"adm1_name":"Balochistan","adm1_name1":null,"adm1_name2":null,"adm1_name3":null,"adm1_pcode":"PK2","adm0_name":"Pakistan","adm0_name1":null,"adm0_name2":null,"adm0_name3":null,"adm0_pcode":"PK","valid_on":"2022-09-09","valid_to":null,"version":"v01","lang":"en","lang1":null,"lang2":null,"lang3":null},"geometry":{"type":"Point","coordinates":[65.70961117000013,28.49738407100017]}},
{"type":"Feature","properties":{"admin_level":1,"name":"Gilgit Baltistan","name1":null,"name2":null,"name3":null,"x_coord":74.84463558,"y_coord":35.80287376,"adm4_name":null,"adm4_name1":null,"adm4_name2":null,"adm4_name3":null,"adm4_pcode":null,"adm3_name":null,"adm3_name1":null,"adm3_name2":null,"adm3_name3":null,"adm3_pcode":null,"adm2_name":null,"adm2_name1":null,"adm2_name2":null,"adm2_name3":null,"adm2_pcode":null,"adm1_name":"Gilgit Baltistan","adm1_name1":null,"adm1_name2":null,"adm1_name3":null,"adm1_pcode":"PK3","adm0_name":"Pakistan","adm0_name1":null,"adm0_name2":null,"adm0_name3":null,"adm0_pcode":"PK","valid_on":"2022-09-09","valid_to":null,"version":"v01","lang":"en","lang1":null,"lang2":null,"lang3":null},"geometry":{"type":"Point","coordinates":[74.844635583000127,35.802873758000146]}},
{"type":"Feature","properties":{"admin_level":1,"name":"Islamabad","name1":null,"name2":null,"name3":null,"x_coord":72.95796258,"y_coord":33.65087509,"adm4_name":null,"adm4_name1":null,"adm4_name2":null,"adm4_name3":null,"adm4_pcode":null,"adm3_name":null,"adm3_name1":null,"adm3_name2":null,"adm3_name3":null,"adm3_pcode":null,"adm2_name":null,"adm2_name1":null,"adm2_name2":null,"adm2_name3":null,"adm2_pcode":null,"adm1_name":"Islamabad","adm1_name1":null,"adm1_name2":null,"adm1_name3":null,"adm1_pcode":"PK4","adm0_name":"Pakistan","adm0_name1":null,"adm0_name2":null,"adm0_name3":null,"adm0_pcode":"PK","valid_on":"2022-09-09","valid_to":null,"version":"v01","lang":"en","lang1":null,"lang2":null,"lang3":null},"geometry":{"type":"Point","coordinates":[72.957962576000114,33.650875092000035]}},
{"type":"Feature","properties":{"admin_level":1,"name":"Khyber Pakhtunkhwa","name1":null,"name2":null,"name3":null,"x_coord":72.26255184,"y_coord":34.03646716,"adm4_name":null,"adm4_name1":null,"adm4_name2":null,"adm4_name3":null,"adm4_pcode":null,"adm3_name":null,"adm3_name1":null,"adm3_name2":null,"adm3_name3":null,"adm3_pcode":null,"adm2_name":null,"adm2_name1":null,"adm2_name2":null,"adm2_name3":null,"adm2_pcode":null,"adm1_name":"Khyber Pakhtunkhwa","adm1_name1":null,"adm1_name2":null,"adm1_name3":null,"adm1_pcode":"PK5","adm0_name":"Pakistan","adm0_name1":null,"adm0_name2":null,"adm0_name3":null,"adm0_pcode":"PK","valid_on":"2022-09-09","valid_to":null,"version":"v01","lang":"en","lang1":null,"lang2":null,"lang3":null},"geometry":{"type":"Point","coordinates":[72.262551840000071,34.036467164000157]}},
{"type":"Feature","properties":{"admin_level":1,"name":"Punjab","name1":null,"name2":null,"name3":null,"x_coord":72.32024937,"y_coord":30.86162475,"adm4_name":null,"adm4_name1":null,"adm4_name2":null,"adm4_name3":null,"adm4_pcode":null,"adm3_name":null,"adm3_name1":null,"adm3_name2":null,"adm3_name3":null,"adm3_pcode":null,"adm2_name":null,"adm2_name1":null,"adm2_name2":null,"adm2_name3":null,"adm2_pcode":null,"adm1_name":"Punjab","adm1_name1":null,"adm1_name2":null,"adm1_name3":null,"adm1_pcode":"PK6","adm0_name":"Pakistan","adm0_name1":null,"adm0_name2":null,"adm0_name3":null,"adm0_pcode":"PK","valid_on":"2022-09-09","valid_to":null,"version":"v01","lang":"en","lang1":null,"lang2":null,"lang3":null},"geometry":{"type":"Point","coordinates":[72.320249372000035,30.861624755000037]}},
{"type":"Feature","properties":{"admin_level":1,"name":"Sindh","name1":null,"name2":null,"name3":null,"x_coord":68.75576081,"y_coord":26.13399506,"adm4_name":null,"adm4_name1":null,"adm4_name2":null,"adm4_name3":null,"adm4_pcode":null,"adm3_name":null,"adm3_name1":null,"adm3_name2":null,"adm3_name3":null,"adm3_pcode":null,"adm2_name":null,"adm2_name1":null,"adm2_name2":null,"adm2_name3":null,"adm2_pcode":null,"adm1_name":"Sindh","adm1_name1":null,"adm1_name2":null,"adm1_name3":null,"adm1_pcode":"PK7","adm0_name":"Pakistan","adm0_name1":null,"adm0_name2":null,"adm0_name3":null,"adm0_pcode":"PK","valid_on":"2022-09-09","valid_to":null,"version":"v01","lang":"en","lang1":null,"lang2":null,"lang3":null},"geometry":{"type":"Point","coordinates":[68.755760810000027,26.133995056000174]}},
{"type":"Feature","properties":{"admin_level":2,"name":"Bagh","name1":null,"name2":null,"name3":null,"x_coord":73.73137722,"y_coord":34.00345966,"adm4_name":null,"adm4_name1":null,"adm4_name2":null,"adm4_name3":null,"adm4_pcode":null,"adm3_name":null,"adm3_name1":null,"adm3_name2":null,"adm3_name3":null,"adm3_pcode":null,"adm2_name":"Bagh","adm2_name1":null,"adm2_name2":null,"adm2_name3":null,"adm2_pcode":"PK101","adm1_name":"Azad Kashmir","adm1_name1":null,"adm1_name2":null,"adm1_name3":null,"adm1_pcode":"PK1","adm0_name":"Pakistan","adm0_name1":null,"adm0_name2":null,"adm0_name3":null,"adm0_pcode":"PK","valid_on":"2022-09-09","valid_to":null,"version":"v01","lang":"en","lang1":null,"lang2":null,"lang3":null},"geometry":{"type":"Point","coordinates":[73.731377217000102,34.003459657000121]}},
{"type":"Feature","properties":{"admin_level":2,"name":"Bhimber","name1":null,"name2":null,"name3":null,"x_coord":74.15025594,"y_coord":33.0141365,"adm4_name":null,"adm4_name1":null,"adm4_name2":null,"adm4_name3":null,"adm4_pcode":null,"adm3_name":null,"adm3_name1":null,"adm3_name2":null,"adm3_name3":null,"adm3_pcode":null,"adm2_name":"Bhimber","adm2_name1":null,"adm2_name2":null,"adm2_name3":null,"adm2_pcode":"PK102","adm1_name":"Azad Kashmir","adm1_name1":null,"adm1_name2":null,"adm1_name3":null,"adm1_pcode":"PK1","adm0_name":"Pakistan","adm0_name1":null,"adm0_name2":null,"adm0_name3":null,"adm0_pcode":"PK","valid_on":"2022-09-09","valid_to":null,"version":"v01","lang":"en","lang1":null,"lang2":null,"lang3":null},"geometry":{"type":"Point","coordinates":[74.150255935000132,33.014136495000173]}},
{"type":"Feature","properties":{"admin_level":2,"name":"Jhelum Valley","name1":null,"name2":null,"name3":null,"x_coord":73.79666936,"y_coord":34.18810082,"adm4_name":null,"adm4_name1":null,"adm4_name2":null,"adm4_name3":null,"adm4_pcode":null,"adm3_name":null,"adm3_name1":null,"adm3_name2":null,"adm3_name3":null,"adm3_pcode":null,"adm2_name":"Jhelum Valley","adm2_name1":null,"adm2_name2":null,"adm2_name3":null,"adm2_pcode":"PK103","adm1_name":"Azad Kashmir","adm1_name1":null,"adm1_name2":null,"adm1_name3":null,"adm1_pcode":"PK1","adm0_name":"Pakistan","adm0_name1":null,"adm0_name2":null,"adm0_name3":null,"adm0_pcode":"PK","valid_on":"2022-09-09","valid_to":null,"version":"v01","lang":"en","lang1":null,"lang2":null,"lang3":null},"geometry":{"type":"Point","coordinates":[73.796669360000067,34.188100815000041]}},
{"type":"Feature","properties":{"admin_level":2,"name":"Haveli","name1":null,"name2":null,"name3":null,"x_coord":74.11984541,"y_coord":33.93504153,"adm4_name":null,"adm4_name1":null,"adm4_name2":null,"adm4_name3":null,"adm4_pcode":null,"adm3_name":null,"adm3_name1":null,"adm3_name2":null,"adm3_name3":null,"adm3_pcode":null,"adm2_name":"Haveli","adm2_name1":null,"adm2_name2":null,"adm2_name3":null,"adm2_pcode":"PK104","adm1_name":"Azad Kashmir","adm1_name1":null,"adm1_name2":null,"adm1_name3":null,"adm1_pcode":"PK1","adm0_name":"Pakistan","adm0_name1":null,"adm0_name2":null,"adm0_name3":null,"adm0_pcode":"PK","valid_on":"2022-09-09","valid_to":null,"version":"v01","lang":"en","lang1":null,"lang2":null,"lang3":null},"geometry":{"type":"Point","coordinates":[74.119845409000163,33.935041530000035]}},
{"type":"Feature","properties":{"admin_level":2,"name":"Kotli","name1":null,"name2":null,"name3":null,"x_coord":73.94688109000001,"y_coord":33.45426468,"adm4_name":null,"adm4_name1":null,"adm4_name2":null,"adm4_name3":null,"adm4_pcode":null,"adm3_name":null,"adm3_name1":null,"adm3_name2":null,"adm3_name3":null,"adm3_pcode":null,"adm2_name":"Kotli","adm2_name1":null,"adm2_name2":null,"adm2_name3":null,"adm2_pcode":"PK105","adm1_name":"Azad Kashmir","adm1_name1":null,"adm1_name2":null,"adm1_name3":null,"adm1_pcode":"PK1","adm0_name":"Pakistan","adm0_name1":null,"adm0_name2":null,"adm0_name3":null,"adm0_pcode":"PK","valid_on":"2022-09-09","valid_to":null,"version":"v01","lang":"en","lang1":null,"lang2":null,"lang3":null},"geometry":{"type":"Point","coordinates":[73.946881089999977,33.454264679000175]}},
{"type":"Feature","properties":{"admin_level":2,"name":"Mirpur","name1":null,"name2":null,"name3":null,"x_coord":73.75892212,"y_coord":33.2390211,"adm4_name":null,"adm4_name1":null,"adm4_name2":null,"adm4_name3":null,"adm4_pcode":null,"adm3_name":null,"adm3_name1":null,"adm3_name2":null,"adm3_name3":null,"adm3_pcode":null,"adm2_name":"Mirpur","adm2_name1":null,"adm2_name2":null,"adm2_name3":null,"adm2_pcode":"PK106","adm1_name":"Azad Kashmir","adm1_name1":null,"adm1_name2":null,"adm1_name3":null,"adm1_pcode":"PK1","adm0_name":"Pakistan","adm0_name1":null,"adm0_name2":null,"adm0_name3":null,"adm0_pcode":"PK","valid_on":"2022-09-09","valid_to":null,"version":"v01","lang":"en","lang1":null,"lang2":null,"lang3":null},"geometry":{"type":"Point","coordinates":[73.758922123000104,33.23902110400013]}},
{"type":"Feature","properties":{"admin_level":2,"name":"Muzaffarabad","name1":null,"name2":null,"name3":null,"x_coord":73.57999271,"y_coord":34.32343504,"adm4_name":null,"adm4_name1":null,"adm4_name2":null,"adm4_name3":null,"adm4_pcode":null,"adm3_name":null,"adm3_name1":null,"adm3_name2":null,"adm3_name3":null,"adm3_pcode":null,"adm2_name":"Muzaffarabad","adm2_name1":null,"adm2_name2":null,"adm2_name3":null,"adm2_pcode":"PK107","adm1_name":"Azad Kashmir","adm1_name1":null,"adm1_name2":null,"adm1_name3":null,"adm1_pcode":"PK1","adm0_name":"Pakistan","adm0_name1":null,"adm0_name2":null,"adm0_name3":null,"adm0_pcode":"PK","valid_on":"2022-09-09","valid_to":null,"version":"v01","lang":"en","lang1":null,"lang2":null,"lang3":null},"geometry":{"type":"Point","coordinates":[73.579992706000041,34.323435045000053]}},
{"type":"Feature","properties":{"admin_level":2,"name":"Neelum","name1":null,"name2":null,"name3":null,"x_coord":73.98522946,"y_coord":34.75691795,"adm4_name":null,"adm4_name1":null,"adm4_name2":null,"adm4_name3":null,"adm4_pcode":null,"adm3_name":null,"adm3_name1":null,"adm3_name2":null,"adm3_name3":null,"adm3_pcode":null,"adm2_name":"Neelum","adm2_name1":null,"adm2_name2":null,"adm2_name3":null,"adm2_pcode":"PK108","adm1_name":"Azad Kashmir","adm1_name1":null,"adm1_name2":null,"adm1_name3":null,"adm1_pcode":"PK1","adm0_name":"Pakistan","adm0_name1":null,"adm0_name2":null,"adm0_name3":null,"adm0_pcode":"PK","valid_on":"2022-09-09","valid_to":null,"version":"v01","lang":"en","lang1":null,"lang2":null,"lang3":null},"geometry":{"type":"Point","coordinates":[73.985229456000184,34.756917954000073]}},
{"type":"Feature","properties":{"admin_level":2,"name":"Poonch","name1":null,"name2":null,"name3":null,"x_coord":73.89679997,"y_coord":33.78574504,"adm4_name":null,"adm4_name1":null,"adm4_name2":null,"adm4_name3":null,"adm4_pcode":null,"adm3_name":null,"adm3_name1":null,"adm3_name2":null,"adm3_name3":null,"adm3_pcode":null,"adm2_name":"Poonch","adm2_name1":null,"adm2_name2":null,"adm2_name3":null,"adm2_pcode":"PK109","adm1_name":"Azad Kashmir","adm1_name1":null,"adm1_name2":null,"adm1_name3":null,"adm1_pcode":"PK1","adm0_name":"Pakistan","adm0_name1":null,"adm0_name2":null,"adm0_name3":null,"adm0_pcode":"PK","valid_on":"2022-09-09","valid_to":null,"version":"v01","lang":"en","lang1":null,"lang2":null,"lang3":null},"geometry":{"type":"Point","coordinates":[73.896799974000146,33.785745045000056]}},
{"type":"Feature","properties":{"admin_level":2,"name":"Sudhnoti","name1":null,"name2":null,"name3":null,"x_coord":73.73941615,"y_coord":33.70396099,"adm4_name":null,"adm4_name1":null,"adm4_name2":null,"adm4_name3":null,"adm4_pcode":null,"adm3_name":null,"adm3_name1":null,"adm3_name2":null,"adm3_name3":null,"adm3_pcode":null,"adm2_name":"Sudhnoti","adm2_name1":null,"adm2_name2":null,"adm2_name3":null,"adm2_pcode":"PK110","adm1_name":"Azad Kashmir","adm1_name1":null,"adm1_name2":null,"adm1_name3":null,"adm1_pcode":"PK1","adm0_name":"Pakistan","adm0_name1":null,"adm0_name2":null,"adm0_name3":null,"adm0_pcode":"PK","valid_on":"2022-09-09","valid_to":null,"version":"v01","lang":"en","lang1":null,"lang2":null,"lang3":null},"geometry":{"type":"Point","coordinates":[73.739416149000192,33.703960987000073]}},
{"type":"Feature","properties":{"admin_level":2,"name":"Awaran","name1":null,"name2":null,"name3":null,"x_coord":65.46475023000001,"y_coord":26.42397797,"adm4_name":null,"adm4_name1":null,"adm4_name2":null,"adm4_name3":null,"adm4_pcode":null,"adm3_name":null,"adm3_name1":null,"adm3_name2":null,"adm3_name3":null,"adm3_pcode":null,"adm2_name":"Awaran","adm2_name1":null,"adm2_name2":null,"adm2_name3":null,"adm2_pcode":"PK201","adm1_name":"Balochistan","adm1_name1":null,"adm1_name2":null,"adm1_name3":null,"adm1_pcode":"PK2","adm0_name":"Pakistan","adm0_name1":null,"adm0_name2":null,"adm0_name3":null,"adm0_pcode":"PK","valid_on":"2022-09-09","valid_to":null,"version":"v01","lang":"en","lang1":null,"lang2":null,"lang3":null},"geometry":{"type":"Point","coordinates":[65.464750231000039,26.423977975000128]}},
{"type":"Feature","properties":{"admin_level":2,"name":"Barkhan","name1":null,"name2":null,"name3":null,"x_coord":69.69123702,"y_coord":29.98450729,"adm4_name":null,"adm4_name1":null,"adm4_name2":null,"adm4_name3":null,"adm4_pcode":null,"adm3_name":null,"adm3_name1":null,"adm3_name2":null,"adm3_name3":null,"adm3_pcode":null,"adm2_name":"Barkhan","adm2_name1":null,"adm2_name2":null,"adm2_name3":null,"adm2_pcode":"PK202","adm1_name":"Balochistan","adm1_name1":null,"adm1_name2":null,"adm1_name3":null,"adm1_pcode":"PK2","adm0_name":"Pakistan","adm0_name1":null,"adm0_name2":null,"adm0_name3":null,"adm0_pcode":"PK","valid_on":"2022-09-09","valid_to":null,"version":"v01","lang":"en","lang1":null,"lang2":null,"lang3":null},"geometry":{"type":"Point","coordinates":[69.691237022000166,29.984507291999989]}},
{"type":"Feature","properties":{"admin_level":2,"name":"Chagai","name1":null,"name2":null,"name3":null,"x_coord":63.41802386,"y_coord":28.87502079,"adm4_name":null,"adm4_name1":null,"adm4_name2":null,"adm4_name3":null,"adm4_pcode":null,"adm3_name":null,"adm3_name1":null,"adm3_name2":null,"adm3_name3":null,"adm3_pcode":null,"adm2_name":"Chagai","adm2_name1":null,"adm2_name2":null,"adm2_name3":null,"adm2_pcode":"PK203","adm1_name":"Balochistan","adm1_name1":null,"adm1_name2":null,"adm1_name3":null,"adm1_pcode":"PK2","adm0_name":"Pakistan","adm0_name1":null,"adm0_name2":null,"adm0_name3":null,"adm0_pcode":"PK","valid_on":"2022-09-09","valid_to":null,"version":"v01","lang":"en","lang1":null,"lang2":null,"lang3":null},"geometry":{"type":"Point","coordinates":[63.418023855000172,28.875020789000075]}},
{"type":"Feature","properties":{"admin_level":2,"name":"Dera Bugti","name1":null,"name2":null,"name3":null,"x_coord":69.01115142,"y_coord":29.05961766,"adm4_name":null,"adm4_name1":null,"adm4_name2":null,"adm4_name3":null,"adm4_pcode":null,"adm3_name":null,"adm3_name1":null,"adm3_name2":null,"adm3_name3":null,"adm3_pcode":null,"adm2_name":"Dera Bugti","adm2_name1":null,"adm2_name2":null,"adm2_name3":null,"adm2_pcode":"PK204","adm1_name":"Balochistan","adm1_name1":null,"adm1_name2":null,"adm1_name3":null,"adm1_pcode":"PK2","adm0_name":"Pakistan","adm0_name1":null,"adm0_name2":null,"adm0_name3":null,"adm0_pcode":"PK","valid_on":"2022-09-09","valid_to":null,"version":"v01","lang":"en","lang1":null,"lang2":null,"lang3":null},"geometry":{"type":"Point","coordinates":[69.011151423000058,29.05961766300004]}},
{"type":"Feature","properties":{"admin_level":2,"name":"Gwadar","name1":null,"name2":null,"name3":null,"x_coord":62.54754294,"y_coord":25.42529011,"adm4_name":null,"adm4_name1":null,"adm4_name2":null,"adm4_name3":null,"adm4_pcode":null,"adm3_name":null,"adm3_name1":null,"adm3_name2":null,"adm3_name3":null,"adm3_pcode":null,"adm2_name":"Gwadar","adm2_name1":null,"adm2_name2":null,"adm2_name3":null,"adm2_pcode":"PK205","adm1_name":"Balochistan","adm1_name1":null,"adm1_name2":null,"adm1_name3":null,"adm1_pcode":"PK2","adm0_name":"Pakistan","adm0_name1":null,"adm0_name2":null,"adm0_name3":null,"adm0_pcode":"PK","valid_on":"2022-09-09","valid_to":null,"version":"v01","lang":"en","lang1":null,"lang2":null,"lang3":null},"geometry":{"type":"Point","coordinates":[62.547542938000163,25.42529010800007]}},
{"type":"Feature","properties":{"admin_level":2,"name":"Harnai","name1":null,"name2":null,"name3":null,"x_coord":68.08639528,"y_coord":30.04158602,"adm4_name":null,"adm4_name1":null,"adm4_name2":null,"adm4_name3":null,"adm4_pcode":null,"adm3_name":null,"adm3_name1":null,"adm3_name2":null,"adm3_name3":null,"adm3_pcode":null,"adm2_name":"Harnai","adm2_name1":null,"adm2_name2":null,"adm2_name3":null,"adm2_pcode":"PK206","adm1_name":"Balochistan","adm1_name1":null,"adm1_name2":null,"adm1_name3":null,"adm1_pcode":"PK2","adm0_name":"Pakistan","adm0_name1":null,"adm0_name2":null,"adm0_name3":null,"adm0_pcode":"PK","valid_on":"2022-09-09","valid_to":null,"version":"v01","lang":"en","lang1":null,"lang2":null,"lang3":null},"geometry":{"type":"Point","coordinates":[68.086395284000105,30.041586022000104]}},
{"type":"Feature","properties":{"admin_level":2,"name":"Jaffarabad","name1":null,"name2":null,"name3":null,"x_coord":68.1026514,"y_coord":28.24897137,"adm4_name":null,"adm4_name1":null,"adm4_name2":null,"adm4_name3":null,"adm4_pcode":null,"adm3_name":null,"adm3_name1":null,"adm3_name2":null,"adm3_name3":null,"adm3_pcode":null,"adm2_name":"Jaffarabad","adm2_name1":null,"adm2_name2":null,"adm2_name3":null,"adm2_pcode":"PK207","adm1_name":"Balochistan","adm1_name1":null,"adm1_name2":null,"adm1_name3":null,"adm1_pcode":"PK2","adm0_name":"Pakistan","adm0_name1":null,"adm0_name2":null,"adm0_name3":null,"adm0_pcode":"PK","valid_on":"2022-09-09","valid_to":null,"version":"v01","lang":"en","lang1":null,"lang2":null,"lang3":null},"geometry":{"type":"Point","coordinates":[68.102651396000056,28.248971374]}},
{"type":"Feature","properties":{"admin_level":2,"name":"Jhal Magsi","name1":null,"name2":null,"name3":null,"x_coord":67.54256595,"y_coord":28.36992006,"adm4_name":null,"adm4_name1":null,"adm4_name2":null,"adm4_name3":null,"adm4_pcode":null,"adm3_name":null,"adm3_name1":null,"adm3_name2":null,"adm3_name3":null,"adm3_pcode":null,"adm2_name":"Jhal Magsi","adm2_name1":null,"adm2_name2":null,"adm2_name3":null,"adm2_pcode":"PK208","adm1_name":"Balochistan","adm1_name1":null,"adm1_name2":null,"adm1_name3":null,"adm1_pcode":"PK2","adm0_name":"Pakistan","adm0_name1":null,"adm0_name2":null,"adm0_name3":null,"adm0_pcode":"PK","valid_on":"2022-09-09","valid_to":null,"version":"v01","lang":"en","lang1":null,"lang2":null,"lang3":null},"geometry":{"type":"Point","coordinates":[67.542565949999982,28.369920060000084]}},
{"type":"Feature","properties":{"admin_level":2,"name":"Kachhi","name1":null,"name2":null,"name3":null,"x_coord":67.65868567,"y_coord":29.34072654,"adm4_name":null,"adm4_name1":null,"adm4_name2":null,"adm4_name3":null,"adm4_pcode":null,"adm3_name":null,"adm3_name1":null,"adm3_name2":null,"adm3_name3":null,"adm3_pcode":null,"adm2_name":"Kachhi","adm2_name1":null,"adm2_name2":null,"adm2_name3":null,"adm2_pcode":"PK209","adm1_name":"Balochistan","adm1_name1":null,"adm1_name2":null,"adm1_name3":null,"adm1_pcode":"PK2","adm0_name":"Pakistan","adm0_name1":null,"adm0_name2":null,"adm0_name3":null,"adm0_pcode":"PK","valid_on":"2022-09-09","valid_to":null,"version":"v01","lang":"en","lang1":null,"lang2":null,"lang3":null},"geometry":{"type":"Point","coordinates":[67.658685668000032,29.340726536000091]}},
{"type":"Feature","properties":{"admin_level":2,"name":"Kalat","name1":null,"name2":null,"name3":null,"x_coord":66.76992646,"y_coord":29.08847412,"adm4_name":null,"adm4_name1":null,"adm4_name2":null,"adm4_name3":null,"adm4_pcode":null,"adm3_name":null,"adm3_name1":null,"adm3_name2":null,"adm3_name3":null,"adm3_pcode":null,"adm2_name":"Kalat","adm2_name1":null,"adm2_name2":null,"adm2_name3":null,"adm2_pcode":"PK210","adm1_name":"Balochistan","adm1_name1":null,"adm1_name2":null,"adm1_name3":null,"adm1_pcode":"PK2","adm0_name":"Pakistan","adm0_name1":null,"adm0_name2":null,"adm0_name3":null,"adm0_pcode":"PK","valid_on":"2022-09-09","valid_to":null,"version":"v01","lang":"en","lang1":null,"lang2":null,"lang3":null},"geometry":{"type":"Point","coordinates":[66.769926460000136,29.088474122000093]}},
{"type":"Feature","properties":{"admin_level":2,"name":"Kech","name1":null,"name2":null,"name3":null,"x_coord":63.09183307,"y_coord":26.00788891,"adm4_name":null,"adm4_name1":null,"adm4_name2":null,"adm4_name3":null,"adm4_pcode":null,"adm3_name":null,"adm3_name1":null,"adm3_name2":null,"adm3_name3":null,"adm3_pcode":null,"adm2_name":"Kech","adm2_name1":null,"adm2_name2":null,"adm2_name3":null,"adm2_pcode":"PK211","adm1_name":"Balochistan","adm1_name1":null,"adm1_name2":null,"adm1_name3":null,"adm1_pcode":"PK2","adm0_name":"Pakistan","adm0_name1":null,"adm0_name2":null,"adm0_name3":null,"adm0_pcode":"PK","valid_on":"2022-09-09","valid_to":null,"version":"v01","lang":"en","lang1":null,"lang2":null,"lang3":null},"geometry":{"type":"Point","coordinates":[63.091833067000096,26.007888912000055]}},
{"type":"Feature","properties":{"admin_level":2,"name":"Kharan","name1":null,"name2":null,"name3":null,"x_coord":65.4966715,"y_coord":28.72929692,"adm4_name":null,"adm4_name1":null,"adm4_name2":null,"adm4_name3":null,"adm4_pcode":null,"adm3_name":null,"adm3_name1":null,"adm3_name2":null,"adm3_name3":null,"adm3_pcode":null,"adm2_name":"Kharan","adm2_name1":null,"adm2_name2":null,"adm2_name3":null,"adm2_pcode":"PK212","adm1_name":"Balochistan","adm1_name1":null,"adm1_name2":null,"adm1_name3":null,"adm1_pcode":"PK2","adm0_name":"Pakistan","adm0_name1":null,"adm0_name2":null,"adm0_name3":null,"adm0_pcode":"PK","valid_on":"2022-09-09","valid_to":null,"version":"v01","lang":"en","lang1":null,"lang2":null,"lang3":null},"geometry":{"type":"Point","coordinates":[65.496671500000048,28.729296918999978]}},
{"type":"Feature","properties":{"admin_level":2,"name":"Khuzdar","name1":null,"name2":null,"name3":null,"x_coord":66.48125071,"y_coord":27.29381322,"adm4_name":null,"adm4_name1":null,"adm4_name2":null,"adm4_name3":null,"adm4_pcode":null,"adm3_name":null,"adm3_name1":null,"adm3_name2":null,"adm3_name3":null,"adm3_pcode":null,"adm2_name":"Khuzdar","adm2_name1":null,"adm2_name2":null,"adm2_name3":null,"adm2_pcode":"PK213","adm1_name":"Balochistan","adm1_name1":null,"adm1_name2":null,"adm1_name3":null,"adm1_pcode":"PK2","adm0_name":"Pakistan","adm0_name1":null,"adm0_name2":null,"adm0_name3":null,"adm0_pcode":"PK","valid_on":"2022-09-09","valid_to":null,"version":"v01","lang":"en","lang1":null,"lang2":null,"lang3":null},"geometry":{"type":"Point","coordinates":[66.481250712000076,27.293813216]}},
{"type":"Feature","properties":{"admin_level":2,"name":"Killa Abdullah","name1":null,"name2":null,"name3":null,"x_coord":67.02418538000001,"y_coord":31.11628248,"adm4_name":null,"adm4_name1":null,"adm4_name2":null,"adm4_name3":null,"adm4_pcode":null,"adm3_name":null,"adm3_name1":null,"adm3_name2":null,"adm3_name3":null,"adm3_pcode":null,"adm2_name":"Killa Abdullah","adm2_name1":null,"adm2_name2":null,"adm2_name3":null,"adm2_pcode":"PK214","adm1_name":"Balochistan","adm1_name1":null,"adm1_name2":null,"adm1_name3":null,"adm1_pcode":"PK2","adm0_name":"Pakistan","adm0_name1":null,"adm0_name2":null,"adm0_name3":null,"adm0_pcode":"PK","valid_on":"2022-09-09","valid_to":null,"version":"v01","lang":"en","lang1":null,"lang2":null,"lang3":null},"geometry":{"type":"Point","coordinates":[67.024185385000123,31.11628248400018]}},
{"type":"Feature","properties":{"admin_level":2,"name":"Killa Saifullah","name1":null,"name2":null,"name3":null,"x_coord":68.49933222,"y_coord":31.05339652,"adm4_name":null,"adm4_name1":null,"adm4_name2":null,"adm4_name3":null,"adm4_pcode":null,"adm3_name":null,"adm3_name1":null,"adm3_name2":null,"adm3_name3":null,"adm3_pcode":null,"adm2_name":"Killa Saifullah","adm2_name1":null,"adm2_name2":null,"adm2_name3":null,"adm2_pcode":"PK215","adm1_name":"Balochistan","adm1_name1":null,"adm1_name2":null,"adm1_name3":null,"adm1_pcode":"PK2","adm0_name":"Pakistan","adm0_name1":null,"adm0_name2":null,"adm0_name3":null,"adm0_pcode":"PK","valid_on":"2022-09-09","valid_to":null,"version":"v01","lang":"en","lang1":null,"lang2":null,"lang3":null},"geometry":{"type":"Point","coordinates":[68.499332217000131,31.053396516000134]}},
{"type":"Feature","properties":{"admin_level":2,"name":"Kohlu","name1":null,"name2":null,"name3":null,"x_coord":68.80719468,"y_coord":29.64408643,"adm4_name":null,"adm4_name1":null,"adm4_name2":null,"adm4_name3":null,"adm4_pcode":null,"adm3_name":null,"adm3_name1":null,"adm3_name2":null,"adm3_name3":null,"adm3_pcode":null,"adm2_name":"Kohlu","adm2_name1":null,"adm2_name2":null,"adm2_name3":null,"adm2_pcode":"PK216","adm1_name":"Balochistan","adm1_name1":null,"adm1_name2":null,"adm1_name3":null,"adm1_pcode":"PK2","adm0_name":"Pakistan","adm0_name1":null,"adm0_name2":null,"adm0_name3":null,"adm0_pcode":"PK","valid_on":"2022-09-09","valid_to":null,"version":"v01","lang":"en","lang1":null,"lang2":null,"lang3":null},"geometry":{"type":"Point","coordinates":[68.807194680000066,29.644086430000073]}},
{"type":"Feature","properties":{"admin_level":2,"name":"Lasbela","name1":null,"name2":null,"name3":null,"x_coord":66.60343932000001,"y_coord":25.77341673,"adm4_name":null,"adm4_name1":null,"adm4_name2":null,"adm4_name3":null,"adm4_pcode":null,"adm3_name":null,"adm3_name1":null,"adm3_name2":null,"adm3_name3":null,"adm3_pcode":null,"adm2_name":"Lasbela","adm2_name1":null,"adm2_name2":null,"adm2_name3":null,"adm2_pcode":"PK217","adm1_name":"Balochistan","adm1_name1":null,"adm1_name2":null,"adm1_name3":null,"adm1_pcode":"PK2","adm0_name":"Pakistan","adm0_name1":null,"adm0_name2":null,"adm0_name3":null,"adm0_pcode":"PK","valid_on":"2022-09-09","valid_to":null,"version":"v01","lang":"en","lang1":null,"lang2":null,"lang3":null},"geometry":{"type":"Point","coordinates":[66.603439322000042,25.773416735000126]}},
{"type":"Feature","properties":{"admin_level":2,"name":"Lehri","name1":null,"name2":null,"name3":null,"x_coord":67.98600513,"y_coord":28.99352569,"adm4_name":null,"adm4_name1":null,"adm4_name2":null,"adm4_name3":null,"adm4_pcode":null,"adm3_name":null,"adm3_name1":null,"adm3_name2":null,"adm3_name3":null,"adm3_pcode":null,"adm2_name":"Lehri","adm2_name1":null,"adm2_name2":null,"adm2_name3":null,"adm2_pcode":"PK218","adm1_name":"Balochistan","adm1_name1":null,"adm1_name2":null,"adm1_name3":null,"adm1_pcode":"PK2","adm0_name":"Pakistan","adm0_name1":null,"adm0_name2":null,"adm0_name3":null,"adm0_pcode":"PK","valid_on":"2022-09-09","valid_to":null,"version":"v01","lang":"en","lang1":null,"lang2":null,"lang3":null},"geometry":{"type":"Point","coordinates":[67.986005127000112,28.993525690000126]}},
{"type":"Feature","properties":{"admin_level":2,"name":"Loralai","name1":null,"name2":null,"name3":null,"x_coord":68.88004311,"y_coord":30.47794165,"adm4_name":null,"adm4_name1":null,"adm4_name2":null,"adm4_name3":null,"adm4_pcode":null,"adm3_name":null,"adm3_name1":null,"adm3_name2":null,"adm3_name3":null,"adm3_pcode":null,"adm2_name":"Loralai","adm2_name1":null,"adm2_name2":null,"adm2_name3":null,"adm2_pcode":"PK219","adm1_name":"Balochistan","adm1_name1":null,"adm1_name2":null,"adm1_name3":null,"adm1_pcode":"PK2","adm0_name":"Pakistan","adm0_name1":null,"adm0_name2":null,"adm0_name3":null,"adm0_pcode":"PK","valid_on":"2022-09-09","valid_to":null,"version":"v01","lang":"en","lang1":null,"lang2":null,"lang3":null},"geometry":{"type":"Point","coordinates":[68.88004310700012,30.477941649000115]}},
{"type":"Feature","properties":{"admin_level":2,"name":"Mastung","name1":null,"name2":null,"name3":null,"x_coord":66.73051219,"y_coord":29.74562768,"adm4_name":null,"adm4_name1":null,"adm4_name2":null,"adm4_name3":null,"adm4_pcode":null,"adm3_name":null,"adm3_name1":null,"adm3_name2":null,"adm3_name3":null,"adm3_pcode":null,"adm2_name":"Mastung","adm2_name1":null,"adm2_name2":null,"adm2_name3":null,"adm2_pcode":"PK220","adm1_name":"Balochistan","adm1_name1":null,"adm1_name2":null,"adm1_name3":null,"adm1_pcode":"PK2","adm0_name":"Pakistan","adm0_name1":null,"adm0_name2":null,"adm0_name3":null,"adm0_pcode":"PK","valid_on":"2022-09-09","valid_to":null,"version":"v01","lang":"en","lang1":null,"lang2":null,"lang3":null},"geometry":{"type":"Point","coordinates":[66.730512192000162,29.745627681000087]}},
{"type":"Feature","properties":{"admin_level":2,"name":"Musakhel","name1":null,"name2":null,"name3":null,"x_coord":69.95799643,"y_coord":30.89708389,"adm4_name":null,"adm4_name1":null,"adm4_name2":null,"adm4_name3":null,"adm4_pcode":null,"adm3_name":null,"adm3_name1":null,"adm3_name2":null,"adm3_name3":null,"adm3_pcode":null,"adm2_name":"Musakhel","adm2_name1":null,"adm2_name2":null,"adm2_name3":null,"adm2_pcode":"PK221","adm1_name":"Balochistan","adm1_name1":null,"adm1_name2":null,"adm1_name3":null,"adm1_pcode":"PK2","adm0_name":"Pakistan","adm0_name1":null,"adm0_name2":null,"adm0_name3":null,"adm0_pcode":"PK","valid_on":"2022-09-09","valid_to":null,"version":"v01","lang":"en","lang1":null,"lang2":null,"lang3":null},"geometry":{"type":"Point","coordinates":[69.957996430000151,30.897083894000048]}},
{"type":"Feature","properties":{"admin_level":2,"name":"Nasirabad","name1":null,"name2":null,"name3":null,"x_coord":68.12924434,"y_coord":28.62640723,"adm4_name":null,"adm4_name1":null,"adm4_name2":null,"adm4_name3":null,"adm4_pcode":null,"adm3_name":null,"adm3_name1":null,"adm3_name2":null,"adm3_name3":null,"adm3_pcode":null,"adm2_name":"Nasirabad","adm2_name1":null,"adm2_name2":null,"adm2_name3":null,"adm2_pcode":"PK222","adm1_name":"Balochistan","adm1_name1":null,"adm1_name2":null,"adm1_name3":null,"adm1_pcode":"PK2","adm0_name":"Pakistan","adm0_name1":null,"adm0_name2":null,"adm0_name3":null,"adm0_pcode":"PK","valid_on":"2022-09-09","valid_to":null,"version":"v01","lang":"en","lang1":null,"lang2":null,"lang3":null},"geometry":{"type":"Point","coordinates":[68.129244345000131,28.626407232000133]}},
{"type":"Feature","properties":{"admin_level":2,"name":"Nushki","name1":null,"name2":null,"name3":null,"x_coord":65.73250908,"y_coord":29.44681298,"adm4_name":null,"adm4_name1":null,"adm4_name2":null,"adm4_name3":null,"adm4_pcode":null,"adm3_name":null,"adm3_name1":null,"adm3_name2":null,"adm3_name3":null,"adm3_pcode":null,"adm2_name":"Nushki","adm2_name1":null,"adm2_name2":null,"adm2_name3":null,"adm2_pcode":"PK223","adm1_name":"Balochistan","adm1_name1":null,"adm1_name2":null,"adm1_name3":null,"adm1_pcode":"PK2","adm0_name":"Pakistan","adm0_name1":null,"adm0_name2":null,"adm0_name3":null,"adm0_pcode":"PK","valid_on":"2022-09-09","valid_to":null,"version":"v01","lang":"en","lang1":null,"lang2":null,"lang3":null},"geometry":{"type":"Point","coordinates":[65.732509077000145,29.446812975000114]}},
{"type":"Feature","properties":{"admin_level":2,"name":"Panjgur","name1":null,"name2":null,"name3":null,"x_coord":64.20205288,"y_coord":26.71466967,"adm4_name":null,"adm4_name1":null,"adm4_name2":null,"adm4_name3":null,"adm4_pcode":null,"adm3_name":null,"adm3_name1":null,"adm3_name2":null,"adm3_name3":null,"adm3_pcode":null,"adm2_name":"Panjgur","adm2_name1":null,"adm2_name2":null,"adm2_name3":null,"adm2_pcode":"PK224","adm1_name":"Balochistan","adm1_name1":null,"adm1_name2":null,"adm1_name3":null,"adm1_pcode":"PK2","adm0_name":"Pakistan","adm0_name1":null,"adm0_name2":null,"adm0_name3":null,"adm0_pcode":"PK","valid_on":"2022-09-09","valid_to":null,"version":"v01","lang":"en","lang1":null,"lang2":null,"lang3":null},"geometry":{"type":"Point","coordinates":[64.202052884000125,26.714669674000106]}},
{"type":"Feature","properties":{"admin_level":2,"name":"Pishin","name1":null,"name2":null,"name3":null,"x_coord":67.13080676,"y_coord":30.703028,"adm4_name":null,"adm4_name1":null,"adm4_name2":null,"adm4_name3":null,"adm4_pcode":null,"adm3_name":null,"adm3_name1":null,"adm3_name2":null,"adm3_name3":null,"adm3_pcode":null,"adm2_name":"Pishin","adm2_name1":null,"adm2_name2":null,"adm2_name3":null,"adm2_pcode":"PK225","adm1_name":"Balochistan","adm1_name1":null,"adm1_name2":null,"adm1_name3":null,"adm1_pcode":"PK2","adm0_name":"Pakistan","adm0_name1":null,"adm0_name2":null,"adm0_name3":null,"adm0_pcode":"PK","valid_on":"2022-09-09","valid_to":null,"version":"v01","lang":"en","lang1":null,"lang2":null,"lang3":null},"geometry":{"type":"Point","coordinates":[67.130806755000094,30.703028]}},
{"type":"Feature","properties":{"admin_level":2,"name":"Quetta","name1":null,"name2":null,"name3":null,"x_coord":67.07743419000001,"y_coord":30.14141302,"adm4_name":null,"adm4_name1":null,"adm4_name2":null,"adm4_name3":null,"adm4_pcode":null,"adm3_name":null,"adm3_name1":null,"adm3_name2":null,"adm3_name3":null,"adm3_pcode":null,"adm2_name":"Quetta","adm2_name1":null,"adm2_name2":null,"adm2_name3":null,"adm2_pcode":"PK226","adm1_name":"Balochistan","adm1_name1":null,"adm1_name2":null,"adm1_name3":null,"adm1_pcode":"PK2","adm0_name":"Pakistan","adm0_name1":null,"adm0_name2":null,"adm0_name3":null,"adm0_pcode":"PK","valid_on":"2022-09-09","valid_to":null,"version":"v01","lang":"en","lang1":null,"lang2":null,"lang3":null},"geometry":{"type":"Point","coordinates":[67.077434186000119,30.141413024000144]}},
{"type":"Feature","properties":{"admin_level":2,"name":"Sherani","name1":null,"name2":null,"name3":null,"x_coord":69.76356767,"y_coord":31.68090077,"adm4_name":null,"adm4_name1":null,"adm4_name2":null,"adm4_name3":null,"adm4_pcode":null,"adm3_name":null,"adm3_name1":null,"adm3_name2":null,"adm3_name3":null,"adm3_pcode":null,"adm2_name":"Sherani","adm2_name1":null,"adm2_name2":null,"adm2_name3":null,"adm2_pcode":"PK227","adm1_name":"Balochistan","adm1_name1":null,"adm1_name2":null,"adm1_name3":null,"adm1_pcode":"PK2","adm0_name":"Pakistan","adm0_name1":null,"adm0_name2":null,"adm0_name3":null,"adm0_pcode":"PK","valid_on":"2022-09-09","valid_to":null,"version":"v01","lang":"en","lang1":null,"lang2":null,"lang3":null},"geometry":{"type":"Point","coordinates":[69.763567668000064,31.680900767000082]}},
{"type":"Feature","properties":{"admin_level":2,"name":"Sibi","name1":null,"name2":null,"name3":null,"x_coord":68.25082253,"y_coord":29.72774177,"adm4_name":null,"adm4_name1":null,"adm4_name2":null,"adm4_name3":null,"adm4_pcode":null,"adm3_name":null,"adm3_name1":null,"adm3_name2":null,"adm3_name3":null,"adm3_pcode":null,"adm2_name":"Sibi","adm2_name1":null,"adm2_name2":null,"adm2_name3":null,"adm2_pcode":"PK228","adm1_name":"Balochistan","adm1_name1":null,"adm1_name2":null,"adm1_name3":null,"adm1_pcode":"PK2","adm0_name":"Pakistan","adm0_name1":null,"adm0_name2":null,"adm0_name3":null,"adm0_pcode":"PK","valid_on":"2022-09-09","valid_to":null,"version":"v01","lang":"en","lang1":null,"lang2":null,"lang3":null},"geometry":{"type":"Point","coordinates":[68.250822527000196,29.727741770000023]}},
{"type":"Feature","properties":{"admin_level":2,"name":"Sohbatpur","name1":null,"name2":null,"name3":null,"x_coord":68.52141184,"y_coord":28.54195553,"adm4_name":null,"adm4_name1":null,"adm4_name2":null,"adm4_name3":null,"adm4_pcode":null,"adm3_name":null,"adm3_name1":null,"adm3_name2":null,"adm3_name3":null,"adm3_pcode":null,"adm2_name":"Sohbatpur","adm2_name1":null,"adm2_name2":null,"adm2_name3":null,"adm2_pcode":"PK229","adm1_name":"Balochistan","adm1_name1":null,"adm1_name2":null,"adm1_name3":null,"adm1_pcode":"PK2","adm0_name":"Pakistan","adm0_name1":null,"adm0_name2":null,"adm0_name3":null,"adm0_pcode":"PK","valid_on":"2022-09-09","valid_to":null,"version":"v01","lang":"en","lang1":null,"lang2":null,"lang3":null},"geometry":{"type":"Point","coordinates":[68.521411837000187,28.541955530000052]}},
{"type":"Feature","properties":{"admin_level":2,"name":"Washuk","name1":null,"name2":null,"name3":null,"x_coord":64.30761724,"y_coord":27.79210581,"adm4_name":null,"adm4_name1":null,"adm4_name2":null,"adm4_name3":null,"adm4_pcode":null,"adm3_name":null,"adm3_name1":null,"adm3_name2":null,"adm3_name3":null,"adm3_pcode":null,"adm2_name":"Washuk","adm2_name1":null,"adm2_name2":null,"adm2_name3":null,"adm2_pcode":"PK230","adm1_name":"Balochistan","adm1_name1":null,"adm1_name2":null,"adm1_name3":null,"adm1_pcode":"PK2","adm0_name":"Pakistan","adm0_name1":null,"adm0_name2":null,"adm0_name3":null,"adm0_pcode":"PK","valid_on":"2022-09-09","valid_to":null,"version":"v01","lang":"en","lang1":null,"lang2":null,"lang3":null},"geometry":{"type":"Point","coordinates":[64.307617243000152,27.792105813000148]}},
{"type":"Feature","properties":{"admin_level":2,"name":"Zhob","name1":null,"name2":null,"name3":null,"x_coord":69.19694404000001,"y_coord":31.21179421,"adm4_name":null,"adm4_name1":null,"adm4_name2":null,"adm4_name3":null,"adm4_pcode":null,"adm3_name":null,"adm3_name1":null,"adm3_name2":null,"adm3_name3":null,"adm3_pcode":null,"adm2_name":"Zhob","adm2_name1":null,"adm2_name2":null,"adm2_name3":null,"adm2_pcode":"PK231","adm1_name":"Balochistan","adm1_name1":null,"adm1_name2":null,"adm1_name3":null,"adm1_pcode":"PK2","adm0_name":"Pakistan","adm0_name1":null,"adm0_name2":null,"adm0_name3":null,"adm0_pcode":"PK","valid_on":"2022-09-09","valid_to":null,"version":"v01","lang":"en","lang1":null,"lang2":null,"lang3":null},"geometry":{"type":"Point","coordinates":[69.196944039000186,31.211794215000111]}},
{"type":"Feature","properties":{"admin_level":2,"name":"Ziarat","name1":null,"name2":null,"name3":null,"x_coord":68.06567543,"y_coord":30.38073121,"adm4_name":null,"adm4_name1":null,"adm4_name2":null,"adm4_name3":null,"adm4_pcode":null,"adm3_name":null,"adm3_name1":null,"adm3_name2":null,"adm3_name3":null,"adm3_pcode":null,"adm2_name":"Ziarat","adm2_name1":null,"adm2_name2":null,"adm2_name3":null,"adm2_pcode":"PK232","adm1_name":"Balochistan","adm1_name1":null,"adm1_name2":null,"adm1_name3":null,"adm1_pcode":"PK2","adm0_name":"Pakistan","adm0_name1":null,"adm0_name2":null,"adm0_name3":null,"adm0_pcode":"PK","valid_on":"2022-09-09","valid_to":null,"version":"v01","lang":"en","lang1":null,"lang2":null,"lang3":null},"geometry":{"type":"Point","coordinates":[68.06567543400007,30.380731209000089]}},
{"type":"Feature","properties":{"admin_level":2,"name":"Shaheed Sikandarabad","name1":null,"name2":null,"name3":null,"x_coord":66.18001042,"y_coord":28.32719456,"adm4_name":null,"adm4_name1":null,"adm4_name2":null,"adm4_name3":null,"adm4_pcode":null,"adm3_name":null,"adm3_name1":null,"adm3_name2":null,"adm3_name3":null,"adm3_pcode":null,"adm2_name":"Shaheed Sikandarabad","adm2_name1":null,"adm2_name2":null,"adm2_name3":null,"adm2_pcode":"PK233","adm1_name":"Balochistan","adm1_name1":null,"adm1_name2":null,"adm1_name3":null,"adm1_pcode":"PK2","adm0_name":"Pakistan","adm0_name1":null,"adm0_name2":null,"adm0_name3":null,"adm0_pcode":"PK","valid_on":"2022-09-09","valid_to":null,"version":"v01","lang":"en","lang1":null,"lang2":null,"lang3":null},"geometry":{"type":"Point","coordinates":[66.18001042100019,28.327194561000169]}},
{"type":"Feature","properties":{"admin_level":2,"name":"Duki","name1":null,"name2":null,"name3":null,"x_coord":68.95959024,"y_coord":30.1811,"adm4_name":null,"adm4_name1":null,"adm4_name2":null,"adm4_name3":null,"adm4_pcode":null,"adm3_name":null,"adm3_name1":null,"adm3_name2":null,"adm3_name3":null,"adm3_pcode":null,"adm2_name":"Duki","adm2_name1":null,"adm2_name2":null,"adm2_name3":null,"adm2_pcode":"PK234","adm1_name":"Balochistan","adm1_name1":null,"adm1_name2":null,"adm1_name3":null,"adm1_pcode":"PK2","adm0_name":"Pakistan","adm0_name1":null,"adm0_name2":null,"adm0_name3":null,"adm0_pcode":"PK","valid_on":"2022-09-09","valid_to":null,"version":"v01","lang":"en","lang1":null,"lang2":null,"lang3":null},"geometry":{"type":"Point","coordinates":[68.959590235000121,30.181099995000125]}},
{"type":"Feature","properties":{"admin_level":2,"name":"Chaman","name1":null,"name2":null,"name3":null,"x_coord":66.52685195,"y_coord":30.85581564,"adm4_name":null,"adm4_name1":null,"adm4_name2":null,"adm4_name3":null,"adm4_pcode":null,"adm3_name":null,"adm3_name1":null,"adm3_name2":null,"adm3_name3":null,"adm3_pcode":null,"adm2_name":"Chaman","adm2_name1":null,"adm2_name2":null,"adm2_name3":null,"adm2_pcode":"PK235","adm1_name":"Balochistan","adm1_name1":null,"adm1_name2":null,"adm1_name3":null,"adm1_pcode":"PK2","adm0_name":"Pakistan","adm0_name1":null,"adm0_name2":null,"adm0_name3":null,"adm0_pcode":"PK","valid_on":"2022-09-09","valid_to":null,"version":"v01","lang":"en","lang1":null,"lang2":null,"lang3":null},"geometry":{"type":"Point","coordinates":[66.526851951000026,30.855815644000188]}},
{"type":"Feature","properties":{"admin_level":2,"name":"Astore","name1":null,"name2":null,"name3":null,"x_coord":74.88360938,"y_coord":35.24827674,"adm4_name":null,"adm4_name1":null,"adm4_name2":null,"adm4_name3":null,"adm4_pcode":null,"adm3_name":null,"adm3_name1":null,"adm3_name2":null,"adm3_name3":null,"adm3_pcode":null,"adm2_name":"Astore","adm2_name1":null,"adm2_name2":null,"adm2_name3":null,"adm2_pcode":"PK301","adm1_name":"Gilgit Baltistan","adm1_name1":null,"adm1_name2":null,"adm1_name3":null,"adm1_pcode":"PK3","adm0_name":"Pakistan","adm0_name1":null,"adm0_name2":null,"adm0_name3":null,"adm0_pcode":"PK","valid_on":"2022-09-09","valid_to":null,"version":"v01","lang":"en","lang1":null,"lang2":null,"lang3":null},"geometry":{"type":"Point","coordinates":[74.883609378000131,35.248276738000129]}},
{"type":"Feature","properties":{"admin_level":2,"name":"Diamir","name1":null,"name2":null,"name3":null,"x_coord":74.21341466,"y_coord":35.37959086,"adm4_name":null,"adm4_name1":null,"adm4_name2":null,"adm4_name3":null,"adm4_pcode":null,"adm3_name":null,"adm3_name1":null,"adm3_name2":null,"adm3_name3":null,"adm3_pcode":null,"adm2_name":"Diamir","adm2_name1":null,"adm2_name2":null,"adm2_name3":null,"adm2_pcode":"PK302","adm1_name":"Gilgit Baltistan","adm1_name1":null,"adm1_name2":null,"adm1_name3":null,"adm1_pcode":"PK3","adm0_name":"Pakistan","adm0_name1":null,"adm0_name2":null,"adm0_name3":null,"adm0_pcode":"PK","valid_on":"2022-09-09","valid_to":null,"version":"v01","lang":"en","lang1":null,"lang2":null,"lang3":null},"geometry":{"type":"Point","coordinates":[74.213414657000044,35.37959086]}},
{"type":"Feature","properties":{"admin_level":2,"name":"Ghanche","name1":null,"name2":null,"name3":null,"x_coord":76.65998124,"y_coord":35.22094462,"adm4_name":null,"adm4_name1":null,"adm4_name2":null,"adm4_name3":null,"adm4_pcode":null,"adm3_name":null,"adm3_name1":null,"adm3_name2":null,"adm3_name3":null,"adm3_pcode":null,"adm2_name":"Ghanche","adm2_name1":null,"adm2_name2":null,"adm2_name3":null,"adm2_pcode":"PK303","adm1_name":"Gilgit Baltistan","adm1_name1":null,"adm1_name2":null,"adm1_name3":null,"adm1_pcode":"PK3","adm0_name":"Pakistan","adm0_name1":null,"adm0_name2":null,"adm0_name3":null,"adm0_pcode":"PK","valid_on":"2022-09-09","valid_to":null,"version":"v01","lang":"en","lang1":null,"lang2":null,"lang3":null},"geometry":{"type":"Point","coordinates":[76.659981242000072,35.220944615000064]}},
{"type":"Feature","properties":{"admin_level":2,"name":"Ghizer","name1":null,"name2":null,"name3":null,"x_coord":73.88667028,"y_coord":36.37672968,"adm4_name":null,"adm4_name1":null,"adm4_name2":null,"adm4_name3":null,"adm4_pcode":null,"adm3_name":null,"adm3_name1":null,"adm3_name2":null,"adm3_name3":null,"adm3_pcode":null,"adm2_name":"Ghizer","adm2_name1":null,"adm2_name2":null,"adm2_name3":null,"adm2_pcode":"PK304","adm1_name":"Gilgit Baltistan","adm1_name1":null,"adm1_name2":null,"adm1_name3":null,"adm1_pcode":"PK3","adm0_name":"Pakistan","adm0_name1":null,"adm0_name2":null,"adm0_name3":null,"adm0_pcode":"PK","valid_on":"2022-09-09","valid_to":null,"version":"v01","lang":"en","lang1":null,"lang2":null,"lang3":null},"geometry":{"type":"Point","coordinates":[73.886670280000089,36.376729676000082]}},
{"type":"Feature","properties":{"admin_level":2,"name":"Gilgit","name1":null,"name2":null,"name3":null,"x_coord":74.50875764,"y_coord":35.96682929,"adm4_name":null,"adm4_name1":null,"adm4_name2":null,"adm4_name3":null,"adm4_pcode":null,"adm3_name":null,"adm3_name1":null,"adm3_name2":null,"adm3_name3":null,"adm3_pcode":null,"adm2_name":"Gilgit","adm2_name1":null,"adm2_name2":null,"adm2_name3":null,"adm2_pcode":"PK305","adm1_name":"Gilgit Baltistan","adm1_name1":null,"adm1_name2":null,"adm1_name3":null,"adm1_pcode":"PK3","adm0_name":"Pakistan","adm0_name1":null,"adm0_name2":null,"adm0_name3":null,"adm0_pcode":"PK","valid_on":"2022-09-09","valid_to":null,"version":"v01","lang":"en","lang1":null,"lang2":null,"lang3":null},"geometry":{"type":"Point","coordinates":[74.508757635000052,35.966829294000036]}},
{"type":"Feature","properties":{"admin_level":2,"name":"Hunza","name1":null,"name2":null,"name3":null,"x_coord":75.20522182000001,"y_coord":36.55148578,"adm4_name":null,"adm4_name1":null,"adm4_name2":null,"adm4_name3":null,"adm4_pcode":null,"adm3_name":null,"adm3_name1":null,"adm3_name2":null,"adm3_name3":null,"adm3_pcode":null,"adm2_name":"Hunza","adm2_name1":null,"adm2_name2":null,"adm2_name3":null,"adm2_pcode":"PK306","adm1_name":"Gilgit Baltistan","adm1_name1":null,"adm1_name2":null,"adm1_name3":null,"adm1_pcode":"PK3","adm0_name":"Pakistan","adm0_name1":null,"adm0_name2":null,"adm0_name3":null,"adm0_pcode":"PK","valid_on":"2022-09-09","valid_to":null,"version":"v01","lang":"en","lang1":null,"lang2":null,"lang3":null},"geometry":{"type":"Point","coordinates":[75.205221822999988,36.551485780000064]}},
{"type":"Feature","properties":{"admin_level":2,"name":"Skardu","name1":null,"name2":null,"name3":null,"x_coord":75.52140039,"y_coord":35.25698268,"adm4_name":null,"adm4_name1":null,"adm4_name2":null,"adm4_name3":null,"adm4_pcode":null,"adm3_name":null,"adm3_name1":null,"adm3_name2":null,"adm3_name3":null,"adm3_pcode":null,"adm2_name":"Skardu","adm2_name1":null,"adm2_name2":null,"adm2_name3":null,"adm2_pcode":"PK307","adm1_name":"Gilgit Baltistan","adm1_name1":null,"adm1_name2":null,"adm1_name3":null,"adm1_pcode":"PK3","adm0_name":"Pakistan","adm0_name1":null,"adm0_name2":null,"adm0_name3":null,"adm0_pcode":"PK","valid_on":"2022-09-09","valid_to":null,"version":"v01","lang":"en","lang1":null,"lang2":null,"lang3":null},"geometry":{"type":"Point","coordinates":[75.521400388000075,35.256982681000068]}},
{"type":"Feature","properties":{"admin_level":2,"name":"Nagar","name1":null,"name2":null,"name3":null,"x_coord":74.84205628,"y_coord":36.29820311,"adm4_name":null,"adm4_name1":null,"adm4_name2":null,"adm4_name3":null,"adm4_pcode":null,"adm3_name":null,"adm3_name1":null,"adm3_name2":null,"adm3_name3":null,"adm3_pcode":null,"adm2_name":"Nagar","adm2_name1":null,"adm2_name2":null,"adm2_name3":null,"adm2_pcode":"PK308","adm1_name":"Gilgit Baltistan","adm1_name1":null,"adm1_name2":null,"adm1_name3":null,"adm1_pcode":"PK3","adm0_name":"Pakistan","adm0_name1":null,"adm0_name2":null,"adm0_name3":null,"adm0_pcode":"PK","valid_on":"2022-09-09","valid_to":null,"version":"v01","lang":"en","lang1":null,"lang2":null,"lang3":null},"geometry":{"type":"Point","coordinates":[74.842056283000034,36.298203113000056]}},
{"type":"Feature","properties":{"admin_level":2,"name":"Kharmang","name1":null,"name2":null,"name3":null,"x_coord":75.80374839,"y_coord":34.8367318,"adm4_name":null,"adm4_name1":null,"adm4_name2":null,"adm4_name3":null,"adm4_pcode":null,"adm3_name":null,"adm3_name1":null,"adm3_name2":null,"adm3_name3":null,"adm3_pcode":null,"adm2_name":"Kharmang","adm2_name1":null,"adm2_name2":null,"adm2_name3":null,"adm2_pcode":"PK309","adm1_name":"Gilgit Baltistan","adm1_name1":null,"adm1_name2":null,"adm1_name3":null,"adm1_pcode":"PK3","adm0_name":"Pakistan","adm0_name1":null,"adm0_name2":null,"adm0_name3":null,"adm0_pcode":"PK","valid_on":"2022-09-09","valid_to":null,"version":"v01","lang":"en","lang1":null,"lang2":null,"lang3":null},"geometry":{"type":"Point","coordinates":[75.803748387000155,34.836731802000088]}},
{"type":"Feature","properties":{"admin_level":2,"name":"Shigar","name1":null,"name2":null,"name3":null,"x_coord":75.92160108,"y_coord":35.73634155,"adm4_name":null,"adm4_name1":null,"adm4_name2":null,"adm4_name3":null,"adm4_pcode":null,"adm3_name":null,"adm3_name1":null,"adm3_name2":null,"adm3_name3":null,"adm3_pcode":null,"adm2_name":"Shigar","adm2_name1":null,"adm2_name2":null,"adm2_name3":null,"adm2_pcode":"PK310","adm1_name":"Gilgit Baltistan","adm1_name1":null,"adm1_name2":null,"adm1_name3":null,"adm1_pcode":"PK3","adm0_name":"Pakistan","adm0_name1":null,"adm0_name2":null,"adm0_name3":null,"adm0_pcode":"PK","valid_on":"2022-09-09","valid_to":null,"version":"v01","lang":"en","lang1":null,"lang2":null,"lang3":null},"geometry":{"type":"Point","coordinates":[75.921601075000183,35.736341547000109]}},
{"type":"Feature","properties":{"admin_level":2,"name":"Darel","name1":null,"name2":null,"name3":null,"x_coord":73.82870134,"y_coord":35.69912193,"adm4_name":null,"adm4_name1":null,"adm4_name2":null,"adm4_name3":null,"adm4_pcode":null,"adm3_name":null,"adm3_name1":null,"adm3_name2":null,"adm3_name3":null,"adm3_pcode":null,"adm2_name":"Darel","adm2_name1":null,"adm2_name2":null,"adm2_name3":null,"adm2_pcode":"PK311","adm1_name":"Gilgit Baltistan","adm1_name1":null,"adm1_name2":null,"adm1_name3":null,"adm1_pcode":"PK3","adm0_name":"Pakistan","adm0_name1":null,"adm0_name2":null,"adm0_name3":null,"adm0_pcode":"PK","valid_on":"2022-09-09","valid_to":null,"version":"v01","lang":"en","lang1":null,"lang2":null,"lang3":null},"geometry":{"type":"Point","coordinates":[73.828701335000176,35.699121927000192]}},
{"type":"Feature","properties":{"admin_level":2,"name":"Tangir","name1":null,"name2":null,"name3":null,"x_coord":73.31614423000001,"y_coord":35.74509055,"adm4_name":null,"adm4_name1":null,"adm4_name2":null,"adm4_name3":null,"adm4_pcode":null,"adm3_name":null,"adm3_name1":null,"adm3_name2":null,"adm3_name3":null,"adm3_pcode":null,"adm2_name":"Tangir","adm2_name1":null,"adm2_name2":null,"adm2_name3":null,"adm2_pcode":"PK312","adm1_name":"Gilgit Baltistan","adm1_name1":null,"adm1_name2":null,"adm1_name3":null,"adm1_pcode":"PK3","adm0_name":"Pakistan","adm0_name1":null,"adm0_name2":null,"adm0_name3":null,"adm0_pcode":"PK","valid_on":"2022-09-09","valid_to":null,"version":"v01","lang":"en","lang1":null,"lang2":null,"lang3":null},"geometry":{"type":"Point","coordinates":[73.316144233000102,35.745090553000125]}},
{"type":"Feature","properties":{"admin_level":2,"name":"Gupis-Yasin","name1":null,"name2":null,"name3":null,"x_coord":73.20519062,"y_coord":36.28469598,"adm4_name":null,"adm4_name1":null,"adm4_name2":null,"adm4_name3":null,"adm4_pcode":null,"adm3_name":null,"adm3_name1":null,"adm3_name2":null,"adm3_name3":null,"adm3_pcode":null,"adm2_name":"Gupis-Yasin","adm2_name1":null,"adm2_name2":null,"adm2_name3":null,"adm2_pcode":"PK313","adm1_name":"Gilgit Baltistan","adm1_name1":null,"adm1_name2":null,"adm1_name3":null,"adm1_pcode":"PK3","adm0_name":"Pakistan","adm0_name1":null,"adm0_name2":null,"adm0_name3":null,"adm0_pcode":"PK","valid_on":"2022-09-09","valid_to":null,"version":"v01","lang":"en","lang1":null,"lang2":null,"lang3":null},"geometry":{"type":"Point","coordinates":[73.205190622000032,36.284695984000052]}},
{"type":"Feature","properties":{"admin_level":2,"name":"Rondu","name1":null,"name2":null,"name3":null,"x_coord":75.15829268,"y_coord":35.58728773,"adm4_name":null,"adm4_name1":null,"adm4_name2":null,"adm4_name3":null,"adm4_pcode":null,"adm3_name":null,"adm3_name1":null,"adm3_name2":null,"adm3_name3":null,"adm3_pcode":null,"adm2_name":"Rondu","adm2_name1":null,"adm2_name2":null,"adm2_name3":null,"adm2_pcode":"PK314","adm1_name":"Gilgit Baltistan","adm1_name1":null,"adm1_name2":null,"adm1_name3":null,"adm1_pcode":"PK3","adm0_name":"Pakistan","adm0_name1":null,"adm0_name2":null,"adm0_name3":null,"adm0_pcode":"PK","valid_on":"2022-09-09","valid_to":null,"version":"v01","lang":"en","lang1":null,"lang2":null,"lang3":null},"geometry":{"type":"Point","coordinates":[75.158292676000087,35.587287728000092]}},
{"type":"Feature","properties":{"admin_level":2,"name":"Islamabad","name1":null,"name2":null,"name3":null,"x_coord":72.95796258,"y_coord":33.65087509,"adm4_name":null,"adm4_name1":null,"adm4_name2":null,"adm4_name3":null,"adm4_pcode":null,"adm3_name":null,"adm3_name1":null,"adm3_name2":null,"adm3_name3":null,"adm3_pcode":null,"adm2_name":"Islamabad","adm2_name1":null,"adm2_name2":null,"adm2_name3":null,"adm2_pcode":"PK401","adm1_name":"Islamabad","adm1_name1":null,"adm1_name2":null,"adm1_name3":null,"adm1_pcode":"PK4","adm0_name":"Pakistan","adm0_name1":null,"adm0_name2":null,"adm0_name3":null,"adm0_pcode":"PK","valid_on":"2022-09-09","valid_to":null,"version":"v01","lang":"en","lang1":null,"lang2":null,"lang3":null},"geometry":{"type":"Point","coordinates":[72.957962576000114,33.650875092000035]}},
{"type":"Feature","properties":{"admin_level":2,"name":"Abbottabad","name1":null,"name2":null,"name3":null,"x_coord":73.29114082,"y_coord":34.09458,"adm4_name":null,"adm4_name1":null,"adm4_name2":null,"adm4_name3":null,"adm4_pcode":null,"adm3_name":null,"adm3_name1":null,"adm3_name2":null,"adm3_name3":null,"adm3_pcode":null,"adm2_name":"Abbottabad","adm2_name1":null,"adm2_name2":null,"adm2_name3":null,"adm2_pcode":"PK501","adm1_name":"Khyber Pakhtunkhwa","adm1_name1":null,"adm1_name2":null,"adm1_name3":null,"adm1_pcode":"PK5","adm0_name":"Pakistan","adm0_name1":null,"adm0_name2":null,"adm0_name3":null,"adm0_pcode":"PK","valid_on":"2022-09-09","valid_to":null,"version":"v01","lang":"en","lang1":null,"lang2":null,"lang3":null},"geometry":{"type":"Point","coordinates":[73.291140820000123,34.094580000000178]}},
{"type":"Feature","properties":{"admin_level":2,"name":"Bajaur","name1":null,"name2":null,"name3":null,"x_coord":71.48571789,"y_coord":34.74578541,"adm4_name":null,"adm4_name1":null,"adm4_name2":null,"adm4_name3":null,"adm4_pcode":null,"adm3_name":null,"adm3_name1":null,"adm3_name2":null,"adm3_name3":null,"adm3_pcode":null,"adm2_name":"Bajaur","adm2_name1":null,"adm2_name2":null,"adm2_name3":null,"adm2_pcode":"PK502","adm1_name":"Khyber Pakhtunkhwa","adm1_name1":null,"adm1_name2":null,"adm1_name3":null,"adm1_pcode":"PK5","adm0_name":"Pakistan","adm0_name1":null,"adm0_name2":null,"adm0_name3":null,"adm0_pcode":"PK","valid_on":"2022-09-09","valid_to":null,"version":"v01","lang":"en","lang1":null,"lang2":null,"lang3":null},"geometry":{"type":"Point","coordinates":[71.485717888000067,34.745785415000057]}},
{"type":"Feature","properties":{"admin_level":2,"name":"Bannu","name1":null,"name2":null,"name3":null,"x_coord":70.65532028,"y_coord":32.98501673,"adm4_name":null,"adm4_name1":null,"adm4_name2":null,"adm4_name3":null,"adm4_pcode":null,"adm3_name":null,"adm3_name1":null,"adm3_name2":null,"adm3_name3":null,"adm3_pcode":null,"adm2_name":"Bannu","adm2_name1":null,"adm2_name2":null,"adm2_name3":null,"adm2_pcode":"PK503","adm1_name":"Khyber Pakhtunkhwa","adm1_name1":null,"adm1_name2":null,"adm1_name3":null,"adm1_pcode":"PK5","adm0_name":"Pakistan","adm0_name1":null,"adm0_name2":null,"adm0_name3":null,"adm0_pcode":"PK","valid_on":"2022-09-09","valid_to":null,"version":"v01","lang":"en","lang1":null,"lang2":null,"lang3":null},"geometry":{"type":"Point","coordinates":[70.655320278000033,32.985016725999969]}},
{"type":"Feature","properties":{"admin_level":2,"name":"Batagram","name1":null,"name2":null,"name3":null,"x_coord":73.13743152000001,"y_coord":34.76181944,"adm4_name":null,"adm4_name1":null,"adm4_name2":null,"adm4_name3":null,"adm4_pcode":null,"adm3_name":null,"adm3_name1":null,"adm3_name2":null,"adm3_name3":null,"adm3_pcode":null,"adm2_name":"Batagram","adm2_name1":null,"adm2_name2":null,"adm2_name3":null,"adm2_pcode":"PK504","adm1_name":"Khyber Pakhtunkhwa","adm1_name1":null,"adm1_name2":null,"adm1_name3":null,"adm1_pcode":"PK5","adm0_name":"Pakistan","adm0_name1":null,"adm0_name2":null,"adm0_name3":null,"adm0_pcode":"PK","valid_on":"2022-09-09","valid_to":null,"version":"v01","lang":"en","lang1":null,"lang2":null,"lang3":null},"geometry":{"type":"Point","coordinates":[73.13743152100011,34.761819436000053]}},
{"type":"Feature","properties":{"admin_level":2,"name":"Buner","name1":null,"name2":null,"name3":null,"x_coord":72.55625697000001,"y_coord":34.43074675,"adm4_name":null,"adm4_name1":null,"adm4_name2":null,"adm4_name3":null,"adm4_pcode":null,"adm3_name":null,"adm3_name1":null,"adm3_name2":null,"adm3_name3":null,"adm3_pcode":null,"adm2_name":"Buner","adm2_name1":null,"adm2_name2":null,"adm2_name3":null,"adm2_pcode":"PK505","adm1_name":"Khyber Pakhtunkhwa","adm1_name1":null,"adm1_name2":null,"adm1_name3":null,"adm1_pcode":"PK5","adm0_name":"Pakistan","adm0_name1":null,"adm0_name2":null,"adm0_name3":null,"adm0_pcode":"PK","valid_on":"2022-09-09","valid_to":null,"version":"v01","lang":"en","lang1":null,"lang2":null,"lang3":null},"geometry":{"type":"Point","coordinates":[72.556256972000085,34.430746753999983]}},
{"type":"Feature","properties":{"admin_level":2,"name":"Charsadda","name1":null,"name2":null,"name3":null,"x_coord":71.6993962,"y_coord":34.24785874,"adm4_name":null,"adm4_name1":null,"adm4_name2":null,"adm4_name3":null,"adm4_pcode":null,"adm3_name":null,"adm3_name1":null,"adm3_name2":null,"adm3_name3":null,"adm3_pcode":null,"adm2_name":"Charsadda","adm2_name1":null,"adm2_name2":null,"adm2_name3":null,"adm2_pcode":"PK506","adm1_name":"Khyber Pakhtunkhwa","adm1_name1":null,"adm1_name2":null,"adm1_name3":null,"adm1_pcode":"PK5","adm0_name":"Pakistan","adm0_name1":null,"adm0_name2":null,"adm0_name3":null,"adm0_pcode":"PK","valid_on":"2022-09-09","valid_to":null,"version":"v01","lang":"en","lang1":null,"lang2":null,"lang3":null},"geometry":{"type":"Point","coordinates":[71.699396198000159,34.247858738000048]}},
{"type":"Feature","properties":{"admin_level":2,"name":"Chitral Lower","name1":null,"name2":null,"name3":null,"x_coord":71.82643755,"y_coord":35.84739867,"adm4_name":null,"adm4_name1":null,"adm4_name2":null,"adm4_name3":null,"adm4_pcode":null,"adm3_name":null,"adm3_name1":null,"adm3_name2":null,"adm3_name3":null,"adm3_pcode":null,"adm2_name":"Chitral Lower","adm2_name1":null,"adm2_name2":null,"adm2_name3":null,"adm2_pcode":"PK507","adm1_name":"Khyber Pakhtunkhwa","adm1_name1":null,"adm1_name2":null,"adm1_name3":null,"adm1_pcode":"PK5","adm0_name":"Pakistan","adm0_name1":null,"adm0_name2":null,"adm0_name3":null,"adm0_pcode":"PK","valid_on":"2022-09-09","valid_to":null,"version":"v01","lang":"en","lang1":null,"lang2":null,"lang3":null},"geometry":{"type":"Point","coordinates":[71.826437546000193,35.847398674000146]}},
{"type":"Feature","properties":{"admin_level":2,"name":"Chitral Upper","name1":null,"name2":null,"name3":null,"x_coord":72.26885597,"y_coord":36.32803282,"adm4_name":null,"adm4_name1":null,"adm4_name2":null,"adm4_name3":null,"adm4_pcode":null,"adm3_name":null,"adm3_name1":null,"adm3_name2":null,"adm3_name3":null,"adm3_pcode":null,"adm2_name":"Chitral Upper","adm2_name1":null,"adm2_name2":null,"adm2_name3":null,"adm2_pcode":"PK508","adm1_name":"Khyber Pakhtunkhwa","adm1_name1":null,"adm1_name2":null,"adm1_name3":null,"adm1_pcode":"PK5","adm0_name":"Pakistan","adm0_name1":null,"adm0_name2":null,"adm0_name3":null,"adm0_pcode":"PK","valid_on":"2022-09-09","valid_to":null,"version":"v01","lang":"en","lang1":null,"lang2":null,"lang3":null},"geometry":{"type":"Point","coordinates":[72.26885597100005,36.328032819999976]}},
{"type":"Feature","properties":{"admin_level":2,"name":"D. I. Khan","name1":null,"name2":null,"name3":null,"x_coord":70.62503697,"y_coord":31.84997228,"adm4_name":null,"adm4_name1":null,"adm4_name2":null,"adm4_name3":null,"adm4_pcode":null,"adm3_name":null,"adm3_name1":null,"adm3_name2":null,"adm3_name3":null,"adm3_pcode":null,"adm2_name":"D. I. Khan","adm2_name1":null,"adm2_name2":null,"adm2_name3":null,"adm2_pcode":"PK509","adm1_name":"Khyber Pakhtunkhwa","adm1_name1":null,"adm1_name2":null,"adm1_name3":null,"adm1_pcode":"PK5","adm0_name":"Pakistan","adm0_name1":null,"adm0_name2":null,"adm0_name3":null,"adm0_pcode":"PK","valid_on":"2022-09-09","valid_to":null,"version":"v01","lang":"en","lang1":null,"lang2":null,"lang3":null},"geometry":{"type":"Point","coordinates":[70.625036967000028,31.84997227700012]}},
{"type":"Feature","properties":{"admin_level":2,"name":"Hangu","name1":null,"name2":null,"name3":null,"x_coord":70.80415868,"y_coord":33.41216501,"adm4_name":null,"adm4_name1":null,"adm4_name2":null,"adm4_name3":null,"adm4_pcode":null,"adm3_name":null,"adm3_name1":null,"adm3_name2":null,"adm3_name3":null,"adm3_pcode":null,"adm2_name":"Hangu","adm2_name1":null,"adm2_name2":null,"adm2_name3":null,"adm2_pcode":"PK510","adm1_name":"Khyber Pakhtunkhwa","adm1_name1":null,"adm1_name2":null,"adm1_name3":null,"adm1_pcode":"PK5","adm0_name":"Pakistan","adm0_name1":null,"adm0_name2":null,"adm0_name3":null,"adm0_pcode":"PK","valid_on":"2022-09-09","valid_to":null,"version":"v01","lang":"en","lang1":null,"lang2":null,"lang3":null},"geometry":{"type":"Point","coordinates":[70.804158682000036,33.412165005000077]}},
{"type":"Feature","properties":{"admin_level":2,"name":"Haripur","name1":null,"name2":null,"name3":null,"x_coord":72.87563655,"y_coord":34.047845,"adm4_name":null,"adm4_name1":null,"adm4_name2":null,"adm4_name3":null,"adm4_pcode":null,"adm3_name":null,"adm3_name1":null,"adm3_name2":null,"adm3_name3":null,"adm3_pcode":null,"adm2_name":"Haripur","adm2_name1":null,"adm2_name2":null,"adm2_name3":null,"adm2_pcode":"PK511","adm1_name":"Khyber Pakhtunkhwa","adm1_name1":null,"adm1_name2":null,"adm1_name3":null,"adm1_pcode":"PK5","adm0_name":"Pakistan","adm0_name1":null,"adm0_name2":null,"adm0_name3":null,"adm0_pcode":"PK","valid_on":"2022-09-09","valid_to":null,"version":"v01","lang":"en","lang1":null,"lang2":null,"lang3":null},"geometry":{"type":"Point","coordinates":[72.875636550000081,34.047844996000094]}},
{"type":"Feature","properties":{"admin_level":2,"name":"Karak","name1":null,"name2":null,"name3":null,"x_coord":71.11055422,"y_coord":33.10125923,"adm4_name":null,"adm4_name1":null,"adm4_name2":null,"adm4_name3":null,"adm4_pcode":null,"adm3_name":null,"adm3_name1":null,"adm3_name2":null,"adm3_name3":null,"adm3_pcode":null,"adm2_name":"Karak","adm2_name1":null,"adm2_name2":null,"adm2_name3":null,"adm2_pcode":"PK512","adm1_name":"Khyber Pakhtunkhwa","adm1_name1":null,"adm1_name2":null,"adm1_name3":null,"adm1_pcode":"PK5","adm0_name":"Pakistan","adm0_name1":null,"adm0_name2":null,"adm0_name3":null,"adm0_pcode":"PK","valid_on":"2022-09-09","valid_to":null,"version":"v01","lang":"en","lang1":null,"lang2":null,"lang3":null},"geometry":{"type":"Point","coordinates":[71.11055422000004,33.101259232000018]}},
{"type":"Feature","properties":{"admin_level":2,"name":"Khyber","name1":null,"name2":null,"name3":null,"x_coord":71.20540631,"y_coord":34.03999341,"adm4_name":null,"adm4_name1":null,"adm4_name2":null,"adm4_name3":null,"adm4_pcode":null,"adm3_name":null,"adm3_name1":null,"adm3_name2":null,"adm3_name3":null,"adm3_pcode":null,"adm2_name":"Khyber","adm2_name1":null,"adm2_name2":null,"adm2_name3":null,"adm2_pcode":"PK513","adm1_name":"Khyber Pakhtunkhwa","adm1_name1":null,"adm1_name2":null,"adm1_name3":null,"adm1_pcode":"PK5","adm0_name":"Pakistan","adm0_name1":null,"adm0_name2":null,"adm0_name3":null,"adm0_pcode":"PK","valid_on":"2022-09-09","valid_to":null,"version":"v01","lang":"en","lang1":null,"lang2":null,"lang3":null},"geometry":{"type":"Point","coordinates":[71.205406314000186,34.039993407000111]}},
{"type":"Feature","properties":{"admin_level":2,"name":"Kohat","name1":null,"name2":null,"name3":null,"x_coord":71.48822723000001,"y_coord":33.4122454,"adm4_name":null,"adm4_name1":null,"adm4_name2":null,"adm4_name3":null,"adm4_pcode":null,"adm3_name":null,"adm3_name1":null,"adm3_name2":null,"adm3_name3":null,"adm3_pcode":null,"adm2_name":"Kohat","adm2_name1":null,"adm2_name2":null,"adm2_name3":null,"adm2_pcode":"PK514","adm1_name":"Khyber Pakhtunkhwa","adm1_name1":null,"adm1_name2":null,"adm1_name3":null,"adm1_pcode":"PK5","adm0_name":"Pakistan","adm0_name1":null,"adm0_name2":null,"adm0_name3":null,"adm0_pcode":"PK","valid_on":"2022-09-09","valid_to":null,"version":"v01","lang":"en","lang1":null,"lang2":null,"lang3":null},"geometry":{"type":"Point","coordinates":[71.488227225000117,33.412245398999971]}},
{"type":"Feature","properties":{"admin_level":2,"name":"Kohistan Lower","name1":null,"name2":null,"name3":null,"x_coord":72.92296094,"y_coord":35.14968862,"adm4_name":null,"adm4_name1":null,"adm4_name2":null,"adm4_name3":null,"adm4_pcode":null,"adm3_name":null,"adm3_name1":null,"adm3_name2":null,"adm3_name3":null,"adm3_pcode":null,"adm2_name":"Kohistan Lower","adm2_name1":null,"adm2_name2":null,"adm2_name3":null,"adm2_pcode":"PK515","adm1_name":"Khyber Pakhtunkhwa","adm1_name1":null,"adm1_name2":null,"adm1_name3":null,"adm1_pcode":"PK5","adm0_name":"Pakistan","adm0_name1":null,"adm0_name2":null,"adm0_name3":null,"adm0_pcode":"PK","valid_on":"2022-09-09","valid_to":null,"version":"v01","lang":"en","lang1":null,"lang2":null,"lang3":null},"geometry":{"type":"Point","coordinates":[72.922960941000156,35.149688621000053]}},
{"type":"Feature","properties":{"admin_level":2,"name":"Kohistan Upper","name1":null,"name2":null,"name3":null,"x_coord":73.22132139,"y_coord":35.42281309,"adm4_name":null,"adm4_name1":null,"adm4_name2":null,"adm4_name3":null,"adm4_pcode":null,"adm3_name":null,"adm3_name1":null,"adm3_name2":null,"adm3_name3":null,"adm3_pcode":null,"adm2_name":"Kohistan Upper","adm2_name1":null,"adm2_name2":null,"adm2_name3":null,"adm2_pcode":"PK516","adm1_name":"Khyber Pakhtunkhwa","adm1_name1":null,"adm1_name2":null,"adm1_name3":null,"adm1_pcode":"PK5","adm0_name":"Pakistan","adm0_name1":null,"adm0_name2":null,"adm0_name3":null,"adm0_pcode":"PK","valid_on":"2022-09-09","valid_to":null,"version":"v01","lang":"en","lang1":null,"lang2":null,"lang3":null},"geometry":{"type":"Point","coordinates":[73.221321388000149,35.422813091000194]}},
{"type":"Feature","properties":{"admin_level":2,"name":"Kolai Palas Kohistan","name1":null,"name2":null,"name3":null,"x_coord":73.17507477,"y_coord":35.06743769,"adm4_name":null,"adm4_name1":null,"adm4_name2":null,"adm4_name3":null,"adm4_pcode":null,"adm3_name":null,"adm3_name1":null,"adm3_name2":null,"adm3_name3":null,"adm3_pcode":null,"adm2_name":"Kolai Palas Kohistan","adm2_name1":null,"adm2_name2":null,"adm2_name3":null,"adm2_pcode":"PK517","adm1_name":"Khyber Pakhtunkhwa","adm1_name1":null,"adm1_name2":null,"adm1_name3":null,"adm1_pcode":"PK5","adm0_name":"Pakistan","adm0_name1":null,"adm0_name2":null,"adm0_name3":null,"adm0_pcode":"PK","valid_on":"2022-09-09","valid_to":null,"version":"v01","lang":"en","lang1":null,"lang2":null,"lang3":null},"geometry":{"type":"Point","coordinates":[73.175074767000012,35.067437691000123]}},
{"type":"Feature","properties":{"admin_level":2,"name":"Kurram","name1":null,"name2":null,"name3":null,"x_coord":70.38436706,"y_coord":33.68964227,"adm4_name":null,"adm4_name1":null,"adm4_name2":null,"adm4_name3":null,"adm4_pcode":null,"adm3_name":null,"adm3_name1":null,"adm3_name2":null,"adm3_name3":null,"adm3_pcode":null,"adm2_name":"Kurram","adm2_name1":null,"adm2_name2":null,"adm2_name3":null,"adm2_pcode":"PK518","adm1_name":"Khyber Pakhtunkhwa","adm1_name1":null,"adm1_name2":null,"adm1_name3":null,"adm1_pcode":"PK5","adm0_name":"Pakistan","adm0_name1":null,"adm0_name2":null,"adm0_name3":null,"adm0_pcode":"PK","valid_on":"2022-09-09","valid_to":null,"version":"v01","lang":"en","lang1":null,"lang2":null,"lang3":null},"geometry":{"type":"Point","coordinates":[70.384367058000123,33.689642273000118]}},
{"type":"Feature","properties":{"admin_level":2,"name":"Lakki Marwat","name1":null,"name2":null,"name3":null,"x_coord":70.87971831,"y_coord":32.57034302,"adm4_name":null,"adm4_name1":null,"adm4_name2":null,"adm4_name3":null,"adm4_pcode":null,"adm3_name":null,"adm3_name1":null,"adm3_name2":null,"adm3_name3":null,"adm3_pcode":null,"adm2_name":"Lakki Marwat","adm2_name1":null,"adm2_name2":null,"adm2_name3":null,"adm2_pcode":"PK519","adm1_name":"Khyber Pakhtunkhwa","adm1_name1":null,"adm1_name2":null,"adm1_name3":null,"adm1_pcode":"PK5","adm0_name":"Pakistan","adm0_name1":null,"adm0_name2":null,"adm0_name3":null,"adm0_pcode":"PK","valid_on":"2022-09-09","valid_to":null,"version":"v01","lang":"en","lang1":null,"lang2":null,"lang3":null},"geometry":{"type":"Point","coordinates":[70.87971830500004,32.570343018000074]}},
{"type":"Feature","properties":{"admin_level":2,"name":"Lower Dir","name1":null,"name2":null,"name3":null,"x_coord":71.82022236,"y_coord":34.84093998,"adm4_name":null,"adm4_name1":null,"adm4_name2":null,"adm4_name3":null,"adm4_pcode":null,"adm3_name":null,"adm3_name1":null,"adm3_name2":null,"adm3_name3":null,"adm3_pcode":null,"adm2_name":"Lower Dir","adm2_name1":null,"adm2_name2":null,"adm2_name3":null,"adm2_pcode":"PK520","adm1_name":"Khyber Pakhtunkhwa","adm1_name1":null,"adm1_name2":null,"adm1_name3":null,"adm1_pcode":"PK5","adm0_name":"Pakistan","adm0_name1":null,"adm0_name2":null,"adm0_name3":null,"adm0_pcode":"PK","valid_on":"2022-09-09","valid_to":null,"version":"v01","lang":"en","lang1":null,"lang2":null,"lang3":null},"geometry":{"type":"Point","coordinates":[71.820222358000024,34.840939980000144]}},
{"type":"Feature","properties":{"admin_level":2,"name":"Malakand","name1":null,"name2":null,"name3":null,"x_coord":71.82362875,"y_coord":34.51663484,"adm4_name":null,"adm4_name1":null,"adm4_name2":null,"adm4_name3":null,"adm4_pcode":null,"adm3_name":null,"adm3_name1":null,"adm3_name2":null,"adm3_name3":null,"adm3_pcode":null,"adm2_name":"Malakand","adm2_name1":null,"adm2_name2":null,"adm2_name3":null,"adm2_pcode":"PK521","adm1_name":"Khyber Pakhtunkhwa","adm1_name1":null,"adm1_name2":null,"adm1_name3":null,"adm1_pcode":"PK5","adm0_name":"Pakistan","adm0_name1":null,"adm0_name2":null,"adm0_name3":null,"adm0_pcode":"PK","valid_on":"2022-09-09","valid_to":null,"version":"v01","lang":"en","lang1":null,"lang2":null,"lang3":null},"geometry":{"type":"Point","coordinates":[71.823628746000168,34.516634840000108]}},
{"type":"Feature","properties":{"admin_level":2,"name":"Mansehra","name1":null,"name2":null,"name3":null,"x_coord":73.51194286,"y_coord":34.69573444,"adm4_name":null,"adm4_name1":null,"adm4_name2":null,"adm4_name3":null,"adm4_pcode":null,"adm3_name":null,"adm3_name1":null,"adm3_name2":null,"adm3_name3":null,"adm3_pcode":null,"adm2_name":"Mansehra","adm2_name1":null,"adm2_name2":null,"adm2_name3":null,"adm2_pcode":"PK522","adm1_name":"Khyber Pakhtunkhwa","adm1_name1":null,"adm1_name2":null,"adm1_name3":null,"adm1_pcode":"PK5","adm0_name":"Pakistan","adm0_name1":null,"adm0_name2":null,"adm0_name3":null,"adm0_pcode":"PK","valid_on":"2022-09-09","valid_to":null,"version":"v01","lang":"en","lang1":null,"lang2":null,"lang3":null},"geometry":{"type":"Point","coordinates":[73.511942863000172,34.695734444000152]}},
{"type":"Feature","properties":{"admin_level":2,"name":"Mardan","name1":null,"name2":null,"name3":null,"x_coord":72.08078636,"y_coord":34.30337073,"adm4_name":null,"adm4_name1":null,"adm4_name2":null,"adm4_name3":null,"adm4_pcode":null,"adm3_name":null,"adm3_name1":null,"adm3_name2":null,"adm3_name3":null,"adm3_pcode":null,"adm2_name":"Mardan","adm2_name1":null,"adm2_name2":null,"adm2_name3":null,"adm2_pcode":"PK523","adm1_name":"Khyber Pakhtunkhwa","adm1_name1":null,"adm1_name2":null,"adm1_name3":null,"adm1_pcode":"PK5","adm0_name":"Pakistan","adm0_name1":null,"adm0_name2":null,"adm0_name3":null,"adm0_pcode":"PK","valid_on":"2022-09-09","valid_to":null,"version":"v01","lang":"en","lang1":null,"lang2":null,"lang3":null},"geometry":{"type":"Point","coordinates":[72.080786357000193,34.303370734000168]}},
{"type":"Feature","properties":{"admin_level":2,"name":"Mohmand","name1":null,"name2":null,"name3":null,"x_coord":71.36649295,"y_coord":34.44608498,"adm4_name":null,"adm4_name1":null,"adm4_name2":null,"adm4_name3":null,"adm4_pcode":null,"adm3_name":null,"adm3_name1":null,"adm3_name2":null,"adm3_name3":null,"adm3_pcode":null,"adm2_name":"Mohmand","adm2_name1":null,"adm2_name2":null,"adm2_name3":null,"adm2_pcode":"PK524","adm1_name":"Khyber Pakhtunkhwa","adm1_name1":null,"adm1_name2":null,"adm1_name3":null,"adm1_pcode":"PK5","adm0_name":"Pakistan","adm0_name1":null,"adm0_name2":null,"adm0_name3":null,"adm0_pcode":"PK","valid_on":"2022-09-09","valid_to":null,"version":"v01","lang":"en","lang1":null,"lang2":null,"lang3":null},"geometry":{"type":"Point","coordinates":[71.366492945000118,34.446084977000169]}},
{"type":"Feature","properties":{"admin_level":2,"name":"North Waziristan","name1":null,"name2":null,"name3":null,"x_coord":69.94281704,"y_coord":32.95705063,"adm4_name":null,"adm4_name1":null,"adm4_name2":null,"adm4_name3":null,"adm4_pcode":null,"adm3_name":null,"adm3_name1":null,"adm3_name2":null,"adm3_name3":null,"adm3_pcode":null,"adm2_name":"North Waziristan","adm2_name1":null,"adm2_name2":null,"adm2_name3":null,"adm2_pcode":"PK525","adm1_name":"Khyber Pakhtunkhwa","adm1_name1":null,"adm1_name2":null,"adm1_name3":null,"adm1_pcode":"PK5","adm0_name":"Pakistan","adm0_name1":null,"adm0_name2":null,"adm0_name3":null,"adm0_pcode":"PK","valid_on":"2022-09-09","valid_to":null,"version":"v01","lang":"en","lang1":null,"lang2":null,"lang3":null},"geometry":{"type":"Point","coordinates":[69.942817037000168,32.957050634000154]}},
{"type":"Feature","properties":{"admin_level":2,"name":"Nowshera","name1":null,"name2":null,"name3":null,"x_coord":72.00280899000001,"y_coord":33.91709153,"adm4_name":null,"adm4_name1":null,"adm4_name2":null,"adm4_name3":null,"adm4_pcode":null,"adm3_name":null,"adm3_name1":null,"adm3_name2":null,"adm3_name3":null,"adm3_pcode":null,"adm2_name":"Nowshera","adm2_name1":null,"adm2_name2":null,"adm2_name3":null,"adm2_pcode":"PK526","adm1_name":"Khyber Pakhtunkhwa","adm1_name1":null,"adm1_name2":null,"adm1_name3":null,"adm1_pcode":"PK5","adm0_name":"Pakistan","adm0_name1":null,"adm0_name2":null,"adm0_name3":null,"adm0_pcode":"PK","valid_on":"2022-09-09","valid_to":null,"version":"v01","lang":"en","lang1":null,"lang2":null,"lang3":null},"geometry":{"type":"Point","coordinates":[72.002808992000098,33.917091525000103]}},
{"type":"Feature","properties":{"admin_level":2,"name":"Orakzai","name1":null,"name2":null,"name3":null,"x_coord":70.87820005,"y_coord":33.69490257,"adm4_name":null,"adm4_name1":null,"adm4_name2":null,"adm4_name3":null,"adm4_pcode":null,"adm3_name":null,"adm3_name1":null,"adm3_name2":null,"adm3_name3":null,"adm3_pcode":null,"adm2_name":"Orakzai","adm2_name1":null,"adm2_name2":null,"adm2_name3":null,"adm2_pcode":"PK527","adm1_name":"Khyber Pakhtunkhwa","adm1_name1":null,"adm1_name2":null,"adm1_name3":null,"adm1_pcode":"PK5","adm0_name":"Pakistan","adm0_name1":null,"adm0_name2":null,"adm0_name3":null,"adm0_pcode":"PK","valid_on":"2022-09-09","valid_to":null,"version":"v01","lang":"en","lang1":null,"lang2":null,"lang3":null},"geometry":{"type":"Point","coordinates":[70.878200047000178,33.694902574000082]}},
{"type":"Feature","properties":{"admin_level":2,"name":"Peshawar","name1":null,"name2":null,"name3":null,"x_coord":71.60001124,"y_coord":33.94172579,"adm4_name":null,"adm4_name1":null,"adm4_name2":null,"adm4_name3":null,"adm4_pcode":null,"adm3_name":null,"adm3_name1":null,"adm3_name2":null,"adm3_name3":null,"adm3_pcode":null,"adm2_name":"Peshawar","adm2_name1":null,"adm2_name2":null,"adm2_name3":null,"adm2_pcode":"PK528","adm1_name":"Khyber Pakhtunkhwa","adm1_name1":null,"adm1_name2":null,"adm1_name3":null,"adm1_pcode":"PK5","adm0_name":"Pakistan","adm0_name1":null,"adm0_name2":null,"adm0_name3":null,"adm0_pcode":"PK","valid_on":"2022-09-09","valid_to":null,"version":"v01","lang":"en","lang1":null,"lang2":null,"lang3":null},"geometry":{"type":"Point","coordinates":[71.600011236000114,33.941725785000187]}},
{"type":"Feature","properties":{"admin_level":2,"name":"Shangla","name1":null,"name2":null,"name3":null,"x_coord":72.78985421,"y_coord":34.84665636,"adm4_name":null,"adm4_name1":null,"adm4_name2":null,"adm4_name3":null,"adm4_pcode":null,"adm3_name":null,"adm3_name1":null,"adm3_name2":null,"adm3_name3":null,"adm3_pcode":null,"adm2_name":"Shangla","adm2_name1":null,"adm2_name2":null,"adm2_name3":null,"adm2_pcode":"PK529","adm1_name":"Khyber Pakhtunkhwa","adm1_name1":null,"adm1_name2":null,"adm1_name3":null,"adm1_pcode":"PK5","adm0_name":"Pakistan","adm0_name1":null,"adm0_name2":null,"adm0_name3":null,"adm0_pcode":"PK","valid_on":"2022-09-09","valid_to":null,"version":"v01","lang":"en","lang1":null,"lang2":null,"lang3":null},"geometry":{"type":"Point","coordinates":[72.78985421100009,34.846656362000033]}},
{"type":"Feature","properties":{"admin_level":2,"name":"South Waziristan","name1":null,"name2":null,"name3":null,"x_coord":69.67752489,"y_coord":32.29148104,"adm4_name":null,"adm4_name1":null,"adm4_name2":null,"adm4_name3":null,"adm4_pcode":null,"adm3_name":null,"adm3_name1":null,"adm3_name2":null,"adm3_name3":null,"adm3_pcode":null,"adm2_name":"South Waziristan","adm2_name1":null,"adm2_name2":null,"adm2_name3":null,"adm2_pcode":"PK530","adm1_name":"Khyber Pakhtunkhwa","adm1_name1":null,"adm1_name2":null,"adm1_name3":null,"adm1_pcode":"PK5","adm0_name":"Pakistan","adm0_name1":null,"adm0_name2":null,"adm0_name3":null,"adm0_pcode":"PK","valid_on":"2022-09-09","valid_to":null,"version":"v01","lang":"en","lang1":null,"lang2":null,"lang3":null},"geometry":{"type":"Point","coordinates":[69.677524894000157,32.291481035000118]}},
{"type":"Feature","properties":{"admin_level":2,"name":"Swabi","name1":null,"name2":null,"name3":null,"x_coord":72.47676184,"y_coord":34.14118681,"adm4_name":null,"adm4_name1":null,"adm4_name2":null,"adm4_name3":null,"adm4_pcode":null,"adm3_name":null,"adm3_name1":null,"adm3_name2":null,"adm3_name3":null,"adm3_pcode":null,"adm2_name":"Swabi","adm2_name1":null,"adm2_name2":null,"adm2_name3":null,"adm2_pcode":"PK531","adm1_name":"Khyber Pakhtunkhwa","adm1_name1":null,"adm1_name2":null,"adm1_name3":null,"adm1_pcode":"PK5","adm0_name":"Pakistan","adm0_name1":null,"adm0_name2":null,"adm0_name3":null,"adm0_pcode":"PK","valid_on":"2022-09-09","valid_to":null,"version":"v01","lang":"en","lang1":null,"lang2":null,"lang3":null},"geometry":{"type":"Point","coordinates":[72.476761839000062,34.141186810000136]}},
{"type":"Feature","properties":{"admin_level":2,"name":"Swat","name1":null,"name2":null,"name3":null,"x_coord":72.5118498,"y_coord":35.2330758,"adm4_name":null,"adm4_name1":null,"adm4_name2":null,"adm4_name3":null,"adm4_pcode":null,"adm3_name":null,"adm3_name1":null,"adm3_name2":null,"adm3_name3":null,"adm3_pcode":null,"adm2_name":"Swat","adm2_name1":null,"adm2_name2":null,"adm2_name3":null,"adm2_pcode":"PK532","adm1_name":"Khyber Pakhtunkhwa","adm1_name1":null,"adm1_name2":null,"adm1_name3":null,"adm1_pcode":"PK5","adm0_name":"Pakistan","adm0_name1":null,"adm0_name2":null,"adm0_name3":null,"adm0_pcode":"PK","valid_on":"2022-09-09","valid_to":null,"version":"v01","lang":"en","lang1":null,"lang2":null,"lang3":null},"geometry":{"type":"Point","coordinates":[72.511849795000103,35.233075798000073]}},
{"type":"Feature","properties":{"admin_level":2,"name":"Tank","name1":null,"name2":null,"name3":null,"x_coord":70.37376025,"y_coord":32.31868422,"adm4_name":null,"adm4_name1":null,"adm4_name2":null,"adm4_name3":null,"adm4_pcode":null,"adm3_name":null,"adm3_name1":null,"adm3_name2":null,"adm3_name3":null,"adm3_pcode":null,"adm2_name":"Tank","adm2_name1":null,"adm2_name2":null,"adm2_name3":null,"adm2_pcode":"PK533","adm1_name":"Khyber Pakhtunkhwa","adm1_name1":null,"adm1_name2":null,"adm1_name3":null,"adm1_pcode":"PK5","adm0_name":"Pakistan","adm0_name1":null,"adm0_name2":null,"adm0_name3":null,"adm0_pcode":"PK","valid_on":"2022-09-09","valid_to":null,"version":"v01","lang":"en","lang1":null,"lang2":null,"lang3":null},"geometry":{"type":"Point","coordinates":[70.373760250000032,32.318684223000105]}},
{"type":"Feature","properties":{"admin_level":2,"name":"Tor Ghar","name1":null,"name2":null,"name3":null,"x_coord":72.87595298,"y_coord":34.55859259,"adm4_name":null,"adm4_name1":null,"adm4_name2":null,"adm4_name3":null,"adm4_pcode":null,"adm3_name":null,"adm3_name1":null,"adm3_name2":null,"adm3_name3":null,"adm3_pcode":null,"adm2_name":"Tor Ghar","adm2_name1":null,"adm2_name2":null,"adm2_name3":null,"adm2_pcode":"PK534","adm1_name":"Khyber Pakhtunkhwa","adm1_name1":null,"adm1_name2":null,"adm1_name3":null,"adm1_pcode":"PK5","adm0_name":"Pakistan","adm0_name1":null,"adm0_name2":null,"adm0_name3":null,"adm0_pcode":"PK","valid_on":"2022-09-09","valid_to":null,"version":"v01","lang":"en","lang1":null,"lang2":null,"lang3":null},"geometry":{"type":"Point","coordinates":[72.875952979000033,34.558592589000057]}},
{"type":"Feature","properties":{"admin_level":2,"name":"Upper Dir","name1":null,"name2":null,"name3":null,"x_coord":72.0481809,"y_coord":35.3105344,"adm4_name":null,"adm4_name1":null,"adm4_name2":null,"adm4_name3":null,"adm4_pcode":null,"adm3_name":null,"adm3_name1":null,"adm3_name2":null,"adm3_name3":null,"adm3_pcode":null,"adm2_name":"Upper Dir","adm2_name1":null,"adm2_name2":null,"adm2_name3":null,"adm2_pcode":"PK535","adm1_name":"Khyber Pakhtunkhwa","adm1_name1":null,"adm1_name2":null,"adm1_name3":null,"adm1_pcode":"PK5","adm0_name":"Pakistan","adm0_name1":null,"adm0_name2":null,"adm0_name3":null,"adm0_pcode":"PK","valid_on":"2022-09-09","valid_to":null,"version":"v01","lang":"en","lang1":null,"lang2":null,"lang3":null},"geometry":{"type":"Point","coordinates":[72.048180897000123,35.310534401000041]}},
{"type":"Feature","properties":{"admin_level":2,"name":"Attock","name1":null,"name2":null,"name3":null,"x_coord":72.42512196,"y_coord":33.50337417,"adm4_name":null,"adm4_name1":null,"adm4_name2":null,"adm4_name3":null,"adm4_pcode":null,"adm3_name":null,"adm3_name1":null,"adm3_name2":null,"adm3_name3":null,"adm3_pcode":null,"adm2_name":"Attock","adm2_name1":null,"adm2_name2":null,"adm2_name3":null,"adm2_pcode":"PK601","adm1_name":"Punjab","adm1_name1":null,"adm1_name2":null,"adm1_name3":null,"adm1_pcode":"PK6","adm0_name":"Pakistan","adm0_name1":null,"adm0_name2":null,"adm0_name3":null,"adm0_pcode":"PK","valid_on":"2022-09-09","valid_to":null,"version":"v01","lang":"en","lang1":null,"lang2":null,"lang3":null},"geometry":{"type":"Point","coordinates":[72.425121959000194,33.503374171000075]}},
{"type":"Feature","properties":{"admin_level":2,"name":"Bahawalnagar","name1":null,"name2":null,"name3":null,"x_coord":72.9974034,"y_coord":29.57719716,"adm4_name":null,"adm4_name1":null,"adm4_name2":null,"adm4_name3":null,"adm4_pcode":null,"adm3_name":null,"adm3_name1":null,"adm3_name2":null,"adm3_name3":null,"adm3_pcode":null,"adm2_name":"Bahawalnagar","adm2_name1":null,"adm2_name2":null,"adm2_name3":null,"adm2_pcode":"PK602","adm1_name":"Punjab","adm1_name1":null,"adm1_name2":null,"adm1_name3":null,"adm1_pcode":"PK6","adm0_name":"Pakistan","adm0_name1":null,"adm0_name2":null,"adm0_name3":null,"adm0_pcode":"PK","valid_on":"2022-09-09","valid_to":null,"version":"v01","lang":"en","lang1":null,"lang2":null,"lang3":null},"geometry":{"type":"Point","coordinates":[72.997403401000042,29.577197165000143]}},
{"type":"Feature","properties":{"admin_level":2,"name":"Bahawalpur","name1":null,"name2":null,"name3":null,"x_coord":71.7666501,"y_coord":28.8304431,"adm4_name":null,"adm4_name1":null,"adm4_name2":null,"adm4_name3":null,"adm4_pcode":null,"adm3_name":null,"adm3_name1":null,"adm3_name2":null,"adm3_name3":null,"adm3_pcode":null,"adm2_name":"Bahawalpur","adm2_name1":null,"adm2_name2":null,"adm2_name3":null,"adm2_pcode":"PK603","adm1_name":"Punjab","adm1_name1":null,"adm1_name2":null,"adm1_name3":null,"adm1_pcode":"PK6","adm0_name":"Pakistan","adm0_name1":null,"adm0_name2":null,"adm0_name3":null,"adm0_pcode":"PK","valid_on":"2022-09-09","valid_to":null,"version":"v01","lang":"en","lang1":null,"lang2":null,"lang3":null},"geometry":{"type":"Point","coordinates":[71.766650095000102,28.830443102000174]}},
{"type":"Feature","properties":{"admin_level":2,"name":"Bhakkar","name1":null,"name2":null,"name3":null,"x_coord":71.33790158,"y_coord":31.68112012,"adm4_name":null,"adm4_name1":null,"adm4_name2":null,"adm4_name3":null,"adm4_pcode":null,"adm3_name":null,"adm3_name1":null,"adm3_name2":null,"adm3_name3":null,"adm3_pcode":null,"adm2_name":"Bhakkar","adm2_name1":null,"adm2_name2":null,"adm2_name3":null,"adm2_pcode":"PK604","adm1_name":"Punjab","adm1_name1":null,"adm1_name2":null,"adm1_name3":null,"adm1_pcode":"PK6","adm0_name":"Pakistan","adm0_name1":null,"adm0_name2":null,"adm0_name3":null,"adm0_pcode":"PK","valid_on":"2022-09-09","valid_to":null,"version":"v01","lang":"en","lang1":null,"lang2":null,"lang3":null},"geometry":{"type":"Point","coordinates":[71.337901585000168,31.681120124000188]}},
{"type":"Feature","properties":{"admin_level":2,"name":"Chakwal","name1":null,"name2":null,"name3":null,"x_coord":72.53323807,"y_coord":32.87374483,"adm4_name":null,"adm4_name1":null,"adm4_name2":null,"adm4_name3":null,"adm4_pcode":null,"adm3_name":null,"adm3_name1":null,"adm3_name2":null,"adm3_name3":null,"adm3_pcode":null,"adm2_name":"Chakwal","adm2_name1":null,"adm2_name2":null,"adm2_name3":null,"adm2_pcode":"PK605","adm1_name":"Punjab","adm1_name1":null,"adm1_name2":null,"adm1_name3":null,"adm1_pcode":"PK6","adm0_name":"Pakistan","adm0_name1":null,"adm0_name2":null,"adm0_name3":null,"adm0_pcode":"PK","valid_on":"2022-09-09","valid_to":null,"version":"v01","lang":"en","lang1":null,"lang2":null,"lang3":null},"geometry":{"type":"Point","coordinates":[72.533238066000081,32.87374482700011]}},
{"type":"Feature","properties":{"admin_level":2,"name":"Chiniot","name1":null,"name2":null,"name3":null,"x_coord":72.79243,"y_coord":31.66979543,"adm4_name":null,"adm4_name1":null,"adm4_name2":null,"adm4_name3":null,"adm4_pcode":null,"adm3_name":null,"adm3_name1":null,"adm3_name2":null,"adm3_name3":null,"adm3_pcode":null,"adm2_name":"Chiniot","adm2_name1":null,"adm2_name2":null,"adm2_name3":null,"adm2_pcode":"PK606","adm1_name":"Punjab","adm1_name1":null,"adm1_name2":null,"adm1_name3":null,"adm1_pcode":"PK6","adm0_name":"Pakistan","adm0_name1":null,"adm0_name2":null,"adm0_name3":null,"adm0_pcode":"PK","valid_on":"2022-09-09","valid_to":null,"version":"v01","lang":"en","lang1":null,"lang2":null,"lang3":null},"geometry":{"type":"Point","coordinates":[72.792429998000159,31.669795428000043]}},
{"type":"Feature","properties":{"admin_level":2,"name":"Dera Ghazi Khan","name1":null,"name2":null,"name3":null,"x_coord":70.4100883,"y_coord":30.48032384,"adm4_name":null,"adm4_name1":null,"adm4_name2":null,"adm4_name3":null,"adm4_pcode":null,"adm3_name":null,"adm3_name1":null,"adm3_name2":null,"adm3_name3":null,"adm3_pcode":null,"adm2_name":"Dera Ghazi Khan","adm2_name1":null,"adm2_name2":null,"adm2_name3":null,"adm2_pcode":"PK607","adm1_name":"Punjab","adm1_name1":null,"adm1_name2":null,"adm1_name3":null,"adm1_pcode":"PK6","adm0_name":"Pakistan","adm0_name1":null,"adm0_name2":null,"adm0_name3":null,"adm0_pcode":"PK","valid_on":"2022-09-09","valid_to":null,"version":"v01","lang":"en","lang1":null,"lang2":null,"lang3":null},"geometry":{"type":"Point","coordinates":[70.410088305000158,30.480323836000139]}},
{"type":"Feature","properties":{"admin_level":2,"name":"Faisalabad","name1":null,"name2":null,"name3":null,"x_coord":73.19763368,"y_coord":31.2310601,"adm4_name":null,"adm4_name1":null,"adm4_name2":null,"adm4_name3":null,"adm4_pcode":null,"adm3_name":null,"adm3_name1":null,"adm3_name2":null,"adm3_name3":null,"adm3_pcode":null,"adm2_name":"Faisalabad","adm2_name1":null,"adm2_name2":null,"adm2_name3":null,"adm2_pcode":"PK608","adm1_name":"Punjab","adm1_name1":null,"adm1_name2":null,"adm1_name3":null,"adm1_pcode":"PK6","adm0_name":"Pakistan","adm0_name1":null,"adm0_name2":null,"adm0_name3":null,"adm0_pcode":"PK","valid_on":"2022-09-09","valid_to":null,"version":"v01","lang":"en","lang1":null,"lang2":null,"lang3":null},"geometry":{"type":"Point","coordinates":[73.197633684000039,31.231060096000192]}},
{"type":"Feature","properties":{"admin_level":2,"name":"Gujranwala","name1":null,"name2":null,"name3":null,"x_coord":74.05372074,"y_coord":32.18838648,"adm4_name":null,"adm4_name1":null,"adm4_name2":null,"adm4_name3":null,"adm4_pcode":null,"adm3_name":null,"adm3_name1":null,"adm3_name2":null,"adm3_name3":null,"adm3_pcode":null,"adm2_name":"Gujranwala","adm2_name1":null,"adm2_name2":null,"adm2_name3":null,"adm2_pcode":"PK609","adm1_name":"Punjab","adm1_name1":null,"adm1_name2":null,"adm1_name3":null,"adm1_pcode":"PK6","adm0_name":"Pakistan","adm0_name1":null,"adm0_name2":null,"adm0_name3":null,"adm0_pcode":"PK","valid_on":"2022-09-09","valid_to":null,"version":"v01","lang":"en","lang1":null,"lang2":null,"lang3":null},"geometry":{"type":"Point","coordinates":[74.053720745000192,32.188386484000034]}},
{"type":"Feature","properties":{"admin_level":2,"name":"Gujrat","name1":null,"name2":null,"name3":null,"x_coord":74.03785233000001,"y_coord":32.71804504,"adm4_name":null,"adm4_name1":null,"adm4_name2":null,"adm4_name3":null,"adm4_pcode":null,"adm3_name":null,"adm3_name1":null,"adm3_name2":null,"adm3_name3":null,"adm3_pcode":null,"adm2_name":"Gujrat","adm2_name1":null,"adm2_name2":null,"adm2_name3":null,"adm2_pcode":"PK610","adm1_name":"Punjab","adm1_name1":null,"adm1_name2":null,"adm1_name3":null,"adm1_pcode":"PK6","adm0_name":"Pakistan","adm0_name1":null,"adm0_name2":null,"adm0_name3":null,"adm0_pcode":"PK","valid_on":"2022-09-09","valid_to":null,"version":"v01","lang":"en","lang1":null,"lang2":null,"lang3":null},"geometry":{"type":"Point","coordinates":[74.037852333000103,32.718045043000075]}},
{"type":"Feature","properties":{"admin_level":2,"name":"Hafizabad","name1":null,"name2":null,"name3":null,"x_coord":73.54302764000001,"y_coord":32.05113548,"adm4_name":null,"adm4_name1":null,"adm4_name2":null,"adm4_name3":null,"adm4_pcode":null,"adm3_name":null,"adm3_name1":null,"adm3_name2":null,"adm3_name3":null,"adm3_pcode":null,"adm2_name":"Hafizabad","adm2_name1":null,"adm2_name2":null,"adm2_name3":null,"adm2_pcode":"PK611","adm1_name":"Punjab","adm1_name1":null,"adm1_name2":null,"adm1_name3":null,"adm1_pcode":"PK6","adm0_name":"Pakistan","adm0_name1":null,"adm0_name2":null,"adm0_name3":null,"adm0_pcode":"PK","valid_on":"2022-09-09","valid_to":null,"version":"v01","lang":"en","lang1":null,"lang2":null,"lang3":null},"geometry":{"type":"Point","coordinates":[73.543027635000158,32.051135477000173]}},
{"type":"Feature","properties":{"admin_level":2,"name":"Jhang","name1":null,"name2":null,"name3":null,"x_coord":72.14166654,"y_coord":31.17189682,"adm4_name":null,"adm4_name1":null,"adm4_name2":null,"adm4_name3":null,"adm4_pcode":null,"adm3_name":null,"adm3_name1":null,"adm3_name2":null,"adm3_name3":null,"adm3_pcode":null,"adm2_name":"Jhang","adm2_name1":null,"adm2_name2":null,"adm2_name3":null,"adm2_pcode":"PK612","adm1_name":"Punjab","adm1_name1":null,"adm1_name2":null,"adm1_name3":null,"adm1_pcode":"PK6","adm0_name":"Pakistan","adm0_name1":null,"adm0_name2":null,"adm0_name3":null,"adm0_pcode":"PK","valid_on":"2022-09-09","valid_to":null,"version":"v01","lang":"en","lang1":null,"lang2":null,"lang3":null},"geometry":{"type":"Point","coordinates":[72.141666543000042,31.171896823000168]}},
{"type":"Feature","properties":{"admin_level":2,"name":"Jhelum","name1":null,"name2":null,"name3":null,"x_coord":73.37282857,"y_coord":32.83624202,"adm4_name":null,"adm4_name1":null,"adm4_name2":null,"adm4_name3":null,"adm4_pcode":null,"adm3_name":null,"adm3_name1":null,"adm3_name2":null,"adm3_name3":null,"adm3_pcode":null,"adm2_name":"Jhelum","adm2_name1":null,"adm2_name2":null,"adm2_name3":null,"adm2_pcode":"PK613","adm1_name":"Punjab","adm1_name1":null,"adm1_name2":null,"adm1_name3":null,"adm1_pcode":"PK6","adm0_name":"Pakistan","adm0_name1":null,"adm0_name2":null,"adm0_name3":null,"adm0_pcode":"PK","valid_on":"2022-09-09","valid_to":null,"version":"v01","lang":"en","lang1":null,"lang2":null,"lang3":null},"geometry":{"type":"Point","coordinates":[73.372828574000152,32.836242021000032]}},
{"type":"Feature","properties":{"admin_level":2,"name":"Kasur","name1":null,"name2":null,"name3":null,"x_coord":74.1400032,"y_coord":31.0029126,"adm4_name":null,"adm4_name1":null,"adm4_name2":null,"adm4_name3":null,"adm4_pcode":null,"adm3_name":null,"adm3_name1":null,"adm3_name2":null,"adm3_name3":null,"adm3_pcode":null,"adm2_name":"Kasur","adm2_name1":null,"adm2_name2":null,"adm2_name3":null,"adm2_pcode":"PK614","adm1_name":"Punjab","adm1_name1":null,"adm1_name2":null,"adm1_name3":null,"adm1_pcode":"PK6","adm0_name":"Pakistan","adm0_name1":null,"adm0_name2":null,"adm0_name3":null,"adm0_pcode":"PK","valid_on":"2022-09-09","valid_to":null,"version":"v01","lang":"en","lang1":null,"lang2":null,"lang3":null},"geometry":{"type":"Point","coordinates":[74.140003202000116,31.002912599000069]}},
{"type":"Feature","properties":{"admin_level":2,"name":"Khanewal","name1":null,"name2":null,"name3":null,"x_coord":72.06509673,"y_coord":30.31571881,"adm4_name":null,"adm4_name1":null,"adm4_name2":null,"adm4_name3":null,"adm4_pcode":null,"adm3_name":null,"adm3_name1":null,"adm3_name2":null,"adm3_name3":null,"adm3_pcode":null,"adm2_name":"Khanewal","adm2_name1":null,"adm2_name2":null,"adm2_name3":null,"adm2_pcode":"PK615","adm1_name":"Punjab","adm1_name1":null,"adm1_name2":null,"adm1_name3":null,"adm1_pcode":"PK6","adm0_name":"Pakistan","adm0_name1":null,"adm0_name2":null,"adm0_name3":null,"adm0_pcode":"PK","valid_on":"2022-09-09","valid_to":null,"version":"v01","lang":"en","lang1":null,"lang2":null,"lang3":null},"geometry":{"type":"Point","coordinates":[72.065096732000086,30.315718807999986]}},
{"type":"Feature","properties":{"admin_level":2,"name":"Khushab","name1":null,"name2":null,"name3":null,"x_coord":72.05275251,"y_coord":32.1248951,"adm4_name":null,"adm4_name1":null,"adm4_name2":null,"adm4_name3":null,"adm4_pcode":null,"adm3_name":null,"adm3_name1":null,"adm3_name2":null,"adm3_name3":null,"adm3_pcode":null,"adm2_name":"Khushab","adm2_name1":null,"adm2_name2":null,"adm2_name3":null,"adm2_pcode":"PK616","adm1_name":"Punjab","adm1_name1":null,"adm1_name2":null,"adm1_name3":null,"adm1_pcode":"PK6","adm0_name":"Pakistan","adm0_name1":null,"adm0_name2":null,"adm0_name3":null,"adm0_pcode":"PK","valid_on":"2022-09-09","valid_to":null,"version":"v01","lang":"en","lang1":null,"lang2":null,"lang3":null},"geometry":{"type":"Point","coordinates":[72.052752509000015,32.124895096000103]}},
{"type":"Feature","properties":{"admin_level":2,"name":"Lahore","name1":null,"name2":null,"name3":null,"x_coord":74.40526669,"y_coord":31.48633616,"adm4_name":null,"adm4_name1":null,"adm4_name2":null,"adm4_name3":null,"adm4_pcode":null,"adm3_name":null,"adm3_name1":null,"adm3_name2":null,"adm3_name3":null,"adm3_pcode":null,"adm2_name":"Lahore","adm2_name1":null,"adm2_name2":null,"adm2_name3":null,"adm2_pcode":"PK617","adm1_name":"Punjab","adm1_name1":null,"adm1_name2":null,"adm1_name3":null,"adm1_pcode":"PK6","adm0_name":"Pakistan","adm0_name1":null,"adm0_name2":null,"adm0_name3":null,"adm0_pcode":"PK","valid_on":"2022-09-09","valid_to":null,"version":"v01","lang":"en","lang1":null,"lang2":null,"lang3":null},"geometry":{"type":"Point","coordinates":[74.405266693000101,31.486336158000029]}},
{"type":"Feature","properties":{"admin_level":2,"name":"Leiah","name1":null,"name2":null,"name3":null,"x_coord":71.28401856000001,"y_coord":30.9972231,"adm4_name":null,"adm4_name1":null,"adm4_name2":null,"adm4_name3":null,"adm4_pcode":null,"adm3_name":null,"adm3_name1":null,"adm3_name2":null,"adm3_name3":null,"adm3_pcode":null,"adm2_name":"Leiah","adm2_name1":null,"adm2_name2":null,"adm2_name3":null,"adm2_pcode":"PK618","adm1_name":"Punjab","adm1_name1":null,"adm1_name2":null,"adm1_name3":null,"adm1_pcode":"PK6","adm0_name":"Pakistan","adm0_name1":null,"adm0_name2":null,"adm0_name3":null,"adm0_pcode":"PK","valid_on":"2022-09-09","valid_to":null,"version":"v01","lang":"en","lang1":null,"lang2":null,"lang3":null},"geometry":{"type":"Point","coordinates":[71.284018557000195,30.997223096000141]}},
{"type":"Feature","properties":{"admin_level":2,"name":"Lodhran","name1":null,"name2":null,"name3":null,"x_coord":71.7445945,"y_coord":29.67121717,"adm4_name":null,"adm4_name1":null,"adm4_name2":null,"adm4_name3":null,"adm4_pcode":null,"adm3_name":null,"adm3_name1":null,"adm3_name2":null,"adm3_name3":null,"adm3_pcode":null,"adm2_name":"Lodhran","adm2_name1":null,"adm2_name2":null,"adm2_name3":null,"adm2_pcode":"PK619","adm1_name":"Punjab","adm1_name1":null,"adm1_name2":null,"adm1_name3":null,"adm1_pcode":"PK6","adm0_name":"Pakistan","adm0_name1":null,"adm0_name2":null,"adm0_name3":null,"adm0_pcode":"PK","valid_on":"2022-09-09","valid_to":null,"version":"v01","lang":"en","lang1":null,"lang2":null,"lang3":null},"geometry":{"type":"Point","coordinates":[71.74459449800014,29.671217167000179]}},
{"type":"Feature","properties":{"admin_level":2,"name":"Mandi Bahauddin","name1":null,"name2":null,"name3":null,"x_coord":73.4708256,"y_coord":32.43475928,"adm4_name":null,"adm4_name1":null,"adm4_name2":null,"adm4_name3":null,"adm4_pcode":null,"adm3_name":null,"adm3_name1":null,"adm3_name2":null,"adm3_name3":null,"adm3_pcode":null,"adm2_name":"Mandi Bahauddin","adm2_name1":null,"adm2_name2":null,"adm2_name3":null,"adm2_pcode":"PK620","adm1_name":"Punjab","adm1_name1":null,"adm1_name2":null,"adm1_name3":null,"adm1_pcode":"PK6","adm0_name":"Pakistan","adm0_name1":null,"adm0_name2":null,"adm0_name3":null,"adm0_pcode":"PK","valid_on":"2022-09-09","valid_to":null,"version":"v01","lang":"en","lang1":null,"lang2":null,"lang3":null},"geometry":{"type":"Point","coordinates":[73.470825604000083,32.434759279000161]}},
{"type":"Feature","properties":{"admin_level":2,"name":"Mianwali","name1":null,"name2":null,"name3":null,"x_coord":71.51477443,"y_coord":32.7042949,"adm4_name":null,"adm4_name1":null,"adm4_name2":null,"adm4_name3":null,"adm4_pcode":null,"adm3_name":null,"adm3_name1":null,"adm3_name2":null,"adm3_name3":null,"adm3_pcode":null,"adm2_name":"Mianwali","adm2_name1":null,"adm2_name2":null,"adm2_name3":null,"adm2_pcode":"PK621","adm1_name":"Punjab","adm1_name1":null,"adm1_name2":null,"adm1_name3":null,"adm1_pcode":"PK6","adm0_name":"Pakistan","adm0_name1":null,"adm0_name2":null,"adm0_name3":null,"adm0_pcode":"PK","valid_on":"2022-09-09","valid_to":null,"version":"v01","lang":"en","lang1":null,"lang2":null,"lang3":null},"geometry":{"type":"Point","coordinates":[71.514774425000041,32.704294900000093]}},
{"type":"Feature","properties":{"admin_level":2,"name":"Multan","name1":null,"name2":null,"name3":null,"x_coord":71.36563106,"y_coord":29.92585886,"adm4_name":null,"adm4_name1":null,"adm4_name2":null,"adm4_name3":null,"adm4_pcode":null,"adm3_name":null,"adm3_name1":null,"adm3_name2":null,"adm3_name3":null,"adm3_pcode":null,"adm2_name":"Multan","adm2_name1":null,"adm2_name2":null,"adm2_name3":null,"adm2_pcode":"PK622","adm1_name":"Punjab","adm1_name1":null,"adm1_name2":null,"adm1_name3":null,"adm1_pcode":"PK6","adm0_name":"Pakistan","adm0_name1":null,"adm0_name2":null,"adm0_name3":null,"adm0_pcode":"PK","valid_on":"2022-09-09","valid_to":null,"version":"v01","lang":"en","lang1":null,"lang2":null,"lang3":null},"geometry":{"type":"Point","coordinates":[71.365631063000194,29.925858858000083]}},
{"type":"Feature","properties":{"admin_level":2,"name":"Muzaffargarh","name1":null,"name2":null,"name3":null,"x_coord":71.01275141000001,"y_coord":29.89244746,"adm4_name":null,"adm4_name1":null,"adm4_name2":null,"adm4_name3":null,"adm4_pcode":null,"adm3_name":null,"adm3_name1":null,"adm3_name2":null,"adm3_name3":null,"adm3_pcode":null,"adm2_name":"Muzaffargarh","adm2_name1":null,"adm2_name2":null,"adm2_name3":null,"adm2_pcode":"PK623","adm1_name":"Punjab","adm1_name1":null,"adm1_name2":null,"adm1_name3":null,"adm1_pcode":"PK6","adm0_name":"Pakistan","adm0_name1":null,"adm0_name2":null,"adm0_name3":null,"adm0_pcode":"PK","valid_on":"2022-09-09","valid_to":null,"version":"v01","lang":"en","lang1":null,"lang2":null,"lang3":null},"geometry":{"type":"Point","coordinates":[71.012751407000053,29.892447459000039]}},
{"type":"Feature","properties":{"admin_level":2,"name":"Nankana Sahib","name1":null,"name2":null,"name3":null,"x_coord":73.84967683000001,"y_coord":31.43215984,"adm4_name":null,"adm4_name1":null,"adm4_name2":null,"adm4_name3":null,"adm4_pcode":null,"adm3_name":null,"adm3_name1":null,"adm3_name2":null,"adm3_name3":null,"adm3_pcode":null,"adm2_name":"Nankana Sahib","adm2_name1":null,"adm2_name2":null,"adm2_name3":null,"adm2_pcode":"PK624","adm1_name":"Punjab","adm1_name1":null,"adm1_name2":null,"adm1_name3":null,"adm1_pcode":"PK6","adm0_name":"Pakistan","adm0_name1":null,"adm0_name2":null,"adm0_name3":null,"adm0_pcode":"PK","valid_on":"2022-09-09","valid_to":null,"version":"v01","lang":"en","lang1":null,"lang2":null,"lang3":null},"geometry":{"type":"Point","coordinates":[73.849676828000099,31.432159841000043]}},
{"type":"Feature","properties":{"admin_level":2,"name":"Narowal","name1":null,"name2":null,"name3":null,"x_coord":75.04336592,"y_coord":32.2057745,"adm4_name":null,"adm4_name1":null,"adm4_name2":null,"adm4_name3":null,"adm4_pcode":null,"adm3_name":null,"adm3_name1":null,"adm3_name2":null,"adm3_name3":null,"adm3_pcode":null,"adm2_name":"Narowal","adm2_name1":null,"adm2_name2":null,"adm2_name3":null,"adm2_pcode":"PK625","adm1_name":"Punjab","adm1_name1":null,"adm1_name2":null,"adm1_name3":null,"adm1_pcode":"PK6","adm0_name":"Pakistan","adm0_name1":null,"adm0_name2":null,"adm0_name3":null,"adm0_pcode":"PK","valid_on":"2022-09-09","valid_to":null,"version":"v01","lang":"en","lang1":null,"lang2":null,"lang3":null},"geometry":{"type":"Point","coordinates":[75.043365915000152,32.2057745030001]}},
{"type":"Feature","properties":{"admin_level":2,"name":"Okara","name1":null,"name2":null,"name3":null,"x_coord":73.73344494,"y_coord":30.69713738,"adm4_name":null,"adm4_name1":null,"adm4_name2":null,"adm4_name3":null,"adm4_pcode":null,"adm3_name":null,"adm3_name1":null,"adm3_name2":null,"adm3_name3":null,"adm3_pcode":null,"adm2_name":"Okara","adm2_name1":null,"adm2_name2":null,"adm2_name3":null,"adm2_pcode":"PK626","adm1_name":"Punjab","adm1_name1":null,"adm1_name2":null,"adm1_name3":null,"adm1_pcode":"PK6","adm0_name":"Pakistan","adm0_name1":null,"adm0_name2":null,"adm0_name3":null,"adm0_pcode":"PK","valid_on":"2022-09-09","valid_to":null,"version":"v01","lang":"en","lang1":null,"lang2":null,"lang3":null},"geometry":{"type":"Point","coordinates":[73.733444943000109,30.697137379000026]}},
{"type":"Feature","properties":{"admin_level":2,"name":"Pakpattan","name1":null,"name2":null,"name3":null,"x_coord":73.30698475,"y_coord":30.28861575,"adm4_name":null,"adm4_name1":null,"adm4_name2":null,"adm4_name3":null,"adm4_pcode":null,"adm3_name":null,"adm3_name1":null,"adm3_name2":null,"adm3_name3":null,"adm3_pcode":null,"adm2_name":"Pakpattan","adm2_name1":null,"adm2_name2":null,"adm2_name3":null,"adm2_pcode":"PK627","adm1_name":"Punjab","adm1_name1":null,"adm1_name2":null,"adm1_name3":null,"adm1_pcode":"PK6","adm0_name":"Pakistan","adm0_name1":null,"adm0_name2":null,"adm0_name3":null,"adm0_pcode":"PK","valid_on":"2022-09-09","valid_to":null,"version":"v01","lang":"en","lang1":null,"lang2":null,"lang3":null},"geometry":{"type":"Point","coordinates":[73.306984754000098,30.288615752000112]}},
{"type":"Feature","properties":{"admin_level":2,"name":"Rahim Yar Khan","name1":null,"name2":null,"name3":null,"x_coord":70.46052284,"y_coord":28.4853645,"adm4_name":null,"adm4_name1":null,"adm4_name2":null,"adm4_name3":null,"adm4_pcode":null,"adm3_name":null,"adm3_name1":null,"adm3_name2":null,"adm3_name3":null,"adm3_pcode":null,"adm2_name":"Rahim Yar Khan","adm2_name1":null,"adm2_name2":null,"adm2_name3":null,"adm2_pcode":"PK628","adm1_name":"Punjab","adm1_name1":null,"adm1_name2":null,"adm1_name3":null,"adm1_pcode":"PK6","adm0_name":"Pakistan","adm0_name1":null,"adm0_name2":null,"adm0_name3":null,"adm0_pcode":"PK","valid_on":"2022-09-09","valid_to":null,"version":"v01","lang":"en","lang1":null,"lang2":null,"lang3":null},"geometry":{"type":"Point","coordinates":[70.460522839000078,28.485364504000188]}},
{"type":"Feature","properties":{"admin_level":2,"name":"Rajanpur","name1":null,"name2":null,"name3":null,"x_coord":70.15288343,"y_coord":29.14549239,"adm4_name":null,"adm4_name1":null,"adm4_name2":null,"adm4_name3":null,"adm4_pcode":null,"adm3_name":null,"adm3_name1":null,"adm3_name2":null,"adm3_name3":null,"adm3_pcode":null,"adm2_name":"Rajanpur","adm2_name1":null,"adm2_name2":null,"adm2_name3":null,"adm2_pcode":"PK629","adm1_name":"Punjab","adm1_name1":null,"adm1_name2":null,"adm1_name3":null,"adm1_pcode":"PK6","adm0_name":"Pakistan","adm0_name1":null,"adm0_name2":null,"adm0_name3":null,"adm0_pcode":"PK","valid_on":"2022-09-09","valid_to":null,"version":"v01","lang":"en","lang1":null,"lang2":null,"lang3":null},"geometry":{"type":"Point","coordinates":[70.152883425000198,29.145492394000144]}},
{"type":"Feature","properties":{"admin_level":2,"name":"Rawalpindi","name1":null,"name2":null,"name3":null,"x_coord":73.43812736,"y_coord":33.54128533,"adm4_name":null,"adm4_name1":null,"adm4_name2":null,"adm4_name3":null,"adm4_pcode":null,"adm3_name":null,"adm3_name1":null,"adm3_name2":null,"adm3_name3":null,"adm3_pcode":null,"adm2_name":"Rawalpindi","adm2_name1":null,"adm2_name2":null,"adm2_name3":null,"adm2_pcode":"PK630","adm1_name":"Punjab","adm1_name1":null,"adm1_name2":null,"adm1_name3":null,"adm1_pcode":"PK6","adm0_name":"Pakistan","adm0_name1":null,"adm0_name2":null,"adm0_name3":null,"adm0_pcode":"PK","valid_on":"2022-09-09","valid_to":null,"version":"v01","lang":"en","lang1":null,"lang2":null,"lang3":null},"geometry":{"type":"Point","coordinates":[73.438127358000031,33.541285327000026]}},
{"type":"Feature","properties":{"admin_level":2,"name":"Sahiwal","name1":null,"name2":null,"name3":null,"x_coord":72.89607312,"y_coord":30.55010773,"adm4_name":null,"adm4_name1":null,"adm4_name2":null,"adm4_name3":null,"adm4_pcode":null,"adm3_name":null,"adm3_name1":null,"adm3_name2":null,"adm3_name3":null,"adm3_pcode":null,"adm2_name":"Sahiwal","adm2_name1":null,"adm2_name2":null,"adm2_name3":null,"adm2_pcode":"PK631","adm1_name":"Punjab","adm1_name1":null,"adm1_name2":null,"adm1_name3":null,"adm1_pcode":"PK6","adm0_name":"Pakistan","adm0_name1":null,"adm0_name2":null,"adm0_name3":null,"adm0_pcode":"PK","valid_on":"2022-09-09","valid_to":null,"version":"v01","lang":"en","lang1":null,"lang2":null,"lang3":null},"geometry":{"type":"Point","coordinates":[72.896073116000082,30.550107731000139]}},
{"type":"Feature","properties":{"admin_level":2,"name":"Sargodha","name1":null,"name2":null,"name3":null,"x_coord":72.78931955,"y_coord":32.06882987,"adm4_name":null,"adm4_name1":null,"adm4_name2":null,"adm4_name3":null,"adm4_pcode":null,"adm3_name":null,"adm3_name1":null,"adm3_name2":null,"adm3_name3":null,"adm3_pcode":null,"adm2_name":"Sargodha","adm2_name1":null,"adm2_name2":null,"adm2_name3":null,"adm2_pcode":"PK632","adm1_name":"Punjab","adm1_name1":null,"adm1_name2":null,"adm1_name3":null,"adm1_pcode":"PK6","adm0_name":"Pakistan","adm0_name1":null,"adm0_name2":null,"adm0_name3":null,"adm0_pcode":"PK","valid_on":"2022-09-09","valid_to":null,"version":"v01","lang":"en","lang1":null,"lang2":null,"lang3":null},"geometry":{"type":"Point","coordinates":[72.789319552000165,32.068829871000105]}},
{"type":"Feature","properties":{"admin_level":2,"name":"Sheikhupura","name1":null,"name2":null,"name3":null,"x_coord":73.98537396,"y_coord":31.71404137,"adm4_name":null,"adm4_name1":null,"adm4_name2":null,"adm4_name3":null,"adm4_pcode":null,"adm3_name":null,"adm3_name1":null,"adm3_name2":null,"adm3_name3":null,"adm3_pcode":null,"adm2_name":"Sheikhupura","adm2_name1":null,"adm2_name2":null,"adm2_name3":null,"adm2_pcode":"PK633","adm1_name":"Punjab","adm1_name1":null,"adm1_name2":null,"adm1_name3":null,"adm1_pcode":"PK6","adm0_name":"Pakistan","adm0_name1":null,"adm0_name2":null,"adm0_name3":null,"adm0_pcode":"PK","valid_on":"2022-09-09","valid_to":null,"version":"v01","lang":"en","lang1":null,"lang2":null,"lang3":null},"geometry":{"type":"Point","coordinates":[73.985373962000097,31.714041365000128]}},
{"type":"Feature","properties":{"admin_level":2,"name":"Sialkot","name1":null,"name2":null,"name3":null,"x_coord":74.56827469,"y_coord":32.44214906,"adm4_name":null,"adm4_name1":null,"adm4_name2":null,"adm4_name3":null,"adm4_pcode":null,"adm3_name":null,"adm3_name1":null,"adm3_name2":null,"adm3_name3":null,"adm3_pcode":null,"adm2_name":"Sialkot","adm2_name1":null,"adm2_name2":null,"adm2_name3":null,"adm2_pcode":"PK634","adm1_name":"Punjab","adm1_name1":null,"adm1_name2":null,"adm1_name3":null,"adm1_pcode":"PK6","adm0_name":"Pakistan","adm0_name1":null,"adm0_name2":null,"adm0_name3":null,"adm0_pcode":"PK","valid_on":"2022-09-09","valid_to":null,"version":"v01","lang":"en","lang1":null,"lang2":null,"lang3":null},"geometry":{"type":"Point","coordinates":[74.568274691000056,32.442149055000129]}},
{"type":"Feature","properties":{"admin_level":2,"name":"Toba Tek Singh","name1":null,"name2":null,"name3":null,"x_coord":72.53689753,"y_coord":30.92855181,"adm4_name":null,"adm4_name1":null,"adm4_name2":null,"adm4_name3":null,"adm4_pcode":null,"adm3_name":null,"adm3_name1":null,"adm3_name2":null,"adm3_name3":null,"adm3_pcode":null,"adm2_name":"Toba Tek Singh","adm2_name1":null,"adm2_name2":null,"adm2_name3":null,"adm2_pcode":"PK635","adm1_name":"Punjab","adm1_name1":null,"adm1_name2":null,"adm1_name3":null,"adm1_pcode":"PK6","adm0_name":"Pakistan","adm0_name1":null,"adm0_name2":null,"adm0_name3":null,"adm0_pcode":"PK","valid_on":"2022-09-09","valid_to":null,"version":"v01","lang":"en","lang1":null,"lang2":null,"lang3":null},"geometry":{"type":"Point","coordinates":[72.536897534000047,30.928551814000116]}},
{"type":"Feature","properties":{"admin_level":2,"name":"Vehari","name1":null,"name2":null,"name3":null,"x_coord":72.31882109,"y_coord":29.9828381,"adm4_name":null,"adm4_name1":null,"adm4_name2":null,"adm4_name3":null,"adm4_pcode":null,"adm3_name":null,"adm3_name1":null,"adm3_name2":null,"adm3_name3":null,"adm3_pcode":null,"adm2_name":"Vehari","adm2_name1":null,"adm2_name2":null,"adm2_name3":null,"adm2_pcode":"PK636","adm1_name":"Punjab","adm1_name1":null,"adm1_name2":null,"adm1_name3":null,"adm1_pcode":"PK6","adm0_name":"Pakistan","adm0_name1":null,"adm0_name2":null,"adm0_name3":null,"adm0_pcode":"PK","valid_on":"2022-09-09","valid_to":null,"version":"v01","lang":"en","lang1":null,"lang2":null,"lang3":null},"geometry":{"type":"Point","coordinates":[72.31882108700006,29.982838099]}},
{"type":"Feature","properties":{"admin_level":2,"name":"Badin","name1":null,"name2":null,"name3":null,"x_coord":68.80112619000001,"y_coord":24.75188819,"adm4_name":null,"adm4_name1":null,"adm4_name2":null,"adm4_name3":null,"adm4_pcode":null,"adm3_name":null,"adm3_name1":null,"adm3_name2":null,"adm3_name3":null,"adm3_pcode":null,"adm2_name":"Badin","adm2_name1":null,"adm2_name2":null,"adm2_name3":null,"adm2_pcode":"PK701","adm1_name":"Sindh","adm1_name1":null,"adm1_name2":null,"adm1_name3":null,"adm1_pcode":"PK7","adm0_name":"Pakistan","adm0_name1":null,"adm0_name2":null,"adm0_name3":null,"adm0_pcode":"PK","valid_on":"2022-09-09","valid_to":null,"version":"v01","lang":"en","lang1":null,"lang2":null,"lang3":null},"geometry":{"type":"Point","coordinates":[68.801126193000073,24.751888188000123]}},
{"type":"Feature","properties":{"admin_level":2,"name":"Central Karachi","name1":null,"name2":null,"name3":null,"x_coord":67.06042308000001,"y_coord":24.94788264,"adm4_name":null,"adm4_name1":null,"adm4_name2":null,"adm4_name3":null,"adm4_pcode":null,"adm3_name":null,"adm3_name1":null,"adm3_name2":null,"adm3_name3":null,"adm3_pcode":null,"adm2_name":"Central Karachi","adm2_name1":null,"adm2_name2":null,"adm2_name3":null,"adm2_pcode":"PK702","adm1_name":"Sindh","adm1_name1":null,"adm1_name2":null,"adm1_name3":null,"adm1_pcode":"PK7","adm0_name":"Pakistan","adm0_name1":null,"adm0_name2":null,"adm0_name3":null,"adm0_pcode":"PK","valid_on":"2022-09-09","valid_to":null,"version":"v01","lang":"en","lang1":null,"lang2":null,"lang3":null},"geometry":{"type":"Point","coordinates":[67.060423075000131,24.947882636000088]}},
{"type":"Feature","properties":{"admin_level":2,"name":"Dadu","name1":null,"name2":null,"name3":null,"x_coord":67.50524221000001,"y_coord":26.76755163,"adm4_name":null,"adm4_name1":null,"adm4_name2":null,"adm4_name3":null,"adm4_pcode":null,"adm3_name":null,"adm3_name1":null,"adm3_name2":null,"adm3_name3":null,"adm3_pcode":null,"adm2_name":"Dadu","adm2_name1":null,"adm2_name2":null,"adm2_name3":null,"adm2_pcode":"PK703","adm1_name":"Sindh","adm1_name1":null,"adm1_name2":null,"adm1_name3":null,"adm1_pcode":"PK7","adm0_name":"Pakistan","adm0_name1":null,"adm0_name2":null,"adm0_name3":null,"adm0_pcode":"PK","valid_on":"2022-09-09","valid_to":null,"version":"v01","lang":"en","lang1":null,"lang2":null,"lang3":null},"geometry":{"type":"Point","coordinates":[67.505242207000094,26.767551633000153]}},
{"type":"Feature","properties":{"admin_level":2,"name":"East Karachi","name1":null,"name2":null,"name3":null,"x_coord":67.16310677,"y_coord":24.93169635,"adm4_name":null,"adm4_name1":null,"adm4_name2":null,"adm4_name3":null,"adm4_pcode":null,"adm3_name":null,"adm3_name1":null,"adm3_name2":null,"adm3_name3":null,"adm3_pcode":null,"adm2_name":"East Karachi","adm2_name1":null,"adm2_name2":null,"adm2_name3":null,"adm2_pcode":"PK704","adm1_name":"Sindh","adm1_name1":null,"adm1_name2":null,"adm1_name3":null,"adm1_pcode":"PK7","adm0_name":"Pakistan","adm0_name1":null,"adm0_name2":null,"adm0_name3":null,"adm0_pcode":"PK","valid_on":"2022-09-09","valid_to":null,"version":"v01","lang":"en","lang1":null,"lang2":null,"lang3":null},"geometry":{"type":"Point","coordinates":[67.163106766000169,24.931696351000085]}},
{"type":"Feature","properties":{"admin_level":2,"name":"Ghotki","name1":null,"name2":null,"name3":null,"x_coord":69.68379543,"y_coord":27.86581219,"adm4_name":null,"adm4_name1":null,"adm4_name2":null,"adm4_name3":null,"adm4_pcode":null,"adm3_name":null,"adm3_name1":null,"adm3_name2":null,"adm3_name3":null,"adm3_pcode":null,"adm2_name":"Ghotki","adm2_name1":null,"adm2_name2":null,"adm2_name3":null,"adm2_pcode":"PK705","adm1_name":"Sindh","adm1_name1":null,"adm1_name2":null,"adm1_name3":null,"adm1_pcode":"PK7","adm0_name":"Pakistan","adm0_name1":null,"adm0_name2":null,"adm0_name3":null,"adm0_pcode":"PK","valid_on":"2022-09-09","valid_to":null,"version":"v01","lang":"en","lang1":null,"lang2":null,"lang3":null},"geometry":{"type":"Point","coordinates":[69.683795430000089,27.865812190000099]}},
{"type":"Feature","properties":{"admin_level":2,"name":"Hyderabad","name1":null,"name2":null,"name3":null,"x_coord":68.44437083,"y_coord":25.3549688,"adm4_name":null,"adm4_name1":null,"adm4_name2":null,"adm4_name3":null,"adm4_pcode":null,"adm3_name":null,"adm3_name1":null,"adm3_name2":null,"adm3_name3":null,"adm3_pcode":null,"adm2_name":"Hyderabad","adm2_name1":null,"adm2_name2":null,"adm2_name3":null,"adm2_pcode":"PK706","adm1_name":"Sindh","adm1_name1":null,"adm1_name2":null,"adm1_name3":null,"adm1_pcode":"PK7","adm0_name":"Pakistan","adm0_name1":null,"adm0_name2":null,"adm0_name3":null,"adm0_pcode":"PK","valid_on":"2022-09-09","valid_to":null,"version":"v01","lang":"en","lang1":null,"lang2":null,"lang3":null},"geometry":{"type":"Point","coordinates":[68.44437082800016,25.354968798000129]}},
{"type":"Feature","properties":{"admin_level":2,"name":"Jacobabad","name1":null,"name2":null,"name3":null,"x_coord":68.51427896,"y_coord":28.17641888,"adm4_name":null,"adm4_name1":null,"adm4_name2":null,"adm4_name3":null,"adm4_pcode":null,"adm3_name":null,"adm3_name1":null,"adm3_name2":null,"adm3_name3":null,"adm3_pcode":null,"adm2_name":"Jacobabad","adm2_name1":null,"adm2_name2":null,"adm2_name3":null,"adm2_pcode":"PK707","adm1_name":"Sindh","adm1_name1":null,"adm1_name2":null,"adm1_name3":null,"adm1_pcode":"PK7","adm0_name":"Pakistan","adm0_name1":null,"adm0_name2":null,"adm0_name3":null,"adm0_pcode":"PK","valid_on":"2022-09-09","valid_to":null,"version":"v01","lang":"en","lang1":null,"lang2":null,"lang3":null},"geometry":{"type":"Point","coordinates":[68.514278958000034,28.17641888300011]}},
{"type":"Feature","properties":{"admin_level":2,"name":"Jamshoro","name1":null,"name2":null,"name3":null,"x_coord":67.8521514,"y_coord":25.78587411,"adm4_name":null,"adm4_name1":null,"adm4_name2":null,"adm4_name3":null,"adm4_pcode":null,"adm3_name":null,"adm3_name1":null,"adm3_name2":null,"adm3_name3":null,"adm3_pcode":null,"adm2_name":"Jamshoro","adm2_name1":null,"adm2_name2":null,"adm2_name3":null,"adm2_pcode":"PK708","adm1_name":"Sindh","adm1_name1":null,"adm1_name2":null,"adm1_name3":null,"adm1_pcode":"PK7","adm0_name":"Pakistan","adm0_name1":null,"adm0_name2":null,"adm0_name3":null,"adm0_pcode":"PK","valid_on":"2022-09-09","valid_to":null,"version":"v01","lang":"en","lang1":null,"lang2":null,"lang3":null},"geometry":{"type":"Point","coordinates":[67.852151401000071,25.785874111000055]}},
{"type":"Feature","properties":{"admin_level":2,"name":"Kambar Shahdad Kot","name1":null,"name2":null,"name3":null,"x_coord":67.68315593,"y_coord":27.64661333,"adm4_name":null,"adm4_name1":null,"adm4_name2":null,"adm4_name3":null,"adm4_pcode":null,"adm3_name":null,"adm3_name1":null,"adm3_name2":null,"adm3_name3":null,"adm3_pcode":null,"adm2_name":"Kambar Shahdad Kot","adm2_name1":null,"adm2_name2":null,"adm2_name3":null,"adm2_pcode":"PK709","adm1_name":"Sindh","adm1_name1":null,"adm1_name2":null,"adm1_name3":null,"adm1_pcode":"PK7","adm0_name":"Pakistan","adm0_name1":null,"adm0_name2":null,"adm0_name3":null,"adm0_pcode":"PK","valid_on":"2022-09-09","valid_to":null,"version":"v01","lang":"en","lang1":null,"lang2":null,"lang3":null},"geometry":{"type":"Point","coordinates":[67.68315593300008,27.64661333500004]}},
{"type":"Feature","properties":{"admin_level":2,"name":"Kashmore","name1":null,"name2":null,"name3":null,"x_coord":69.16735286,"y_coord":28.23644396,"adm4_name":null,"adm4_name1":null,"adm4_name2":null,"adm4_name3":null,"adm4_pcode":null,"adm3_name":null,"adm3_name1":null,"adm3_name2":null,"adm3_name3":null,"adm3_pcode":null,"adm2_name":"Kashmore","adm2_name1":null,"adm2_name2":null,"adm2_name3":null,"adm2_pcode":"PK710","adm1_name":"Sindh","adm1_name1":null,"adm1_name2":null,"adm1_name3":null,"adm1_pcode":"PK7","adm0_name":"Pakistan","adm0_name1":null,"adm0_name2":null,"adm0_name3":null,"adm0_pcode":"PK","valid_on":"2022-09-09","valid_to":null,"version":"v01","lang":"en","lang1":null,"lang2":null,"lang3":null},"geometry":{"type":"Point","coordinates":[69.16735286300019,28.236443963999989]}},
{"type":"Feature","properties":{"admin_level":2,"name":"Khairpur","name1":null,"name2":null,"name3":null,"x_coord":68.94114084,"y_coord":26.95958378,"adm4_name":null,"adm4_name1":null,"adm4_name2":null,"adm4_name3":null,"adm4_pcode":null,"adm3_name":null,"adm3_name1":null,"adm3_name2":null,"adm3_name3":null,"adm3_pcode":null,"adm2_name":"Khairpur","adm2_name1":null,"adm2_name2":null,"adm2_name3":null,"adm2_pcode":"PK711","adm1_name":"Sindh","adm1_name1":null,"adm1_name2":null,"adm1_name3":null,"adm1_pcode":"PK7","adm0_name":"Pakistan","adm0_name1":null,"adm0_name2":null,"adm0_name3":null,"adm0_pcode":"PK","valid_on":"2022-09-09","valid_to":null,"version":"v01","lang":"en","lang1":null,"lang2":null,"lang3":null},"geometry":{"type":"Point","coordinates":[68.941140841000049,26.959583779000127]}},
{"type":"Feature","properties":{"admin_level":2,"name":"Korangi Karachi","name1":null,"name2":null,"name3":null,"x_coord":67.14577966,"y_coord":24.83296763,"adm4_name":null,"adm4_name1":null,"adm4_name2":null,"adm4_name3":null,"adm4_pcode":null,"adm3_name":null,"adm3_name1":null,"adm3_name2":null,"adm3_name3":null,"adm3_pcode":null,"adm2_name":"Korangi Karachi","adm2_name1":null,"adm2_name2":null,"adm2_name3":null,"adm2_pcode":"PK712","adm1_name":"Sindh","adm1_name1":null,"adm1_name2":null,"adm1_name3":null,"adm1_pcode":"PK7","adm0_name":"Pakistan","adm0_name1":null,"adm0_name2":null,"adm0_name3":null,"adm0_pcode":"PK","valid_on":"2022-09-09","valid_to":null,"version":"v01","lang":"en","lang1":null,"lang2":null,"lang3":null},"geometry":{"type":"Point","coordinates":[67.145779656,24.832967627000187]}},
{"type":"Feature","properties":{"admin_level":2,"name":"Larkana","name1":null,"name2":null,"name3":null,"x_coord":68.20205345,"y_coord":27.53083887,"adm4_name":null,"adm4_name1":null,"adm4_name2":null,"adm4_name3":null,"adm4_pcode":null,"adm3_name":null,"adm3_name1":null,"adm3_name2":null,"adm3_name3":null,"adm3_pcode":null,"adm2_name":"Larkana","adm2_name1":null,"adm2_name2":null,"adm2_name3":null,"adm2_pcode":"PK713","adm1_name":"Sindh","adm1_name1":null,"adm1_name2":null,"adm1_name3":null,"adm1_pcode":"PK7","adm0_name":"Pakistan","adm0_name1":null,"adm0_name2":null,"adm0_name3":null,"adm0_pcode":"PK","valid_on":"2022-09-09","valid_to":null,"version":"v01","lang":"en","lang1":null,"lang2":null,"lang3":null},"geometry":{"type":"Point","coordinates":[68.202053446000093,27.530838868999979]}},
{"type":"Feature","properties":{"admin_level":2,"name":"Malir Karachi","name1":null,"name2":null,"name3":null,"x_coord":67.15990752,"y_coord":25.20658479,"adm4_name":null,"adm4_name1":null,"adm4_name2":null,"adm4_name3":null,"adm4_pcode":null,"adm3_name":null,"adm3_name1":null,"adm3_name2":null,"adm3_name3":null,"adm3_pcode":null,"adm2_name":"Malir Karachi","adm2_name1":null,"adm2_name2":null,"adm2_name3":null,"adm2_pcode":"PK714","adm1_name":"Sindh","adm1_name1":null,"adm1_name2":null,"adm1_name3":null,"adm1_pcode":"PK7","adm0_name":"Pakistan","adm0_name1":null,"adm0_name2":null,"adm0_name3":null,"adm0_pcode":"PK","valid_on":"2022-09-09","valid_to":null,"version":"v01","lang":"en","lang1":null,"lang2":null,"lang3":null},"geometry":{"type":"Point","coordinates":[67.159907515000043,25.2065847880001]}},
{"type":"Feature","properties":{"admin_level":2,"name":"Matiari","name1":null,"name2":null,"name3":null,"x_coord":68.42166918,"y_coord":25.77083578,"adm4_name":null,"adm4_name1":null,"adm4_name2":null,"adm4_name3":null,"adm4_pcode":null,"adm3_name":null,"adm3_name1":null,"adm3_name2":null,"adm3_name3":null,"adm3_pcode":null,"adm2_name":"Matiari","adm2_name1":null,"adm2_name2":null,"adm2_name3":null,"adm2_pcode":"PK715","adm1_name":"Sindh","adm1_name1":null,"adm1_name2":null,"adm1_name3":null,"adm1_pcode":"PK7","adm0_name":"Pakistan","adm0_name1":null,"adm0_name2":null,"adm0_name3":null,"adm0_pcode":"PK","valid_on":"2022-09-09","valid_to":null,"version":"v01","lang":"en","lang1":null,"lang2":null,"lang3":null},"geometry":{"type":"Point","coordinates":[68.421669179000048,25.770835778000048]}},
{"type":"Feature","properties":{"admin_level":2,"name":"Mirpur Khas","name1":null,"name2":null,"name3":null,"x_coord":69.15966851,"y_coord":25.30700511,"adm4_name":null,"adm4_name1":null,"adm4_name2":null,"adm4_name3":null,"adm4_pcode":null,"adm3_name":null,"adm3_name1":null,"adm3_name2":null,"adm3_name3":null,"adm3_pcode":null,"adm2_name":"Mirpur Khas","adm2_name1":null,"adm2_name2":null,"adm2_name3":null,"adm2_pcode":"PK716","adm1_name":"Sindh","adm1_name1":null,"adm1_name2":null,"adm1_name3":null,"adm1_pcode":"PK7","adm0_name":"Pakistan","adm0_name1":null,"adm0_name2":null,"adm0_name3":null,"adm0_pcode":"PK","valid_on":"2022-09-09","valid_to":null,"version":"v01","lang":"en","lang1":null,"lang2":null,"lang3":null},"geometry":{"type":"Point","coordinates":[69.159668510000188,25.307005114000162]}},
{"type":"Feature","properties":{"admin_level":2,"name":"Naushahro Feroze","name1":null,"name2":null,"name3":null,"x_coord":68.09807679,"y_coord":26.88836032,"adm4_name":null,"adm4_name1":null,"adm4_name2":null,"adm4_name3":null,"adm4_pcode":null,"adm3_name":null,"adm3_name1":null,"adm3_name2":null,"adm3_name3":null,"adm3_pcode":null,"adm2_name":"Naushahro Feroze","adm2_name1":null,"adm2_name2":null,"adm2_name3":null,"adm2_pcode":"PK717","adm1_name":"Sindh","adm1_name1":null,"adm1_name2":null,"adm1_name3":null,"adm1_pcode":"PK7","adm0_name":"Pakistan","adm0_name1":null,"adm0_name2":null,"adm0_name3":null,"adm0_pcode":"PK","valid_on":"2022-09-09","valid_to":null,"version":"v01","lang":"en","lang1":null,"lang2":null,"lang3":null},"geometry":{"type":"Point","coordinates":[68.098076786000092,26.888360321000164]}},
{"type":"Feature","properties":{"admin_level":2,"name":"Sanghar","name1":null,"name2":null,"name3":null,"x_coord":69.29124101,"y_coord":25.97916664,"adm4_name":null,"adm4_name1":null,"adm4_name2":null,"adm4_name3":null,"adm4_pcode":null,"adm3_name":null,"adm3_name1":null,"adm3_name2":null,"adm3_name3":null,"adm3_pcode":null,"adm2_name":"Sanghar","adm2_name1":null,"adm2_name2":null,"adm2_name3":null,"adm2_pcode":"PK718","adm1_name":"Sindh","adm1_name1":null,"adm1_name2":null,"adm1_name3":null,"adm1_pcode":"PK7","adm0_name":"Pakistan","adm0_name1":null,"adm0_name2":null,"adm0_name3":null,"adm0_pcode":"PK","valid_on":"2022-09-09","valid_to":null,"version":"v01","lang":"en","lang1":null,"lang2":null,"lang3":null},"geometry":{"type":"Point","coordinates":[69.29124101400015,25.979166636000173]}},
{"type":"Feature","properties":{"admin_level":2,"name":"Shaheed Benazir Abad","name1":null,"name2":null,"name3":null,"x_coord":68.28446911,"y_coord":26.30942815,"adm4_name":null,"adm4_name1":null,"adm4_name2":null,"adm4_name3":null,"adm4_pcode":null,"adm3_name":null,"adm3_name1":null,"adm3_name2":null,"adm3_name3":null,"adm3_pcode":null,"adm2_name":"Shaheed Benazir Abad","adm2_name1":null,"adm2_name2":null,"adm2_name3":null,"adm2_pcode":"PK719","adm1_name":"Sindh","adm1_name1":null,"adm1_name2":null,"adm1_name3":null,"adm1_pcode":"PK7","adm0_name":"Pakistan","adm0_name1":null,"adm0_name2":null,"adm0_name3":null,"adm0_pcode":"PK","valid_on":"2022-09-09","valid_to":null,"version":"v01","lang":"en","lang1":null,"lang2":null,"lang3":null},"geometry":{"type":"Point","coordinates":[68.284469106000131,26.309428152000066]}},
{"type":"Feature","properties":{"admin_level":2,"name":"Shikarpur","name1":null,"name2":null,"name3":null,"x_coord":68.57210016000001,"y_coord":27.92214297,"adm4_name":null,"adm4_name1":null,"adm4_name2":null,"adm4_name3":null,"adm4_pcode":null,"adm3_name":null,"adm3_name1":null,"adm3_name2":null,"adm3_name3":null,"adm3_pcode":null,"adm2_name":"Shikarpur","adm2_name1":null,"adm2_name2":null,"adm2_name3":null,"adm2_pcode":"PK720","adm1_name":"Sindh","adm1_name1":null,"adm1_name2":null,"adm1_name3":null,"adm1_pcode":"PK7","adm0_name":"Pakistan","adm0_name1":null,"adm0_name2":null,"adm0_name3":null,"adm0_pcode":"PK","valid_on":"2022-09-09","valid_to":null,"version":"v01","lang":"en","lang1":null,"lang2":null,"lang3":null},"geometry":{"type":"Point","coordinates":[68.572100163000187,27.922142969000049]}},
{"type":"Feature","properties":{"admin_level":2,"name":"South Karachi","name1":null,"name2":null,"name3":null,"x_coord":66.84196952000001,"y_coord":24.89329951,"adm4_name":null,"adm4_name1":null,"adm4_name2":null,"adm4_name3":null,"adm4_pcode":null,"adm3_name":null,"adm3_name1":null,"adm3_name2":null,"adm3_name3":null,"adm3_pcode":null,"adm2_name":"South Karachi","adm2_name1":null,"adm2_name2":null,"adm2_name3":null,"adm2_pcode":"PK721","adm1_name":"Sindh","adm1_name1":null,"adm1_name2":null,"adm1_name3":null,"adm1_pcode":"PK7","adm0_name":"Pakistan","adm0_name1":null,"adm0_name2":null,"adm0_name3":null,"adm0_pcode":"PK","valid_on":"2022-09-09","valid_to":null,"version":"v01","lang":"en","lang1":null,"lang2":null,"lang3":null},"geometry":{"type":"Point","coordinates":[66.841969523000159,24.893299511000123]}},
{"type":"Feature","properties":{"admin_level":2,"name":"Sujawal","name1":null,"name2":null,"name3":null,"x_coord":68.15959914,"y_coord":24.38807462,"adm4_name":null,"adm4_name1":null,"adm4_name2":null,"adm4_name3":null,"adm4_pcode":null,"adm3_name":null,"adm3_name1":null,"adm3_name2":null,"adm3_name3":null,"adm3_pcode":null,"adm2_name":"Sujawal","adm2_name1":null,"adm2_name2":null,"adm2_name3":null,"adm2_pcode":"PK722","adm1_name":"Sindh","adm1_name1":null,"adm1_name2":null,"adm1_name3":null,"adm1_pcode":"PK7","adm0_name":"Pakistan","adm0_name1":null,"adm0_name2":null,"adm0_name3":null,"adm0_pcode":"PK","valid_on":"2022-09-09","valid_to":null,"version":"v01","lang":"en","lang1":null,"lang2":null,"lang3":null},"geometry":{"type":"Point","coordinates":[68.159599136000168,24.388074622000033]}},
{"type":"Feature","properties":{"admin_level":2,"name":"Sukkur","name1":null,"name2":null,"name3":null,"x_coord":69.06538781,"y_coord":27.5452996,"adm4_name":null,"adm4_name1":null,"adm4_name2":null,"adm4_name3":null,"adm4_pcode":null,"adm3_name":null,"adm3_name1":null,"adm3_name2":null,"adm3_name3":null,"adm3_pcode":null,"adm2_name":"Sukkur","adm2_name1":null,"adm2_name2":null,"adm2_name3":null,"adm2_pcode":"PK723","adm1_name":"Sindh","adm1_name1":null,"adm1_name2":null,"adm1_name3":null,"adm1_pcode":"PK7","adm0_name":"Pakistan","adm0_name1":null,"adm0_name2":null,"adm0_name3":null,"adm0_pcode":"PK","valid_on":"2022-09-09","valid_to":null,"version":"v01","lang":"en","lang1":null,"lang2":null,"lang3":null},"geometry":{"type":"Point","coordinates":[69.06538780700015,27.545299595000131]}},
{"type":"Feature","properties":{"admin_level":2,"name":"Tando Allahyar","name1":null,"name2":null,"name3":null,"x_coord":68.75265076,"y_coord":25.48053282,"adm4_name":null,"adm4_name1":null,"adm4_name2":null,"adm4_name3":null,"adm4_pcode":null,"adm3_name":null,"adm3_name1":null,"adm3_name2":null,"adm3_name3":null,"adm3_pcode":null,"adm2_name":"Tando Allahyar","adm2_name1":null,"adm2_name2":null,"adm2_name3":null,"adm2_pcode":"PK724","adm1_name":"Sindh","adm1_name1":null,"adm1_name2":null,"adm1_name3":null,"adm1_pcode":"PK7","adm0_name":"Pakistan","adm0_name1":null,"adm0_name2":null,"adm0_name3":null,"adm0_pcode":"PK","valid_on":"2022-09-09","valid_to":null,"version":"v01","lang":"en","lang1":null,"lang2":null,"lang3":null},"geometry":{"type":"Point","coordinates":[68.752650755000047,25.480532819000075]}},
{"type":"Feature","properties":{"admin_level":2,"name":"Tando Muhammad Khan","name1":null,"name2":null,"name3":null,"x_coord":68.46005036,"y_coord":25.02470227,"adm4_name":null,"adm4_name1":null,"adm4_name2":null,"adm4_name3":null,"adm4_pcode":null,"adm3_name":null,"adm3_name1":null,"adm3_name2":null,"adm3_name3":null,"adm3_pcode":null,"adm2_name":"Tando Muhammad Khan","adm2_name1":null,"adm2_name2":null,"adm2_name3":null,"adm2_pcode":"PK725","adm1_name":"Sindh","adm1_name1":null,"adm1_name2":null,"adm1_name3":null,"adm1_pcode":"PK7","adm0_name":"Pakistan","adm0_name1":null,"adm0_name2":null,"adm0_name3":null,"adm0_pcode":"PK","valid_on":"2022-09-09","valid_to":null,"version":"v01","lang":"en","lang1":null,"lang2":null,"lang3":null},"geometry":{"type":"Point","coordinates":[68.46005036400004,25.024702272000184]}},
{"type":"Feature","properties":{"admin_level":2,"name":"Tharparkar","name1":null,"name2":null,"name3":null,"x_coord":70.24100586,"y_coord":24.94313761,"adm4_name":null,"adm4_name1":null,"adm4_name2":null,"adm4_name3":null,"adm4_pcode":null,"adm3_name":null,"adm3_name1":null,"adm3_name2":null,"adm3_name3":null,"adm3_pcode":null,"adm2_name":"Tharparkar","adm2_name1":null,"adm2_name2":null,"adm2_name3":null,"adm2_pcode":"PK726","adm1_name":"Sindh","adm1_name1":null,"adm1_name2":null,"adm1_name3":null,"adm1_pcode":"PK7","adm0_name":"Pakistan","adm0_name1":null,"adm0_name2":null,"adm0_name3":null,"adm0_pcode":"PK","valid_on":"2022-09-09","valid_to":null,"version":"v01","lang":"en","lang1":null,"lang2":null,"lang3":null},"geometry":{"type":"Point","coordinates":[70.241005859000097,24.943137613000147]}},
{"type":"Feature","properties":{"admin_level":2,"name":"Thatta","name1":null,"name2":null,"name3":null,"x_coord":67.70902408000001,"y_coord":24.69419785,"adm4_name":null,"adm4_name1":null,"adm4_name2":null,"adm4_name3":null,"adm4_pcode":null,"adm3_name":null,"adm3_name1":null,"adm3_name2":null,"adm3_name3":null,"adm3_pcode":null,"adm2_name":"Thatta","adm2_name1":null,"adm2_name2":null,"adm2_name3":null,"adm2_pcode":"PK727","adm1_name":"Sindh","adm1_name1":null,"adm1_name2":null,"adm1_name3":null,"adm1_pcode":"PK7","adm0_name":"Pakistan","adm0_name1":null,"adm0_name2":null,"adm0_name3":null,"adm0_pcode":"PK","valid_on":"2022-09-09","valid_to":null,"version":"v01","lang":"en","lang1":null,"lang2":null,"lang3":null},"geometry":{"type":"Point","coordinates":[67.709024081999985,24.694197848000044]}},
{"type":"Feature","properties":{"admin_level":2,"name":"Umer Kot","name1":null,"name2":null,"name3":null,"x_coord":69.81135762,"y_coord":25.33269304,"adm4_name":null,"adm4_name1":null,"adm4_name2":null,"adm4_name3":null,"adm4_pcode":null,"adm3_name":null,"adm3_name1":null,"adm3_name2":null,"adm3_name3":null,"adm3_pcode":null,"adm2_name":"Umer Kot","adm2_name1":null,"adm2_name2":null,"adm2_name3":null,"adm2_pcode":"PK728","adm1_name":"Sindh","adm1_name1":null,"adm1_name2":null,"adm1_name3":null,"adm1_pcode":"PK7","adm0_name":"Pakistan","adm0_name1":null,"adm0_name2":null,"adm0_name3":null,"adm0_pcode":"PK","valid_on":"2022-09-09","valid_to":null,"version":"v01","lang":"en","lang1":null,"lang2":null,"lang3":null},"geometry":{"type":"Point","coordinates":[69.81135762200006,25.332693038000173]}},
{"type":"Feature","properties":{"admin_level":2,"name":"West Karachi","name1":null,"name2":null,"name3":null,"x_coord":67.00838153,"y_coord":24.98689727,"adm4_name":null,"adm4_name1":null,"adm4_name2":null,"adm4_name3":null,"adm4_pcode":null,"adm3_name":null,"adm3_name1":null,"adm3_name2":null,"adm3_name3":null,"adm3_pcode":null,"adm2_name":"West Karachi","adm2_name1":null,"adm2_name2":null,"adm2_name3":null,"adm2_pcode":"PK729","adm1_name":"Sindh","adm1_name1":null,"adm1_name2":null,"adm1_name3":null,"adm1_pcode":"PK7","adm0_name":"Pakistan","adm0_name1":null,"adm0_name2":null,"adm0_name3":null,"adm0_pcode":"PK","valid_on":"2022-09-09","valid_to":null,"version":"v01","lang":"en","lang1":null,"lang2":null,"lang3":null},"geometry":{"type":"Point","coordinates":[67.00838153300009,24.986897271000089]}},
{"type":"Feature","properties":{"admin_level":3,"name":"Bagh","name1":null,"name2":null,"name3":null,"x_coord":73.85907264,"y_coord":33.98517585,"adm4_name":null,"adm4_name1":null,"adm4_name2":null,"adm4_name3":null,"adm4_pcode":null,"adm3_name":"Bagh","adm3_name1":null,"adm3_name2":null,"adm3_name3":null,"adm3_pcode":"PK10101","adm2_name":"Bagh","adm2_name1":null,"adm2_name2":null,"adm2_name3":null,"adm2_pcode":"PK101","adm1_name":"Azad Kashmir","adm1_name1":null,"adm1_name2":null,"adm1_name3":null,"adm1_pcode":"PK1","adm0_name":"Pakistan","adm0_name1":null,"adm0_name2":null,"adm0_name3":null,"adm0_pcode":"PK","valid_on":"2022-09-09","valid_to":null,"version":"v01","lang":"en","lang1":null,"lang2":null,"lang3":null},"geometry":{"type":"Point","coordinates":[73.859072640000193,33.985175847000107]}},
{"type":"Feature","properties":{"admin_level":3,"name":"Dhir Kot","name1":null,"name2":null,"name3":null,"x_coord":73.59663068,"y_coord":34.02167141,"adm4_name":null,"adm4_name1":null,"adm4_name2":null,"adm4_name3":null,"adm4_pcode":null,"adm3_name":"Dhir Kot","adm3_name1":null,"adm3_name2":null,"adm3_name3":null,"adm3_pcode":"PK10102","adm2_name":"Bagh","adm2_name1":null,"adm2_name2":null,"adm2_name3":null,"adm2_pcode":"PK101","adm1_name":"Azad Kashmir","adm1_name1":null,"adm1_name2":null,"adm1_name3":null,"adm1_pcode":"PK1","adm0_name":"Pakistan","adm0_name1":null,"adm0_name2":null,"adm0_name3":null,"adm0_pcode":"PK","valid_on":"2022-09-09","valid_to":null,"version":"v01","lang":"en","lang1":null,"lang2":null,"lang3":null},"geometry":{"type":"Point","coordinates":[73.5966306790001,34.02167140500012]}},
{"type":"Feature","properties":{"admin_level":3,"name":"Harighel","name1":null,"name2":null,"name3":null,"x_coord":73.721548,"y_coord":33.97990908,"adm4_name":null,"adm4_name1":null,"adm4_name2":null,"adm4_name3":null,"adm4_pcode":null,"adm3_name":"Harighel","adm3_name1":null,"adm3_name2":null,"adm3_name3":null,"adm3_pcode":"PK10103","adm2_name":"Bagh","adm2_name1":null,"adm2_name2":null,"adm2_name3":null,"adm2_pcode":"PK101","adm1_name":"Azad Kashmir","adm1_name1":null,"adm1_name2":null,"adm1_name3":null,"adm1_pcode":"PK1","adm0_name":"Pakistan","adm0_name1":null,"adm0_name2":null,"adm0_name3":null,"adm0_pcode":"PK","valid_on":"2022-09-09","valid_to":null,"version":"v01","lang":"en","lang1":null,"lang2":null,"lang3":null},"geometry":{"type":"Point","coordinates":[73.721548004000113,33.979909081000073]}},
{"type":"Feature","properties":{"admin_level":3,"name":"Barnala","name1":null,"name2":null,"name3":null,"x_coord":74.27445916000001,"y_coord":32.9054593,"adm4_name":null,"adm4_name1":null,"adm4_name2":null,"adm4_name3":null,"adm4_pcode":null,"adm3_name":"Barnala","adm3_name1":null,"adm3_name2":null,"adm3_name3":null,"adm3_pcode":"PK10201","adm2_name":"Bhimber","adm2_name1":null,"adm2_name2":null,"adm2_name3":null,"adm2_pcode":"PK102","adm1_name":"Azad Kashmir","adm1_name1":null,"adm1_name2":null,"adm1_name3":null,"adm1_pcode":"PK1","adm0_name":"Pakistan","adm0_name1":null,"adm0_name2":null,"adm0_name3":null,"adm0_pcode":"PK","valid_on":"2022-09-09","valid_to":null,"version":"v01","lang":"en","lang1":null,"lang2":null,"lang3":null},"geometry":{"type":"Point","coordinates":[74.274459157000194,32.905459300000189]}},
{"type":"Feature","properties":{"admin_level":3,"name":"Bhimber","name1":null,"name2":null,"name3":null,"x_coord":73.96696686,"y_coord":33.04092458,"adm4_name":null,"adm4_name1":null,"adm4_name2":null,"adm4_name3":null,"adm4_pcode":null,"adm3_name":"Bhimber","adm3_name1":null,"adm3_name2":null,"adm3_name3":null,"adm3_pcode":"PK10202","adm2_name":"Bhimber","adm2_name1":null,"adm2_name2":null,"adm2_name3":null,"adm2_pcode":"PK102","adm1_name":"Azad Kashmir","adm1_name1":null,"adm1_name2":null,"adm1_name3":null,"adm1_pcode":"PK1","adm0_name":"Pakistan","adm0_name1":null,"adm0_name2":null,"adm0_name3":null,"adm0_pcode":"PK","valid_on":"2022-09-09","valid_to":null,"version":"v01","lang":"en","lang1":null,"lang2":null,"lang3":null},"geometry":{"type":"Point","coordinates":[73.966966857000045,33.040924578000045]}},
{"type":"Feature","properties":{"admin_level":3,"name":"Samahni","name1":null,"name2":null,"name3":null,"x_coord":74.04790823,"y_coord":33.13457994,"adm4_name":null,"adm4_name1":null,"adm4_name2":null,"adm4_name3":null,"adm4_pcode":null,"adm3_name":"Samahni","adm3_name1":null,"adm3_name2":null,"adm3_name3":null,"adm3_pcode":"PK10203","adm2_name":"Bhimber","adm2_name1":null,"adm2_name2":null,"adm2_name3":null,"adm2_pcode":"PK102","adm1_name":"Azad Kashmir","adm1_name1":null,"adm1_name2":null,"adm1_name3":null,"adm1_pcode":"PK1","adm0_name":"Pakistan","adm0_name1":null,"adm0_name2":null,"adm0_name3":null,"adm0_pcode":"PK","valid_on":"2022-09-09","valid_to":null,"version":"v01","lang":"en","lang1":null,"lang2":null,"lang3":null},"geometry":{"type":"Point","coordinates":[74.047908227000107,33.134579939]}},
{"type":"Feature","properties":{"admin_level":3,"name":"Chikar","name1":null,"name2":null,"name3":null,"x_coord":73.68405714,"y_coord":34.1346823,"adm4_name":null,"adm4_name1":null,"adm4_name2":null,"adm4_name3":null,"adm4_pcode":null,"adm3_name":"Chikar","adm3_name1":null,"adm3_name2":null,"adm3_name3":null,"adm3_pcode":"PK10301","adm2_name":"Jhelum Valley","adm2_name1":null,"adm2_name2":null,"adm2_name3":null,"adm2_pcode":"PK103","adm1_name":"Azad Kashmir","adm1_name1":null,"adm1_name2":null,"adm1_name3":null,"adm1_pcode":"PK1","adm0_name":"Pakistan","adm0_name1":null,"adm0_name2":null,"adm0_name3":null,"adm0_pcode":"PK","valid_on":"2022-09-09","valid_to":null,"version":"v01","lang":"en","lang1":null,"lang2":null,"lang3":null},"geometry":{"type":"Point","coordinates":[73.684057142000029,34.134682296]}},
{"type":"Feature","properties":{"admin_level":3,"name":"Hattian","name1":null,"name2":null,"name3":null,"x_coord":73.82183474,"y_coord":34.15092867,"adm4_name":null,"adm4_name1":null,"adm4_name2":null,"adm4_name3":null,"adm4_pcode":null,"adm3_name":"Hattian","adm3_name1":null,"adm3_name2":null,"adm3_name3":null,"adm3_pcode":"PK10302","adm2_name":"Jhelum Valley","adm2_name1":null,"adm2_name2":null,"adm2_name3":null,"adm2_pcode":"PK103","adm1_name":"Azad Kashmir","adm1_name1":null,"adm1_name2":null,"adm1_name3":null,"adm1_pcode":"PK1","adm0_name":"Pakistan","adm0_name1":null,"adm0_name2":null,"adm0_name3":null,"adm0_pcode":"PK","valid_on":"2022-09-09","valid_to":null,"version":"v01","lang":"en","lang1":null,"lang2":null,"lang3":null},"geometry":{"type":"Point","coordinates":[73.821834737000074,34.150928672000077]}},
{"type":"Feature","properties":{"admin_level":3,"name":"Leepa","name1":null,"name2":null,"name3":null,"x_coord":73.84498995,"y_coord":34.302867,"adm4_name":null,"adm4_name1":null,"adm4_name2":null,"adm4_name3":null,"adm4_pcode":null,"adm3_name":"Leepa","adm3_name1":null,"adm3_name2":null,"adm3_name3":null,"adm3_pcode":"PK10303","adm2_name":"Jhelum Valley","adm2_name1":null,"adm2_name2":null,"adm2_name3":null,"adm2_pcode":"PK103","adm1_name":"Azad Kashmir","adm1_name1":null,"adm1_name2":null,"adm1_name3":null,"adm1_pcode":"PK1","adm0_name":"Pakistan","adm0_name1":null,"adm0_name2":null,"adm0_name3":null,"adm0_pcode":"PK","valid_on":"2022-09-09","valid_to":null,"version":"v01","lang":"en","lang1":null,"lang2":null,"lang3":null},"geometry":{"type":"Point","coordinates":[73.844989953000152,34.302866997000137]}},
{"type":"Feature","properties":{"admin_level":3,"name":"Haveli","name1":null,"name2":null,"name3":null,"x_coord":74.09512656,"y_coord":33.93709736,"adm4_name":null,"adm4_name1":null,"adm4_name2":null,"adm4_name3":null,"adm4_pcode":null,"adm3_name":"Haveli","adm3_name1":null,"adm3_name2":null,"adm3_name3":null,"adm3_pcode":"PK10401","adm2_name":"Haveli","adm2_name1":null,"adm2_name2":null,"adm2_name3":null,"adm2_pcode":"PK104","adm1_name":"Azad Kashmir","adm1_name1":null,"adm1_name2":null,"adm1_name3":null,"adm1_pcode":"PK1","adm0_name":"Pakistan","adm0_name1":null,"adm0_name2":null,"adm0_name3":null,"adm0_pcode":"PK","valid_on":"2022-09-09","valid_to":null,"version":"v01","lang":"en","lang1":null,"lang2":null,"lang3":null},"geometry":{"type":"Point","coordinates":[74.095126560000153,33.937097361000042]}},
{"type":"Feature","properties":{"admin_level":3,"name":"Khurshid Abad","name1":null,"name2":null,"name3":null,"x_coord":74.19597508,"y_coord":33.96322327,"adm4_name":null,"adm4_name1":null,"adm4_name2":null,"adm4_name3":null,"adm4_pcode":null,"adm3_name":"Khurshid Abad","adm3_name1":null,"adm3_name2":null,"adm3_name3":null,"adm3_pcode":"PK10402","adm2_name":"Haveli","adm2_name1":null,"adm2_name2":null,"adm2_name3":null,"adm2_pcode":"PK104","adm1_name":"Azad Kashmir","adm1_name1":null,"adm1_name2":null,"adm1_name3":null,"adm1_pcode":"PK1","adm0_name":"Pakistan","adm0_name1":null,"adm0_name2":null,"adm0_name3":null,"adm0_pcode":"PK","valid_on":"2022-09-09","valid_to":null,"version":"v01","lang":"en","lang1":null,"lang2":null,"lang3":null},"geometry":{"type":"Point","coordinates":[74.195975076000138,33.963223275000018]}},
{"type":"Feature","properties":{"admin_level":3,"name":"Mumtazabad","name1":null,"name2":null,"name3":null,"x_coord":74.01765773,"y_coord":33.91860832,"adm4_name":null,"adm4_name1":null,"adm4_name2":null,"adm4_name3":null,"adm4_pcode":null,"adm3_name":"Mumtazabad","adm3_name1":null,"adm3_name2":null,"adm3_name3":null,"adm3_pcode":"PK10403","adm2_name":"Haveli","adm2_name1":null,"adm2_name2":null,"adm2_name3":null,"adm2_pcode":"PK104","adm1_name":"Azad Kashmir","adm1_name1":null,"adm1_name2":null,"adm1_name3":null,"adm1_pcode":"PK1","adm0_name":"Pakistan","adm0_name1":null,"adm0_name2":null,"adm0_name3":null,"adm0_pcode":"PK","valid_on":"2022-09-09","valid_to":null,"version":"v01","lang":"en","lang1":null,"lang2":null,"lang3":null},"geometry":{"type":"Point","coordinates":[74.017657734000124,33.918608325000037]}},
{"type":"Feature","properties":{"admin_level":3,"name":"Charhoi","name1":null,"name2":null,"name3":null,"x_coord":73.91685822,"y_coord":33.35044465,"adm4_name":null,"adm4_name1":null,"adm4_name2":null,"adm4_name3":null,"adm4_pcode":null,"adm3_name":"Charhoi","adm3_name1":null,"adm3_name2":null,"adm3_name3":null,"adm3_pcode":"PK10501","adm2_name":"Kotli","adm2_name1":null,"adm2_name2":null,"adm2_name3":null,"adm2_pcode":"PK105","adm1_name":"Azad Kashmir","adm1_name1":null,"adm1_name2":null,"adm1_name3":null,"adm1_pcode":"PK1","adm0_name":"Pakistan","adm0_name1":null,"adm0_name2":null,"adm0_name3":null,"adm0_pcode":"PK","valid_on":"2022-09-09","valid_to":null,"version":"v01","lang":"en","lang1":null,"lang2":null,"lang3":null},"geometry":{"type":"Point","coordinates":[73.916858224000123,33.350444646000085]}},
{"type":"Feature","properties":{"admin_level":3,"name":"Dulliya Jattan","name1":null,"name2":null,"name3":null,"x_coord":73.83763661,"y_coord":33.31591244,"adm4_name":null,"adm4_name1":null,"adm4_name2":null,"adm4_name3":null,"adm4_pcode":null,"adm3_name":"Dulliya Jattan","adm3_name1":null,"adm3_name2":null,"adm3_name3":null,"adm3_pcode":"PK10502","adm2_name":"Kotli","adm2_name1":null,"adm2_name2":null,"adm2_name3":null,"adm2_pcode":"PK105","adm1_name":"Azad Kashmir","adm1_name1":null,"adm1_name2":null,"adm1_name3":null,"adm1_pcode":"PK1","adm0_name":"Pakistan","adm0_name1":null,"adm0_name2":null,"adm0_name3":null,"adm0_pcode":"PK","valid_on":"2022-09-09","valid_to":null,"version":"v01","lang":"en","lang1":null,"lang2":null,"lang3":null},"geometry":{"type":"Point","coordinates":[73.837636615000122,33.315912442000126]}},
{"type":"Feature","properties":{"admin_level":3,"name":"Fatehpur Thakiala","name1":null,"name2":null,"name3":null,"x_coord":74.11811434000001,"y_coord":33.48203772,"adm4_name":null,"adm4_name1":null,"adm4_name2":null,"adm4_name3":null,"adm4_pcode":null,"adm3_name":"Fatehpur Thakiala","adm3_name1":null,"adm3_name2":null,"adm3_name3":null,"adm3_pcode":"PK10503","adm2_name":"Kotli","adm2_name1":null,"adm2_name2":null,"adm2_name3":null,"adm2_pcode":"PK105","adm1_name":"Azad Kashmir","adm1_name1":null,"adm1_name2":null,"adm1_name3":null,"adm1_pcode":"PK1","adm0_name":"Pakistan","adm0_name1":null,"adm0_name2":null,"adm0_name3":null,"adm0_pcode":"PK","valid_on":"2022-09-09","valid_to":null,"version":"v01","lang":"en","lang1":null,"lang2":null,"lang3":null},"geometry":{"type":"Point","coordinates":[74.118114344000048,33.482037720000164]}},
{"type":"Feature","properties":{"admin_level":3,"name":"Khui Ratta","name1":null,"name2":null,"name3":null,"x_coord":74.08413023,"y_coord":33.34727475,"adm4_name":null,"adm4_name1":null,"adm4_name2":null,"adm4_name3":null,"adm4_pcode":null,"adm3_name":"Khui Ratta","adm3_name1":null,"adm3_name2":null,"adm3_name3":null,"adm3_pcode":"PK10504","adm2_name":"Kotli","adm2_name1":null,"adm2_name2":null,"adm2_name3":null,"adm2_pcode":"PK105","adm1_name":"Azad Kashmir","adm1_name1":null,"adm1_name2":null,"adm1_name3":null,"adm1_pcode":"PK1","adm0_name":"Pakistan","adm0_name1":null,"adm0_name2":null,"adm0_name3":null,"adm0_pcode":"PK","valid_on":"2022-09-09","valid_to":null,"version":"v01","lang":"en","lang1":null,"lang2":null,"lang3":null},"geometry":{"type":"Point","coordinates":[74.084130230000142,33.3472747510001]}},
{"type":"Feature","properties":{"admin_level":3,"name":"Kotli","name1":null,"name2":null,"name3":null,"x_coord":73.93278668000001,"y_coord":33.50150509,"adm4_name":null,"adm4_name1":null,"adm4_name2":null,"adm4_name3":null,"adm4_pcode":null,"adm3_name":"Kotli","adm3_name1":null,"adm3_name2":null,"adm3_name3":null,"adm3_pcode":"PK10505","adm2_name":"Kotli","adm2_name1":null,"adm2_name2":null,"adm2_name3":null,"adm2_pcode":"PK105","adm1_name":"Azad Kashmir","adm1_name1":null,"adm1_name2":null,"adm1_name3":null,"adm1_pcode":"PK1","adm0_name":"Pakistan","adm0_name1":null,"adm0_name2":null,"adm0_name3":null,"adm0_pcode":"PK","valid_on":"2022-09-09","valid_to":null,"version":"v01","lang":"en","lang1":null,"lang2":null,"lang3":null},"geometry":{"type":"Point","coordinates":[73.932786677000081,33.501505086000066]}},
{"type":"Feature","properties":{"admin_level":3,"name":"Sehnsa","name1":null,"name2":null,"name3":null,"x_coord":73.70076503,"y_coord":33.54507743,"adm4_name":null,"adm4_name1":null,"adm4_name2":null,"adm4_name3":null,"adm4_pcode":null,"adm3_name":"Sehnsa","adm3_name1":null,"adm3_name2":null,"adm3_name3":null,"adm3_pcode":"PK10506","adm2_name":"Kotli","adm2_name1":null,"adm2_name2":null,"adm2_name3":null,"adm2_pcode":"PK105","adm1_name":"Azad Kashmir","adm1_name1":null,"adm1_name2":null,"adm1_name3":null,"adm1_pcode":"PK1","adm0_name":"Pakistan","adm0_name1":null,"adm0_name2":null,"adm0_name3":null,"adm0_pcode":"PK","valid_on":"2022-09-09","valid_to":null,"version":"v01","lang":"en","lang1":null,"lang2":null,"lang3":null},"geometry":{"type":"Point","coordinates":[73.700765028000035,33.545077433000074]}},
{"type":"Feature","properties":{"admin_level":3,"name":"Dadyal","name1":null,"name2":null,"name3":null,"x_coord":73.6742283,"y_coord":33.35038118,"adm4_name":null,"adm4_name1":null,"adm4_name2":null,"adm4_name3":null,"adm4_pcode":null,"adm3_name":"Dadyal","adm3_name1":null,"adm3_name2":null,"adm3_name3":null,"adm3_pcode":"PK10601","adm2_name":"Mirpur","adm2_name1":null,"adm2_name2":null,"adm2_name3":null,"adm2_pcode":"PK106","adm1_name":"Azad Kashmir","adm1_name1":null,"adm1_name2":null,"adm1_name3":null,"adm1_pcode":"PK1","adm0_name":"Pakistan","adm0_name1":null,"adm0_name2":null,"adm0_name3":null,"adm0_pcode":"PK","valid_on":"2022-09-09","valid_to":null,"version":"v01","lang":"en","lang1":null,"lang2":null,"lang3":null},"geometry":{"type":"Point","coordinates":[73.674228298000173,33.350381182000149]}},
{"type":"Feature","properties":{"admin_level":3,"name":"Mirpur","name1":null,"name2":null,"name3":null,"x_coord":73.79321258,"y_coord":33.1799092,"adm4_name":null,"adm4_name1":null,"adm4_name2":null,"adm4_name3":null,"adm4_pcode":null,"adm3_name":"Mirpur","adm3_name1":null,"adm3_name2":null,"adm3_name3":null,"adm3_pcode":"PK10602","adm2_name":"Mirpur","adm2_name1":null,"adm2_name2":null,"adm2_name3":null,"adm2_pcode":"PK106","adm1_name":"Azad Kashmir","adm1_name1":null,"adm1_name2":null,"adm1_name3":null,"adm1_pcode":"PK1","adm0_name":"Pakistan","adm0_name1":null,"adm0_name2":null,"adm0_name3":null,"adm0_pcode":"PK","valid_on":"2022-09-09","valid_to":null,"version":"v01","lang":"en","lang1":null,"lang2":null,"lang3":null},"geometry":{"type":"Point","coordinates":[73.793212582000194,33.179909205000172]}},
{"type":"Feature","properties":{"admin_level":3,"name":"Muzaffarabad","name1":null,"name2":null,"name3":null,"x_coord":73.60983474,"y_coord":34.26404049,"adm4_name":null,"adm4_name1":null,"adm4_name2":null,"adm4_name3":null,"adm4_pcode":null,"adm3_name":"Muzaffarabad","adm3_name1":null,"adm3_name2":null,"adm3_name3":null,"adm3_pcode":"PK10701","adm2_name":"Muzaffarabad","adm2_name1":null,"adm2_name2":null,"adm2_name3":null,"adm2_pcode":"PK107","adm1_name":"Azad Kashmir","adm1_name1":null,"adm1_name2":null,"adm1_name3":null,"adm1_pcode":"PK1","adm0_name":"Pakistan","adm0_name1":null,"adm0_name2":null,"adm0_name3":null,"adm0_pcode":"PK","valid_on":"2022-09-09","valid_to":null,"version":"v01","lang":"en","lang1":null,"lang2":null,"lang3":null},"geometry":{"type":"Point","coordinates":[73.609834742000032,34.264040486000056]}},
{"type":"Feature","properties":{"admin_level":3,"name":"Naseerabad","name1":null,"name2":null,"name3":null,"x_coord":73.61505652,"y_coord":34.43931061,"adm4_name":null,"adm4_name1":null,"adm4_name2":null,"adm4_name3":null,"adm4_pcode":null,"adm3_name":"Naseerabad","adm3_name1":null,"adm3_name2":null,"adm3_name3":null,"adm3_pcode":"PK10702","adm2_name":"Muzaffarabad","adm2_name1":null,"adm2_name2":null,"adm2_name3":null,"adm2_pcode":"PK107","adm1_name":"Azad Kashmir","adm1_name1":null,"adm1_name2":null,"adm1_name3":null,"adm1_pcode":"PK1","adm0_name":"Pakistan","adm0_name1":null,"adm0_name2":null,"adm0_name3":null,"adm0_pcode":"PK","valid_on":"2022-09-09","valid_to":null,"version":"v01","lang":"en","lang1":null,"lang2":null,"lang3":null},"geometry":{"type":"Point","coordinates":[73.61505652500017,34.439310607000095]}},
{"type":"Feature","properties":{"admin_level":3,"name":"Athmuqam","name1":null,"name2":null,"name3":null,"x_coord":73.80255372000001,"y_coord":34.65357872,"adm4_name":null,"adm4_name1":null,"adm4_name2":null,"adm4_name3":null,"adm4_pcode":null,"adm3_name":"Athmuqam","adm3_name1":null,"adm3_name2":null,"adm3_name3":null,"adm3_pcode":"PK10801","adm2_name":"Neelum","adm2_name1":null,"adm2_name2":null,"adm2_name3":null,"adm2_pcode":"PK108","adm1_name":"Azad Kashmir","adm1_name1":null,"adm1_name2":null,"adm1_name3":null,"adm1_pcode":"PK1","adm0_name":"Pakistan","adm0_name1":null,"adm0_name2":null,"adm0_name3":null,"adm0_pcode":"PK","valid_on":"2022-09-09","valid_to":null,"version":"v01","lang":"en","lang1":null,"lang2":null,"lang3":null},"geometry":{"type":"Point","coordinates":[73.802553724,34.653578724000056]}},
{"type":"Feature","properties":{"admin_level":3,"name":"Sharda","name1":null,"name2":null,"name3":null,"x_coord":74.30961799000001,"y_coord":34.90621948,"adm4_name":null,"adm4_name1":null,"adm4_name2":null,"adm4_name3":null,"adm4_pcode":null,"adm3_name":"Sharda","adm3_name1":null,"adm3_name2":null,"adm3_name3":null,"adm3_pcode":"PK10802","adm2_name":"Neelum","adm2_name1":null,"adm2_name2":null,"adm2_name3":null,"adm2_pcode":"PK108","adm1_name":"Azad Kashmir","adm1_name1":null,"adm1_name2":null,"adm1_name3":null,"adm1_pcode":"PK1","adm0_name":"Pakistan","adm0_name1":null,"adm0_name2":null,"adm0_name3":null,"adm0_pcode":"PK","valid_on":"2022-09-09","valid_to":null,"version":"v01","lang":"en","lang1":null,"lang2":null,"lang3":null},"geometry":{"type":"Point","coordinates":[74.309617989000117,34.906219483000086]}},
{"type":"Feature","properties":{"admin_level":3,"name":"Abbaspur","name1":null,"name2":null,"name3":null,"x_coord":73.97914732,"y_coord":33.84343396,"adm4_name":null,"adm4_name1":null,"adm4_name2":null,"adm4_name3":null,"adm4_pcode":null,"adm3_name":"Abbaspur","adm3_name1":null,"adm3_name2":null,"adm3_name3":null,"adm3_pcode":"PK10901","adm2_name":"Poonch","adm2_name1":null,"adm2_name2":null,"adm2_name3":null,"adm2_pcode":"PK109","adm1_name":"Azad Kashmir","adm1_name1":null,"adm1_name2":null,"adm1_name3":null,"adm1_pcode":"PK1","adm0_name":"Pakistan","adm0_name1":null,"adm0_name2":null,"adm0_name3":null,"adm0_pcode":"PK","valid_on":"2022-09-09","valid_to":null,"version":"v01","lang":"en","lang1":null,"lang2":null,"lang3":null},"geometry":{"type":"Point","coordinates":[73.97914732300012,33.843433960000084]}},
{"type":"Feature","properties":{"admin_level":3,"name":"Hajira","name1":null,"name2":null,"name3":null,"x_coord":73.92029868,"y_coord":33.72486623,"adm4_name":null,"adm4_name1":null,"adm4_name2":null,"adm4_name3":null,"adm4_pcode":null,"adm3_name":"Hajira","adm3_name1":null,"adm3_name2":null,"adm3_name3":null,"adm3_pcode":"PK10902","adm2_name":"Poonch","adm2_name1":null,"adm2_name2":null,"adm2_name3":null,"adm2_pcode":"PK109","adm1_name":"Azad Kashmir","adm1_name1":null,"adm1_name2":null,"adm1_name3":null,"adm1_pcode":"PK1","adm0_name":"Pakistan","adm0_name1":null,"adm0_name2":null,"adm0_name3":null,"adm0_pcode":"PK","valid_on":"2022-09-09","valid_to":null,"version":"v01","lang":"en","lang1":null,"lang2":null,"lang3":null},"geometry":{"type":"Point","coordinates":[73.920298679000155,33.724866229000099]}},
{"type":"Feature","properties":{"admin_level":3,"name":"Rawalakot","name1":null,"name2":null,"name3":null,"x_coord":73.77643204,"y_coord":33.87308742,"adm4_name":null,"adm4_name1":null,"adm4_name2":null,"adm4_name3":null,"adm4_pcode":null,"adm3_name":"Rawalakot","adm3_name1":null,"adm3_name2":null,"adm3_name3":null,"adm3_pcode":"PK10903","adm2_name":"Poonch","adm2_name1":null,"adm2_name2":null,"adm2_name3":null,"adm2_pcode":"PK109","adm1_name":"Azad Kashmir","adm1_name1":null,"adm1_name2":null,"adm1_name3":null,"adm1_pcode":"PK1","adm0_name":"Pakistan","adm0_name1":null,"adm0_name2":null,"adm0_name3":null,"adm0_pcode":"PK","valid_on":"2022-09-09","valid_to":null,"version":"v01","lang":"en","lang1":null,"lang2":null,"lang3":null},"geometry":{"type":"Point","coordinates":[73.77643203700012,33.873087419]}},
{"type":"Feature","properties":{"admin_level":3,"name":"Thorar","name1":null,"name2":null,"name3":null,"x_coord":73.60688891,"y_coord":33.87977442,"adm4_name":null,"adm4_name1":null,"adm4_name2":null,"adm4_name3":null,"adm4_pcode":null,"adm3_name":"Thorar","adm3_name1":null,"adm3_name2":null,"adm3_name3":null,"adm3_pcode":"PK10904","adm2_name":"Poonch","adm2_name1":null,"adm2_name2":null,"adm2_name3":null,"adm2_pcode":"PK109","adm1_name":"Azad Kashmir","adm1_name1":null,"adm1_name2":null,"adm1_name3":null,"adm1_pcode":"PK1","adm0_name":"Pakistan","adm0_name1":null,"adm0_name2":null,"adm0_name3":null,"adm0_pcode":"PK","valid_on":"2022-09-09","valid_to":null,"version":"v01","lang":"en","lang1":null,"lang2":null,"lang3":null},"geometry":{"type":"Point","coordinates":[73.606888913000091,33.879774424000061]}},
{"type":"Feature","properties":{"admin_level":3,"name":"Baluch","name1":null,"name2":null,"name3":null,"x_coord":73.84783082,"y_coord":33.66861879,"adm4_name":null,"adm4_name1":null,"adm4_name2":null,"adm4_name3":null,"adm4_pcode":null,"adm3_name":"Baluch","adm3_name1":null,"adm3_name2":null,"adm3_name3":null,"adm3_pcode":"PK11001","adm2_name":"Sudhnoti","adm2_name1":null,"adm2_name2":null,"adm2_name3":null,"adm2_pcode":"PK110","adm1_name":"Azad Kashmir","adm1_name1":null,"adm1_name2":null,"adm1_name3":null,"adm1_pcode":"PK1","adm0_name":"Pakistan","adm0_name1":null,"adm0_name2":null,"adm0_name3":null,"adm0_pcode":"PK","valid_on":"2022-09-09","valid_to":null,"version":"v01","lang":"en","lang1":null,"lang2":null,"lang3":null},"geometry":{"type":"Point","coordinates":[73.847830819000194,33.668618786000138]}},
{"type":"Feature","properties":{"admin_level":3,"name":"Mong","name1":null,"name2":null,"name3":null,"x_coord":73.62274723,"y_coord":33.78694137,"adm4_name":null,"adm4_name1":null,"adm4_name2":null,"adm4_name3":null,"adm4_pcode":null,"adm3_name":"Mong","adm3_name1":null,"adm3_name2":null,"adm3_name3":null,"adm3_pcode":"PK11002","adm2_name":"Sudhnoti","adm2_name1":null,"adm2_name2":null,"adm2_name3":null,"adm2_pcode":"PK110","adm1_name":"Azad Kashmir","adm1_name1":null,"adm1_name2":null,"adm1_name3":null,"adm1_pcode":"PK1","adm0_name":"Pakistan","adm0_name1":null,"adm0_name2":null,"adm0_name3":null,"adm0_pcode":"PK","valid_on":"2022-09-09","valid_to":null,"version":"v01","lang":"en","lang1":null,"lang2":null,"lang3":null},"geometry":{"type":"Point","coordinates":[73.62274723000013,33.786941366000178]}},
{"type":"Feature","properties":{"admin_level":3,"name":"Pallandari","name1":null,"name2":null,"name3":null,"x_coord":73.67252498000001,"y_coord":33.68633529,"adm4_name":null,"adm4_name1":null,"adm4_name2":null,"adm4_name3":null,"adm4_pcode":null,"adm3_name":"Pallandari","adm3_name1":null,"adm3_name2":null,"adm3_name3":null,"adm3_pcode":"PK11003","adm2_name":"Sudhnoti","adm2_name1":null,"adm2_name2":null,"adm2_name3":null,"adm2_pcode":"PK110","adm1_name":"Azad Kashmir","adm1_name1":null,"adm1_name2":null,"adm1_name3":null,"adm1_pcode":"PK1","adm0_name":"Pakistan","adm0_name1":null,"adm0_name2":null,"adm0_name3":null,"adm0_pcode":"PK","valid_on":"2022-09-09","valid_to":null,"version":"v01","lang":"en","lang1":null,"lang2":null,"lang3":null},"geometry":{"type":"Point","coordinates":[73.672524978000069,33.686335291999967]}},
{"type":"Feature","properties":{"admin_level":3,"name":"Tarar Khal","name1":null,"name2":null,"name3":null,"x_coord":73.77894182,"y_coord":33.74057173,"adm4_name":null,"adm4_name1":null,"adm4_name2":null,"adm4_name3":null,"adm4_pcode":null,"adm3_name":"Tarar Khal","adm3_name1":null,"adm3_name2":null,"adm3_name3":null,"adm3_pcode":"PK11004","adm2_name":"Sudhnoti","adm2_name1":null,"adm2_name2":null,"adm2_name3":null,"adm2_pcode":"PK110","adm1_name":"Azad Kashmir","adm1_name1":null,"adm1_name2":null,"adm1_name3":null,"adm1_pcode":"PK1","adm0_name":"Pakistan","adm0_name1":null,"adm0_name2":null,"adm0_name3":null,"adm0_pcode":"PK","valid_on":"2022-09-09","valid_to":null,"version":"v01","lang":"en","lang1":null,"lang2":null,"lang3":null},"geometry":{"type":"Point","coordinates":[73.778941824000185,33.740571728000077]}},
{"type":"Feature","properties":{"admin_level":3,"name":"Awaran","name1":null,"name2":null,"name3":null,"x_coord":64.84096935,"y_coord":26.34404505,"adm4_name":null,"adm4_name1":null,"adm4_name2":null,"adm4_name3":null,"adm4_pcode":null,"adm3_name":"Awaran","adm3_name1":null,"adm3_name2":null,"adm3_name3":null,"adm3_pcode":"PK20101","adm2_name":"Awaran","adm2_name1":null,"adm2_name2":null,"adm2_name3":null,"adm2_pcode":"PK201","adm1_name":"Balochistan","adm1_name1":null,"adm1_name2":null,"adm1_name3":null,"adm1_pcode":"PK2","adm0_name":"Pakistan","adm0_name1":null,"adm0_name2":null,"adm0_name3":null,"adm0_pcode":"PK","valid_on":"2022-09-09","valid_to":null,"version":"v01","lang":"en","lang1":null,"lang2":null,"lang3":null},"geometry":{"type":"Point","coordinates":[64.840969350000137,26.344045053000173]}},
{"type":"Feature","properties":{"admin_level":3,"name":"Jhal Jhao","name1":null,"name2":null,"name3":null,"x_coord":65.65325296,"y_coord":26.31200793,"adm4_name":null,"adm4_name1":null,"adm4_name2":null,"adm4_name3":null,"adm4_pcode":null,"adm3_name":"Jhal Jhao","adm3_name1":null,"adm3_name2":null,"adm3_name3":null,"adm3_pcode":"PK20102","adm2_name":"Awaran","adm2_name1":null,"adm2_name2":null,"adm2_name3":null,"adm2_pcode":"PK201","adm1_name":"Balochistan","adm1_name1":null,"adm1_name2":null,"adm1_name3":null,"adm1_pcode":"PK2","adm0_name":"Pakistan","adm0_name1":null,"adm0_name2":null,"adm0_name3":null,"adm0_pcode":"PK","valid_on":"2022-09-09","valid_to":null,"version":"v01","lang":"en","lang1":null,"lang2":null,"lang3":null},"geometry":{"type":"Point","coordinates":[65.653252959000042,26.312007935000111]}},
{"type":"Feature","properties":{"admin_level":3,"name":"Mashkai","name1":null,"name2":null,"name3":null,"x_coord":65.59145799,"y_coord":26.97029833,"adm4_name":null,"adm4_name1":null,"adm4_name2":null,"adm4_name3":null,"adm4_pcode":null,"adm3_name":"Mashkai","adm3_name1":null,"adm3_name2":null,"adm3_name3":null,"adm3_pcode":"PK20103","adm2_name":"Awaran","adm2_name1":null,"adm2_name2":null,"adm2_name3":null,"adm2_pcode":"PK201","adm1_name":"Balochistan","adm1_name1":null,"adm1_name2":null,"adm1_name3":null,"adm1_pcode":"PK2","adm0_name":"Pakistan","adm0_name1":null,"adm0_name2":null,"adm0_name3":null,"adm0_pcode":"PK","valid_on":"2022-09-09","valid_to":null,"version":"v01","lang":"en","lang1":null,"lang2":null,"lang3":null},"geometry":{"type":"Point","coordinates":[65.591457992000073,26.97029833]}},
{"type":"Feature","properties":{"admin_level":3,"name":"Gishekore","name1":null,"name2":null,"name3":null,"x_coord":64.74878323,"y_coord":25.83047059,"adm4_name":null,"adm4_name1":null,"adm4_name2":null,"adm4_name3":null,"adm4_pcode":null,"adm3_name":"Gishekore","adm3_name1":null,"adm3_name2":null,"adm3_name3":null,"adm3_pcode":"PK20104","adm2_name":"Awaran","adm2_name1":null,"adm2_name2":null,"adm2_name3":null,"adm2_pcode":"PK201","adm1_name":"Balochistan","adm1_name1":null,"adm1_name2":null,"adm1_name3":null,"adm1_pcode":"PK2","adm0_name":"Pakistan","adm0_name1":null,"adm0_name2":null,"adm0_name3":null,"adm0_pcode":"PK","valid_on":"2022-09-09","valid_to":null,"version":"v01","lang":"en","lang1":null,"lang2":null,"lang3":null},"geometry":{"type":"Point","coordinates":[64.748783228000093,25.830470585000114]}},
{"type":"Feature","properties":{"admin_level":3,"name":"Barkhan","name1":null,"name2":null,"name3":null,"x_coord":69.63058913,"y_coord":29.98520647,"adm4_name":null,"adm4_name1":null,"adm4_name2":null,"adm4_name3":null,"adm4_pcode":null,"adm3_name":"Barkhan","adm3_name1":null,"adm3_name2":null,"adm3_name3":null,"adm3_pcode":"PK20201","adm2_name":"Barkhan","adm2_name1":null,"adm2_name2":null,"adm2_name3":null,"adm2_pcode":"PK202","adm1_name":"Balochistan","adm1_name1":null,"adm1_name2":null,"adm1_name3":null,"adm1_pcode":"PK2","adm0_name":"Pakistan","adm0_name1":null,"adm0_name2":null,"adm0_name3":null,"adm0_pcode":"PK","valid_on":"2022-09-09","valid_to":null,"version":"v01","lang":"en","lang1":null,"lang2":null,"lang3":null},"geometry":{"type":"Point","coordinates":[69.630589132000125,29.985206473000062]}},
{"type":"Feature","properties":{"admin_level":3,"name":"Rakhni","name1":null,"name2":null,"name3":null,"x_coord":69.8614805,"y_coord":30.00950054,"adm4_name":null,"adm4_name1":null,"adm4_name2":null,"adm4_name3":null,"adm4_pcode":null,"adm3_name":"Rakhni","adm3_name1":null,"adm3_name2":null,"adm3_name3":null,"adm3_pcode":"PK20202","adm2_name":"Barkhan","adm2_name1":null,"adm2_name2":null,"adm2_name3":null,"adm2_pcode":"PK202","adm1_name":"Balochistan","adm1_name1":null,"adm1_name2":null,"adm1_name3":null,"adm1_pcode":"PK2","adm0_name":"Pakistan","adm0_name1":null,"adm0_name2":null,"adm0_name3":null,"adm0_pcode":"PK","valid_on":"2022-09-09","valid_to":null,"version":"v01","lang":"en","lang1":null,"lang2":null,"lang3":null},"geometry":{"type":"Point","coordinates":[69.861480496000183,30.009500542000126]}},
{"type":"Feature","properties":{"admin_level":3,"name":"Dalbandin","name1":null,"name2":null,"name3":null,"x_coord":64.32105505,"y_coord":28.89895465,"adm4_name":null,"adm4_name1":null,"adm4_name2":null,"adm4_name3":null,"adm4_pcode":null,"adm3_name":"Dalbandin","adm3_name1":null,"adm3_name2":null,"adm3_name3":null,"adm3_pcode":"PK20301","adm2_name":"Chagai","adm2_name1":null,"adm2_name2":null,"adm2_name3":null,"adm2_pcode":"PK203","adm1_name":"Balochistan","adm1_name1":null,"adm1_name2":null,"adm1_name3":null,"adm1_pcode":"PK2","adm0_name":"Pakistan","adm0_name1":null,"adm0_name2":null,"adm0_name3":null,"adm0_pcode":"PK","valid_on":"2022-09-09","valid_to":null,"version":"v01","lang":"en","lang1":null,"lang2":null,"lang3":null},"geometry":{"type":"Point","coordinates":[64.321055055000159,28.898954654000136]}},
{"type":"Feature","properties":{"admin_level":3,"name":"Nokkundi","name1":null,"name2":null,"name3":null,"x_coord":62.92650894,"y_coord":28.68475457,"adm4_name":null,"adm4_name1":null,"adm4_name2":null,"adm4_name3":null,"adm4_pcode":null,"adm3_name":"Nokkundi","adm3_name1":null,"adm3_name2":null,"adm3_name3":null,"adm3_pcode":"PK20302","adm2_name":"Chagai","adm2_name1":null,"adm2_name2":null,"adm2_name3":null,"adm2_pcode":"PK203","adm1_name":"Balochistan","adm1_name1":null,"adm1_name2":null,"adm1_name3":null,"adm1_pcode":"PK2","adm0_name":"Pakistan","adm0_name1":null,"adm0_name2":null,"adm0_name3":null,"adm0_pcode":"PK","valid_on":"2022-09-09","valid_to":null,"version":"v01","lang":"en","lang1":null,"lang2":null,"lang3":null},"geometry":{"type":"Point","coordinates":[62.926508942000055,28.684754573000134]}},
{"type":"Feature","properties":{"admin_level":3,"name":"Taftan","name1":null,"name2":null,"name3":null,"x_coord":61.77968354,"y_coord":29.13842964,"adm4_name":null,"adm4_name1":null,"adm4_name2":null,"adm4_name3":null,"adm4_pcode":null,"adm3_name":"Taftan","adm3_name1":null,"adm3_name2":null,"adm3_name3":null,"adm3_pcode":"PK20303","adm2_name":"Chagai","adm2_name1":null,"adm2_name2":null,"adm2_name3":null,"adm2_pcode":"PK203","adm1_name":"Balochistan","adm1_name1":null,"adm1_name2":null,"adm1_name3":null,"adm1_pcode":"PK2","adm0_name":"Pakistan","adm0_name1":null,"adm0_name2":null,"adm0_name3":null,"adm0_pcode":"PK","valid_on":"2022-09-09","valid_to":null,"version":"v01","lang":"en","lang1":null,"lang2":null,"lang3":null},"geometry":{"type":"Point","coordinates":[61.77968354300009,29.138429642]}},
{"type":"Feature","properties":{"admin_level":3,"name":"Chagai","name1":null,"name2":null,"name3":null,"x_coord":64.78278677,"y_coord":29.33041012,"adm4_name":null,"adm4_name1":null,"adm4_name2":null,"adm4_name3":null,"adm4_pcode":null,"adm3_name":"Chagai","adm3_name1":null,"adm3_name2":null,"adm3_name3":null,"adm3_pcode":"PK20304","adm2_name":"Chagai","adm2_name1":null,"adm2_name2":null,"adm2_name3":null,"adm2_pcode":"PK203","adm1_name":"Balochistan","adm1_name1":null,"adm1_name2":null,"adm1_name3":null,"adm1_pcode":"PK2","adm0_name":"Pakistan","adm0_name1":null,"adm0_name2":null,"adm0_name3":null,"adm0_pcode":"PK","valid_on":"2022-09-09","valid_to":null,"version":"v01","lang":"en","lang1":null,"lang2":null,"lang3":null},"geometry":{"type":"Point","coordinates":[64.782786767000118,29.33041012000001]}},
{"type":"Feature","properties":{"admin_level":3,"name":"Dera Bugti","name1":null,"name2":null,"name3":null,"x_coord":68.81577836,"y_coord":29.01127663,"adm4_name":null,"adm4_name1":null,"adm4_name2":null,"adm4_name3":null,"adm4_pcode":null,"adm3_name":"Dera Bugti","adm3_name1":null,"adm3_name2":null,"adm3_name3":null,"adm3_pcode":"PK20401","adm2_name":"Dera Bugti","adm2_name1":null,"adm2_name2":null,"adm2_name3":null,"adm2_pcode":"PK204","adm1_name":"Balochistan","adm1_name1":null,"adm1_name2":null,"adm1_name3":null,"adm1_pcode":"PK2","adm0_name":"Pakistan","adm0_name1":null,"adm0_name2":null,"adm0_name3":null,"adm0_pcode":"PK","valid_on":"2022-09-09","valid_to":null,"version":"v01","lang":"en","lang1":null,"lang2":null,"lang3":null},"geometry":{"type":"Point","coordinates":[68.815778365000028,29.011276631000101]}},
{"type":"Feature","properties":{"admin_level":3,"name":"Phelawagh","name1":null,"name2":null,"name3":null,"x_coord":69.4653909,"y_coord":29.34400613,"adm4_name":null,"adm4_name1":null,"adm4_name2":null,"adm4_name3":null,"adm4_pcode":null,"adm3_name":"Phelawagh","adm3_name1":null,"adm3_name2":null,"adm3_name3":null,"adm3_pcode":"PK20402","adm2_name":"Dera Bugti","adm2_name1":null,"adm2_name2":null,"adm2_name3":null,"adm2_pcode":"PK204","adm1_name":"Balochistan","adm1_name1":null,"adm1_name2":null,"adm1_name3":null,"adm1_pcode":"PK2","adm0_name":"Pakistan","adm0_name1":null,"adm0_name2":null,"adm0_name3":null,"adm0_pcode":"PK","valid_on":"2022-09-09","valid_to":null,"version":"v01","lang":"en","lang1":null,"lang2":null,"lang3":null},"geometry":{"type":"Point","coordinates":[69.465390899,29.344006130000025]}},
{"type":"Feature","properties":{"admin_level":3,"name":"Sui","name1":null,"name2":null,"name3":null,"x_coord":68.97658904,"y_coord":28.74118222,"adm4_name":null,"adm4_name1":null,"adm4_name2":null,"adm4_name3":null,"adm4_pcode":null,"adm3_name":"Sui","adm3_name1":null,"adm3_name2":null,"adm3_name3":null,"adm3_pcode":"PK20403","adm2_name":"Dera Bugti","adm2_name1":null,"adm2_name2":null,"adm2_name3":null,"adm2_pcode":"PK204","adm1_name":"Balochistan","adm1_name1":null,"adm1_name2":null,"adm1_name3":null,"adm1_pcode":"PK2","adm0_name":"Pakistan","adm0_name1":null,"adm0_name2":null,"adm0_name3":null,"adm0_pcode":"PK","valid_on":"2022-09-09","valid_to":null,"version":"v01","lang":"en","lang1":null,"lang2":null,"lang3":null},"geometry":{"type":"Point","coordinates":[68.976589038000043,28.741182217000187]}},
{"type":"Feature","properties":{"admin_level":3,"name":"Gwadar","name1":null,"name2":null,"name3":null,"x_coord":62.28214168,"y_coord":25.32375218,"adm4_name":null,"adm4_name1":null,"adm4_name2":null,"adm4_name3":null,"adm4_pcode":null,"adm3_name":"Gwadar","adm3_name1":null,"adm3_name2":null,"adm3_name3":null,"adm3_pcode":"PK20501","adm2_name":"Gwadar","adm2_name1":null,"adm2_name2":null,"adm2_name3":null,"adm2_pcode":"PK205","adm1_name":"Balochistan","adm1_name1":null,"adm1_name2":null,"adm1_name3":null,"adm1_pcode":"PK2","adm0_name":"Pakistan","adm0_name1":null,"adm0_name2":null,"adm0_name3":null,"adm0_pcode":"PK","valid_on":"2022-09-09","valid_to":null,"version":"v01","lang":"en","lang1":null,"lang2":null,"lang3":null},"geometry":{"type":"Point","coordinates":[62.282141680000052,25.323752177000188]}},
{"type":"Feature","properties":{"admin_level":3,"name":"Jiwani","name1":null,"name2":null,"name3":null,"x_coord":61.83770337,"y_coord":25.14237803,"adm4_name":null,"adm4_name1":null,"adm4_name2":null,"adm4_name3":null,"adm4_pcode":null,"adm3_name":"Jiwani","adm3_name1":null,"adm3_name2":null,"adm3_name3":null,"adm3_pcode":"PK20502","adm2_name":"Gwadar","adm2_name1":null,"adm2_name2":null,"adm2_name3":null,"adm2_pcode":"PK205","adm1_name":"Balochistan","adm1_name1":null,"adm1_name2":null,"adm1_name3":null,"adm1_pcode":"PK2","adm0_name":"Pakistan","adm0_name1":null,"adm0_name2":null,"adm0_name3":null,"adm0_pcode":"PK","valid_on":"2022-09-09","valid_to":null,"version":"v01","lang":"en","lang1":null,"lang2":null,"lang3":null},"geometry":{"type":"Point","coordinates":[61.837703375000046,25.142378029000042]}},
{"type":"Feature","properties":{"admin_level":3,"name":"Ormara","name1":null,"name2":null,"name3":null,"x_coord":64.69725455,"y_coord":25.3791452,"adm4_name":null,"adm4_name1":null,"adm4_name2":null,"adm4_name3":null,"adm4_pcode":null,"adm3_name":"Ormara","adm3_name1":null,"adm3_name2":null,"adm3_name3":null,"adm3_pcode":"PK20503","adm2_name":"Gwadar","adm2_name1":null,"adm2_name2":null,"adm2_name3":null,"adm2_pcode":"PK205","adm1_name":"Balochistan","adm1_name1":null,"adm1_name2":null,"adm1_name3":null,"adm1_pcode":"PK2","adm0_name":"Pakistan","adm0_name1":null,"adm0_name2":null,"adm0_name3":null,"adm0_pcode":"PK","valid_on":"2022-09-09","valid_to":null,"version":"v01","lang":"en","lang1":null,"lang2":null,"lang3":null},"geometry":{"type":"Point","coordinates":[64.69725455400004,25.379145196000138]}},
{"type":"Feature","properties":{"admin_level":3,"name":"Pasni","name1":null,"name2":null,"name3":null,"x_coord":63.03448619,"y_coord":25.40624187,"adm4_name":null,"adm4_name1":null,"adm4_name2":null,"adm4_name3":null,"adm4_pcode":null,"adm3_name":"Pasni","adm3_name1":null,"adm3_name2":null,"adm3_name3":null,"adm3_pcode":"PK20504","adm2_name":"Gwadar","adm2_name1":null,"adm2_name2":null,"adm2_name3":null,"adm2_pcode":"PK205","adm1_name":"Balochistan","adm1_name1":null,"adm1_name2":null,"adm1_name3":null,"adm1_pcode":"PK2","adm0_name":"Pakistan","adm0_name1":null,"adm0_name2":null,"adm0_name3":null,"adm0_pcode":"PK","valid_on":"2022-09-09","valid_to":null,"version":"v01","lang":"en","lang1":null,"lang2":null,"lang3":null},"geometry":{"type":"Point","coordinates":[63.034486187000027,25.406241869000098]}},
{"type":"Feature","properties":{"admin_level":3,"name":"Sunster","name1":null,"name2":null,"name3":null,"x_coord":61.86234965,"y_coord":25.5244497,"adm4_name":null,"adm4_name1":null,"adm4_name2":null,"adm4_name3":null,"adm4_pcode":null,"adm3_name":"Sunster","adm3_name1":null,"adm3_name2":null,"adm3_name3":null,"adm3_pcode":"PK20505","adm2_name":"Gwadar","adm2_name1":null,"adm2_name2":null,"adm2_name3":null,"adm2_pcode":"PK205","adm1_name":"Balochistan","adm1_name1":null,"adm1_name2":null,"adm1_name3":null,"adm1_pcode":"PK2","adm0_name":"Pakistan","adm0_name1":null,"adm0_name2":null,"adm0_name3":null,"adm0_pcode":"PK","valid_on":"2022-09-09","valid_to":null,"version":"v01","lang":"en","lang1":null,"lang2":null,"lang3":null},"geometry":{"type":"Point","coordinates":[61.86234964700003,25.524449698000126]}},
{"type":"Feature","properties":{"admin_level":3,"name":"Harnai","name1":null,"name2":null,"name3":null,"x_coord":68.1996307,"y_coord":29.99804499,"adm4_name":null,"adm4_name1":null,"adm4_name2":null,"adm4_name3":null,"adm4_pcode":null,"adm3_name":"Harnai","adm3_name1":null,"adm3_name2":null,"adm3_name3":null,"adm3_pcode":"PK20601","adm2_name":"Harnai","adm2_name1":null,"adm2_name2":null,"adm2_name3":null,"adm2_pcode":"PK206","adm1_name":"Balochistan","adm1_name1":null,"adm1_name2":null,"adm1_name3":null,"adm1_pcode":"PK2","adm0_name":"Pakistan","adm0_name1":null,"adm0_name2":null,"adm0_name3":null,"adm0_pcode":"PK","valid_on":"2022-09-09","valid_to":null,"version":"v01","lang":"en","lang1":null,"lang2":null,"lang3":null},"geometry":{"type":"Point","coordinates":[68.199630704000185,29.99804498900005]}},
{"type":"Feature","properties":{"admin_level":3,"name":"Shahrigh","name1":null,"name2":null,"name3":null,"x_coord":67.58417753000001,"y_coord":30.20513948,"adm4_name":null,"adm4_name1":null,"adm4_name2":null,"adm4_name3":null,"adm4_pcode":null,"adm3_name":"Shahrigh","adm3_name1":null,"adm3_name2":null,"adm3_name3":null,"adm3_pcode":"PK20602","adm2_name":"Harnai","adm2_name1":null,"adm2_name2":null,"adm2_name3":null,"adm2_pcode":"PK206","adm1_name":"Balochistan","adm1_name1":null,"adm1_name2":null,"adm1_name3":null,"adm1_pcode":"PK2","adm0_name":"Pakistan","adm0_name1":null,"adm0_name2":null,"adm0_name3":null,"adm0_pcode":"PK","valid_on":"2022-09-09","valid_to":null,"version":"v01","lang":"en","lang1":null,"lang2":null,"lang3":null},"geometry":{"type":"Point","coordinates":[67.584177532000183,30.205139482000106]}},
{"type":"Feature","properties":{"admin_level":3,"name":"Gandakha","name1":null,"name2":null,"name3":null,"x_coord":67.7496685,"y_coord":28.07076795,"adm4_name":null,"adm4_name1":null,"adm4_name2":null,"adm4_name3":null,"adm4_pcode":null,"adm3_name":"Gandakha","adm3_name1":null,"adm3_name2":null,"adm3_name3":null,"adm3_pcode":"PK20701","adm2_name":"Jaffarabad","adm2_name1":null,"adm2_name2":null,"adm2_name3":null,"adm2_pcode":"PK207","adm1_name":"Balochistan","adm1_name1":null,"adm1_name2":null,"adm1_name3":null,"adm1_pcode":"PK2","adm0_name":"Pakistan","adm0_name1":null,"adm0_name2":null,"adm0_name3":null,"adm0_pcode":"PK","valid_on":"2022-09-09","valid_to":null,"version":"v01","lang":"en","lang1":null,"lang2":null,"lang3":null},"geometry":{"type":"Point","coordinates":[67.749668499000052,28.070767953000143]}},
{"type":"Feature","properties":{"admin_level":3,"name":"Jhat Pat","name1":null,"name2":null,"name3":null,"x_coord":68.24739834,"y_coord":28.39208735,"adm4_name":null,"adm4_name1":null,"adm4_name2":null,"adm4_name3":null,"adm4_pcode":null,"adm3_name":"Jhat Pat","adm3_name1":null,"adm3_name2":null,"adm3_name3":null,"adm3_pcode":"PK20702","adm2_name":"Jaffarabad","adm2_name1":null,"adm2_name2":null,"adm2_name3":null,"adm2_pcode":"PK207","adm1_name":"Balochistan","adm1_name1":null,"adm1_name2":null,"adm1_name3":null,"adm1_pcode":"PK2","adm0_name":"Pakistan","adm0_name1":null,"adm0_name2":null,"adm0_name3":null,"adm0_pcode":"PK","valid_on":"2022-09-09","valid_to":null,"version":"v01","lang":"en","lang1":null,"lang2":null,"lang3":null},"geometry":{"type":"Point","coordinates":[68.247398336000117,28.392087348000132]}},
{"type":"Feature","properties":{"admin_level":3,"name":"Usta Mohammad","name1":null,"name2":null,"name3":null,"x_coord":67.95675451,"y_coord":28.1379267,"adm4_name":null,"adm4_name1":null,"adm4_name2":null,"adm4_name3":null,"adm4_pcode":null,"adm3_name":"Usta Mohammad","adm3_name1":null,"adm3_name2":null,"adm3_name3":null,"adm3_pcode":"PK20703","adm2_name":"Jaffarabad","adm2_name1":null,"adm2_name2":null,"adm2_name3":null,"adm2_pcode":"PK207","adm1_name":"Balochistan","adm1_name1":null,"adm1_name2":null,"adm1_name3":null,"adm1_pcode":"PK2","adm0_name":"Pakistan","adm0_name1":null,"adm0_name2":null,"adm0_name3":null,"adm0_pcode":"PK","valid_on":"2022-09-09","valid_to":null,"version":"v01","lang":"en","lang1":null,"lang2":null,"lang3":null},"geometry":{"type":"Point","coordinates":[67.956754508000131,28.137926697000069]}},
{"type":"Feature","properties":{"admin_level":3,"name":"Gandawa","name1":null,"name2":null,"name3":null,"x_coord":67.64708513,"y_coord":28.50228281,"adm4_name":null,"adm4_name1":null,"adm4_name2":null,"adm4_name3":null,"adm4_pcode":null,"adm3_name":"Gandawa","adm3_name1":null,"adm3_name2":null,"adm3_name3":null,"adm3_pcode":"PK20801","adm2_name":"Jhal Magsi","adm2_name1":null,"adm2_name2":null,"adm2_name3":null,"adm2_pcode":"PK208","adm1_name":"Balochistan","adm1_name1":null,"adm1_name2":null,"adm1_name3":null,"adm1_pcode":"PK2","adm0_name":"Pakistan","adm0_name1":null,"adm0_name2":null,"adm0_name3":null,"adm0_pcode":"PK","valid_on":"2022-09-09","valid_to":null,"version":"v01","lang":"en","lang1":null,"lang2":null,"lang3":null},"geometry":{"type":"Point","coordinates":[67.647085134000122,28.502282813000136]}},
{"type":"Feature","properties":{"admin_level":3,"name":"Jhal Magsi","name1":null,"name2":null,"name3":null,"x_coord":67.51299284,"y_coord":28.21413093,"adm4_name":null,"adm4_name1":null,"adm4_name2":null,"adm4_name3":null,"adm4_pcode":null,"adm3_name":"Jhal Magsi","adm3_name1":null,"adm3_name2":null,"adm3_name3":null,"adm3_pcode":"PK20802","adm2_name":"Jhal Magsi","adm2_name1":null,"adm2_name2":null,"adm2_name3":null,"adm2_pcode":"PK208","adm1_name":"Balochistan","adm1_name1":null,"adm1_name2":null,"adm1_name3":null,"adm1_pcode":"PK2","adm0_name":"Pakistan","adm0_name1":null,"adm0_name2":null,"adm0_name3":null,"adm0_pcode":"PK","valid_on":"2022-09-09","valid_to":null,"version":"v01","lang":"en","lang1":null,"lang2":null,"lang3":null},"geometry":{"type":"Point","coordinates":[67.512992842000017,28.214130926000166]}},
{"type":"Feature","properties":{"admin_level":3,"name":"Dhadar","name1":null,"name2":null,"name3":null,"x_coord":67.62551875,"y_coord":29.48358875,"adm4_name":null,"adm4_name1":null,"adm4_name2":null,"adm4_name3":null,"adm4_pcode":null,"adm3_name":"Dhadar","adm3_name1":null,"adm3_name2":null,"adm3_name3":null,"adm3_pcode":"PK20901","adm2_name":"Kachhi","adm2_name1":null,"adm2_name2":null,"adm2_name3":null,"adm2_pcode":"PK209","adm1_name":"Balochistan","adm1_name1":null,"adm1_name2":null,"adm1_name3":null,"adm1_pcode":"PK2","adm0_name":"Pakistan","adm0_name1":null,"adm0_name2":null,"adm0_name3":null,"adm0_pcode":"PK","valid_on":"2022-09-09","valid_to":null,"version":"v01","lang":"en","lang1":null,"lang2":null,"lang3":null},"geometry":{"type":"Point","coordinates":[67.625518747000172,29.483588747000056]}},
{"type":"Feature","properties":{"admin_level":3,"name":"Mach","name1":null,"name2":null,"name3":null,"x_coord":67.40068434,"y_coord":29.70214989,"adm4_name":null,"adm4_name1":null,"adm4_name2":null,"adm4_name3":null,"adm4_pcode":null,"adm3_name":"Mach","adm3_name1":null,"adm3_name2":null,"adm3_name3":null,"adm3_pcode":"PK20902","adm2_name":"Kachhi","adm2_name1":null,"adm2_name2":null,"adm2_name3":null,"adm2_pcode":"PK209","adm1_name":"Balochistan","adm1_name1":null,"adm1_name2":null,"adm1_name3":null,"adm1_pcode":"PK2","adm0_name":"Pakistan","adm0_name1":null,"adm0_name2":null,"adm0_name3":null,"adm0_pcode":"PK","valid_on":"2022-09-09","valid_to":null,"version":"v01","lang":"en","lang1":null,"lang2":null,"lang3":null},"geometry":{"type":"Point","coordinates":[67.400684338000076,29.702149890000101]}},
{"type":"Feature","properties":{"admin_level":3,"name":"Sanni","name1":null,"name2":null,"name3":null,"x_coord":67.50128206,"y_coord":29.02268389,"adm4_name":null,"adm4_name1":null,"adm4_name2":null,"adm4_name3":null,"adm4_pcode":null,"adm3_name":"Sanni","adm3_name1":null,"adm3_name2":null,"adm3_name3":null,"adm3_pcode":"PK20903","adm2_name":"Kachhi","adm2_name1":null,"adm2_name2":null,"adm2_name3":null,"adm2_pcode":"PK209","adm1_name":"Balochistan","adm1_name1":null,"adm1_name2":null,"adm1_name3":null,"adm1_pcode":"PK2","adm0_name":"Pakistan","adm0_name1":null,"adm0_name2":null,"adm0_name3":null,"adm0_pcode":"PK","valid_on":"2022-09-09","valid_to":null,"version":"v01","lang":"en","lang1":null,"lang2":null,"lang3":null},"geometry":{"type":"Point","coordinates":[67.501282059000175,29.022683891000156]}},
{"type":"Feature","properties":{"admin_level":3,"name":"Balanari","name1":null,"name2":null,"name3":null,"x_coord":67.84053953,"y_coord":29.27763653,"adm4_name":null,"adm4_name1":null,"adm4_name2":null,"adm4_name3":null,"adm4_pcode":null,"adm3_name":"Balanari","adm3_name1":null,"adm3_name2":null,"adm3_name3":null,"adm3_pcode":"PK20904","adm2_name":"Kachhi","adm2_name1":null,"adm2_name2":null,"adm2_name3":null,"adm2_pcode":"PK209","adm1_name":"Balochistan","adm1_name1":null,"adm1_name2":null,"adm1_name3":null,"adm1_pcode":"PK2","adm0_name":"Pakistan","adm0_name1":null,"adm0_name2":null,"adm0_name3":null,"adm0_pcode":"PK","valid_on":"2022-09-09","valid_to":null,"version":"v01","lang":"en","lang1":null,"lang2":null,"lang3":null},"geometry":{"type":"Point","coordinates":[67.840539530000058,29.277636528000187]}},
{"type":"Feature","properties":{"admin_level":3,"name":"Khattan","name1":null,"name2":null,"name3":null,"x_coord":67.67237936,"y_coord":29.20025678,"adm4_name":null,"adm4_name1":null,"adm4_name2":null,"adm4_name3":null,"adm4_pcode":null,"adm3_name":"Khattan","adm3_name1":null,"adm3_name2":null,"adm3_name3":null,"adm3_pcode":"PK20905","adm2_name":"Kachhi","adm2_name1":null,"adm2_name2":null,"adm2_name3":null,"adm2_pcode":"PK209","adm1_name":"Balochistan","adm1_name1":null,"adm1_name2":null,"adm1_name3":null,"adm1_pcode":"PK2","adm0_name":"Pakistan","adm0_name1":null,"adm0_name2":null,"adm0_name3":null,"adm0_pcode":"PK","valid_on":"2022-09-09","valid_to":null,"version":"v01","lang":"en","lang1":null,"lang2":null,"lang3":null},"geometry":{"type":"Point","coordinates":[67.672379362000072,29.200256778000096]}},
{"type":"Feature","properties":{"admin_level":3,"name":"Kalat","name1":null,"name2":null,"name3":null,"x_coord":66.76137633,"y_coord":29.04165437,"adm4_name":null,"adm4_name1":null,"adm4_name2":null,"adm4_name3":null,"adm4_pcode":null,"adm3_name":"Kalat","adm3_name1":null,"adm3_name2":null,"adm3_name3":null,"adm3_pcode":"PK21001","adm2_name":"Kalat","adm2_name1":null,"adm2_name2":null,"adm2_name3":null,"adm2_pcode":"PK210","adm1_name":"Balochistan","adm1_name1":null,"adm1_name2":null,"adm1_name3":null,"adm1_pcode":"PK2","adm0_name":"Pakistan","adm0_name1":null,"adm0_name2":null,"adm0_name3":null,"adm0_pcode":"PK","valid_on":"2022-09-09","valid_to":null,"version":"v01","lang":"en","lang1":null,"lang2":null,"lang3":null},"geometry":{"type":"Point","coordinates":[66.761376335000136,29.041654368000081]}},
{"type":"Feature","properties":{"admin_level":3,"name":"Khaliqabad","name1":null,"name2":null,"name3":null,"x_coord":66.60807504,"y_coord":29.43553245,"adm4_name":null,"adm4_name1":null,"adm4_name2":null,"adm4_name3":null,"adm4_pcode":null,"adm3_name":"Khaliqabad","adm3_name1":null,"adm3_name2":null,"adm3_name3":null,"adm3_pcode":"PK21002","adm2_name":"Kalat","adm2_name1":null,"adm2_name2":null,"adm2_name3":null,"adm2_pcode":"PK210","adm1_name":"Balochistan","adm1_name1":null,"adm1_name2":null,"adm1_name3":null,"adm1_pcode":"PK2","adm0_name":"Pakistan","adm0_name1":null,"adm0_name2":null,"adm0_name3":null,"adm0_pcode":"PK","valid_on":"2022-09-09","valid_to":null,"version":"v01","lang":"en","lang1":null,"lang2":null,"lang3":null},"geometry":{"type":"Point","coordinates":[66.608075038000095,29.435532453000064]}},
{"type":"Feature","properties":{"admin_level":3,"name":"Buleda","name1":null,"name2":null,"name3":null,"x_coord":63.07679624,"y_coord":26.41358943,"adm4_name":null,"adm4_name1":null,"adm4_name2":null,"adm4_name3":null,"adm4_pcode":null,"adm3_name":"Buleda","adm3_name1":null,"adm3_name2":null,"adm3_name3":null,"adm3_pcode":"PK21101","adm2_name":"Kech","adm2_name1":null,"adm2_name2":null,"adm2_name3":null,"adm2_pcode":"PK211","adm1_name":"Balochistan","adm1_name1":null,"adm1_name2":null,"adm1_name3":null,"adm1_pcode":"PK2","adm0_name":"Pakistan","adm0_name1":null,"adm0_name2":null,"adm0_name3":null,"adm0_pcode":"PK","valid_on":"2022-09-09","valid_to":null,"version":"v01","lang":"en","lang1":null,"lang2":null,"lang3":null},"geometry":{"type":"Point","coordinates":[63.076796237999986,26.413589433000141]}},
{"type":"Feature","properties":{"admin_level":3,"name":"Dasht","name1":null,"name2":null,"name3":null,"x_coord":62.61547125,"y_coord":25.70883416,"adm4_name":null,"adm4_name1":null,"adm4_name2":null,"adm4_name3":null,"adm4_pcode":null,"adm3_name":"Dasht","adm3_name1":null,"adm3_name2":null,"adm3_name3":null,"adm3_pcode":"PK21102","adm2_name":"Kech","adm2_name1":null,"adm2_name2":null,"adm2_name3":null,"adm2_pcode":"PK211","adm1_name":"Balochistan","adm1_name1":null,"adm1_name2":null,"adm1_name3":null,"adm1_pcode":"PK2","adm0_name":"Pakistan","adm0_name1":null,"adm0_name2":null,"adm0_name3":null,"adm0_pcode":"PK","valid_on":"2022-09-09","valid_to":null,"version":"v01","lang":"en","lang1":null,"lang2":null,"lang3":null},"geometry":{"type":"Point","coordinates":[62.615471248000176,25.70883416200013]}},
{"type":"Feature","properties":{"admin_level":3,"name":"Kech (Turbat)","name1":null,"name2":null,"name3":null,"x_coord":63.63912987,"y_coord":25.83963767,"adm4_name":null,"adm4_name1":null,"adm4_name2":null,"adm4_name3":null,"adm4_pcode":null,"adm3_name":"Kech (Turbat)","adm3_name1":null,"adm3_name2":null,"adm3_name3":null,"adm3_pcode":"PK21103","adm2_name":"Kech","adm2_name1":null,"adm2_name2":null,"adm2_name3":null,"adm2_pcode":"PK211","adm1_name":"Balochistan","adm1_name1":null,"adm1_name2":null,"adm1_name3":null,"adm1_pcode":"PK2","adm0_name":"Pakistan","adm0_name1":null,"adm0_name2":null,"adm0_name3":null,"adm0_pcode":"PK","valid_on":"2022-09-09","valid_to":null,"version":"v01","lang":"en","lang1":null,"lang2":null,"lang3":null},"geometry":{"type":"Point","coordinates":[63.639129871000193,25.839637665000112]}},
{"type":"Feature","properties":{"admin_level":3,"name":"Mand","name1":null,"name2":null,"name3":null,"x_coord":61.96107916,"y_coord":26.0261942,"adm4_name":null,"adm4_name1":null,"adm4_name2":null,"adm4_name3":null,"adm4_pcode":null,"adm3_name":"Mand","adm3_name1":null,"adm3_name2":null,"adm3_name3":null,"adm3_pcode":"PK21104","adm2_name":"Kech","adm2_name1":null,"adm2_name2":null,"adm2_name3":null,"adm2_pcode":"PK211","adm1_name":"Balochistan","adm1_name1":null,"adm1_name2":null,"adm1_name3":null,"adm1_pcode":"PK2","adm0_name":"Pakistan","adm0_name1":null,"adm0_name2":null,"adm0_name3":null,"adm0_pcode":"PK","valid_on":"2022-09-09","valid_to":null,"version":"v01","lang":"en","lang1":null,"lang2":null,"lang3":null},"geometry":{"type":"Point","coordinates":[61.961079157000029,26.026194202000113]}},
{"type":"Feature","properties":{"admin_level":3,"name":"Tump","name1":null,"name2":null,"name3":null,"x_coord":62.40821539,"y_coord":26.24285388,"adm4_name":null,"adm4_name1":null,"adm4_name2":null,"adm4_name3":null,"adm4_pcode":null,"adm3_name":"Tump","adm3_name1":null,"adm3_name2":null,"adm3_name3":null,"adm3_pcode":"PK21105","adm2_name":"Kech","adm2_name1":null,"adm2_name2":null,"adm2_name3":null,"adm2_pcode":"PK211","adm1_name":"Balochistan","adm1_name1":null,"adm1_name2":null,"adm1_name3":null,"adm1_pcode":"PK2","adm0_name":"Pakistan","adm0_name1":null,"adm0_name2":null,"adm0_name3":null,"adm0_pcode":"PK","valid_on":"2022-09-09","valid_to":null,"version":"v01","lang":"en","lang1":null,"lang2":null,"lang3":null},"geometry":{"type":"Point","coordinates":[62.408215394000138,26.242853877000073]}},
{"type":"Feature","properties":{"admin_level":3,"name":"Kharan","name1":null,"name2":null,"name3":null,"x_coord":65.69153516,"y_coord":28.90973868,"adm4_name":null,"adm4_name1":null,"adm4_name2":null,"adm4_name3":null,"adm4_pcode":null,"adm3_name":"Kharan","adm3_name1":null,"adm3_name2":null,"adm3_name3":null,"adm3_pcode":"PK21201","adm2_name":"Kharan","adm2_name1":null,"adm2_name2":null,"adm2_name3":null,"adm2_pcode":"PK212","adm1_name":"Balochistan","adm1_name1":null,"adm1_name2":null,"adm1_name3":null,"adm1_pcode":"PK2","adm0_name":"Pakistan","adm0_name1":null,"adm0_name2":null,"adm0_name3":null,"adm0_pcode":"PK","valid_on":"2022-09-09","valid_to":null,"version":"v01","lang":"en","lang1":null,"lang2":null,"lang3":null},"geometry":{"type":"Point","coordinates":[65.691535158000192,28.909738685000093]}},
{"type":"Feature","properties":{"admin_level":3,"name":"Sar Kharan","name1":null,"name2":null,"name3":null,"x_coord":65.60853743,"y_coord":28.3995427,"adm4_name":null,"adm4_name1":null,"adm4_name2":null,"adm4_name3":null,"adm4_pcode":null,"adm3_name":"Sar Kharan","adm3_name1":null,"adm3_name2":null,"adm3_name3":null,"adm3_pcode":"PK21202","adm2_name":"Kharan","adm2_name1":null,"adm2_name2":null,"adm2_name3":null,"adm2_pcode":"PK212","adm1_name":"Balochistan","adm1_name1":null,"adm1_name2":null,"adm1_name3":null,"adm1_pcode":"PK2","adm0_name":"Pakistan","adm0_name1":null,"adm0_name2":null,"adm0_name3":null,"adm0_pcode":"PK","valid_on":"2022-09-09","valid_to":null,"version":"v01","lang":"en","lang1":null,"lang2":null,"lang3":null},"geometry":{"type":"Point","coordinates":[65.608537425000065,28.399542701000144]}},
{"type":"Feature","properties":{"admin_level":3,"name":"Tomulk","name1":null,"name2":null,"name3":null,"x_coord":65.18395433000001,"y_coord":28.62652904,"adm4_name":null,"adm4_name1":null,"adm4_name2":null,"adm4_name3":null,"adm4_pcode":null,"adm3_name":"Tomulk","adm3_name1":null,"adm3_name2":null,"adm3_name3":null,"adm3_pcode":"PK21203","adm2_name":"Kharan","adm2_name1":null,"adm2_name2":null,"adm2_name3":null,"adm2_pcode":"PK212","adm1_name":"Balochistan","adm1_name1":null,"adm1_name2":null,"adm1_name3":null,"adm1_pcode":"PK2","adm0_name":"Pakistan","adm0_name1":null,"adm0_name2":null,"adm0_name3":null,"adm0_pcode":"PK","valid_on":"2022-09-09","valid_to":null,"version":"v01","lang":"en","lang1":null,"lang2":null,"lang3":null},"geometry":{"type":"Point","coordinates":[65.183954326000105,28.626529037000182]}},
{"type":"Feature","properties":{"admin_level":3,"name":"Khuzdar","name1":null,"name2":null,"name3":null,"x_coord":66.63078328,"y_coord":27.63260912,"adm4_name":null,"adm4_name1":null,"adm4_name2":null,"adm4_name3":null,"adm4_pcode":null,"adm3_name":"Khuzdar","adm3_name1":null,"adm3_name2":null,"adm3_name3":null,"adm3_pcode":"PK21301","adm2_name":"Khuzdar","adm2_name1":null,"adm2_name2":null,"adm2_name3":null,"adm2_pcode":"PK213","adm1_name":"Balochistan","adm1_name1":null,"adm1_name2":null,"adm1_name3":null,"adm1_pcode":"PK2","adm0_name":"Pakistan","adm0_name1":null,"adm0_name2":null,"adm0_name3":null,"adm0_pcode":"PK","valid_on":"2022-09-09","valid_to":null,"version":"v01","lang":"en","lang1":null,"lang2":null,"lang3":null},"geometry":{"type":"Point","coordinates":[66.630783280000117,27.632609123000066]}},
{"type":"Feature","properties":{"admin_level":3,"name":"Mola","name1":null,"name2":null,"name3":null,"x_coord":67.05099611,"y_coord":28.01871126,"adm4_name":null,"adm4_name1":null,"adm4_name2":null,"adm4_name3":null,"adm4_pcode":null,"adm3_name":"Mola","adm3_name1":null,"adm3_name2":null,"adm3_name3":null,"adm3_pcode":"PK21302","adm2_name":"Khuzdar","adm2_name1":null,"adm2_name2":null,"adm2_name3":null,"adm2_pcode":"PK213","adm1_name":"Balochistan","adm1_name1":null,"adm1_name2":null,"adm1_name3":null,"adm1_pcode":"PK2","adm0_name":"Pakistan","adm0_name1":null,"adm0_name2":null,"adm0_name3":null,"adm0_pcode":"PK","valid_on":"2022-09-09","valid_to":null,"version":"v01","lang":"en","lang1":null,"lang2":null,"lang3":null},"geometry":{"type":"Point","coordinates":[67.050996114000043,28.018711256000188]}},
{"type":"Feature","properties":{"admin_level":3,"name":"Naal","name1":null,"name2":null,"name3":null,"x_coord":66.21896863000001,"y_coord":27.10649807,"adm4_name":null,"adm4_name1":null,"adm4_name2":null,"adm4_name3":null,"adm4_pcode":null,"adm3_name":"Naal","adm3_name1":null,"adm3_name2":null,"adm3_name3":null,"adm3_pcode":"PK21303","adm2_name":"Khuzdar","adm2_name1":null,"adm2_name2":null,"adm2_name3":null,"adm2_pcode":"PK213","adm1_name":"Balochistan","adm1_name1":null,"adm1_name2":null,"adm1_name3":null,"adm1_pcode":"PK2","adm0_name":"Pakistan","adm0_name1":null,"adm0_name2":null,"adm0_name3":null,"adm0_pcode":"PK","valid_on":"2022-09-09","valid_to":null,"version":"v01","lang":"en","lang1":null,"lang2":null,"lang3":null},"geometry":{"type":"Point","coordinates":[66.21896863000012,27.106498069000111]}},
{"type":"Feature","properties":{"admin_level":3,"name":"Wadh","name1":null,"name2":null,"name3":null,"x_coord":66.70045498,"y_coord":26.64820135,"adm4_name":null,"adm4_name1":null,"adm4_name2":null,"adm4_name3":null,"adm4_pcode":null,"adm3_name":"Wadh","adm3_name1":null,"adm3_name2":null,"adm3_name3":null,"adm3_pcode":"PK21304","adm2_name":"Khuzdar","adm2_name1":null,"adm2_name2":null,"adm2_name3":null,"adm2_pcode":"PK213","adm1_name":"Balochistan","adm1_name1":null,"adm1_name2":null,"adm1_name3":null,"adm1_pcode":"PK2","adm0_name":"Pakistan","adm0_name1":null,"adm0_name2":null,"adm0_name3":null,"adm0_pcode":"PK","valid_on":"2022-09-09","valid_to":null,"version":"v01","lang":"en","lang1":null,"lang2":null,"lang3":null},"geometry":{"type":"Point","coordinates":[66.700454985000022,26.648201354000093]}},
{"type":"Feature","properties":{"admin_level":3,"name":"Zehri","name1":null,"name2":null,"name3":null,"x_coord":66.91963022,"y_coord":28.58276627,"adm4_name":null,"adm4_name1":null,"adm4_name2":null,"adm4_name3":null,"adm4_pcode":null,"adm3_name":"Zehri","adm3_name1":null,"adm3_name2":null,"adm3_name3":null,"adm3_pcode":"PK21305","adm2_name":"Khuzdar","adm2_name1":null,"adm2_name2":null,"adm2_name3":null,"adm2_pcode":"PK213","adm1_name":"Balochistan","adm1_name1":null,"adm1_name2":null,"adm1_name3":null,"adm1_pcode":"PK2","adm0_name":"Pakistan","adm0_name1":null,"adm0_name2":null,"adm0_name3":null,"adm0_pcode":"PK","valid_on":"2022-09-09","valid_to":null,"version":"v01","lang":"en","lang1":null,"lang2":null,"lang3":null},"geometry":{"type":"Point","coordinates":[66.919630217000019,28.582766268000057]}},
{"type":"Feature","properties":{"admin_level":3,"name":"Dobandi","name1":null,"name2":null,"name3":null,"x_coord":67.02418538000001,"y_coord":31.11628248,"adm4_name":null,"adm4_name1":null,"adm4_name2":null,"adm4_name3":null,"adm4_pcode":null,"adm3_name":"Dobandi","adm3_name1":null,"adm3_name2":null,"adm3_name3":null,"adm3_pcode":"PK21402","adm2_name":"Killa Abdullah","adm2_name1":null,"adm2_name2":null,"adm2_name3":null,"adm2_pcode":"PK214","adm1_name":"Balochistan","adm1_name1":null,"adm1_name2":null,"adm1_name3":null,"adm1_pcode":"PK2","adm0_name":"Pakistan","adm0_name1":null,"adm0_name2":null,"adm0_name3":null,"adm0_pcode":"PK","valid_on":"2022-09-09","valid_to":null,"version":"v01","lang":"en","lang1":null,"lang2":null,"lang3":null},"geometry":{"type":"Point","coordinates":[67.024185385000123,31.11628248400018]}},
{"type":"Feature","properties":{"admin_level":3,"name":"Gulistan","name1":null,"name2":null,"name3":null,"x_coord":66.41864056,"y_coord":30.29003257,"adm4_name":null,"adm4_name1":null,"adm4_name2":null,"adm4_name3":null,"adm4_pcode":null,"adm3_name":"Gulistan","adm3_name1":null,"adm3_name2":null,"adm3_name3":null,"adm3_pcode":"PK21403","adm2_name":"Killa Abdullah","adm2_name1":null,"adm2_name2":null,"adm2_name3":null,"adm2_pcode":"PK214","adm1_name":"Balochistan","adm1_name1":null,"adm1_name2":null,"adm1_name3":null,"adm1_pcode":"PK2","adm0_name":"Pakistan","adm0_name1":null,"adm0_name2":null,"adm0_name3":null,"adm0_pcode":"PK","valid_on":"2022-09-09","valid_to":null,"version":"v01","lang":"en","lang1":null,"lang2":null,"lang3":null},"geometry":{"type":"Point","coordinates":[66.418640556000071,30.290032572000143]}},
{"type":"Feature","properties":{"admin_level":3,"name":"Killa Abdullah","name1":null,"name2":null,"name3":null,"x_coord":66.70220163,"y_coord":30.71669335,"adm4_name":null,"adm4_name1":null,"adm4_name2":null,"adm4_name3":null,"adm4_pcode":null,"adm3_name":"Killa Abdullah","adm3_name1":null,"adm3_name2":null,"adm3_name3":null,"adm3_pcode":"PK21404","adm2_name":"Killa Abdullah","adm2_name1":null,"adm2_name2":null,"adm2_name3":null,"adm2_pcode":"PK214","adm1_name":"Balochistan","adm1_name1":null,"adm1_name2":null,"adm1_name3":null,"adm1_pcode":"PK2","adm0_name":"Pakistan","adm0_name1":null,"adm0_name2":null,"adm0_name3":null,"adm0_pcode":"PK","valid_on":"2022-09-09","valid_to":null,"version":"v01","lang":"en","lang1":null,"lang2":null,"lang3":null},"geometry":{"type":"Point","coordinates":[66.702201634000062,30.716693347000046]}},
{"type":"Feature","properties":{"admin_level":3,"name":"Killa Saifullah","name1":null,"name2":null,"name3":null,"x_coord":68.70129494,"y_coord":31.05339652,"adm4_name":null,"adm4_name1":null,"adm4_name2":null,"adm4_name3":null,"adm4_pcode":null,"adm3_name":"Killa Saifullah","adm3_name1":null,"adm3_name2":null,"adm3_name3":null,"adm3_pcode":"PK21501","adm2_name":"Killa Saifullah","adm2_name1":null,"adm2_name2":null,"adm2_name3":null,"adm2_pcode":"PK215","adm1_name":"Balochistan","adm1_name1":null,"adm1_name2":null,"adm1_name3":null,"adm1_pcode":"PK2","adm0_name":"Pakistan","adm0_name1":null,"adm0_name2":null,"adm0_name3":null,"adm0_pcode":"PK","valid_on":"2022-09-09","valid_to":null,"version":"v01","lang":"en","lang1":null,"lang2":null,"lang3":null},"geometry":{"type":"Point","coordinates":[68.701294940000139,31.053396516000134]}},
{"type":"Feature","properties":{"admin_level":3,"name":"Muslim Bagh","name1":null,"name2":null,"name3":null,"x_coord":67.91908499,"y_coord":31.00227356,"adm4_name":null,"adm4_name1":null,"adm4_name2":null,"adm4_name3":null,"adm4_pcode":null,"adm3_name":"Muslim Bagh","adm3_name1":null,"adm3_name2":null,"adm3_name3":null,"adm3_pcode":"PK21502","adm2_name":"Killa Saifullah","adm2_name1":null,"adm2_name2":null,"adm2_name3":null,"adm2_pcode":"PK215","adm1_name":"Balochistan","adm1_name1":null,"adm1_name2":null,"adm1_name3":null,"adm1_pcode":"PK2","adm0_name":"Pakistan","adm0_name1":null,"adm0_name2":null,"adm0_name3":null,"adm0_pcode":"PK","valid_on":"2022-09-09","valid_to":null,"version":"v01","lang":"en","lang1":null,"lang2":null,"lang3":null},"geometry":{"type":"Point","coordinates":[67.919084988000122,31.002273561000152]}},
{"type":"Feature","properties":{"admin_level":3,"name":"Kahan","name1":null,"name2":null,"name3":null,"x_coord":68.8063717,"y_coord":29.46431238,"adm4_name":null,"adm4_name1":null,"adm4_name2":null,"adm4_name3":null,"adm4_pcode":null,"adm3_name":"Kahan","adm3_name1":null,"adm3_name2":null,"adm3_name3":null,"adm3_pcode":"PK21601","adm2_name":"Kohlu","adm2_name1":null,"adm2_name2":null,"adm2_name3":null,"adm2_pcode":"PK216","adm1_name":"Balochistan","adm1_name1":null,"adm1_name2":null,"adm1_name3":null,"adm1_pcode":"PK2","adm0_name":"Pakistan","adm0_name1":null,"adm0_name2":null,"adm0_name3":null,"adm0_pcode":"PK","valid_on":"2022-09-09","valid_to":null,"version":"v01","lang":"en","lang1":null,"lang2":null,"lang3":null},"geometry":{"type":"Point","coordinates":[68.806371702000035,29.464312384000038]}},
{"type":"Feature","properties":{"admin_level":3,"name":"Kohlu","name1":null,"name2":null,"name3":null,"x_coord":69.17771998000001,"y_coord":29.8985614,"adm4_name":null,"adm4_name1":null,"adm4_name2":null,"adm4_name3":null,"adm4_pcode":null,"adm3_name":"Kohlu","adm3_name1":null,"adm3_name2":null,"adm3_name3":null,"adm3_pcode":"PK21602","adm2_name":"Kohlu","adm2_name1":null,"adm2_name2":null,"adm2_name3":null,"adm2_pcode":"PK216","adm1_name":"Balochistan","adm1_name1":null,"adm1_name2":null,"adm1_name3":null,"adm1_pcode":"PK2","adm0_name":"Pakistan","adm0_name1":null,"adm0_name2":null,"adm0_name3":null,"adm0_pcode":"PK","valid_on":"2022-09-09","valid_to":null,"version":"v01","lang":"en","lang1":null,"lang2":null,"lang3":null},"geometry":{"type":"Point","coordinates":[69.17771997900013,29.898561397000037]}},
{"type":"Feature","properties":{"admin_level":3,"name":"Mawand","name1":null,"name2":null,"name3":null,"x_coord":68.79940636000001,"y_coord":29.75230493,"adm4_name":null,"adm4_name1":null,"adm4_name2":null,"adm4_name3":null,"adm4_pcode":null,"adm3_name":"Mawand","adm3_name1":null,"adm3_name2":null,"adm3_name3":null,"adm3_pcode":"PK21603","adm2_name":"Kohlu","adm2_name1":null,"adm2_name2":null,"adm2_name3":null,"adm2_pcode":"PK216","adm1_name":"Balochistan","adm1_name1":null,"adm1_name2":null,"adm1_name3":null,"adm1_pcode":"PK2","adm0_name":"Pakistan","adm0_name1":null,"adm0_name2":null,"adm0_name3":null,"adm0_pcode":"PK","valid_on":"2022-09-09","valid_to":null,"version":"v01","lang":"en","lang1":null,"lang2":null,"lang3":null},"geometry":{"type":"Point","coordinates":[68.799406361000024,29.752304932000015]}},
{"type":"Feature","properties":{"admin_level":3,"name":"Bela","name1":null,"name2":null,"name3":null,"x_coord":66.38964499,"y_coord":26.24877342,"adm4_name":null,"adm4_name1":null,"adm4_name2":null,"adm4_name3":null,"adm4_pcode":null,"adm3_name":"Bela","adm3_name1":null,"adm3_name2":null,"adm3_name3":null,"adm3_pcode":"PK21701","adm2_name":"Lasbela","adm2_name1":null,"adm2_name2":null,"adm2_name3":null,"adm2_pcode":"PK217","adm1_name":"Balochistan","adm1_name1":null,"adm1_name2":null,"adm1_name3":null,"adm1_pcode":"PK2","adm0_name":"Pakistan","adm0_name1":null,"adm0_name2":null,"adm0_name3":null,"adm0_pcode":"PK","valid_on":"2022-09-09","valid_to":null,"version":"v01","lang":"en","lang1":null,"lang2":null,"lang3":null},"geometry":{"type":"Point","coordinates":[66.389644990000079,26.24877342000002]}},
{"type":"Feature","properties":{"admin_level":3,"name":"Dureji","name1":null,"name2":null,"name3":null,"x_coord":67.26453583,"y_coord":25.98610264,"adm4_name":null,"adm4_name1":null,"adm4_name2":null,"adm4_name3":null,"adm4_pcode":null,"adm3_name":"Dureji","adm3_name1":null,"adm3_name2":null,"adm3_name3":null,"adm3_pcode":"PK21702","adm2_name":"Lasbela","adm2_name1":null,"adm2_name2":null,"adm2_name3":null,"adm2_pcode":"PK217","adm1_name":"Balochistan","adm1_name1":null,"adm1_name2":null,"adm1_name3":null,"adm1_pcode":"PK2","adm0_name":"Pakistan","adm0_name1":null,"adm0_name2":null,"adm0_name3":null,"adm0_pcode":"PK","valid_on":"2022-09-09","valid_to":null,"version":"v01","lang":"en","lang1":null,"lang2":null,"lang3":null},"geometry":{"type":"Point","coordinates":[67.264535832000035,25.986102642000105]}},
{"type":"Feature","properties":{"admin_level":3,"name":"Gaddani","name1":null,"name2":null,"name3":null,"x_coord":66.80056676,"y_coord":25.06402941,"adm4_name":null,"adm4_name1":null,"adm4_name2":null,"adm4_name3":null,"adm4_pcode":null,"adm3_name":"Gaddani","adm3_name1":null,"adm3_name2":null,"adm3_name3":null,"adm3_pcode":"PK21703","adm2_name":"Lasbela","adm2_name1":null,"adm2_name2":null,"adm2_name3":null,"adm2_pcode":"PK217","adm1_name":"Balochistan","adm1_name1":null,"adm1_name2":null,"adm1_name3":null,"adm1_pcode":"PK2","adm0_name":"Pakistan","adm0_name1":null,"adm0_name2":null,"adm0_name3":null,"adm0_pcode":"PK","valid_on":"2022-09-09","valid_to":null,"version":"v01","lang":"en","lang1":null,"lang2":null,"lang3":null},"geometry":{"type":"Point","coordinates":[66.800566763000177,25.064029415000107]}},
{"type":"Feature","properties":{"admin_level":3,"name":"Hub","name1":null,"name2":null,"name3":null,"x_coord":66.97178355,"y_coord":25.20395504,"adm4_name":null,"adm4_name1":null,"adm4_name2":null,"adm4_name3":null,"adm4_pcode":null,"adm3_name":"Hub","adm3_name1":null,"adm3_name2":null,"adm3_name3":null,"adm3_pcode":"PK21704","adm2_name":"Lasbela","adm2_name1":null,"adm2_name2":null,"adm2_name3":null,"adm2_pcode":"PK217","adm1_name":"Balochistan","adm1_name1":null,"adm1_name2":null,"adm1_name3":null,"adm1_pcode":"PK2","adm0_name":"Pakistan","adm0_name1":null,"adm0_name2":null,"adm0_name3":null,"adm0_pcode":"PK","valid_on":"2022-09-09","valid_to":null,"version":"v01","lang":"en","lang1":null,"lang2":null,"lang3":null},"geometry":{"type":"Point","coordinates":[66.971783551000101,25.203955034999979]}},
{"type":"Feature","properties":{"admin_level":3,"name":"Kanraj","name1":null,"name2":null,"name3":null,"x_coord":66.83499296,"y_coord":26.10461979,"adm4_name":null,"adm4_name1":null,"adm4_name2":null,"adm4_name3":null,"adm4_pcode":null,"adm3_name":"Kanraj","adm3_name1":null,"adm3_name2":null,"adm3_name3":null,"adm3_pcode":"PK21705","adm2_name":"Lasbela","adm2_name1":null,"adm2_name2":null,"adm2_name3":null,"adm2_pcode":"PK217","adm1_name":"Balochistan","adm1_name1":null,"adm1_name2":null,"adm1_name3":null,"adm1_pcode":"PK2","adm0_name":"Pakistan","adm0_name1":null,"adm0_name2":null,"adm0_name3":null,"adm0_pcode":"PK","valid_on":"2022-09-09","valid_to":null,"version":"v01","lang":"en","lang1":null,"lang2":null,"lang3":null},"geometry":{"type":"Point","coordinates":[66.834992959000033,26.104619792000051]}},
{"type":"Feature","properties":{"admin_level":3,"name":"Sonmiani","name1":null,"name2":null,"name3":null,"x_coord":66.77933173,"y_coord":25.41630363,"adm4_name":null,"adm4_name1":null,"adm4_name2":null,"adm4_name3":null,"adm4_pcode":null,"adm3_name":"Sonmiani","adm3_name1":null,"adm3_name2":null,"adm3_name3":null,"adm3_pcode":"PK21706","adm2_name":"Lasbela","adm2_name1":null,"adm2_name2":null,"adm2_name3":null,"adm2_pcode":"PK217","adm1_name":"Balochistan","adm1_name1":null,"adm1_name2":null,"adm1_name3":null,"adm1_pcode":"PK2","adm0_name":"Pakistan","adm0_name1":null,"adm0_name2":null,"adm0_name3":null,"adm0_pcode":"PK","valid_on":"2022-09-09","valid_to":null,"version":"v01","lang":"en","lang1":null,"lang2":null,"lang3":null},"geometry":{"type":"Point","coordinates":[66.779331732000117,25.41630363500002]}},
{"type":"Feature","properties":{"admin_level":3,"name":"Uthal","name1":null,"name2":null,"name3":null,"x_coord":66.65561499,"y_coord":25.85750025,"adm4_name":null,"adm4_name1":null,"adm4_name2":null,"adm4_name3":null,"adm4_pcode":null,"adm3_name":"Uthal","adm3_name1":null,"adm3_name2":null,"adm3_name3":null,"adm3_pcode":"PK21707","adm2_name":"Lasbela","adm2_name1":null,"adm2_name2":null,"adm2_name3":null,"adm2_pcode":"PK217","adm1_name":"Balochistan","adm1_name1":null,"adm1_name2":null,"adm1_name3":null,"adm1_pcode":"PK2","adm0_name":"Pakistan","adm0_name1":null,"adm0_name2":null,"adm0_name3":null,"adm0_pcode":"PK","valid_on":"2022-09-09","valid_to":null,"version":"v01","lang":"en","lang1":null,"lang2":null,"lang3":null},"geometry":{"type":"Point","coordinates":[66.655614992000153,25.857500253000126]}},
{"type":"Feature","properties":{"admin_level":3,"name":"Lakhra","name1":null,"name2":null,"name3":null,"x_coord":66.34046026,"y_coord":25.87180777,"adm4_name":null,"adm4_name1":null,"adm4_name2":null,"adm4_name3":null,"adm4_pcode":null,"adm3_name":"Lakhra","adm3_name1":null,"adm3_name2":null,"adm3_name3":null,"adm3_pcode":"PK21708","adm2_name":"Lasbela","adm2_name1":null,"adm2_name2":null,"adm2_name3":null,"adm2_pcode":"PK217","adm1_name":"Balochistan","adm1_name1":null,"adm1_name2":null,"adm1_name3":null,"adm1_pcode":"PK2","adm0_name":"Pakistan","adm0_name1":null,"adm0_name2":null,"adm0_name3":null,"adm0_pcode":"PK","valid_on":"2022-09-09","valid_to":null,"version":"v01","lang":"en","lang1":null,"lang2":null,"lang3":null},"geometry":{"type":"Point","coordinates":[66.340460257000075,25.871807770000089]}},
{"type":"Feature","properties":{"admin_level":3,"name":"Lairi","name1":null,"name2":null,"name3":null,"x_coord":65.37522533000001,"y_coord":25.53882294,"adm4_name":null,"adm4_name1":null,"adm4_name2":null,"adm4_name3":null,"adm4_pcode":null,"adm3_name":"Lairi","adm3_name1":null,"adm3_name2":null,"adm3_name3":null,"adm3_pcode":"PK21709","adm2_name":"Lasbela","adm2_name1":null,"adm2_name2":null,"adm2_name3":null,"adm2_pcode":"PK217","adm1_name":"Balochistan","adm1_name1":null,"adm1_name2":null,"adm1_name3":null,"adm1_pcode":"PK2","adm0_name":"Pakistan","adm0_name1":null,"adm0_name2":null,"adm0_name3":null,"adm0_pcode":"PK","valid_on":"2022-09-09","valid_to":null,"version":"v01","lang":"en","lang1":null,"lang2":null,"lang3":null},"geometry":{"type":"Point","coordinates":[65.375225326000191,25.538822942000081]}},
{"type":"Feature","properties":{"admin_level":3,"name":"Bhag","name1":null,"name2":null,"name3":null,"x_coord":67.84540472,"y_coord":28.87688897,"adm4_name":null,"adm4_name1":null,"adm4_name2":null,"adm4_name3":null,"adm4_pcode":null,"adm3_name":"Bhag","adm3_name1":null,"adm3_name2":null,"adm3_name3":null,"adm3_pcode":"PK21801","adm2_name":"Lehri","adm2_name1":null,"adm2_name2":null,"adm2_name3":null,"adm2_pcode":"PK218","adm1_name":"Balochistan","adm1_name1":null,"adm1_name2":null,"adm1_name3":null,"adm1_pcode":"PK2","adm0_name":"Pakistan","adm0_name1":null,"adm0_name2":null,"adm0_name3":null,"adm0_pcode":"PK","valid_on":"2022-09-09","valid_to":null,"version":"v01","lang":"en","lang1":null,"lang2":null,"lang3":null},"geometry":{"type":"Point","coordinates":[67.845404725000151,28.876888969000106]}},
{"type":"Feature","properties":{"admin_level":3,"name":"Lehri","name1":null,"name2":null,"name3":null,"x_coord":68.14956305,"y_coord":29.04026009,"adm4_name":null,"adm4_name1":null,"adm4_name2":null,"adm4_name3":null,"adm4_pcode":null,"adm3_name":"Lehri","adm3_name1":null,"adm3_name2":null,"adm3_name3":null,"adm3_pcode":"PK21802","adm2_name":"Lehri","adm2_name1":null,"adm2_name2":null,"adm2_name3":null,"adm2_pcode":"PK218","adm1_name":"Balochistan","adm1_name1":null,"adm1_name2":null,"adm1_name3":null,"adm1_pcode":"PK2","adm0_name":"Pakistan","adm0_name1":null,"adm0_name2":null,"adm0_name3":null,"adm0_pcode":"PK","valid_on":"2022-09-09","valid_to":null,"version":"v01","lang":"en","lang1":null,"lang2":null,"lang3":null},"geometry":{"type":"Point","coordinates":[68.149563047000129,29.040260089000128]}},
{"type":"Feature","properties":{"admin_level":3,"name":"Loralai","name1":null,"name2":null,"name3":null,"x_coord":68.62006551,"y_coord":30.46214066,"adm4_name":null,"adm4_name1":null,"adm4_name2":null,"adm4_name3":null,"adm4_pcode":null,"adm3_name":"Loralai","adm3_name1":null,"adm3_name2":null,"adm3_name3":null,"adm3_pcode":"PK21901","adm2_name":"Loralai","adm2_name1":null,"adm2_name2":null,"adm2_name3":null,"adm2_pcode":"PK219","adm1_name":"Balochistan","adm1_name1":null,"adm1_name2":null,"adm1_name3":null,"adm1_pcode":"PK2","adm0_name":"Pakistan","adm0_name1":null,"adm0_name2":null,"adm0_name3":null,"adm0_pcode":"PK","valid_on":"2022-09-09","valid_to":null,"version":"v01","lang":"en","lang1":null,"lang2":null,"lang3":null},"geometry":{"type":"Point","coordinates":[68.620065512000053,30.462140657000134]}},
{"type":"Feature","properties":{"admin_level":3,"name":"Mekhtar","name1":null,"name2":null,"name3":null,"x_coord":69.21965662,"y_coord":30.51602367,"adm4_name":null,"adm4_name1":null,"adm4_name2":null,"adm4_name3":null,"adm4_pcode":null,"adm3_name":"Mekhtar","adm3_name1":null,"adm3_name2":null,"adm3_name3":null,"adm3_pcode":"PK21902","adm2_name":"Loralai","adm2_name1":null,"adm2_name2":null,"adm2_name3":null,"adm2_pcode":"PK219","adm1_name":"Balochistan","adm1_name1":null,"adm1_name2":null,"adm1_name3":null,"adm1_pcode":"PK2","adm0_name":"Pakistan","adm0_name1":null,"adm0_name2":null,"adm0_name3":null,"adm0_pcode":"PK","valid_on":"2022-09-09","valid_to":null,"version":"v01","lang":"en","lang1":null,"lang2":null,"lang3":null},"geometry":{"type":"Point","coordinates":[69.219656623000049,30.516023666000081]}},
{"type":"Feature","properties":{"admin_level":3,"name":"Dasht Spenzend","name1":null,"name2":null,"name3":null,"x_coord":67.047336,"y_coord":29.70382558,"adm4_name":null,"adm4_name1":null,"adm4_name2":null,"adm4_name3":null,"adm4_pcode":null,"adm3_name":"Dasht Spenzend","adm3_name1":null,"adm3_name2":null,"adm3_name3":null,"adm3_pcode":"PK22001","adm2_name":"Mastung","adm2_name1":null,"adm2_name2":null,"adm2_name3":null,"adm2_pcode":"PK220","adm1_name":"Balochistan","adm1_name1":null,"adm1_name2":null,"adm1_name3":null,"adm1_pcode":"PK2","adm0_name":"Pakistan","adm0_name1":null,"adm0_name2":null,"adm0_name3":null,"adm0_pcode":"PK","valid_on":"2022-09-09","valid_to":null,"version":"v01","lang":"en","lang1":null,"lang2":null,"lang3":null},"geometry":{"type":"Point","coordinates":[67.047335999000154,29.703825579000124]}},
{"type":"Feature","properties":{"admin_level":3,"name":"Kirdgap","name1":null,"name2":null,"name3":null,"x_coord":66.40657492,"y_coord":29.60480822,"adm4_name":null,"adm4_name1":null,"adm4_name2":null,"adm4_name3":null,"adm4_pcode":null,"adm3_name":"Kirdgap","adm3_name1":null,"adm3_name2":null,"adm3_name3":null,"adm3_pcode":"PK22002","adm2_name":"Mastung","adm2_name1":null,"adm2_name2":null,"adm2_name3":null,"adm2_pcode":"PK220","adm1_name":"Balochistan","adm1_name1":null,"adm1_name2":null,"adm1_name3":null,"adm1_pcode":"PK2","adm0_name":"Pakistan","adm0_name1":null,"adm0_name2":null,"adm0_name3":null,"adm0_pcode":"PK","valid_on":"2022-09-09","valid_to":null,"version":"v01","lang":"en","lang1":null,"lang2":null,"lang3":null},"geometry":{"type":"Point","coordinates":[66.406574916000068,29.604808217000141]}},
{"type":"Feature","properties":{"admin_level":3,"name":"Mastung","name1":null,"name2":null,"name3":null,"x_coord":66.73695767,"y_coord":29.79922778,"adm4_name":null,"adm4_name1":null,"adm4_name2":null,"adm4_name3":null,"adm4_pcode":null,"adm3_name":"Mastung","adm3_name1":null,"adm3_name2":null,"adm3_name3":null,"adm3_pcode":"PK22003","adm2_name":"Mastung","adm2_name1":null,"adm2_name2":null,"adm2_name3":null,"adm2_pcode":"PK220","adm1_name":"Balochistan","adm1_name1":null,"adm1_name2":null,"adm1_name3":null,"adm1_pcode":"PK2","adm0_name":"Pakistan","adm0_name1":null,"adm0_name2":null,"adm0_name3":null,"adm0_pcode":"PK","valid_on":"2022-09-09","valid_to":null,"version":"v01","lang":"en","lang1":null,"lang2":null,"lang3":null},"geometry":{"type":"Point","coordinates":[66.736957667000127,29.799227777000112]}},
{"type":"Feature","properties":{"admin_level":3,"name":"Drug","name1":null,"name2":null,"name3":null,"x_coord":70.20323631,"y_coord":31.11894197,"adm4_name":null,"adm4_name1":null,"adm4_name2":null,"adm4_name3":null,"adm4_pcode":null,"adm3_name":"Drug","adm3_name1":null,"adm3_name2":null,"adm3_name3":null,"adm3_pcode":"PK22101","adm2_name":"Musakhel","adm2_name1":null,"adm2_name2":null,"adm2_name3":null,"adm2_pcode":"PK221","adm1_name":"Balochistan","adm1_name1":null,"adm1_name2":null,"adm1_name3":null,"adm1_pcode":"PK2","adm0_name":"Pakistan","adm0_name1":null,"adm0_name2":null,"adm0_name3":null,"adm0_pcode":"PK","valid_on":"2022-09-09","valid_to":null,"version":"v01","lang":"en","lang1":null,"lang2":null,"lang3":null},"geometry":{"type":"Point","coordinates":[70.203236309000147,31.118941968000172]}},
{"type":"Feature","properties":{"admin_level":3,"name":"Kingri","name1":null,"name2":null,"name3":null,"x_coord":69.80419254,"y_coord":30.63658054,"adm4_name":null,"adm4_name1":null,"adm4_name2":null,"adm4_name3":null,"adm4_pcode":null,"adm3_name":"Kingri","adm3_name1":null,"adm3_name2":null,"adm3_name3":null,"adm3_pcode":"PK22102","adm2_name":"Musakhel","adm2_name1":null,"adm2_name2":null,"adm2_name3":null,"adm2_pcode":"PK221","adm1_name":"Balochistan","adm1_name1":null,"adm1_name2":null,"adm1_name3":null,"adm1_pcode":"PK2","adm0_name":"Pakistan","adm0_name1":null,"adm0_name2":null,"adm0_name3":null,"adm0_pcode":"PK","valid_on":"2022-09-09","valid_to":null,"version":"v01","lang":"en","lang1":null,"lang2":null,"lang3":null},"geometry":{"type":"Point","coordinates":[69.804192539000098,30.636580542000047]}},
{"type":"Feature","properties":{"admin_level":3,"name":"Musakhel","name1":null,"name2":null,"name3":null,"x_coord":69.90310403,"y_coord":31.06979049,"adm4_name":null,"adm4_name1":null,"adm4_name2":null,"adm4_name3":null,"adm4_pcode":null,"adm3_name":"Musakhel","adm3_name1":null,"adm3_name2":null,"adm3_name3":null,"adm3_pcode":"PK22103","adm2_name":"Musakhel","adm2_name1":null,"adm2_name2":null,"adm2_name3":null,"adm2_pcode":"PK221","adm1_name":"Balochistan","adm1_name1":null,"adm1_name2":null,"adm1_name3":null,"adm1_pcode":"PK2","adm0_name":"Pakistan","adm0_name1":null,"adm0_name2":null,"adm0_name3":null,"adm0_pcode":"PK","valid_on":"2022-09-09","valid_to":null,"version":"v01","lang":"en","lang1":null,"lang2":null,"lang3":null},"geometry":{"type":"Point","coordinates":[69.903104030000122,31.069790494000131]}},
{"type":"Feature","properties":{"admin_level":3,"name":"Chattar","name1":null,"name2":null,"name3":null,"x_coord":68.3202677,"y_coord":28.8161974,"adm4_name":null,"adm4_name1":null,"adm4_name2":null,"adm4_name3":null,"adm4_pcode":null,"adm3_name":"Chattar","adm3_name1":null,"adm3_name2":null,"adm3_name3":null,"adm3_pcode":"PK22201","adm2_name":"Nasirabad","adm2_name1":null,"adm2_name2":null,"adm2_name3":null,"adm2_pcode":"PK222","adm1_name":"Balochistan","adm1_name1":null,"adm1_name2":null,"adm1_name3":null,"adm1_pcode":"PK2","adm0_name":"Pakistan","adm0_name1":null,"adm0_name2":null,"adm0_name3":null,"adm0_pcode":"PK","valid_on":"2022-09-09","valid_to":null,"version":"v01","lang":"en","lang1":null,"lang2":null,"lang3":null},"geometry":{"type":"Point","coordinates":[68.320267699000112,28.816197396000121]}},
{"type":"Feature","properties":{"admin_level":3,"name":"Dera Murad Jamali","name1":null,"name2":null,"name3":null,"x_coord":68.11273714,"y_coord":28.62269511,"adm4_name":null,"adm4_name1":null,"adm4_name2":null,"adm4_name3":null,"adm4_pcode":null,"adm3_name":"Dera Murad Jamali","adm3_name1":null,"adm3_name2":null,"adm3_name3":null,"adm3_pcode":"PK22202","adm2_name":"Nasirabad","adm2_name1":null,"adm2_name2":null,"adm2_name3":null,"adm2_pcode":"PK222","adm1_name":"Balochistan","adm1_name1":null,"adm1_name2":null,"adm1_name3":null,"adm1_pcode":"PK2","adm0_name":"Pakistan","adm0_name1":null,"adm0_name2":null,"adm0_name3":null,"adm0_pcode":"PK","valid_on":"2022-09-09","valid_to":null,"version":"v01","lang":"en","lang1":null,"lang2":null,"lang3":null},"geometry":{"type":"Point","coordinates":[68.112737138000057,28.622695111000041]}},
{"type":"Feature","properties":{"admin_level":3,"name":"Tamboo","name1":null,"name2":null,"name3":null,"x_coord":67.90320253,"y_coord":28.49312816,"adm4_name":null,"adm4_name1":null,"adm4_name2":null,"adm4_name3":null,"adm4_pcode":null,"adm3_name":"Tamboo","adm3_name1":null,"adm3_name2":null,"adm3_name3":null,"adm3_pcode":"PK22203","adm2_name":"Nasirabad","adm2_name1":null,"adm2_name2":null,"adm2_name3":null,"adm2_pcode":"PK222","adm1_name":"Balochistan","adm1_name1":null,"adm1_name2":null,"adm1_name3":null,"adm1_pcode":"PK2","adm0_name":"Pakistan","adm0_name1":null,"adm0_name2":null,"adm0_name3":null,"adm0_pcode":"PK","valid_on":"2022-09-09","valid_to":null,"version":"v01","lang":"en","lang1":null,"lang2":null,"lang3":null},"geometry":{"type":"Point","coordinates":[67.903202531000034,28.493128161000129]}},
{"type":"Feature","properties":{"admin_level":3,"name":"Nushki","name1":null,"name2":null,"name3":null,"x_coord":65.73250908,"y_coord":29.44681298,"adm4_name":null,"adm4_name1":null,"adm4_name2":null,"adm4_name3":null,"adm4_pcode":null,"adm3_name":"Nushki","adm3_name1":null,"adm3_name2":null,"adm3_name3":null,"adm3_pcode":"PK22301","adm2_name":"Nushki","adm2_name1":null,"adm2_name2":null,"adm2_name3":null,"adm2_pcode":"PK223","adm1_name":"Balochistan","adm1_name1":null,"adm1_name2":null,"adm1_name3":null,"adm1_pcode":"PK2","adm0_name":"Pakistan","adm0_name1":null,"adm0_name2":null,"adm0_name3":null,"adm0_pcode":"PK","valid_on":"2022-09-09","valid_to":null,"version":"v01","lang":"en","lang1":null,"lang2":null,"lang3":null},"geometry":{"type":"Point","coordinates":[65.732509077000145,29.446812975000114]}},
{"type":"Feature","properties":{"admin_level":3,"name":"Gowargo","name1":null,"name2":null,"name3":null,"x_coord":64.04276039,"y_coord":26.7559997,"adm4_name":null,"adm4_name1":null,"adm4_name2":null,"adm4_name3":null,"adm4_pcode":null,"adm3_name":"Gowargo","adm3_name1":null,"adm3_name2":null,"adm3_name3":null,"adm3_pcode":"PK22401","adm2_name":"Panjgur","adm2_name1":null,"adm2_name2":null,"adm2_name3":null,"adm2_pcode":"PK224","adm1_name":"Balochistan","adm1_name1":null,"adm1_name2":null,"adm1_name3":null,"adm1_pcode":"PK2","adm0_name":"Pakistan","adm0_name1":null,"adm0_name2":null,"adm0_name3":null,"adm0_pcode":"PK","valid_on":"2022-09-09","valid_to":null,"version":"v01","lang":"en","lang1":null,"lang2":null,"lang3":null},"geometry":{"type":"Point","coordinates":[64.042760395000187,26.755999701000178]}},
{"type":"Feature","properties":{"admin_level":3,"name":"Jaheen Parome","name1":null,"name2":null,"name3":null,"x_coord":63.54361137,"y_coord":26.54349794,"adm4_name":null,"adm4_name1":null,"adm4_name2":null,"adm4_name3":null,"adm4_pcode":null,"adm3_name":"Jaheen Parome","adm3_name1":null,"adm3_name2":null,"adm3_name3":null,"adm3_pcode":"PK22402","adm2_name":"Panjgur","adm2_name1":null,"adm2_name2":null,"adm2_name3":null,"adm2_pcode":"PK224","adm1_name":"Balochistan","adm1_name1":null,"adm1_name2":null,"adm1_name3":null,"adm1_pcode":"PK2","adm0_name":"Pakistan","adm0_name1":null,"adm0_name2":null,"adm0_name3":null,"adm0_pcode":"PK","valid_on":"2022-09-09","valid_to":null,"version":"v01","lang":"en","lang1":null,"lang2":null,"lang3":null},"geometry":{"type":"Point","coordinates":[63.543611374000079,26.543497940000179]}},
{"type":"Feature","properties":{"admin_level":3,"name":"Panjgur","name1":null,"name2":null,"name3":null,"x_coord":63.83687731,"y_coord":27.04336755,"adm4_name":null,"adm4_name1":null,"adm4_name2":null,"adm4_name3":null,"adm4_pcode":null,"adm3_name":"Panjgur","adm3_name1":null,"adm3_name2":null,"adm3_name3":null,"adm3_pcode":"PK22403","adm2_name":"Panjgur","adm2_name1":null,"adm2_name2":null,"adm2_name3":null,"adm2_pcode":"PK224","adm1_name":"Balochistan","adm1_name1":null,"adm1_name2":null,"adm1_name3":null,"adm1_pcode":"PK2","adm0_name":"Pakistan","adm0_name1":null,"adm0_name2":null,"adm0_name3":null,"adm0_pcode":"PK","valid_on":"2022-09-09","valid_to":null,"version":"v01","lang":"en","lang1":null,"lang2":null,"lang3":null},"geometry":{"type":"Point","coordinates":[63.836877310000148,27.043367551000017]}},
{"type":"Feature","properties":{"admin_level":3,"name":"Gichk","name1":null,"name2":null,"name3":null,"x_coord":64.86121276,"y_coord":26.75743741,"adm4_name":null,"adm4_name1":null,"adm4_name2":null,"adm4_name3":null,"adm4_pcode":null,"adm3_name":"Gichk","adm3_name1":null,"adm3_name2":null,"adm3_name3":null,"adm3_pcode":"PK22404","adm2_name":"Panjgur","adm2_name1":null,"adm2_name2":null,"adm2_name3":null,"adm2_pcode":"PK224","adm1_name":"Balochistan","adm1_name1":null,"adm1_name2":null,"adm1_name3":null,"adm1_pcode":"PK2","adm0_name":"Pakistan","adm0_name1":null,"adm0_name2":null,"adm0_name3":null,"adm0_pcode":"PK","valid_on":"2022-09-09","valid_to":null,"version":"v01","lang":"en","lang1":null,"lang2":null,"lang3":null},"geometry":{"type":"Point","coordinates":[64.861212764000129,26.757437408000044]}},
{"type":"Feature","properties":{"admin_level":3,"name":"Barshore","name1":null,"name2":null,"name3":null,"x_coord":67.43486696,"y_coord":31.00282138,"adm4_name":null,"adm4_name1":null,"adm4_name2":null,"adm4_name3":null,"adm4_pcode":null,"adm3_name":"Barshore","adm3_name1":null,"adm3_name2":null,"adm3_name3":null,"adm3_pcode":"PK22501","adm2_name":"Pishin","adm2_name1":null,"adm2_name2":null,"adm2_name3":null,"adm2_pcode":"PK225","adm1_name":"Balochistan","adm1_name1":null,"adm1_name2":null,"adm1_name3":null,"adm1_pcode":"PK2","adm0_name":"Pakistan","adm0_name1":null,"adm0_name2":null,"adm0_name3":null,"adm0_pcode":"PK","valid_on":"2022-09-09","valid_to":null,"version":"v01","lang":"en","lang1":null,"lang2":null,"lang3":null},"geometry":{"type":"Point","coordinates":[67.434866961000125,31.002821383000139]}},
{"type":"Feature","properties":{"admin_level":3,"name":"Huramzai","name1":null,"name2":null,"name3":null,"x_coord":66.89942862,"y_coord":30.83919972,"adm4_name":null,"adm4_name1":null,"adm4_name2":null,"adm4_name3":null,"adm4_pcode":null,"adm3_name":"Huramzai","adm3_name1":null,"adm3_name2":null,"adm3_name3":null,"adm3_pcode":"PK22502","adm2_name":"Pishin","adm2_name1":null,"adm2_name2":null,"adm2_name3":null,"adm2_pcode":"PK225","adm1_name":"Balochistan","adm1_name1":null,"adm1_name2":null,"adm1_name3":null,"adm1_pcode":"PK2","adm0_name":"Pakistan","adm0_name1":null,"adm0_name2":null,"adm0_name3":null,"adm0_pcode":"PK","valid_on":"2022-09-09","valid_to":null,"version":"v01","lang":"en","lang1":null,"lang2":null,"lang3":null},"geometry":{"type":"Point","coordinates":[66.899428616000193,30.83919972100017]}},
{"type":"Feature","properties":{"admin_level":3,"name":"Karezat","name1":null,"name2":null,"name3":null,"x_coord":67.38340537000001,"y_coord":30.60433231,"adm4_name":null,"adm4_name1":null,"adm4_name2":null,"adm4_name3":null,"adm4_pcode":null,"adm3_name":"Karezat","adm3_name1":null,"adm3_name2":null,"adm3_name3":null,"adm3_pcode":"PK22503","adm2_name":"Pishin","adm2_name1":null,"adm2_name2":null,"adm2_name3":null,"adm2_pcode":"PK225","adm1_name":"Balochistan","adm1_name1":null,"adm1_name2":null,"adm1_name3":null,"adm1_pcode":"PK2","adm0_name":"Pakistan","adm0_name1":null,"adm0_name2":null,"adm0_name3":null,"adm0_pcode":"PK","valid_on":"2022-09-09","valid_to":null,"version":"v01","lang":"en","lang1":null,"lang2":null,"lang3":null},"geometry":{"type":"Point","coordinates":[67.383405375000109,30.604332305000185]}},
{"type":"Feature","properties":{"admin_level":3,"name":"Pishin","name1":null,"name2":null,"name3":null,"x_coord":67.06614824,"y_coord":30.73286469,"adm4_name":null,"adm4_name1":null,"adm4_name2":null,"adm4_name3":null,"adm4_pcode":null,"adm3_name":"Pishin","adm3_name1":null,"adm3_name2":null,"adm3_name3":null,"adm3_pcode":"PK22504","adm2_name":"Pishin","adm2_name1":null,"adm2_name2":null,"adm2_name3":null,"adm2_pcode":"PK225","adm1_name":"Balochistan","adm1_name1":null,"adm1_name2":null,"adm1_name3":null,"adm1_pcode":"PK2","adm0_name":"Pakistan","adm0_name1":null,"adm0_name2":null,"adm0_name3":null,"adm0_pcode":"PK","valid_on":"2022-09-09","valid_to":null,"version":"v01","lang":"en","lang1":null,"lang2":null,"lang3":null},"geometry":{"type":"Point","coordinates":[67.066148243000043,30.732864692000192]}},
{"type":"Feature","properties":{"admin_level":3,"name":"Saranan","name1":null,"name2":null,"name3":null,"x_coord":66.71317402,"y_coord":30.4621584,"adm4_name":null,"adm4_name1":null,"adm4_name2":null,"adm4_name3":null,"adm4_pcode":null,"adm3_name":"Saranan","adm3_name1":null,"adm3_name2":null,"adm3_name3":null,"adm3_pcode":"PK22505","adm2_name":"Pishin","adm2_name1":null,"adm2_name2":null,"adm2_name3":null,"adm2_pcode":"PK225","adm1_name":"Balochistan","adm1_name1":null,"adm1_name2":null,"adm1_name3":null,"adm1_pcode":"PK2","adm0_name":"Pakistan","adm0_name1":null,"adm0_name2":null,"adm0_name3":null,"adm0_pcode":"PK","valid_on":"2022-09-09","valid_to":null,"version":"v01","lang":"en","lang1":null,"lang2":null,"lang3":null},"geometry":{"type":"Point","coordinates":[66.713174015000106,30.462158403000046]}},
{"type":"Feature","properties":{"admin_level":3,"name":"Panjpai","name1":null,"name2":null,"name3":null,"x_coord":66.4609339,"y_coord":30.01540571,"adm4_name":null,"adm4_name1":null,"adm4_name2":null,"adm4_name3":null,"adm4_pcode":null,"adm3_name":"Panjpai","adm3_name1":null,"adm3_name2":null,"adm3_name3":null,"adm3_pcode":"PK22601","adm2_name":"Quetta","adm2_name1":null,"adm2_name2":null,"adm2_name3":null,"adm2_pcode":"PK226","adm1_name":"Balochistan","adm1_name1":null,"adm1_name2":null,"adm1_name3":null,"adm1_pcode":"PK2","adm0_name":"Pakistan","adm0_name1":null,"adm0_name2":null,"adm0_name3":null,"adm0_pcode":"PK","valid_on":"2022-09-09","valid_to":null,"version":"v01","lang":"en","lang1":null,"lang2":null,"lang3":null},"geometry":{"type":"Point","coordinates":[66.460933897000075,30.015405708]}},
{"type":"Feature","properties":{"admin_level":3,"name":"Quetta City","name1":null,"name2":null,"name3":null,"x_coord":67.14992795000001,"y_coord":30.08223315,"adm4_name":null,"adm4_name1":null,"adm4_name2":null,"adm4_name3":null,"adm4_pcode":null,"adm3_name":"Quetta City","adm3_name1":null,"adm3_name2":null,"adm3_name3":null,"adm3_pcode":"PK22602","adm2_name":"Quetta","adm2_name1":null,"adm2_name2":null,"adm2_name3":null,"adm2_pcode":"PK226","adm1_name":"Balochistan","adm1_name1":null,"adm1_name2":null,"adm1_name3":null,"adm1_pcode":"PK2","adm0_name":"Pakistan","adm0_name1":null,"adm0_name2":null,"adm0_name3":null,"adm0_pcode":"PK","valid_on":"2022-09-09","valid_to":null,"version":"v01","lang":"en","lang1":null,"lang2":null,"lang3":null},"geometry":{"type":"Point","coordinates":[67.149927951000166,30.082233146000078]}},
{"type":"Feature","properties":{"admin_level":3,"name":"Quetta Saddar","name1":null,"name2":null,"name3":null,"x_coord":67.10014843,"y_coord":30.24908337,"adm4_name":null,"adm4_name1":null,"adm4_name2":null,"adm4_name3":null,"adm4_pcode":null,"adm3_name":"Quetta Saddar","adm3_name1":null,"adm3_name2":null,"adm3_name3":null,"adm3_pcode":"PK22603","adm2_name":"Quetta","adm2_name1":null,"adm2_name2":null,"adm2_name3":null,"adm2_pcode":"PK226","adm1_name":"Balochistan","adm1_name1":null,"adm1_name2":null,"adm1_name3":null,"adm1_pcode":"PK2","adm0_name":"Pakistan","adm0_name1":null,"adm0_name2":null,"adm0_name3":null,"adm0_pcode":"PK","valid_on":"2022-09-09","valid_to":null,"version":"v01","lang":"en","lang1":null,"lang2":null,"lang3":null},"geometry":{"type":"Point","coordinates":[67.100148434000118,30.249083373000133]}},
{"type":"Feature","properties":{"admin_level":3,"name":"Sherani","name1":null,"name2":null,"name3":null,"x_coord":69.76356767,"y_coord":31.68090077,"adm4_name":null,"adm4_name1":null,"adm4_name2":null,"adm4_name3":null,"adm4_pcode":null,"adm3_name":"Sherani","adm3_name1":null,"adm3_name2":null,"adm3_name3":null,"adm3_pcode":"PK22701","adm2_name":"Sherani","adm2_name1":null,"adm2_name2":null,"adm2_name3":null,"adm2_pcode":"PK227","adm1_name":"Balochistan","adm1_name1":null,"adm1_name2":null,"adm1_name3":null,"adm1_pcode":"PK2","adm0_name":"Pakistan","adm0_name1":null,"adm0_name2":null,"adm0_name3":null,"adm0_pcode":"PK","valid_on":"2022-09-09","valid_to":null,"version":"v01","lang":"en","lang1":null,"lang2":null,"lang3":null},"geometry":{"type":"Point","coordinates":[69.763567668000064,31.680900767000082]}},
{"type":"Feature","properties":{"admin_level":3,"name":"Sibi","name1":null,"name2":null,"name3":null,"x_coord":68.25082253,"y_coord":29.72774177,"adm4_name":null,"adm4_name1":null,"adm4_name2":null,"adm4_name3":null,"adm4_pcode":null,"adm3_name":"Sibi","adm3_name1":null,"adm3_name2":null,"adm3_name3":null,"adm3_pcode":"PK22801","adm2_name":"Sibi","adm2_name1":null,"adm2_name2":null,"adm2_name3":null,"adm2_pcode":"PK228","adm1_name":"Balochistan","adm1_name1":null,"adm1_name2":null,"adm1_name3":null,"adm1_pcode":"PK2","adm0_name":"Pakistan","adm0_name1":null,"adm0_name2":null,"adm0_name3":null,"adm0_pcode":"PK","valid_on":"2022-09-09","valid_to":null,"version":"v01","lang":"en","lang1":null,"lang2":null,"lang3":null},"geometry":{"type":"Point","coordinates":[68.250822527000196,29.727741770000023]}},
{"type":"Feature","properties":{"admin_level":3,"name":"Sohbatpur","name1":null,"name2":null,"name3":null,"x_coord":68.52141184,"y_coord":28.54195553,"adm4_name":null,"adm4_name1":null,"adm4_name2":null,"adm4_name3":null,"adm4_pcode":null,"adm3_name":"Sohbatpur","adm3_name1":null,"adm3_name2":null,"adm3_name3":null,"adm3_pcode":"PK22901","adm2_name":"Sohbatpur","adm2_name1":null,"adm2_name2":null,"adm2_name3":null,"adm2_pcode":"PK229","adm1_name":"Balochistan","adm1_name1":null,"adm1_name2":null,"adm1_name3":null,"adm1_pcode":"PK2","adm0_name":"Pakistan","adm0_name1":null,"adm0_name2":null,"adm0_name3":null,"adm0_pcode":"PK","valid_on":"2022-09-09","valid_to":null,"version":"v01","lang":"en","lang1":null,"lang2":null,"lang3":null},"geometry":{"type":"Point","coordinates":[68.521411837000187,28.541955530000052]}},
{"type":"Feature","properties":{"admin_level":3,"name":"Mashkhel","name1":null,"name2":null,"name3":null,"x_coord":63.33909532,"y_coord":27.76724743,"adm4_name":null,"adm4_name1":null,"adm4_name2":null,"adm4_name3":null,"adm4_pcode":null,"adm3_name":"Mashkhel","adm3_name1":null,"adm3_name2":null,"adm3_name3":null,"adm3_pcode":"PK23001","adm2_name":"Washuk","adm2_name1":null,"adm2_name2":null,"adm2_name3":null,"adm2_pcode":"PK230","adm1_name":"Balochistan","adm1_name1":null,"adm1_name2":null,"adm1_name3":null,"adm1_pcode":"PK2","adm0_name":"Pakistan","adm0_name1":null,"adm0_name2":null,"adm0_name3":null,"adm0_pcode":"PK","valid_on":"2022-09-09","valid_to":null,"version":"v01","lang":"en","lang1":null,"lang2":null,"lang3":null},"geometry":{"type":"Point","coordinates":[63.339095322000105,27.767247431000158]}},
{"type":"Feature","properties":{"admin_level":3,"name":"Basima","name1":null,"name2":null,"name3":null,"x_coord":65.73830464,"y_coord":27.98409463,"adm4_name":null,"adm4_name1":null,"adm4_name2":null,"adm4_name3":null,"adm4_pcode":null,"adm3_name":"Basima","adm3_name1":null,"adm3_name2":null,"adm3_name3":null,"adm3_pcode":"PK23002","adm2_name":"Washuk","adm2_name1":null,"adm2_name2":null,"adm2_name3":null,"adm2_pcode":"PK230","adm1_name":"Balochistan","adm1_name1":null,"adm1_name2":null,"adm1_name3":null,"adm1_pcode":"PK2","adm0_name":"Pakistan","adm0_name1":null,"adm0_name2":null,"adm0_name3":null,"adm0_pcode":"PK","valid_on":"2022-09-09","valid_to":null,"version":"v01","lang":"en","lang1":null,"lang2":null,"lang3":null},"geometry":{"type":"Point","coordinates":[65.738304643000049,27.984094633000097]}},
{"type":"Feature","properties":{"admin_level":3,"name":"Washuk","name1":null,"name2":null,"name3":null,"x_coord":64.37765593,"y_coord":27.6667136,"adm4_name":null,"adm4_name1":null,"adm4_name2":null,"adm4_name3":null,"adm4_pcode":null,"adm3_name":"Washuk","adm3_name1":null,"adm3_name2":null,"adm3_name3":null,"adm3_pcode":"PK23003","adm2_name":"Washuk","adm2_name1":null,"adm2_name2":null,"adm2_name3":null,"adm2_pcode":"PK230","adm1_name":"Balochistan","adm1_name1":null,"adm1_name2":null,"adm1_name3":null,"adm1_pcode":"PK2","adm0_name":"Pakistan","adm0_name1":null,"adm0_name2":null,"adm0_name3":null,"adm0_pcode":"PK","valid_on":"2022-09-09","valid_to":null,"version":"v01","lang":"en","lang1":null,"lang2":null,"lang3":null},"geometry":{"type":"Point","coordinates":[64.377655935000178,27.666713599000104]}},
{"type":"Feature","properties":{"admin_level":3,"name":"Nag","name1":null,"name2":null,"name3":null,"x_coord":65.24406463,"y_coord":27.49829582,"adm4_name":null,"adm4_name1":null,"adm4_name2":null,"adm4_name3":null,"adm4_pcode":null,"adm3_name":"Nag","adm3_name1":null,"adm3_name2":null,"adm3_name3":null,"adm3_pcode":"PK23004","adm2_name":"Washuk","adm2_name1":null,"adm2_name2":null,"adm2_name3":null,"adm2_pcode":"PK230","adm1_name":"Balochistan","adm1_name1":null,"adm1_name2":null,"adm1_name3":null,"adm1_pcode":"PK2","adm0_name":"Pakistan","adm0_name1":null,"adm0_name2":null,"adm0_name3":null,"adm0_pcode":"PK","valid_on":"2022-09-09","valid_to":null,"version":"v01","lang":"en","lang1":null,"lang2":null,"lang3":null},"geometry":{"type":"Point","coordinates":[65.244064633000107,27.498295823000149]}},
{"type":"Feature","properties":{"admin_level":3,"name":"Shaogari","name1":null,"name2":null,"name3":null,"x_coord":64.3415633,"y_coord":28.34499088,"adm4_name":null,"adm4_name1":null,"adm4_name2":null,"adm4_name3":null,"adm4_pcode":null,"adm3_name":"Shaogari","adm3_name1":null,"adm3_name2":null,"adm3_name3":null,"adm3_pcode":"PK23005","adm2_name":"Washuk","adm2_name1":null,"adm2_name2":null,"adm2_name3":null,"adm2_pcode":"PK230","adm1_name":"Balochistan","adm1_name1":null,"adm1_name2":null,"adm1_name3":null,"adm1_pcode":"PK2","adm0_name":"Pakistan","adm0_name1":null,"adm0_name2":null,"adm0_name3":null,"adm0_pcode":"PK","valid_on":"2022-09-09","valid_to":null,"version":"v01","lang":"en","lang1":null,"lang2":null,"lang3":null},"geometry":{"type":"Point","coordinates":[64.341563300000189,28.34499088400014]}},
{"type":"Feature","properties":{"admin_level":3,"name":"Kakar Khurasan","name1":null,"name2":null,"name3":null,"x_coord":68.42030784000001,"y_coord":31.46484233,"adm4_name":null,"adm4_name1":null,"adm4_name2":null,"adm4_name3":null,"adm4_pcode":null,"adm3_name":"Kakar Khurasan","adm3_name1":null,"adm3_name2":null,"adm3_name3":null,"adm3_pcode":"PK23101","adm2_name":"Zhob","adm2_name1":null,"adm2_name2":null,"adm2_name3":null,"adm2_pcode":"PK231","adm1_name":"Balochistan","adm1_name1":null,"adm1_name2":null,"adm1_name3":null,"adm1_pcode":"PK2","adm0_name":"Pakistan","adm0_name1":null,"adm0_name2":null,"adm0_name3":null,"adm0_pcode":"PK","valid_on":"2022-09-09","valid_to":null,"version":"v01","lang":"en","lang1":null,"lang2":null,"lang3":null},"geometry":{"type":"Point","coordinates":[68.420307842000113,31.464842333000036]}},
{"type":"Feature","properties":{"admin_level":3,"name":"Zhob","name1":null,"name2":null,"name3":null,"x_coord":69.34438754,"y_coord":31.21163787,"adm4_name":null,"adm4_name1":null,"adm4_name2":null,"adm4_name3":null,"adm4_pcode":null,"adm3_name":"Zhob","adm3_name1":null,"adm3_name2":null,"adm3_name3":null,"adm3_pcode":"PK23102","adm2_name":"Zhob","adm2_name1":null,"adm2_name2":null,"adm2_name3":null,"adm2_pcode":"PK231","adm1_name":"Balochistan","adm1_name1":null,"adm1_name2":null,"adm1_name3":null,"adm1_pcode":"PK2","adm0_name":"Pakistan","adm0_name1":null,"adm0_name2":null,"adm0_name3":null,"adm0_pcode":"PK","valid_on":"2022-09-09","valid_to":null,"version":"v01","lang":"en","lang1":null,"lang2":null,"lang3":null},"geometry":{"type":"Point","coordinates":[69.344387543000039,31.211637869000128]}},
{"type":"Feature","properties":{"admin_level":3,"name":"Sinjawi","name1":null,"name2":null,"name3":null,"x_coord":68.18077031,"y_coord":30.35340432,"adm4_name":null,"adm4_name1":null,"adm4_name2":null,"adm4_name3":null,"adm4_pcode":null,"adm3_name":"Sinjawi","adm3_name1":null,"adm3_name2":null,"adm3_name3":null,"adm3_pcode":"PK23201","adm2_name":"Ziarat","adm2_name1":null,"adm2_name2":null,"adm2_name3":null,"adm2_pcode":"PK232","adm1_name":"Balochistan","adm1_name1":null,"adm1_name2":null,"adm1_name3":null,"adm1_pcode":"PK2","adm0_name":"Pakistan","adm0_name1":null,"adm0_name2":null,"adm0_name3":null,"adm0_pcode":"PK","valid_on":"2022-09-09","valid_to":null,"version":"v01","lang":"en","lang1":null,"lang2":null,"lang3":null},"geometry":{"type":"Point","coordinates":[68.180770311000117,30.353404316000081]}},
{"type":"Feature","properties":{"admin_level":3,"name":"Ziarat","name1":null,"name2":null,"name3":null,"x_coord":67.48280744,"y_coord":30.43699186,"adm4_name":null,"adm4_name1":null,"adm4_name2":null,"adm4_name3":null,"adm4_pcode":null,"adm3_name":"Ziarat","adm3_name1":null,"adm3_name2":null,"adm3_name3":null,"adm3_pcode":"PK23202","adm2_name":"Ziarat","adm2_name1":null,"adm2_name2":null,"adm2_name3":null,"adm2_pcode":"PK232","adm1_name":"Balochistan","adm1_name1":null,"adm1_name2":null,"adm1_name3":null,"adm1_pcode":"PK2","adm0_name":"Pakistan","adm0_name1":null,"adm0_name2":null,"adm0_name3":null,"adm0_pcode":"PK","valid_on":"2022-09-09","valid_to":null,"version":"v01","lang":"en","lang1":null,"lang2":null,"lang3":null},"geometry":{"type":"Point","coordinates":[67.482807437000133,30.436991860000091]}},
{"type":"Feature","properties":{"admin_level":3,"name":"Surab","name1":null,"name2":null,"name3":null,"x_coord":66.18001042,"y_coord":28.32719456,"adm4_name":null,"adm4_name1":null,"adm4_name2":null,"adm4_name3":null,"adm4_pcode":null,"adm3_name":"Surab","adm3_name1":null,"adm3_name2":null,"adm3_name3":null,"adm3_pcode":"PK23301","adm2_name":"Shaheed Sikandarabad","adm2_name1":null,"adm2_name2":null,"adm2_name3":null,"adm2_pcode":"PK233","adm1_name":"Balochistan","adm1_name1":null,"adm1_name2":null,"adm1_name3":null,"adm1_pcode":"PK2","adm0_name":"Pakistan","adm0_name1":null,"adm0_name2":null,"adm0_name3":null,"adm0_pcode":"PK","valid_on":"2022-09-09","valid_to":null,"version":"v01","lang":"en","lang1":null,"lang2":null,"lang3":null},"geometry":{"type":"Point","coordinates":[66.18001042100019,28.327194561000169]}},
{"type":"Feature","properties":{"admin_level":3,"name":"Duki","name1":null,"name2":null,"name3":null,"x_coord":68.95959024,"y_coord":30.1811,"adm4_name":null,"adm4_name1":null,"adm4_name2":null,"adm4_name3":null,"adm4_pcode":null,"adm3_name":"Duki","adm3_name1":null,"adm3_name2":null,"adm3_name3":null,"adm3_pcode":"PK23401","adm2_name":"Duki","adm2_name1":null,"adm2_name2":null,"adm2_name3":null,"adm2_pcode":"PK234","adm1_name":"Balochistan","adm1_name1":null,"adm1_name2":null,"adm1_name3":null,"adm1_pcode":"PK2","adm0_name":"Pakistan","adm0_name1":null,"adm0_name2":null,"adm0_name3":null,"adm0_pcode":"PK","valid_on":"2022-09-09","valid_to":null,"version":"v01","lang":"en","lang1":null,"lang2":null,"lang3":null},"geometry":{"type":"Point","coordinates":[68.959590235000121,30.181099995000125]}},
{"type":"Feature","properties":{"admin_level":3,"name":"Chaman","name1":null,"name2":null,"name3":null,"x_coord":66.52685195,"y_coord":30.85581564,"adm4_name":null,"adm4_name1":null,"adm4_name2":null,"adm4_name3":null,"adm4_pcode":null,"adm3_name":"Chaman","adm3_name1":null,"adm3_name2":null,"adm3_name3":null,"adm3_pcode":"PK23501","adm2_name":"Chaman","adm2_name1":null,"adm2_name2":null,"adm2_name3":null,"adm2_pcode":"PK235","adm1_name":"Balochistan","adm1_name1":null,"adm1_name2":null,"adm1_name3":null,"adm1_pcode":"PK2","adm0_name":"Pakistan","adm0_name1":null,"adm0_name2":null,"adm0_name3":null,"adm0_pcode":"PK","valid_on":"2022-09-09","valid_to":null,"version":"v01","lang":"en","lang1":null,"lang2":null,"lang3":null},"geometry":{"type":"Point","coordinates":[66.526851951000026,30.855815644000188]}},
{"type":"Feature","properties":{"admin_level":3,"name":"Astore","name1":null,"name2":null,"name3":null,"x_coord":74.77349355,"y_coord":35.54845198,"adm4_name":null,"adm4_name1":null,"adm4_name2":null,"adm4_name3":null,"adm4_pcode":null,"adm3_name":"Astore","adm3_name1":null,"adm3_name2":null,"adm3_name3":null,"adm3_pcode":"PK30101","adm2_name":"Astore","adm2_name1":null,"adm2_name2":null,"adm2_name3":null,"adm2_pcode":"PK301","adm1_name":"Gilgit Baltistan","adm1_name1":null,"adm1_name2":null,"adm1_name3":null,"adm1_pcode":"PK3","adm0_name":"Pakistan","adm0_name1":null,"adm0_name2":null,"adm0_name3":null,"adm0_pcode":"PK","valid_on":"2022-09-09","valid_to":null,"version":"v01","lang":"en","lang1":null,"lang2":null,"lang3":null},"geometry":{"type":"Point","coordinates":[74.773493547000101,35.54845198400011]}},
{"type":"Feature","properties":{"admin_level":3,"name":"Shounter","name1":null,"name2":null,"name3":null,"x_coord":74.898455,"y_coord":34.99670219,"adm4_name":null,"adm4_name1":null,"adm4_name2":null,"adm4_name3":null,"adm4_pcode":null,"adm3_name":"Shounter","adm3_name1":null,"adm3_name2":null,"adm3_name3":null,"adm3_pcode":"PK30102","adm2_name":"Astore","adm2_name1":null,"adm2_name2":null,"adm2_name3":null,"adm2_pcode":"PK301","adm1_name":"Gilgit Baltistan","adm1_name1":null,"adm1_name2":null,"adm1_name3":null,"adm1_pcode":"PK3","adm0_name":"Pakistan","adm0_name1":null,"adm0_name2":null,"adm0_name3":null,"adm0_pcode":"PK","valid_on":"2022-09-09","valid_to":null,"version":"v01","lang":"en","lang1":null,"lang2":null,"lang3":null},"geometry":{"type":"Point","coordinates":[74.898455002000105,34.996702194000136]}},
{"type":"Feature","properties":{"admin_level":3,"name":"Chilas","name1":null,"name2":null,"name3":null,"x_coord":74.21341466,"y_coord":35.37959086,"adm4_name":null,"adm4_name1":null,"adm4_name2":null,"adm4_name3":null,"adm4_pcode":null,"adm3_name":"Chilas","adm3_name1":null,"adm3_name2":null,"adm3_name3":null,"adm3_pcode":"PK30201","adm2_name":"Diamir","adm2_name1":null,"adm2_name2":null,"adm2_name3":null,"adm2_pcode":"PK302","adm1_name":"Gilgit Baltistan","adm1_name1":null,"adm1_name2":null,"adm1_name3":null,"adm1_pcode":"PK3","adm0_name":"Pakistan","adm0_name1":null,"adm0_name2":null,"adm0_name3":null,"adm0_pcode":"PK","valid_on":"2022-09-09","valid_to":null,"version":"v01","lang":"en","lang1":null,"lang2":null,"lang3":null},"geometry":{"type":"Point","coordinates":[74.213414657000044,35.37959086]}},
{"type":"Feature","properties":{"admin_level":3,"name":"Daghoni","name1":null,"name2":null,"name3":null,"x_coord":76.12725405,"y_coord":35.32462868,"adm4_name":null,"adm4_name1":null,"adm4_name2":null,"adm4_name3":null,"adm4_pcode":null,"adm3_name":"Daghoni","adm3_name1":null,"adm3_name2":null,"adm3_name3":null,"adm3_pcode":"PK30301","adm2_name":"Ghanche","adm2_name1":null,"adm2_name2":null,"adm2_name3":null,"adm2_pcode":"PK303","adm1_name":"Gilgit Baltistan","adm1_name1":null,"adm1_name2":null,"adm1_name3":null,"adm1_pcode":"PK3","adm0_name":"Pakistan","adm0_name1":null,"adm0_name2":null,"adm0_name3":null,"adm0_pcode":"PK","valid_on":"2022-09-09","valid_to":null,"version":"v01","lang":"en","lang1":null,"lang2":null,"lang3":null},"geometry":{"type":"Point","coordinates":[76.127254047000122,35.324628677000192]}},
{"type":"Feature","properties":{"admin_level":3,"name":"Khaplu","name1":null,"name2":null,"name3":null,"x_coord":76.68210098,"y_coord":35.00371217,"adm4_name":null,"adm4_name1":null,"adm4_name2":null,"adm4_name3":null,"adm4_pcode":null,"adm3_name":"Khaplu","adm3_name1":null,"adm3_name2":null,"adm3_name3":null,"adm3_pcode":"PK30302","adm2_name":"Ghanche","adm2_name1":null,"adm2_name2":null,"adm2_name3":null,"adm2_pcode":"PK303","adm1_name":"Gilgit Baltistan","adm1_name1":null,"adm1_name2":null,"adm1_name3":null,"adm1_pcode":"PK3","adm0_name":"Pakistan","adm0_name1":null,"adm0_name2":null,"adm0_name3":null,"adm0_pcode":"PK","valid_on":"2022-09-09","valid_to":null,"version":"v01","lang":"en","lang1":null,"lang2":null,"lang3":null},"geometry":{"type":"Point","coordinates":[76.682100984000101,35.003712170000142]}},
{"type":"Feature","properties":{"admin_level":3,"name":"Mashabbrum","name1":null,"name2":null,"name3":null,"x_coord":76.92004962,"y_coord":35.32025149,"adm4_name":null,"adm4_name1":null,"adm4_name2":null,"adm4_name3":null,"adm4_pcode":null,"adm3_name":"Mashabbrum","adm3_name1":null,"adm3_name2":null,"adm3_name3":null,"adm3_pcode":"PK30303","adm2_name":"Ghanche","adm2_name1":null,"adm2_name2":null,"adm2_name3":null,"adm2_pcode":"PK303","adm1_name":"Gilgit Baltistan","adm1_name1":null,"adm1_name2":null,"adm1_name3":null,"adm1_pcode":"PK3","adm0_name":"Pakistan","adm0_name1":null,"adm0_name2":null,"adm0_name3":null,"adm0_pcode":"PK","valid_on":"2022-09-09","valid_to":null,"version":"v01","lang":"en","lang1":null,"lang2":null,"lang3":null},"geometry":{"type":"Point","coordinates":[76.920049624000171,35.320251491000192]}},
{"type":"Feature","properties":{"admin_level":3,"name":"Ishkoman","name1":null,"name2":null,"name3":null,"x_coord":73.8723755,"y_coord":36.56955755,"adm4_name":null,"adm4_name1":null,"adm4_name2":null,"adm4_name3":null,"adm4_pcode":null,"adm3_name":"Ishkoman","adm3_name1":null,"adm3_name2":null,"adm3_name3":null,"adm3_pcode":"PK30401","adm2_name":"Ghizer","adm2_name1":null,"adm2_name2":null,"adm2_name3":null,"adm2_pcode":"PK304","adm1_name":"Gilgit Baltistan","adm1_name1":null,"adm1_name2":null,"adm1_name3":null,"adm1_pcode":"PK3","adm0_name":"Pakistan","adm0_name1":null,"adm0_name2":null,"adm0_name3":null,"adm0_pcode":"PK","valid_on":"2022-09-09","valid_to":null,"version":"v01","lang":"en","lang1":null,"lang2":null,"lang3":null},"geometry":{"type":"Point","coordinates":[73.872375495000142,36.569557550000184]}},
{"type":"Feature","properties":{"admin_level":3,"name":"Punial","name1":null,"name2":null,"name3":null,"x_coord":73.87357295,"y_coord":36.10389204,"adm4_name":null,"adm4_name1":null,"adm4_name2":null,"adm4_name3":null,"adm4_pcode":null,"adm3_name":"Punial","adm3_name1":null,"adm3_name2":null,"adm3_name3":null,"adm3_pcode":"PK30402","adm2_name":"Ghizer","adm2_name1":null,"adm2_name2":null,"adm2_name3":null,"adm2_pcode":"PK304","adm1_name":"Gilgit Baltistan","adm1_name1":null,"adm1_name2":null,"adm1_name3":null,"adm1_pcode":"PK3","adm0_name":"Pakistan","adm0_name1":null,"adm0_name2":null,"adm0_name3":null,"adm0_pcode":"PK","valid_on":"2022-09-09","valid_to":null,"version":"v01","lang":"en","lang1":null,"lang2":null,"lang3":null},"geometry":{"type":"Point","coordinates":[73.873572948000174,36.103892043000144]}},
{"type":"Feature","properties":{"admin_level":3,"name":"Gilgit","name1":null,"name2":null,"name3":null,"x_coord":74.50875764,"y_coord":35.96682929,"adm4_name":null,"adm4_name1":null,"adm4_name2":null,"adm4_name3":null,"adm4_pcode":null,"adm3_name":"Gilgit","adm3_name1":null,"adm3_name2":null,"adm3_name3":null,"adm3_pcode":"PK30501","adm2_name":"Gilgit","adm2_name1":null,"adm2_name2":null,"adm2_name3":null,"adm2_pcode":"PK305","adm1_name":"Gilgit Baltistan","adm1_name1":null,"adm1_name2":null,"adm1_name3":null,"adm1_pcode":"PK3","adm0_name":"Pakistan","adm0_name1":null,"adm0_name2":null,"adm0_name3":null,"adm0_pcode":"PK","valid_on":"2022-09-09","valid_to":null,"version":"v01","lang":"en","lang1":null,"lang2":null,"lang3":null},"geometry":{"type":"Point","coordinates":[74.508757635000052,35.966829294000036]}},
{"type":"Feature","properties":{"admin_level":3,"name":"Ali Abad","name1":null,"name2":null,"name3":null,"x_coord":74.6817464,"y_coord":36.37956161,"adm4_name":null,"adm4_name1":null,"adm4_name2":null,"adm4_name3":null,"adm4_pcode":null,"adm3_name":"Ali Abad","adm3_name1":null,"adm3_name2":null,"adm3_name3":null,"adm3_pcode":"PK30601","adm2_name":"Hunza","adm2_name1":null,"adm2_name2":null,"adm2_name3":null,"adm2_pcode":"PK306","adm1_name":"Gilgit Baltistan","adm1_name1":null,"adm1_name2":null,"adm1_name3":null,"adm1_pcode":"PK3","adm0_name":"Pakistan","adm0_name1":null,"adm0_name2":null,"adm0_name3":null,"adm0_pcode":"PK","valid_on":"2022-09-09","valid_to":null,"version":"v01","lang":"en","lang1":null,"lang2":null,"lang3":null},"geometry":{"type":"Point","coordinates":[74.681746396000108,36.379561609000177]}},
{"type":"Feature","properties":{"admin_level":3,"name":"Gojal","name1":null,"name2":null,"name3":null,"x_coord":75.20522182000001,"y_coord":36.55148578,"adm4_name":null,"adm4_name1":null,"adm4_name2":null,"adm4_name3":null,"adm4_pcode":null,"adm3_name":"Gojal","adm3_name1":null,"adm3_name2":null,"adm3_name3":null,"adm3_pcode":"PK30602","adm2_name":"Hunza","adm2_name1":null,"adm2_name2":null,"adm2_name3":null,"adm2_pcode":"PK306","adm1_name":"Gilgit Baltistan","adm1_name1":null,"adm1_name2":null,"adm1_name3":null,"adm1_pcode":"PK3","adm0_name":"Pakistan","adm0_name1":null,"adm0_name2":null,"adm0_name3":null,"adm0_pcode":"PK","valid_on":"2022-09-09","valid_to":null,"version":"v01","lang":"en","lang1":null,"lang2":null,"lang3":null},"geometry":{"type":"Point","coordinates":[75.205221822999988,36.551485780000064]}},
{"type":"Feature","properties":{"admin_level":3,"name":"Gamba","name1":null,"name2":null,"name3":null,"x_coord":75.33425534,"y_coord":35.24789211,"adm4_name":null,"adm4_name1":null,"adm4_name2":null,"adm4_name3":null,"adm4_pcode":null,"adm3_name":"Gamba","adm3_name1":null,"adm3_name2":null,"adm3_name3":null,"adm3_pcode":"PK30701","adm2_name":"Skardu","adm2_name1":null,"adm2_name2":null,"adm2_name3":null,"adm2_pcode":"PK307","adm1_name":"Gilgit Baltistan","adm1_name1":null,"adm1_name2":null,"adm1_name3":null,"adm1_pcode":"PK3","adm0_name":"Pakistan","adm0_name1":null,"adm0_name2":null,"adm0_name3":null,"adm0_pcode":"PK","valid_on":"2022-09-09","valid_to":null,"version":"v01","lang":"en","lang1":null,"lang2":null,"lang3":null},"geometry":{"type":"Point","coordinates":[75.33425534200012,35.247892113000034]}},
{"type":"Feature","properties":{"admin_level":3,"name":"Skardu","name1":null,"name2":null,"name3":null,"x_coord":75.66491922,"y_coord":35.2777908,"adm4_name":null,"adm4_name1":null,"adm4_name2":null,"adm4_name3":null,"adm4_pcode":null,"adm3_name":"Skardu","adm3_name1":null,"adm3_name2":null,"adm3_name3":null,"adm3_pcode":"PK30702","adm2_name":"Skardu","adm2_name1":null,"adm2_name2":null,"adm2_name3":null,"adm2_pcode":"PK307","adm1_name":"Gilgit Baltistan","adm1_name1":null,"adm1_name2":null,"adm1_name3":null,"adm1_pcode":"PK3","adm0_name":"Pakistan","adm0_name1":null,"adm0_name2":null,"adm0_name3":null,"adm0_pcode":"PK","valid_on":"2022-09-09","valid_to":null,"version":"v01","lang":"en","lang1":null,"lang2":null,"lang3":null},"geometry":{"type":"Point","coordinates":[75.66491921800008,35.277790801000094]}},
{"type":"Feature","properties":{"admin_level":3,"name":"Nagar","name1":null,"name2":null,"name3":null,"x_coord":74.90946185,"y_coord":36.16528336,"adm4_name":null,"adm4_name1":null,"adm4_name2":null,"adm4_name3":null,"adm4_pcode":null,"adm3_name":"Nagar","adm3_name1":null,"adm3_name2":null,"adm3_name3":null,"adm3_pcode":"PK30801","adm2_name":"Nagar","adm2_name1":null,"adm2_name2":null,"adm2_name3":null,"adm2_pcode":"PK308","adm1_name":"Gilgit Baltistan","adm1_name1":null,"adm1_name2":null,"adm1_name3":null,"adm1_pcode":"PK3","adm0_name":"Pakistan","adm0_name1":null,"adm0_name2":null,"adm0_name3":null,"adm0_pcode":"PK","valid_on":"2022-09-09","valid_to":null,"version":"v01","lang":"en","lang1":null,"lang2":null,"lang3":null},"geometry":{"type":"Point","coordinates":[74.909461851000174,36.165283361000149]}},
{"type":"Feature","properties":{"admin_level":3,"name":"Sikandar Abad","name1":null,"name2":null,"name3":null,"x_coord":74.26288895,"y_coord":36.33323668,"adm4_name":null,"adm4_name1":null,"adm4_name2":null,"adm4_name3":null,"adm4_pcode":null,"adm3_name":"Sikandar Abad","adm3_name1":null,"adm3_name2":null,"adm3_name3":null,"adm3_pcode":"PK30802","adm2_name":"Nagar","adm2_name1":null,"adm2_name2":null,"adm2_name3":null,"adm2_pcode":"PK308","adm1_name":"Gilgit Baltistan","adm1_name1":null,"adm1_name2":null,"adm1_name3":null,"adm1_pcode":"PK3","adm0_name":"Pakistan","adm0_name1":null,"adm0_name2":null,"adm0_name3":null,"adm0_pcode":"PK","valid_on":"2022-09-09","valid_to":null,"version":"v01","lang":"en","lang1":null,"lang2":null,"lang3":null},"geometry":{"type":"Point","coordinates":[74.262888950000047,36.333236677000059]}},
{"type":"Feature","properties":{"admin_level":3,"name":"Gultari","name1":null,"name2":null,"name3":null,"x_coord":75.52688323,"y_coord":34.80639936,"adm4_name":null,"adm4_name1":null,"adm4_name2":null,"adm4_name3":null,"adm4_pcode":null,"adm3_name":"Gultari","adm3_name1":null,"adm3_name2":null,"adm3_name3":null,"adm3_pcode":"PK30901","adm2_name":"Kharmang","adm2_name1":null,"adm2_name2":null,"adm2_name3":null,"adm2_pcode":"PK309","adm1_name":"Gilgit Baltistan","adm1_name1":null,"adm1_name2":null,"adm1_name3":null,"adm1_pcode":"PK3","adm0_name":"Pakistan","adm0_name1":null,"adm0_name2":null,"adm0_name3":null,"adm0_pcode":"PK","valid_on":"2022-09-09","valid_to":null,"version":"v01","lang":"en","lang1":null,"lang2":null,"lang3":null},"geometry":{"type":"Point","coordinates":[75.526883229000134,34.80639936]}},
{"type":"Feature","properties":{"admin_level":3,"name":"Kharmang","name1":null,"name2":null,"name3":null,"x_coord":76.09792699,"y_coord":34.89843311,"adm4_name":null,"adm4_name1":null,"adm4_name2":null,"adm4_name3":null,"adm4_pcode":null,"adm3_name":"Kharmang","adm3_name1":null,"adm3_name2":null,"adm3_name3":null,"adm3_pcode":"PK30902","adm2_name":"Kharmang","adm2_name1":null,"adm2_name2":null,"adm2_name3":null,"adm2_pcode":"PK309","adm1_name":"Gilgit Baltistan","adm1_name1":null,"adm1_name2":null,"adm1_name3":null,"adm1_pcode":"PK3","adm0_name":"Pakistan","adm0_name1":null,"adm0_name2":null,"adm0_name3":null,"adm0_pcode":"PK","valid_on":"2022-09-09","valid_to":null,"version":"v01","lang":"en","lang1":null,"lang2":null,"lang3":null},"geometry":{"type":"Point","coordinates":[76.097926985000072,34.898433111000145]}},
{"type":"Feature","properties":{"admin_level":3,"name":"Shigar","name1":null,"name2":null,"name3":null,"x_coord":75.92160108,"y_coord":35.73634155,"adm4_name":null,"adm4_name1":null,"adm4_name2":null,"adm4_name3":null,"adm4_pcode":null,"adm3_name":"Shigar","adm3_name1":null,"adm3_name2":null,"adm3_name3":null,"adm3_pcode":"PK31001","adm2_name":"Shigar","adm2_name1":null,"adm2_name2":null,"adm2_name3":null,"adm2_pcode":"PK310","adm1_name":"Gilgit Baltistan","adm1_name1":null,"adm1_name2":null,"adm1_name3":null,"adm1_pcode":"PK3","adm0_name":"Pakistan","adm0_name1":null,"adm0_name2":null,"adm0_name3":null,"adm0_pcode":"PK","valid_on":"2022-09-09","valid_to":null,"version":"v01","lang":"en","lang1":null,"lang2":null,"lang3":null},"geometry":{"type":"Point","coordinates":[75.921601075000183,35.736341547000109]}},
{"type":"Feature","properties":{"admin_level":3,"name":"Darel","name1":null,"name2":null,"name3":null,"x_coord":73.82870134,"y_coord":35.69912193,"adm4_name":null,"adm4_name1":null,"adm4_name2":null,"adm4_name3":null,"adm4_pcode":null,"adm3_name":"Darel","adm3_name1":null,"adm3_name2":null,"adm3_name3":null,"adm3_pcode":"PK31101","adm2_name":"Darel","adm2_name1":null,"adm2_name2":null,"adm2_name3":null,"adm2_pcode":"PK311","adm1_name":"Gilgit Baltistan","adm1_name1":null,"adm1_name2":null,"adm1_name3":null,"adm1_pcode":"PK3","adm0_name":"Pakistan","adm0_name1":null,"adm0_name2":null,"adm0_name3":null,"adm0_pcode":"PK","valid_on":"2022-09-09","valid_to":null,"version":"v01","lang":"en","lang1":null,"lang2":null,"lang3":null},"geometry":{"type":"Point","coordinates":[73.828701335000176,35.699121927000192]}},
{"type":"Feature","properties":{"admin_level":3,"name":"Tangir","name1":null,"name2":null,"name3":null,"x_coord":73.31614423000001,"y_coord":35.74509055,"adm4_name":null,"adm4_name1":null,"adm4_name2":null,"adm4_name3":null,"adm4_pcode":null,"adm3_name":"Tangir","adm3_name1":null,"adm3_name2":null,"adm3_name3":null,"adm3_pcode":"PK31201","adm2_name":"Tangir","adm2_name1":null,"adm2_name2":null,"adm2_name3":null,"adm2_pcode":"PK312","adm1_name":"Gilgit Baltistan","adm1_name1":null,"adm1_name2":null,"adm1_name3":null,"adm1_pcode":"PK3","adm0_name":"Pakistan","adm0_name1":null,"adm0_name2":null,"adm0_name3":null,"adm0_pcode":"PK","valid_on":"2022-09-09","valid_to":null,"version":"v01","lang":"en","lang1":null,"lang2":null,"lang3":null},"geometry":{"type":"Point","coordinates":[73.316144233000102,35.745090553000125]}},
{"type":"Feature","properties":{"admin_level":3,"name":"Gupis","name1":null,"name2":null,"name3":null,"x_coord":73.34891405,"y_coord":36.14422093,"adm4_name":null,"adm4_name1":null,"adm4_name2":null,"adm4_name3":null,"adm4_pcode":null,"adm3_name":"Gupis","adm3_name1":null,"adm3_name2":null,"adm3_name3":null,"adm3_pcode":"PK31301","adm2_name":"Gupis-Yasin","adm2_name1":null,"adm2_name2":null,"adm2_name3":null,"adm2_pcode":"PK313","adm1_name":"Gilgit Baltistan","adm1_name1":null,"adm1_name2":null,"adm1_name3":null,"adm1_pcode":"PK3","adm0_name":"Pakistan","adm0_name1":null,"adm0_name2":null,"adm0_name3":null,"adm0_pcode":"PK","valid_on":"2022-09-09","valid_to":null,"version":"v01","lang":"en","lang1":null,"lang2":null,"lang3":null},"geometry":{"type":"Point","coordinates":[73.348914055000023,36.144220929000085]}},
{"type":"Feature","properties":{"admin_level":3,"name":"Phandar","name1":null,"name2":null,"name3":null,"x_coord":72.80451854,"y_coord":36.1660129,"adm4_name":null,"adm4_name1":null,"adm4_name2":null,"adm4_name3":null,"adm4_pcode":null,"adm3_name":"Phandar","adm3_name1":null,"adm3_name2":null,"adm3_name3":null,"adm3_pcode":"PK31302","adm2_name":"Gupis-Yasin","adm2_name1":null,"adm2_name2":null,"adm2_name3":null,"adm2_pcode":"PK313","adm1_name":"Gilgit Baltistan","adm1_name1":null,"adm1_name2":null,"adm1_name3":null,"adm1_pcode":"PK3","adm0_name":"Pakistan","adm0_name1":null,"adm0_name2":null,"adm0_name3":null,"adm0_pcode":"PK","valid_on":"2022-09-09","valid_to":null,"version":"v01","lang":"en","lang1":null,"lang2":null,"lang3":null},"geometry":{"type":"Point","coordinates":[72.804518540000061,36.16601289800002]}},
{"type":"Feature","properties":{"admin_level":3,"name":"Yasin","name1":null,"name2":null,"name3":null,"x_coord":73.30845797000001,"y_coord":36.50137812,"adm4_name":null,"adm4_name1":null,"adm4_name2":null,"adm4_name3":null,"adm4_pcode":null,"adm3_name":"Yasin","adm3_name1":null,"adm3_name2":null,"adm3_name3":null,"adm3_pcode":"PK31303","adm2_name":"Gupis-Yasin","adm2_name1":null,"adm2_name2":null,"adm2_name3":null,"adm2_pcode":"PK313","adm1_name":"Gilgit Baltistan","adm1_name1":null,"adm1_name2":null,"adm1_name3":null,"adm1_pcode":"PK3","adm0_name":"Pakistan","adm0_name1":null,"adm0_name2":null,"adm0_name3":null,"adm0_pcode":"PK","valid_on":"2022-09-09","valid_to":null,"version":"v01","lang":"en","lang1":null,"lang2":null,"lang3":null},"geometry":{"type":"Point","coordinates":[73.308457967000038,36.50137811999997]}},
{"type":"Feature","properties":{"admin_level":3,"name":"Rondu","name1":null,"name2":null,"name3":null,"x_coord":75.15829268,"y_coord":35.58728773,"adm4_name":null,"adm4_name1":null,"adm4_name2":null,"adm4_name3":null,"adm4_pcode":null,"adm3_name":"Rondu","adm3_name1":null,"adm3_name2":null,"adm3_name3":null,"adm3_pcode":"PK31401","adm2_name":"Rondu","adm2_name1":null,"adm2_name2":null,"adm2_name3":null,"adm2_pcode":"PK314","adm1_name":"Gilgit Baltistan","adm1_name1":null,"adm1_name2":null,"adm1_name3":null,"adm1_pcode":"PK3","adm0_name":"Pakistan","adm0_name1":null,"adm0_name2":null,"adm0_name3":null,"adm0_pcode":"PK","valid_on":"2022-09-09","valid_to":null,"version":"v01","lang":"en","lang1":null,"lang2":null,"lang3":null},"geometry":{"type":"Point","coordinates":[75.158292676000087,35.587287728000092]}},
{"type":"Feature","properties":{"admin_level":3,"name":"Islamabad","name1":null,"name2":null,"name3":null,"x_coord":72.95796258,"y_coord":33.65087509,"adm4_name":null,"adm4_name1":null,"adm4_name2":null,"adm4_name3":null,"adm4_pcode":null,"adm3_name":"Islamabad","adm3_name1":null,"adm3_name2":null,"adm3_name3":null,"adm3_pcode":"PK40101","adm2_name":"Islamabad","adm2_name1":null,"adm2_name2":null,"adm2_name3":null,"adm2_pcode":"PK401","adm1_name":"Islamabad","adm1_name1":null,"adm1_name2":null,"adm1_name3":null,"adm1_pcode":"PK4","adm0_name":"Pakistan","adm0_name1":null,"adm0_name2":null,"adm0_name3":null,"adm0_pcode":"PK","valid_on":"2022-09-09","valid_to":null,"version":"v01","lang":"en","lang1":null,"lang2":null,"lang3":null},"geometry":{"type":"Point","coordinates":[72.957962576000114,33.650875092000035]}},
{"type":"Feature","properties":{"admin_level":3,"name":"Abbottabad","name1":null,"name2":null,"name3":null,"x_coord":73.31545675,"y_coord":34.16486523,"adm4_name":null,"adm4_name1":null,"adm4_name2":null,"adm4_name3":null,"adm4_pcode":null,"adm3_name":"Abbottabad","adm3_name1":null,"adm3_name2":null,"adm3_name3":null,"adm3_pcode":"PK50101","adm2_name":"Abbottabad","adm2_name1":null,"adm2_name2":null,"adm2_name3":null,"adm2_pcode":"PK501","adm1_name":"Khyber Pakhtunkhwa","adm1_name1":null,"adm1_name2":null,"adm1_name3":null,"adm1_pcode":"PK5","adm0_name":"Pakistan","adm0_name1":null,"adm0_name2":null,"adm0_name3":null,"adm0_pcode":"PK","valid_on":"2022-09-09","valid_to":null,"version":"v01","lang":"en","lang1":null,"lang2":null,"lang3":null},"geometry":{"type":"Point","coordinates":[73.315456755000071,34.164865228000167]}},
{"type":"Feature","properties":{"admin_level":3,"name":"Havelian","name1":null,"name2":null,"name3":null,"x_coord":73.22610354,"y_coord":34.009315,"adm4_name":null,"adm4_name1":null,"adm4_name2":null,"adm4_name3":null,"adm4_pcode":null,"adm3_name":"Havelian","adm3_name1":null,"adm3_name2":null,"adm3_name3":null,"adm3_pcode":"PK50102","adm2_name":"Abbottabad","adm2_name1":null,"adm2_name2":null,"adm2_name3":null,"adm2_pcode":"PK501","adm1_name":"Khyber Pakhtunkhwa","adm1_name1":null,"adm1_name2":null,"adm1_name3":null,"adm1_pcode":"PK5","adm0_name":"Pakistan","adm0_name1":null,"adm0_name2":null,"adm0_name3":null,"adm0_pcode":"PK","valid_on":"2022-09-09","valid_to":null,"version":"v01","lang":"en","lang1":null,"lang2":null,"lang3":null},"geometry":{"type":"Point","coordinates":[73.226103545000115,34.009314998000093]}},
{"type":"Feature","properties":{"admin_level":3,"name":"Lora","name1":null,"name2":null,"name3":null,"x_coord":73.30795708,"y_coord":33.92190557,"adm4_name":null,"adm4_name1":null,"adm4_name2":null,"adm4_name3":null,"adm4_pcode":null,"adm3_name":"Lora","adm3_name1":null,"adm3_name2":null,"adm3_name3":null,"adm3_pcode":"PK50103","adm2_name":"Abbottabad","adm2_name1":null,"adm2_name2":null,"adm2_name3":null,"adm2_pcode":"PK501","adm1_name":"Khyber Pakhtunkhwa","adm1_name1":null,"adm1_name2":null,"adm1_name3":null,"adm1_pcode":"PK5","adm0_name":"Pakistan","adm0_name1":null,"adm0_name2":null,"adm0_name3":null,"adm0_pcode":"PK","valid_on":"2022-09-09","valid_to":null,"version":"v01","lang":"en","lang1":null,"lang2":null,"lang3":null},"geometry":{"type":"Point","coordinates":[73.307957082000087,33.921905570000092]}},
{"type":"Feature","properties":{"admin_level":3,"name":"Lower Tanawal","name1":null,"name2":null,"name3":null,"x_coord":73.09047724,"y_coord":34.1937,"adm4_name":null,"adm4_name1":null,"adm4_name2":null,"adm4_name3":null,"adm4_pcode":null,"adm3_name":"Lower Tanawal","adm3_name1":null,"adm3_name2":null,"adm3_name3":null,"adm3_pcode":"PK50104","adm2_name":"Abbottabad","adm2_name1":null,"adm2_name2":null,"adm2_name3":null,"adm2_pcode":"PK501","adm1_name":"Khyber Pakhtunkhwa","adm1_name1":null,"adm1_name2":null,"adm1_name3":null,"adm1_pcode":"PK5","adm0_name":"Pakistan","adm0_name1":null,"adm0_name2":null,"adm0_name3":null,"adm0_pcode":"PK","valid_on":"2022-09-09","valid_to":null,"version":"v01","lang":"en","lang1":null,"lang2":null,"lang3":null},"geometry":{"type":"Point","coordinates":[73.090477241000144,34.193700001000025]}},
{"type":"Feature","properties":{"admin_level":3,"name":"Bar Chamarkand","name1":null,"name2":null,"name3":null,"x_coord":71.19910072,"y_coord":34.72926733,"adm4_name":null,"adm4_name1":null,"adm4_name2":null,"adm4_name3":null,"adm4_pcode":null,"adm3_name":"Bar Chamarkand","adm3_name1":null,"adm3_name2":null,"adm3_name3":null,"adm3_pcode":"PK50201","adm2_name":"Bajaur","adm2_name1":null,"adm2_name2":null,"adm2_name3":null,"adm2_pcode":"PK502","adm1_name":"Khyber Pakhtunkhwa","adm1_name1":null,"adm1_name2":null,"adm1_name3":null,"adm1_pcode":"PK5","adm0_name":"Pakistan","adm0_name1":null,"adm0_name2":null,"adm0_name3":null,"adm0_pcode":"PK","valid_on":"2022-09-09","valid_to":null,"version":"v01","lang":"en","lang1":null,"lang2":null,"lang3":null},"geometry":{"type":"Point","coordinates":[71.199100721000093,34.729267327000116]}},
{"type":"Feature","properties":{"admin_level":3,"name":"Barang","name1":null,"name2":null,"name3":null,"x_coord":71.60569961,"y_coord":34.61451531,"adm4_name":null,"adm4_name1":null,"adm4_name2":null,"adm4_name3":null,"adm4_pcode":null,"adm3_name":"Barang","adm3_name1":null,"adm3_name2":null,"adm3_name3":null,"adm3_pcode":"PK50202","adm2_name":"Bajaur","adm2_name1":null,"adm2_name2":null,"adm2_name3":null,"adm2_pcode":"PK502","adm1_name":"Khyber Pakhtunkhwa","adm1_name1":null,"adm1_name2":null,"adm1_name3":null,"adm1_pcode":"PK5","adm0_name":"Pakistan","adm0_name1":null,"adm0_name2":null,"adm0_name3":null,"adm0_pcode":"PK","valid_on":"2022-09-09","valid_to":null,"version":"v01","lang":"en","lang1":null,"lang2":null,"lang3":null},"geometry":{"type":"Point","coordinates":[71.605699607000133,34.614515305000111]}},
{"type":"Feature","properties":{"admin_level":3,"name":"Khar","name1":null,"name2":null,"name3":null,"x_coord":71.52771118,"y_coord":34.73338111,"adm4_name":null,"adm4_name1":null,"adm4_name2":null,"adm4_name3":null,"adm4_pcode":null,"adm3_name":"Khar","adm3_name1":null,"adm3_name2":null,"adm3_name3":null,"adm3_pcode":"PK50203","adm2_name":"Bajaur","adm2_name1":null,"adm2_name2":null,"adm2_name3":null,"adm2_pcode":"PK502","adm1_name":"Khyber Pakhtunkhwa","adm1_name1":null,"adm1_name2":null,"adm1_name3":null,"adm1_pcode":"PK5","adm0_name":"Pakistan","adm0_name1":null,"adm0_name2":null,"adm0_name3":null,"adm0_pcode":"PK","valid_on":"2022-09-09","valid_to":null,"version":"v01","lang":"en","lang1":null,"lang2":null,"lang3":null},"geometry":{"type":"Point","coordinates":[71.527711178000061,34.7333811150001]}},
{"type":"Feature","properties":{"admin_level":3,"name":"Mamund","name1":null,"name2":null,"name3":null,"x_coord":71.38179119,"y_coord":34.82382144,"adm4_name":null,"adm4_name1":null,"adm4_name2":null,"adm4_name3":null,"adm4_pcode":null,"adm3_name":"Mamund","adm3_name1":null,"adm3_name2":null,"adm3_name3":null,"adm3_pcode":"PK50204","adm2_name":"Bajaur","adm2_name1":null,"adm2_name2":null,"adm2_name3":null,"adm2_pcode":"PK502","adm1_name":"Khyber Pakhtunkhwa","adm1_name1":null,"adm1_name2":null,"adm1_name3":null,"adm1_pcode":"PK5","adm0_name":"Pakistan","adm0_name1":null,"adm0_name2":null,"adm0_name3":null,"adm0_pcode":"PK","valid_on":"2022-09-09","valid_to":null,"version":"v01","lang":"en","lang1":null,"lang2":null,"lang3":null},"geometry":{"type":"Point","coordinates":[71.381791189000069,34.823821439000085]}},
{"type":"Feature","properties":{"admin_level":3,"name":"Nawagai","name1":null,"name2":null,"name3":null,"x_coord":71.29088189,"y_coord":34.72609367,"adm4_name":null,"adm4_name1":null,"adm4_name2":null,"adm4_name3":null,"adm4_pcode":null,"adm3_name":"Nawagai","adm3_name1":null,"adm3_name2":null,"adm3_name3":null,"adm3_pcode":"PK50205","adm2_name":"Bajaur","adm2_name1":null,"adm2_name2":null,"adm2_name3":null,"adm2_pcode":"PK502","adm1_name":"Khyber Pakhtunkhwa","adm1_name1":null,"adm1_name2":null,"adm1_name3":null,"adm1_pcode":"PK5","adm0_name":"Pakistan","adm0_name1":null,"adm0_name2":null,"adm0_name3":null,"adm0_pcode":"PK","valid_on":"2022-09-09","valid_to":null,"version":"v01","lang":"en","lang1":null,"lang2":null,"lang3":null},"geometry":{"type":"Point","coordinates":[71.290881886000079,34.726093669000022]}},
{"type":"Feature","properties":{"admin_level":3,"name":"Salarzai","name1":null,"name2":null,"name3":null,"x_coord":71.52927152,"y_coord":34.87326434,"adm4_name":null,"adm4_name1":null,"adm4_name2":null,"adm4_name3":null,"adm4_pcode":null,"adm3_name":"Salarzai","adm3_name1":null,"adm3_name2":null,"adm3_name3":null,"adm3_pcode":"PK50206","adm2_name":"Bajaur","adm2_name1":null,"adm2_name2":null,"adm2_name3":null,"adm2_pcode":"PK502","adm1_name":"Khyber Pakhtunkhwa","adm1_name1":null,"adm1_name2":null,"adm1_name3":null,"adm1_pcode":"PK5","adm0_name":"Pakistan","adm0_name1":null,"adm0_name2":null,"adm0_name3":null,"adm0_pcode":"PK","valid_on":"2022-09-09","valid_to":null,"version":"v01","lang":"en","lang1":null,"lang2":null,"lang3":null},"geometry":{"type":"Point","coordinates":[71.529271516000051,34.87326434199997]}},
{"type":"Feature","properties":{"admin_level":3,"name":"Utman Khel","name1":null,"name2":null,"name3":null,"x_coord":71.69955532,"y_coord":34.73902527,"adm4_name":null,"adm4_name1":null,"adm4_name2":null,"adm4_name3":null,"adm4_pcode":null,"adm3_name":"Utman Khel","adm3_name1":null,"adm3_name2":null,"adm3_name3":null,"adm3_pcode":"PK50207","adm2_name":"Bajaur","adm2_name1":null,"adm2_name2":null,"adm2_name3":null,"adm2_pcode":"PK502","adm1_name":"Khyber Pakhtunkhwa","adm1_name1":null,"adm1_name2":null,"adm1_name3":null,"adm1_pcode":"PK5","adm0_name":"Pakistan","adm0_name1":null,"adm0_name2":null,"adm0_name3":null,"adm0_pcode":"PK","valid_on":"2022-09-09","valid_to":null,"version":"v01","lang":"en","lang1":null,"lang2":null,"lang3":null},"geometry":{"type":"Point","coordinates":[71.699555319000126,34.739025265000123]}},
{"type":"Feature","properties":{"admin_level":3,"name":"Bannu","name1":null,"name2":null,"name3":null,"x_coord":70.68168247,"y_coord":32.92467555,"adm4_name":null,"adm4_name1":null,"adm4_name2":null,"adm4_name3":null,"adm4_pcode":null,"adm3_name":"Bannu","adm3_name1":null,"adm3_name2":null,"adm3_name3":null,"adm3_pcode":"PK50301","adm2_name":"Bannu","adm2_name1":null,"adm2_name2":null,"adm2_name3":null,"adm2_pcode":"PK503","adm1_name":"Khyber Pakhtunkhwa","adm1_name1":null,"adm1_name2":null,"adm1_name3":null,"adm1_pcode":"PK5","adm0_name":"Pakistan","adm0_name1":null,"adm0_name2":null,"adm0_name3":null,"adm0_pcode":"PK","valid_on":"2022-09-09","valid_to":null,"version":"v01","lang":"en","lang1":null,"lang2":null,"lang3":null},"geometry":{"type":"Point","coordinates":[70.681682472000034,32.924675548000153]}},
{"type":"Feature","properties":{"admin_level":3,"name":"Baka Khel","name1":null,"name2":null,"name3":null,"x_coord":70.46706759,"y_coord":32.86789696,"adm4_name":null,"adm4_name1":null,"adm4_name2":null,"adm4_name3":null,"adm4_pcode":null,"adm3_name":"Baka Khel","adm3_name1":null,"adm3_name2":null,"adm3_name3":null,"adm3_pcode":"PK50302","adm2_name":"Bannu","adm2_name1":null,"adm2_name2":null,"adm2_name3":null,"adm2_pcode":"PK503","adm1_name":"Khyber Pakhtunkhwa","adm1_name1":null,"adm1_name2":null,"adm1_name3":null,"adm1_pcode":"PK5","adm0_name":"Pakistan","adm0_name1":null,"adm0_name2":null,"adm0_name3":null,"adm0_pcode":"PK","valid_on":"2022-09-09","valid_to":null,"version":"v01","lang":"en","lang1":null,"lang2":null,"lang3":null},"geometry":{"type":"Point","coordinates":[70.46706758900018,32.867896957000085]}},
{"type":"Feature","properties":{"admin_level":3,"name":"Domel","name1":null,"name2":null,"name3":null,"x_coord":70.81087553,"y_coord":32.9723605,"adm4_name":null,"adm4_name1":null,"adm4_name2":null,"adm4_name3":null,"adm4_pcode":null,"adm3_name":"Domel","adm3_name1":null,"adm3_name2":null,"adm3_name3":null,"adm3_pcode":"PK50303","adm2_name":"Bannu","adm2_name1":null,"adm2_name2":null,"adm2_name3":null,"adm2_pcode":"PK503","adm1_name":"Khyber Pakhtunkhwa","adm1_name1":null,"adm1_name2":null,"adm1_name3":null,"adm1_pcode":"PK5","adm0_name":"Pakistan","adm0_name1":null,"adm0_name2":null,"adm0_name3":null,"adm0_pcode":"PK","valid_on":"2022-09-09","valid_to":null,"version":"v01","lang":"en","lang1":null,"lang2":null,"lang3":null},"geometry":{"type":"Point","coordinates":[70.810875527000064,32.972360503000061]}},
{"type":"Feature","properties":{"admin_level":3,"name":"Kakki","name1":null,"name2":null,"name3":null,"x_coord":70.67325824,"y_coord":32.85319483,"adm4_name":null,"adm4_name1":null,"adm4_name2":null,"adm4_name3":null,"adm4_pcode":null,"adm3_name":"Kakki","adm3_name1":null,"adm3_name2":null,"adm3_name3":null,"adm3_pcode":"PK50304","adm2_name":"Bannu","adm2_name1":null,"adm2_name2":null,"adm2_name3":null,"adm2_pcode":"PK503","adm1_name":"Khyber Pakhtunkhwa","adm1_name1":null,"adm1_name2":null,"adm1_name3":null,"adm1_pcode":"PK5","adm0_name":"Pakistan","adm0_name1":null,"adm0_name2":null,"adm0_name3":null,"adm0_pcode":"PK","valid_on":"2022-09-09","valid_to":null,"version":"v01","lang":"en","lang1":null,"lang2":null,"lang3":null},"geometry":{"type":"Point","coordinates":[70.673258238000074,32.853194828000028]}},
{"type":"Feature","properties":{"admin_level":3,"name":"Miryan","name1":null,"name2":null,"name3":null,"x_coord":70.5747891,"y_coord":32.89909734,"adm4_name":null,"adm4_name1":null,"adm4_name2":null,"adm4_name3":null,"adm4_pcode":null,"adm3_name":"Miryan","adm3_name1":null,"adm3_name2":null,"adm3_name3":null,"adm3_pcode":"PK50305","adm2_name":"Bannu","adm2_name1":null,"adm2_name2":null,"adm2_name3":null,"adm2_pcode":"PK503","adm1_name":"Khyber Pakhtunkhwa","adm1_name1":null,"adm1_name2":null,"adm1_name3":null,"adm1_pcode":"PK5","adm0_name":"Pakistan","adm0_name1":null,"adm0_name2":null,"adm0_name3":null,"adm0_pcode":"PK","valid_on":"2022-09-09","valid_to":null,"version":"v01","lang":"en","lang1":null,"lang2":null,"lang3":null},"geometry":{"type":"Point","coordinates":[70.574789099000043,32.899097337000057]}},
{"type":"Feature","properties":{"admin_level":3,"name":"Wazir","name1":null,"name2":null,"name3":null,"x_coord":70.44168023,"y_coord":32.99656158,"adm4_name":null,"adm4_name1":null,"adm4_name2":null,"adm4_name3":null,"adm4_pcode":null,"adm3_name":"Wazir","adm3_name1":null,"adm3_name2":null,"adm3_name3":null,"adm3_pcode":"PK50306","adm2_name":"Bannu","adm2_name1":null,"adm2_name2":null,"adm2_name3":null,"adm2_pcode":"PK503","adm1_name":"Khyber Pakhtunkhwa","adm1_name1":null,"adm1_name2":null,"adm1_name3":null,"adm1_pcode":"PK5","adm0_name":"Pakistan","adm0_name1":null,"adm0_name2":null,"adm0_name3":null,"adm0_pcode":"PK","valid_on":"2022-09-09","valid_to":null,"version":"v01","lang":"en","lang1":null,"lang2":null,"lang3":null},"geometry":{"type":"Point","coordinates":[70.441680228000052,32.996561583000187]}},
{"type":"Feature","properties":{"admin_level":3,"name":"Allai","name1":null,"name2":null,"name3":null,"x_coord":73.20084836,"y_coord":34.81135905,"adm4_name":null,"adm4_name1":null,"adm4_name2":null,"adm4_name3":null,"adm4_pcode":null,"adm3_name":"Allai","adm3_name1":null,"adm3_name2":null,"adm3_name3":null,"adm3_pcode":"PK50401","adm2_name":"Batagram","adm2_name1":null,"adm2_name2":null,"adm2_name3":null,"adm2_pcode":"PK504","adm1_name":"Khyber Pakhtunkhwa","adm1_name1":null,"adm1_name2":null,"adm1_name3":null,"adm1_pcode":"PK5","adm0_name":"Pakistan","adm0_name1":null,"adm0_name2":null,"adm0_name3":null,"adm0_pcode":"PK","valid_on":"2022-09-09","valid_to":null,"version":"v01","lang":"en","lang1":null,"lang2":null,"lang3":null},"geometry":{"type":"Point","coordinates":[73.200848357000041,34.811359054000036]}},
{"type":"Feature","properties":{"admin_level":3,"name":"Batagram","name1":null,"name2":null,"name3":null,"x_coord":73.03246093,"y_coord":34.68143107,"adm4_name":null,"adm4_name1":null,"adm4_name2":null,"adm4_name3":null,"adm4_pcode":null,"adm3_name":"Batagram","adm3_name1":null,"adm3_name2":null,"adm3_name3":null,"adm3_pcode":"PK50402","adm2_name":"Batagram","adm2_name1":null,"adm2_name2":null,"adm2_name3":null,"adm2_pcode":"PK504","adm1_name":"Khyber Pakhtunkhwa","adm1_name1":null,"adm1_name2":null,"adm1_name3":null,"adm1_pcode":"PK5","adm0_name":"Pakistan","adm0_name1":null,"adm0_name2":null,"adm0_name3":null,"adm0_pcode":"PK","valid_on":"2022-09-09","valid_to":null,"version":"v01","lang":"en","lang1":null,"lang2":null,"lang3":null},"geometry":{"type":"Point","coordinates":[73.032460928000035,34.681431071000191]}},
{"type":"Feature","properties":{"admin_level":3,"name":"Daggar","name1":null,"name2":null,"name3":null,"x_coord":72.3819043,"y_coord":34.55982689,"adm4_name":null,"adm4_name1":null,"adm4_name2":null,"adm4_name3":null,"adm4_pcode":null,"adm3_name":"Daggar","adm3_name1":null,"adm3_name2":null,"adm3_name3":null,"adm3_pcode":"PK50501","adm2_name":"Buner","adm2_name1":null,"adm2_name2":null,"adm2_name3":null,"adm2_pcode":"PK505","adm1_name":"Khyber Pakhtunkhwa","adm1_name1":null,"adm1_name2":null,"adm1_name3":null,"adm1_pcode":"PK5","adm0_name":"Pakistan","adm0_name1":null,"adm0_name2":null,"adm0_name3":null,"adm0_pcode":"PK","valid_on":"2022-09-09","valid_to":null,"version":"v01","lang":"en","lang1":null,"lang2":null,"lang3":null},"geometry":{"type":"Point","coordinates":[72.381904305000148,34.559826890000181]}},
{"type":"Feature","properties":{"admin_level":3,"name":"Gagra","name1":null,"name2":null,"name3":null,"x_coord":72.62777138,"y_coord":34.53161813,"adm4_name":null,"adm4_name1":null,"adm4_name2":null,"adm4_name3":null,"adm4_pcode":null,"adm3_name":"Gagra","adm3_name1":null,"adm3_name2":null,"adm3_name3":null,"adm3_pcode":"PK50502","adm2_name":"Buner","adm2_name1":null,"adm2_name2":null,"adm2_name3":null,"adm2_pcode":"PK505","adm1_name":"Khyber Pakhtunkhwa","adm1_name1":null,"adm1_name2":null,"adm1_name3":null,"adm1_pcode":"PK5","adm0_name":"Pakistan","adm0_name1":null,"adm0_name2":null,"adm0_name3":null,"adm0_pcode":"PK","valid_on":"2022-09-09","valid_to":null,"version":"v01","lang":"en","lang1":null,"lang2":null,"lang3":null},"geometry":{"type":"Point","coordinates":[72.62777137900008,34.531618129000037]}},
{"type":"Feature","properties":{"admin_level":3,"name":"Khado Khel","name1":null,"name2":null,"name3":null,"x_coord":72.52967992000001,"y_coord":34.25276775,"adm4_name":null,"adm4_name1":null,"adm4_name2":null,"adm4_name3":null,"adm4_pcode":null,"adm3_name":"Khado Khel","adm3_name1":null,"adm3_name2":null,"adm3_name3":null,"adm3_pcode":"PK50503","adm2_name":"Buner","adm2_name1":null,"adm2_name2":null,"adm2_name3":null,"adm2_pcode":"PK505","adm1_name":"Khyber Pakhtunkhwa","adm1_name1":null,"adm1_name2":null,"adm1_name3":null,"adm1_pcode":"PK5","adm0_name":"Pakistan","adm0_name1":null,"adm0_name2":null,"adm0_name3":null,"adm0_pcode":"PK","valid_on":"2022-09-09","valid_to":null,"version":"v01","lang":"en","lang1":null,"lang2":null,"lang3":null},"geometry":{"type":"Point","coordinates":[72.529679920000035,34.252767752000125]}},
{"type":"Feature","properties":{"admin_level":3,"name":"Mandanr","name1":null,"name2":null,"name3":null,"x_coord":72.58673587,"y_coord":34.3817079,"adm4_name":null,"adm4_name1":null,"adm4_name2":null,"adm4_name3":null,"adm4_pcode":null,"adm3_name":"Mandanr","adm3_name1":null,"adm3_name2":null,"adm3_name3":null,"adm3_pcode":"PK50504","adm2_name":"Buner","adm2_name1":null,"adm2_name2":null,"adm2_name3":null,"adm2_pcode":"PK505","adm1_name":"Khyber Pakhtunkhwa","adm1_name1":null,"adm1_name2":null,"adm1_name3":null,"adm1_pcode":"PK5","adm0_name":"Pakistan","adm0_name1":null,"adm0_name2":null,"adm0_name3":null,"adm0_pcode":"PK","valid_on":"2022-09-09","valid_to":null,"version":"v01","lang":"en","lang1":null,"lang2":null,"lang3":null},"geometry":{"type":"Point","coordinates":[72.586735874000055,34.381707900000094]}},
{"type":"Feature","properties":{"admin_level":3,"name":"Charsadda","name1":null,"name2":null,"name3":null,"x_coord":71.80173095000001,"y_coord":34.16488465,"adm4_name":null,"adm4_name1":null,"adm4_name2":null,"adm4_name3":null,"adm4_pcode":null,"adm3_name":"Charsadda","adm3_name1":null,"adm3_name2":null,"adm3_name3":null,"adm3_pcode":"PK50601","adm2_name":"Charsadda","adm2_name1":null,"adm2_name2":null,"adm2_name3":null,"adm2_pcode":"PK506","adm1_name":"Khyber Pakhtunkhwa","adm1_name1":null,"adm1_name2":null,"adm1_name3":null,"adm1_pcode":"PK5","adm0_name":"Pakistan","adm0_name1":null,"adm0_name2":null,"adm0_name3":null,"adm0_pcode":"PK","valid_on":"2022-09-09","valid_to":null,"version":"v01","lang":"en","lang1":null,"lang2":null,"lang3":null},"geometry":{"type":"Point","coordinates":[71.801730948000056,34.164884654000161]}},
{"type":"Feature","properties":{"admin_level":3,"name":"Shabqadar","name1":null,"name2":null,"name3":null,"x_coord":71.57709615,"y_coord":34.22972894,"adm4_name":null,"adm4_name1":null,"adm4_name2":null,"adm4_name3":null,"adm4_pcode":null,"adm3_name":"Shabqadar","adm3_name1":null,"adm3_name2":null,"adm3_name3":null,"adm3_pcode":"PK50602","adm2_name":"Charsadda","adm2_name1":null,"adm2_name2":null,"adm2_name3":null,"adm2_pcode":"PK506","adm1_name":"Khyber Pakhtunkhwa","adm1_name1":null,"adm1_name2":null,"adm1_name3":null,"adm1_pcode":"PK5","adm0_name":"Pakistan","adm0_name1":null,"adm0_name2":null,"adm0_name3":null,"adm0_pcode":"PK","valid_on":"2022-09-09","valid_to":null,"version":"v01","lang":"en","lang1":null,"lang2":null,"lang3":null},"geometry":{"type":"Point","coordinates":[71.577096151000148,34.229728941000189]}},
{"type":"Feature","properties":{"admin_level":3,"name":"Tangi","name1":null,"name2":null,"name3":null,"x_coord":71.70529108,"y_coord":34.34695664,"adm4_name":null,"adm4_name1":null,"adm4_name2":null,"adm4_name3":null,"adm4_pcode":null,"adm3_name":"Tangi","adm3_name1":null,"adm3_name2":null,"adm3_name3":null,"adm3_pcode":"PK50603","adm2_name":"Charsadda","adm2_name1":null,"adm2_name2":null,"adm2_name3":null,"adm2_pcode":"PK506","adm1_name":"Khyber Pakhtunkhwa","adm1_name1":null,"adm1_name2":null,"adm1_name3":null,"adm1_pcode":"PK5","adm0_name":"Pakistan","adm0_name1":null,"adm0_name2":null,"adm0_name3":null,"adm0_pcode":"PK","valid_on":"2022-09-09","valid_to":null,"version":"v01","lang":"en","lang1":null,"lang2":null,"lang3":null},"geometry":{"type":"Point","coordinates":[71.705291080000109,34.346956639000041]}},
{"type":"Feature","properties":{"admin_level":3,"name":"Chitral","name1":null,"name2":null,"name3":null,"x_coord":71.72228169,"y_coord":35.76077229,"adm4_name":null,"adm4_name1":null,"adm4_name2":null,"adm4_name3":null,"adm4_pcode":null,"adm3_name":"Chitral","adm3_name1":null,"adm3_name2":null,"adm3_name3":null,"adm3_pcode":"PK50701","adm2_name":"Chitral Lower","adm2_name1":null,"adm2_name2":null,"adm2_name3":null,"adm2_pcode":"PK507","adm1_name":"Khyber Pakhtunkhwa","adm1_name1":null,"adm1_name2":null,"adm1_name3":null,"adm1_pcode":"PK5","adm0_name":"Pakistan","adm0_name1":null,"adm0_name2":null,"adm0_name3":null,"adm0_pcode":"PK","valid_on":"2022-09-09","valid_to":null,"version":"v01","lang":"en","lang1":null,"lang2":null,"lang3":null},"geometry":{"type":"Point","coordinates":[71.722281686000144,35.760772286000076]}},
{"type":"Feature","properties":{"admin_level":3,"name":"Drosh","name1":null,"name2":null,"name3":null,"x_coord":71.75359744,"y_coord":35.50448561,"adm4_name":null,"adm4_name1":null,"adm4_name2":null,"adm4_name3":null,"adm4_pcode":null,"adm3_name":"Drosh","adm3_name1":null,"adm3_name2":null,"adm3_name3":null,"adm3_pcode":"PK50702","adm2_name":"Chitral Lower","adm2_name1":null,"adm2_name2":null,"adm2_name3":null,"adm2_pcode":"PK507","adm1_name":"Khyber Pakhtunkhwa","adm1_name1":null,"adm1_name2":null,"adm1_name3":null,"adm1_pcode":"PK5","adm0_name":"Pakistan","adm0_name1":null,"adm0_name2":null,"adm0_name3":null,"adm0_pcode":"PK","valid_on":"2022-09-09","valid_to":null,"version":"v01","lang":"en","lang1":null,"lang2":null,"lang3":null},"geometry":{"type":"Point","coordinates":[71.753597444000036,35.504485611000177]}},
{"type":"Feature","properties":{"admin_level":3,"name":"Lotkoh","name1":null,"name2":null,"name3":null,"x_coord":71.58981404,"y_coord":36.14969543,"adm4_name":null,"adm4_name1":null,"adm4_name2":null,"adm4_name3":null,"adm4_pcode":null,"adm3_name":"Lotkoh","adm3_name1":null,"adm3_name2":null,"adm3_name3":null,"adm3_pcode":"PK50703","adm2_name":"Chitral Lower","adm2_name1":null,"adm2_name2":null,"adm2_name3":null,"adm2_pcode":"PK507","adm1_name":"Khyber Pakhtunkhwa","adm1_name1":null,"adm1_name2":null,"adm1_name3":null,"adm1_pcode":"PK5","adm0_name":"Pakistan","adm0_name1":null,"adm0_name2":null,"adm0_name3":null,"adm0_pcode":"PK","valid_on":"2022-09-09","valid_to":null,"version":"v01","lang":"en","lang1":null,"lang2":null,"lang3":null},"geometry":{"type":"Point","coordinates":[71.58981403700011,36.149695434000137]}},
{"type":"Feature","properties":{"admin_level":3,"name":"Mastuj","name1":null,"name2":null,"name3":null,"x_coord":72.63010692,"y_coord":36.32710201,"adm4_name":null,"adm4_name1":null,"adm4_name2":null,"adm4_name3":null,"adm4_pcode":null,"adm3_name":"Mastuj","adm3_name1":null,"adm3_name2":null,"adm3_name3":null,"adm3_pcode":"PK50801","adm2_name":"Chitral Upper","adm2_name1":null,"adm2_name2":null,"adm2_name3":null,"adm2_pcode":"PK508","adm1_name":"Khyber Pakhtunkhwa","adm1_name1":null,"adm1_name2":null,"adm1_name3":null,"adm1_pcode":"PK5","adm0_name":"Pakistan","adm0_name1":null,"adm0_name2":null,"adm0_name3":null,"adm0_pcode":"PK","valid_on":"2022-09-09","valid_to":null,"version":"v01","lang":"en","lang1":null,"lang2":null,"lang3":null},"geometry":{"type":"Point","coordinates":[72.63010691900007,36.327102013000172]}},
{"type":"Feature","properties":{"admin_level":3,"name":"Mulkhow","name1":null,"name2":null,"name3":null,"x_coord":72.21140174,"y_coord":36.46304021,"adm4_name":null,"adm4_name1":null,"adm4_name2":null,"adm4_name3":null,"adm4_pcode":null,"adm3_name":"Mulkhow","adm3_name1":null,"adm3_name2":null,"adm3_name3":null,"adm3_pcode":"PK50802","adm2_name":"Chitral Upper","adm2_name1":null,"adm2_name2":null,"adm2_name3":null,"adm2_pcode":"PK508","adm1_name":"Khyber Pakhtunkhwa","adm1_name1":null,"adm1_name2":null,"adm1_name3":null,"adm1_pcode":"PK5","adm0_name":"Pakistan","adm0_name1":null,"adm0_name2":null,"adm0_name3":null,"adm0_pcode":"PK","valid_on":"2022-09-09","valid_to":null,"version":"v01","lang":"en","lang1":null,"lang2":null,"lang3":null},"geometry":{"type":"Point","coordinates":[72.211401736000084,36.463040212000124]}},
{"type":"Feature","properties":{"admin_level":3,"name":"D. I. Khan","name1":null,"name2":null,"name3":null,"x_coord":70.79320716,"y_coord":31.96766913,"adm4_name":null,"adm4_name1":null,"adm4_name2":null,"adm4_name3":null,"adm4_pcode":null,"adm3_name":"D. I. Khan","adm3_name1":null,"adm3_name2":null,"adm3_name3":null,"adm3_pcode":"PK50901","adm2_name":"D. I. Khan","adm2_name1":null,"adm2_name2":null,"adm2_name3":null,"adm2_pcode":"PK509","adm1_name":"Khyber Pakhtunkhwa","adm1_name1":null,"adm1_name2":null,"adm1_name3":null,"adm1_pcode":"PK5","adm0_name":"Pakistan","adm0_name1":null,"adm0_name2":null,"adm0_name3":null,"adm0_pcode":"PK","valid_on":"2022-09-09","valid_to":null,"version":"v01","lang":"en","lang1":null,"lang2":null,"lang3":null},"geometry":{"type":"Point","coordinates":[70.793207159000076,31.967669130000161]}},
{"type":"Feature","properties":{"admin_level":3,"name":"Daraban","name1":null,"name2":null,"name3":null,"x_coord":70.44497205,"y_coord":31.64359788,"adm4_name":null,"adm4_name1":null,"adm4_name2":null,"adm4_name3":null,"adm4_pcode":null,"adm3_name":"Daraban","adm3_name1":null,"adm3_name2":null,"adm3_name3":null,"adm3_pcode":"PK50902","adm2_name":"D. I. Khan","adm2_name1":null,"adm2_name2":null,"adm2_name3":null,"adm2_pcode":"PK509","adm1_name":"Khyber Pakhtunkhwa","adm1_name1":null,"adm1_name2":null,"adm1_name3":null,"adm1_pcode":"PK5","adm0_name":"Pakistan","adm0_name1":null,"adm0_name2":null,"adm0_name3":null,"adm0_pcode":"PK","valid_on":"2022-09-09","valid_to":null,"version":"v01","lang":"en","lang1":null,"lang2":null,"lang3":null},"geometry":{"type":"Point","coordinates":[70.444972047000192,31.643597880000129]}},
{"type":"Feature","properties":{"admin_level":3,"name":"Kulachi","name1":null,"name2":null,"name3":null,"x_coord":70.40397788,"y_coord":32.00884258,"adm4_name":null,"adm4_name1":null,"adm4_name2":null,"adm4_name3":null,"adm4_pcode":null,"adm3_name":"Kulachi","adm3_name1":null,"adm3_name2":null,"adm3_name3":null,"adm3_pcode":"PK50903","adm2_name":"D. I. Khan","adm2_name1":null,"adm2_name2":null,"adm2_name3":null,"adm2_pcode":"PK509","adm1_name":"Khyber Pakhtunkhwa","adm1_name1":null,"adm1_name2":null,"adm1_name3":null,"adm1_pcode":"PK5","adm0_name":"Pakistan","adm0_name1":null,"adm0_name2":null,"adm0_name3":null,"adm0_pcode":"PK","valid_on":"2022-09-09","valid_to":null,"version":"v01","lang":"en","lang1":null,"lang2":null,"lang3":null},"geometry":{"type":"Point","coordinates":[70.403977882000049,32.008842580000135]}},
{"type":"Feature","properties":{"admin_level":3,"name":"Paharpur","name1":null,"name2":null,"name3":null,"x_coord":70.96043575,"y_coord":32.23873114,"adm4_name":null,"adm4_name1":null,"adm4_name2":null,"adm4_name3":null,"adm4_pcode":null,"adm3_name":"Paharpur","adm3_name1":null,"adm3_name2":null,"adm3_name3":null,"adm3_pcode":"PK50904","adm2_name":"D. I. Khan","adm2_name1":null,"adm2_name2":null,"adm2_name3":null,"adm2_pcode":"PK509","adm1_name":"Khyber Pakhtunkhwa","adm1_name1":null,"adm1_name2":null,"adm1_name3":null,"adm1_pcode":"PK5","adm0_name":"Pakistan","adm0_name1":null,"adm0_name2":null,"adm0_name3":null,"adm0_pcode":"PK","valid_on":"2022-09-09","valid_to":null,"version":"v01","lang":"en","lang1":null,"lang2":null,"lang3":null},"geometry":{"type":"Point","coordinates":[70.960435751000091,32.23873113999997]}},
{"type":"Feature","properties":{"admin_level":3,"name":"Paroa","name1":null,"name2":null,"name3":null,"x_coord":70.73542927,"y_coord":31.49326589,"adm4_name":null,"adm4_name1":null,"adm4_name2":null,"adm4_name3":null,"adm4_pcode":null,"adm3_name":"Paroa","adm3_name1":null,"adm3_name2":null,"adm3_name3":null,"adm3_pcode":"PK50905","adm2_name":"D. I. Khan","adm2_name1":null,"adm2_name2":null,"adm2_name3":null,"adm2_pcode":"PK509","adm1_name":"Khyber Pakhtunkhwa","adm1_name1":null,"adm1_name2":null,"adm1_name3":null,"adm1_pcode":"PK5","adm0_name":"Pakistan","adm0_name1":null,"adm0_name2":null,"adm0_name3":null,"adm0_pcode":"PK","valid_on":"2022-09-09","valid_to":null,"version":"v01","lang":"en","lang1":null,"lang2":null,"lang3":null},"geometry":{"type":"Point","coordinates":[70.73542926500005,31.493265886000188]}},
{"type":"Feature","properties":{"admin_level":3,"name":"Darazinda","name1":null,"name2":null,"name3":null,"x_coord":70.13458833,"y_coord":31.53273392,"adm4_name":null,"adm4_name1":null,"adm4_name2":null,"adm4_name3":null,"adm4_pcode":null,"adm3_name":"Darazinda","adm3_name1":null,"adm3_name2":null,"adm3_name3":null,"adm3_pcode":"PK50906","adm2_name":"D. I. Khan","adm2_name1":null,"adm2_name2":null,"adm2_name3":null,"adm2_pcode":"PK509","adm1_name":"Khyber Pakhtunkhwa","adm1_name1":null,"adm1_name2":null,"adm1_name3":null,"adm1_pcode":"PK5","adm0_name":"Pakistan","adm0_name1":null,"adm0_name2":null,"adm0_name3":null,"adm0_pcode":"PK","valid_on":"2022-09-09","valid_to":null,"version":"v01","lang":"en","lang1":null,"lang2":null,"lang3":null},"geometry":{"type":"Point","coordinates":[70.134588329999985,31.532733918000133]}},
{"type":"Feature","properties":{"admin_level":3,"name":"Hangu","name1":null,"name2":null,"name3":null,"x_coord":71.02180393,"y_coord":33.4817692,"adm4_name":null,"adm4_name1":null,"adm4_name2":null,"adm4_name3":null,"adm4_pcode":null,"adm3_name":"Hangu","adm3_name1":null,"adm3_name2":null,"adm3_name3":null,"adm3_pcode":"PK51001","adm2_name":"Hangu","adm2_name1":null,"adm2_name2":null,"adm2_name3":null,"adm2_pcode":"PK510","adm1_name":"Khyber Pakhtunkhwa","adm1_name1":null,"adm1_name2":null,"adm1_name3":null,"adm1_pcode":"PK5","adm0_name":"Pakistan","adm0_name1":null,"adm0_name2":null,"adm0_name3":null,"adm0_pcode":"PK","valid_on":"2022-09-09","valid_to":null,"version":"v01","lang":"en","lang1":null,"lang2":null,"lang3":null},"geometry":{"type":"Point","coordinates":[71.021803934000047,33.48176920100002]}},
{"type":"Feature","properties":{"admin_level":3,"name":"Tall","name1":null,"name2":null,"name3":null,"x_coord":70.67247883,"y_coord":33.38568306,"adm4_name":null,"adm4_name1":null,"adm4_name2":null,"adm4_name3":null,"adm4_pcode":null,"adm3_name":"Tall","adm3_name1":null,"adm3_name2":null,"adm3_name3":null,"adm3_pcode":"PK51002","adm2_name":"Hangu","adm2_name1":null,"adm2_name2":null,"adm2_name3":null,"adm2_pcode":"PK510","adm1_name":"Khyber Pakhtunkhwa","adm1_name1":null,"adm1_name2":null,"adm1_name3":null,"adm1_pcode":"PK5","adm0_name":"Pakistan","adm0_name1":null,"adm0_name2":null,"adm0_name3":null,"adm0_pcode":"PK","valid_on":"2022-09-09","valid_to":null,"version":"v01","lang":"en","lang1":null,"lang2":null,"lang3":null},"geometry":{"type":"Point","coordinates":[70.672478833000127,33.385683061000123]}},
{"type":"Feature","properties":{"admin_level":3,"name":"Ghazi","name1":null,"name2":null,"name3":null,"x_coord":72.79143877,"y_coord":34.11266212,"adm4_name":null,"adm4_name1":null,"adm4_name2":null,"adm4_name3":null,"adm4_pcode":null,"adm3_name":"Ghazi","adm3_name1":null,"adm3_name2":null,"adm3_name3":null,"adm3_pcode":"PK51101","adm2_name":"Haripur","adm2_name1":null,"adm2_name2":null,"adm2_name3":null,"adm2_pcode":"PK511","adm1_name":"Khyber Pakhtunkhwa","adm1_name1":null,"adm1_name2":null,"adm1_name3":null,"adm1_pcode":"PK5","adm0_name":"Pakistan","adm0_name1":null,"adm0_name2":null,"adm0_name3":null,"adm0_pcode":"PK","valid_on":"2022-09-09","valid_to":null,"version":"v01","lang":"en","lang1":null,"lang2":null,"lang3":null},"geometry":{"type":"Point","coordinates":[72.791438767000102,34.11266211800006]}},
{"type":"Feature","properties":{"admin_level":3,"name":"Haripur","name1":null,"name2":null,"name3":null,"x_coord":72.96073416,"y_coord":34.070255,"adm4_name":null,"adm4_name1":null,"adm4_name2":null,"adm4_name3":null,"adm4_pcode":null,"adm3_name":"Haripur","adm3_name1":null,"adm3_name2":null,"adm3_name3":null,"adm3_pcode":"PK51102","adm2_name":"Haripur","adm2_name1":null,"adm2_name2":null,"adm2_name3":null,"adm2_pcode":"PK511","adm1_name":"Khyber Pakhtunkhwa","adm1_name1":null,"adm1_name2":null,"adm1_name3":null,"adm1_pcode":"PK5","adm0_name":"Pakistan","adm0_name1":null,"adm0_name2":null,"adm0_name3":null,"adm0_pcode":"PK","valid_on":"2022-09-09","valid_to":null,"version":"v01","lang":"en","lang1":null,"lang2":null,"lang3":null},"geometry":{"type":"Point","coordinates":[72.960734162000108,34.070255001000021]}},
{"type":"Feature","properties":{"admin_level":3,"name":"Khanpur","name1":null,"name2":null,"name3":null,"x_coord":73.03749898,"y_coord":33.82495011,"adm4_name":null,"adm4_name1":null,"adm4_name2":null,"adm4_name3":null,"adm4_pcode":null,"adm3_name":"Khanpur","adm3_name1":null,"adm3_name2":null,"adm3_name3":null,"adm3_pcode":"PK51103","adm2_name":"Haripur","adm2_name1":null,"adm2_name2":null,"adm2_name3":null,"adm2_pcode":"PK511","adm1_name":"Khyber Pakhtunkhwa","adm1_name1":null,"adm1_name2":null,"adm1_name3":null,"adm1_pcode":"PK5","adm0_name":"Pakistan","adm0_name1":null,"adm0_name2":null,"adm0_name3":null,"adm0_pcode":"PK","valid_on":"2022-09-09","valid_to":null,"version":"v01","lang":"en","lang1":null,"lang2":null,"lang3":null},"geometry":{"type":"Point","coordinates":[73.037498976000109,33.824950111000078]}},
{"type":"Feature","properties":{"admin_level":3,"name":"Banda Daud Shah","name1":null,"name2":null,"name3":null,"x_coord":71.10498425,"y_coord":33.26349,"adm4_name":null,"adm4_name1":null,"adm4_name2":null,"adm4_name3":null,"adm4_pcode":null,"adm3_name":"Banda Daud Shah","adm3_name1":null,"adm3_name2":null,"adm3_name3":null,"adm3_pcode":"PK51201","adm2_name":"Karak","adm2_name1":null,"adm2_name2":null,"adm2_name3":null,"adm2_pcode":"PK512","adm1_name":"Khyber Pakhtunkhwa","adm1_name1":null,"adm1_name2":null,"adm1_name3":null,"adm1_pcode":"PK5","adm0_name":"Pakistan","adm0_name1":null,"adm0_name2":null,"adm0_name3":null,"adm0_pcode":"PK","valid_on":"2022-09-09","valid_to":null,"version":"v01","lang":"en","lang1":null,"lang2":null,"lang3":null},"geometry":{"type":"Point","coordinates":[71.104984250000143,33.263489999000114]}},
{"type":"Feature","properties":{"admin_level":3,"name":"Karak","name1":null,"name2":null,"name3":null,"x_coord":71.22188165,"y_coord":33.13283539,"adm4_name":null,"adm4_name1":null,"adm4_name2":null,"adm4_name3":null,"adm4_pcode":null,"adm3_name":"Karak","adm3_name1":null,"adm3_name2":null,"adm3_name3":null,"adm3_pcode":"PK51202","adm2_name":"Karak","adm2_name1":null,"adm2_name2":null,"adm2_name3":null,"adm2_pcode":"PK512","adm1_name":"Khyber Pakhtunkhwa","adm1_name1":null,"adm1_name2":null,"adm1_name3":null,"adm1_pcode":"PK5","adm0_name":"Pakistan","adm0_name1":null,"adm0_name2":null,"adm0_name3":null,"adm0_pcode":"PK","valid_on":"2022-09-09","valid_to":null,"version":"v01","lang":"en","lang1":null,"lang2":null,"lang3":null},"geometry":{"type":"Point","coordinates":[71.221881653000082,33.132835389000093]}},
{"type":"Feature","properties":{"admin_level":3,"name":"Takht-E-Nasrati","name1":null,"name2":null,"name3":null,"x_coord":71.05248929,"y_coord":32.95958548,"adm4_name":null,"adm4_name1":null,"adm4_name2":null,"adm4_name3":null,"adm4_pcode":null,"adm3_name":"Takht-E-Nasrati","adm3_name1":null,"adm3_name2":null,"adm3_name3":null,"adm3_pcode":"PK51203","adm2_name":"Karak","adm2_name1":null,"adm2_name2":null,"adm2_name3":null,"adm2_pcode":"PK512","adm1_name":"Khyber Pakhtunkhwa","adm1_name1":null,"adm1_name2":null,"adm1_name3":null,"adm1_pcode":"PK5","adm0_name":"Pakistan","adm0_name1":null,"adm0_name2":null,"adm0_name3":null,"adm0_pcode":"PK","valid_on":"2022-09-09","valid_to":null,"version":"v01","lang":"en","lang1":null,"lang2":null,"lang3":null},"geometry":{"type":"Point","coordinates":[71.052489293000122,32.959585479000168]}},
{"type":"Feature","properties":{"admin_level":3,"name":"Bara","name1":null,"name2":null,"name3":null,"x_coord":70.97196124,"y_coord":33.86095748,"adm4_name":null,"adm4_name1":null,"adm4_name2":null,"adm4_name3":null,"adm4_pcode":null,"adm3_name":"Bara","adm3_name1":null,"adm3_name2":null,"adm3_name3":null,"adm3_pcode":"PK51301","adm2_name":"Khyber","adm2_name1":null,"adm2_name2":null,"adm2_name3":null,"adm2_pcode":"PK513","adm1_name":"Khyber Pakhtunkhwa","adm1_name1":null,"adm1_name2":null,"adm1_name3":null,"adm1_pcode":"PK5","adm0_name":"Pakistan","adm0_name1":null,"adm0_name2":null,"adm0_name3":null,"adm0_pcode":"PK","valid_on":"2022-09-09","valid_to":null,"version":"v01","lang":"en","lang1":null,"lang2":null,"lang3":null},"geometry":{"type":"Point","coordinates":[70.971961235000151,33.860957484000096]}},
{"type":"Feature","properties":{"admin_level":3,"name":"Jamrud","name1":null,"name2":null,"name3":null,"x_coord":71.30494378,"y_coord":33.990863,"adm4_name":null,"adm4_name1":null,"adm4_name2":null,"adm4_name3":null,"adm4_pcode":null,"adm3_name":"Jamrud","adm3_name1":null,"adm3_name2":null,"adm3_name3":null,"adm3_pcode":"PK51302","adm2_name":"Khyber","adm2_name1":null,"adm2_name2":null,"adm2_name3":null,"adm2_pcode":"PK513","adm1_name":"Khyber Pakhtunkhwa","adm1_name1":null,"adm1_name2":null,"adm1_name3":null,"adm1_pcode":"PK5","adm0_name":"Pakistan","adm0_name1":null,"adm0_name2":null,"adm0_name3":null,"adm0_pcode":"PK","valid_on":"2022-09-09","valid_to":null,"version":"v01","lang":"en","lang1":null,"lang2":null,"lang3":null},"geometry":{"type":"Point","coordinates":[71.304943776000016,33.990863001999969]}},
{"type":"Feature","properties":{"admin_level":3,"name":"Landi Kotal","name1":null,"name2":null,"name3":null,"x_coord":71.17285605,"y_coord":34.13125614,"adm4_name":null,"adm4_name1":null,"adm4_name2":null,"adm4_name3":null,"adm4_pcode":null,"adm3_name":"Landi Kotal","adm3_name1":null,"adm3_name2":null,"adm3_name3":null,"adm3_pcode":"PK51303","adm2_name":"Khyber","adm2_name1":null,"adm2_name2":null,"adm2_name3":null,"adm2_pcode":"PK513","adm1_name":"Khyber Pakhtunkhwa","adm1_name1":null,"adm1_name2":null,"adm1_name3":null,"adm1_pcode":"PK5","adm0_name":"Pakistan","adm0_name1":null,"adm0_name2":null,"adm0_name3":null,"adm0_pcode":"PK","valid_on":"2022-09-09","valid_to":null,"version":"v01","lang":"en","lang1":null,"lang2":null,"lang3":null},"geometry":{"type":"Point","coordinates":[71.172856046999982,34.131256143000144]}},
{"type":"Feature","properties":{"admin_level":3,"name":"Mulagori","name1":null,"name2":null,"name3":null,"x_coord":71.31314734,"y_coord":34.11758647,"adm4_name":null,"adm4_name1":null,"adm4_name2":null,"adm4_name3":null,"adm4_pcode":null,"adm3_name":"Mulagori","adm3_name1":null,"adm3_name2":null,"adm3_name3":null,"adm3_pcode":"PK51304","adm2_name":"Khyber","adm2_name1":null,"adm2_name2":null,"adm2_name3":null,"adm2_pcode":"PK513","adm1_name":"Khyber Pakhtunkhwa","adm1_name1":null,"adm1_name2":null,"adm1_name3":null,"adm1_pcode":"PK5","adm0_name":"Pakistan","adm0_name1":null,"adm0_name2":null,"adm0_name3":null,"adm0_pcode":"PK","valid_on":"2022-09-09","valid_to":null,"version":"v01","lang":"en","lang1":null,"lang2":null,"lang3":null},"geometry":{"type":"Point","coordinates":[71.313147342000036,34.117586468000184]}},
{"type":"Feature","properties":{"admin_level":3,"name":"Kohat","name1":null,"name2":null,"name3":null,"x_coord":71.40429963,"y_coord":33.56672292,"adm4_name":null,"adm4_name1":null,"adm4_name2":null,"adm4_name3":null,"adm4_pcode":null,"adm3_name":"Kohat","adm3_name1":null,"adm3_name2":null,"adm3_name3":null,"adm3_pcode":"PK51401","adm2_name":"Kohat","adm2_name1":null,"adm2_name2":null,"adm2_name3":null,"adm2_pcode":"PK514","adm1_name":"Khyber Pakhtunkhwa","adm1_name1":null,"adm1_name2":null,"adm1_name3":null,"adm1_pcode":"PK5","adm0_name":"Pakistan","adm0_name1":null,"adm0_name2":null,"adm0_name3":null,"adm0_pcode":"PK","valid_on":"2022-09-09","valid_to":null,"version":"v01","lang":"en","lang1":null,"lang2":null,"lang3":null},"geometry":{"type":"Point","coordinates":[71.404299627000057,33.566722921000121]}},
{"type":"Feature","properties":{"admin_level":3,"name":"Lachi","name1":null,"name2":null,"name3":null,"x_coord":71.5764789,"y_coord":33.28434421,"adm4_name":null,"adm4_name1":null,"adm4_name2":null,"adm4_name3":null,"adm4_pcode":null,"adm3_name":"Lachi","adm3_name1":null,"adm3_name2":null,"adm3_name3":null,"adm3_pcode":"PK51402","adm2_name":"Kohat","adm2_name1":null,"adm2_name2":null,"adm2_name3":null,"adm2_pcode":"PK514","adm1_name":"Khyber Pakhtunkhwa","adm1_name1":null,"adm1_name2":null,"adm1_name3":null,"adm1_pcode":"PK5","adm0_name":"Pakistan","adm0_name1":null,"adm0_name2":null,"adm0_name3":null,"adm0_pcode":"PK","valid_on":"2022-09-09","valid_to":null,"version":"v01","lang":"en","lang1":null,"lang2":null,"lang3":null},"geometry":{"type":"Point","coordinates":[71.576478897000015,33.284344207000061]}},
{"type":"Feature","properties":{"admin_level":3,"name":"Gumbat","name1":null,"name2":null,"name3":null,"x_coord":71.82863144,"y_coord":33.56050491,"adm4_name":null,"adm4_name1":null,"adm4_name2":null,"adm4_name3":null,"adm4_pcode":null,"adm3_name":"Gumbat","adm3_name1":null,"adm3_name2":null,"adm3_name3":null,"adm3_pcode":"PK51403","adm2_name":"Kohat","adm2_name1":null,"adm2_name2":null,"adm2_name3":null,"adm2_pcode":"PK514","adm1_name":"Khyber Pakhtunkhwa","adm1_name1":null,"adm1_name2":null,"adm1_name3":null,"adm1_pcode":"PK5","adm0_name":"Pakistan","adm0_name1":null,"adm0_name2":null,"adm0_name3":null,"adm0_pcode":"PK","valid_on":"2022-09-09","valid_to":null,"version":"v01","lang":"en","lang1":null,"lang2":null,"lang3":null},"geometry":{"type":"Point","coordinates":[71.828631444,33.560504914000148]}},
{"type":"Feature","properties":{"admin_level":3,"name":"Darra Adam Khel","name1":null,"name2":null,"name3":null,"x_coord":71.62073439,"y_coord":33.65275416,"adm4_name":null,"adm4_name1":null,"adm4_name2":null,"adm4_name3":null,"adm4_pcode":null,"adm3_name":"Darra Adam Khel","adm3_name1":null,"adm3_name2":null,"adm3_name3":null,"adm3_pcode":"PK51404","adm2_name":"Kohat","adm2_name1":null,"adm2_name2":null,"adm2_name3":null,"adm2_pcode":"PK514","adm1_name":"Khyber Pakhtunkhwa","adm1_name1":null,"adm1_name2":null,"adm1_name3":null,"adm1_pcode":"PK5","adm0_name":"Pakistan","adm0_name1":null,"adm0_name2":null,"adm0_name3":null,"adm0_pcode":"PK","valid_on":"2022-09-09","valid_to":null,"version":"v01","lang":"en","lang1":null,"lang2":null,"lang3":null},"geometry":{"type":"Point","coordinates":[71.620734386000038,33.652754164000044]}},
{"type":"Feature","properties":{"admin_level":3,"name":"Pattan","name1":null,"name2":null,"name3":null,"x_coord":73.02928737000001,"y_coord":35.18294511,"adm4_name":null,"adm4_name1":null,"adm4_name2":null,"adm4_name3":null,"adm4_pcode":null,"adm3_name":"Pattan","adm3_name1":null,"adm3_name2":null,"adm3_name3":null,"adm3_pcode":"PK51501","adm2_name":"Kohistan Lower","adm2_name1":null,"adm2_name2":null,"adm2_name3":null,"adm2_pcode":"PK515","adm1_name":"Khyber Pakhtunkhwa","adm1_name1":null,"adm1_name2":null,"adm1_name3":null,"adm1_pcode":"PK5","adm0_name":"Pakistan","adm0_name1":null,"adm0_name2":null,"adm0_name3":null,"adm0_pcode":"PK","valid_on":"2022-09-09","valid_to":null,"version":"v01","lang":"en","lang1":null,"lang2":null,"lang3":null},"geometry":{"type":"Point","coordinates":[73.029287368000155,35.182945105000101]}},
{"type":"Feature","properties":{"admin_level":3,"name":"Bankad","name1":null,"name2":null,"name3":null,"x_coord":72.85175687,"y_coord":35.11858126,"adm4_name":null,"adm4_name1":null,"adm4_name2":null,"adm4_name3":null,"adm4_pcode":null,"adm3_name":"Bankad","adm3_name1":null,"adm3_name2":null,"adm3_name3":null,"adm3_pcode":"PK51502","adm2_name":"Kohistan Lower","adm2_name1":null,"adm2_name2":null,"adm2_name3":null,"adm2_pcode":"PK515","adm1_name":"Khyber Pakhtunkhwa","adm1_name1":null,"adm1_name2":null,"adm1_name3":null,"adm1_pcode":"PK5","adm0_name":"Pakistan","adm0_name1":null,"adm0_name2":null,"adm0_name3":null,"adm0_pcode":"PK","valid_on":"2022-09-09","valid_to":null,"version":"v01","lang":"en","lang1":null,"lang2":null,"lang3":null},"geometry":{"type":"Point","coordinates":[72.851756869000155,35.118581260000042]}},
{"type":"Feature","properties":{"admin_level":3,"name":"Dassu","name1":null,"name2":null,"name3":null,"x_coord":73.49466447,"y_coord":35.24032222,"adm4_name":null,"adm4_name1":null,"adm4_name2":null,"adm4_name3":null,"adm4_pcode":null,"adm3_name":"Dassu","adm3_name1":null,"adm3_name2":null,"adm3_name3":null,"adm3_pcode":"PK51601","adm2_name":"Kohistan Upper","adm2_name1":null,"adm2_name2":null,"adm2_name3":null,"adm2_pcode":"PK516","adm1_name":"Khyber Pakhtunkhwa","adm1_name1":null,"adm1_name2":null,"adm1_name3":null,"adm1_pcode":"PK5","adm0_name":"Pakistan","adm0_name1":null,"adm0_name2":null,"adm0_name3":null,"adm0_pcode":"PK","valid_on":"2022-09-09","valid_to":null,"version":"v01","lang":"en","lang1":null,"lang2":null,"lang3":null},"geometry":{"type":"Point","coordinates":[73.494664471000135,35.240322221000042]}},
{"type":"Feature","properties":{"admin_level":3,"name":"Kandia","name1":null,"name2":null,"name3":null,"x_coord":73.11617977,"y_coord":35.55349877,"adm4_name":null,"adm4_name1":null,"adm4_name2":null,"adm4_name3":null,"adm4_pcode":null,"adm3_name":"Kandia","adm3_name1":null,"adm3_name2":null,"adm3_name3":null,"adm3_pcode":"PK51602","adm2_name":"Kohistan Upper","adm2_name1":null,"adm2_name2":null,"adm2_name3":null,"adm2_pcode":"PK516","adm1_name":"Khyber Pakhtunkhwa","adm1_name1":null,"adm1_name2":null,"adm1_name3":null,"adm1_pcode":"PK5","adm0_name":"Pakistan","adm0_name1":null,"adm0_name2":null,"adm0_name3":null,"adm0_pcode":"PK","valid_on":"2022-09-09","valid_to":null,"version":"v01","lang":"en","lang1":null,"lang2":null,"lang3":null},"geometry":{"type":"Point","coordinates":[73.116179766000016,35.553498768000054]}},
{"type":"Feature","properties":{"admin_level":3,"name":"Harban Basha","name1":null,"name2":null,"name3":null,"x_coord":73.57421206,"y_coord":35.41723229,"adm4_name":null,"adm4_name1":null,"adm4_name2":null,"adm4_name3":null,"adm4_pcode":null,"adm3_name":"Harban Basha","adm3_name1":null,"adm3_name2":null,"adm3_name3":null,"adm3_pcode":"PK51603","adm2_name":"Kohistan Upper","adm2_name1":null,"adm2_name2":null,"adm2_name3":null,"adm2_pcode":"PK516","adm1_name":"Khyber Pakhtunkhwa","adm1_name1":null,"adm1_name2":null,"adm1_name3":null,"adm1_pcode":"PK5","adm0_name":"Pakistan","adm0_name1":null,"adm0_name2":null,"adm0_name3":null,"adm0_pcode":"PK","valid_on":"2022-09-09","valid_to":null,"version":"v01","lang":"en","lang1":null,"lang2":null,"lang3":null},"geometry":{"type":"Point","coordinates":[73.574212060000093,35.417232289000083]}},
{"type":"Feature","properties":{"admin_level":3,"name":"Seo","name1":null,"name2":null,"name3":null,"x_coord":73.1650335,"y_coord":35.33981573,"adm4_name":null,"adm4_name1":null,"adm4_name2":null,"adm4_name3":null,"adm4_pcode":null,"adm3_name":"Seo","adm3_name1":null,"adm3_name2":null,"adm3_name3":null,"adm3_pcode":"PK51604","adm2_name":"Kohistan Upper","adm2_name1":null,"adm2_name2":null,"adm2_name3":null,"adm2_pcode":"PK516","adm1_name":"Khyber Pakhtunkhwa","adm1_name1":null,"adm1_name2":null,"adm1_name3":null,"adm1_pcode":"PK5","adm0_name":"Pakistan","adm0_name1":null,"adm0_name2":null,"adm0_name3":null,"adm0_pcode":"PK","valid_on":"2022-09-09","valid_to":null,"version":"v01","lang":"en","lang1":null,"lang2":null,"lang3":null},"geometry":{"type":"Point","coordinates":[73.165033495000046,35.339815733000194]}},
{"type":"Feature","properties":{"admin_level":3,"name":"Palas","name1":null,"name2":null,"name3":null,"x_coord":73.1789703,"y_coord":35.06742567,"adm4_name":null,"adm4_name1":null,"adm4_name2":null,"adm4_name3":null,"adm4_pcode":null,"adm3_name":"Palas","adm3_name1":null,"adm3_name2":null,"adm3_name3":null,"adm3_pcode":"PK51701","adm2_name":"Kolai Palas Kohistan","adm2_name1":null,"adm2_name2":null,"adm2_name3":null,"adm2_pcode":"PK517","adm1_name":"Khyber Pakhtunkhwa","adm1_name1":null,"adm1_name2":null,"adm1_name3":null,"adm1_pcode":"PK5","adm0_name":"Pakistan","adm0_name1":null,"adm0_name2":null,"adm0_name3":null,"adm0_pcode":"PK","valid_on":"2022-09-09","valid_to":null,"version":"v01","lang":"en","lang1":null,"lang2":null,"lang3":null},"geometry":{"type":"Point","coordinates":[73.178970298000195,35.067425673000059]}},
{"type":"Feature","properties":{"admin_level":3,"name":"Battera Kolai","name1":null,"name2":null,"name3":null,"x_coord":72.96794375,"y_coord":34.99204453,"adm4_name":null,"adm4_name1":null,"adm4_name2":null,"adm4_name3":null,"adm4_pcode":null,"adm3_name":"Battera Kolai","adm3_name1":null,"adm3_name2":null,"adm3_name3":null,"adm3_pcode":"PK51702","adm2_name":"Kolai Palas Kohistan","adm2_name1":null,"adm2_name2":null,"adm2_name3":null,"adm2_pcode":"PK517","adm1_name":"Khyber Pakhtunkhwa","adm1_name1":null,"adm1_name2":null,"adm1_name3":null,"adm1_pcode":"PK5","adm0_name":"Pakistan","adm0_name1":null,"adm0_name2":null,"adm0_name3":null,"adm0_pcode":"PK","valid_on":"2022-09-09","valid_to":null,"version":"v01","lang":"en","lang1":null,"lang2":null,"lang3":null},"geometry":{"type":"Point","coordinates":[72.967943754000146,34.992044530000044]}},
{"type":"Feature","properties":{"admin_level":3,"name":"Central Kurram","name1":null,"name2":null,"name3":null,"x_coord":70.49170439,"y_coord":33.6973137,"adm4_name":null,"adm4_name1":null,"adm4_name2":null,"adm4_name3":null,"adm4_pcode":null,"adm3_name":"Central Kurram","adm3_name1":null,"adm3_name2":null,"adm3_name3":null,"adm3_pcode":"PK51801","adm2_name":"Kurram","adm2_name1":null,"adm2_name2":null,"adm2_name3":null,"adm2_pcode":"PK518","adm1_name":"Khyber Pakhtunkhwa","adm1_name1":null,"adm1_name2":null,"adm1_name3":null,"adm1_pcode":"PK5","adm0_name":"Pakistan","adm0_name1":null,"adm0_name2":null,"adm0_name3":null,"adm0_pcode":"PK","valid_on":"2022-09-09","valid_to":null,"version":"v01","lang":"en","lang1":null,"lang2":null,"lang3":null},"geometry":{"type":"Point","coordinates":[70.491704393000077,33.697313704000123]}},
{"type":"Feature","properties":{"admin_level":3,"name":"Lower Kurram","name1":null,"name2":null,"name3":null,"x_coord":70.27626965,"y_coord":33.57292743,"adm4_name":null,"adm4_name1":null,"adm4_name2":null,"adm4_name3":null,"adm4_pcode":null,"adm3_name":"Lower Kurram","adm3_name1":null,"adm3_name2":null,"adm3_name3":null,"adm3_pcode":"PK51802","adm2_name":"Kurram","adm2_name1":null,"adm2_name2":null,"adm2_name3":null,"adm2_pcode":"PK518","adm1_name":"Khyber Pakhtunkhwa","adm1_name1":null,"adm1_name2":null,"adm1_name3":null,"adm1_pcode":"PK5","adm0_name":"Pakistan","adm0_name1":null,"adm0_name2":null,"adm0_name3":null,"adm0_pcode":"PK","valid_on":"2022-09-09","valid_to":null,"version":"v01","lang":"en","lang1":null,"lang2":null,"lang3":null},"geometry":{"type":"Point","coordinates":[70.276269647000163,33.572927431000096]}},
{"type":"Feature","properties":{"admin_level":3,"name":"Upper Kurram","name1":null,"name2":null,"name3":null,"x_coord":70.09168116,"y_coord":33.84989669,"adm4_name":null,"adm4_name1":null,"adm4_name2":null,"adm4_name3":null,"adm4_pcode":null,"adm3_name":"Upper Kurram","adm3_name1":null,"adm3_name2":null,"adm3_name3":null,"adm3_pcode":"PK51803","adm2_name":"Kurram","adm2_name1":null,"adm2_name2":null,"adm2_name3":null,"adm2_pcode":"PK518","adm1_name":"Khyber Pakhtunkhwa","adm1_name1":null,"adm1_name2":null,"adm1_name3":null,"adm1_pcode":"PK5","adm0_name":"Pakistan","adm0_name1":null,"adm0_name2":null,"adm0_name3":null,"adm0_pcode":"PK","valid_on":"2022-09-09","valid_to":null,"version":"v01","lang":"en","lang1":null,"lang2":null,"lang3":null},"geometry":{"type":"Point","coordinates":[70.091681161000167,33.849896687000012]}},
{"type":"Feature","properties":{"admin_level":3,"name":"Lakki Marwat","name1":null,"name2":null,"name3":null,"x_coord":70.90644188,"y_coord":32.53804588,"adm4_name":null,"adm4_name1":null,"adm4_name2":null,"adm4_name3":null,"adm4_pcode":null,"adm3_name":"Lakki Marwat","adm3_name1":null,"adm3_name2":null,"adm3_name3":null,"adm3_pcode":"PK51901","adm2_name":"Lakki Marwat","adm2_name1":null,"adm2_name2":null,"adm2_name3":null,"adm2_pcode":"PK519","adm1_name":"Khyber Pakhtunkhwa","adm1_name1":null,"adm1_name2":null,"adm1_name3":null,"adm1_pcode":"PK5","adm0_name":"Pakistan","adm0_name1":null,"adm0_name2":null,"adm0_name3":null,"adm0_pcode":"PK","valid_on":"2022-09-09","valid_to":null,"version":"v01","lang":"en","lang1":null,"lang2":null,"lang3":null},"geometry":{"type":"Point","coordinates":[70.906441882000024,32.538045883000052]}},
{"type":"Feature","properties":{"admin_level":3,"name":"Sarai Naurang","name1":null,"name2":null,"name3":null,"x_coord":70.72966942,"y_coord":32.74663463,"adm4_name":null,"adm4_name1":null,"adm4_name2":null,"adm4_name3":null,"adm4_pcode":null,"adm3_name":"Sarai Naurang","adm3_name1":null,"adm3_name2":null,"adm3_name3":null,"adm3_pcode":"PK51902","adm2_name":"Lakki Marwat","adm2_name1":null,"adm2_name2":null,"adm2_name3":null,"adm2_pcode":"PK519","adm1_name":"Khyber Pakhtunkhwa","adm1_name1":null,"adm1_name2":null,"adm1_name3":null,"adm1_pcode":"PK5","adm0_name":"Pakistan","adm0_name1":null,"adm0_name2":null,"adm0_name3":null,"adm0_pcode":"PK","valid_on":"2022-09-09","valid_to":null,"version":"v01","lang":"en","lang1":null,"lang2":null,"lang3":null},"geometry":{"type":"Point","coordinates":[70.729669415999979,32.746634631000063]}},
{"type":"Feature","properties":{"admin_level":3,"name":"Bettani","name1":null,"name2":null,"name3":null,"x_coord":70.3728002,"y_coord":32.65226973,"adm4_name":null,"adm4_name1":null,"adm4_name2":null,"adm4_name3":null,"adm4_pcode":null,"adm3_name":"Bettani","adm3_name1":null,"adm3_name2":null,"adm3_name3":null,"adm3_pcode":"PK51903","adm2_name":"Lakki Marwat","adm2_name1":null,"adm2_name2":null,"adm2_name3":null,"adm2_pcode":"PK519","adm1_name":"Khyber Pakhtunkhwa","adm1_name1":null,"adm1_name2":null,"adm1_name3":null,"adm1_pcode":"PK5","adm0_name":"Pakistan","adm0_name1":null,"adm0_name2":null,"adm0_name3":null,"adm0_pcode":"PK","valid_on":"2022-09-09","valid_to":null,"version":"v01","lang":"en","lang1":null,"lang2":null,"lang3":null},"geometry":{"type":"Point","coordinates":[70.372800198000164,32.652269729000068]}},
{"type":"Feature","properties":{"admin_level":3,"name":"Adenzai","name1":null,"name2":null,"name3":null,"x_coord":72.03641314,"y_coord":34.74036487,"adm4_name":null,"adm4_name1":null,"adm4_name2":null,"adm4_name3":null,"adm4_pcode":null,"adm3_name":"Adenzai","adm3_name1":null,"adm3_name2":null,"adm3_name3":null,"adm3_pcode":"PK52001","adm2_name":"Lower Dir","adm2_name1":null,"adm2_name2":null,"adm2_name3":null,"adm2_pcode":"PK520","adm1_name":"Khyber Pakhtunkhwa","adm1_name1":null,"adm1_name2":null,"adm1_name3":null,"adm1_pcode":"PK5","adm0_name":"Pakistan","adm0_name1":null,"adm0_name2":null,"adm0_name3":null,"adm0_pcode":"PK","valid_on":"2022-09-09","valid_to":null,"version":"v01","lang":"en","lang1":null,"lang2":null,"lang3":null},"geometry":{"type":"Point","coordinates":[72.036413144,34.740364867000096]}},
{"type":"Feature","properties":{"admin_level":3,"name":"Balambat","name1":null,"name2":null,"name3":null,"x_coord":71.86590045,"y_coord":34.8927893,"adm4_name":null,"adm4_name1":null,"adm4_name2":null,"adm4_name3":null,"adm4_pcode":null,"adm3_name":"Balambat","adm3_name1":null,"adm3_name2":null,"adm3_name3":null,"adm3_pcode":"PK52002","adm2_name":"Lower Dir","adm2_name1":null,"adm2_name2":null,"adm2_name3":null,"adm2_pcode":"PK520","adm1_name":"Khyber Pakhtunkhwa","adm1_name1":null,"adm1_name2":null,"adm1_name3":null,"adm1_pcode":"PK5","adm0_name":"Pakistan","adm0_name1":null,"adm0_name2":null,"adm0_name3":null,"adm0_pcode":"PK","valid_on":"2022-09-09","valid_to":null,"version":"v01","lang":"en","lang1":null,"lang2":null,"lang3":null},"geometry":{"type":"Point","coordinates":[71.86590044899998,34.892789304000075]}},
{"type":"Feature","properties":{"admin_level":3,"name":"Lalqila","name1":null,"name2":null,"name3":null,"x_coord":71.81480096,"y_coord":34.98099392,"adm4_name":null,"adm4_name1":null,"adm4_name2":null,"adm4_name3":null,"adm4_pcode":null,"adm3_name":"Lalqila","adm3_name1":null,"adm3_name2":null,"adm3_name3":null,"adm3_pcode":"PK52003","adm2_name":"Lower Dir","adm2_name1":null,"adm2_name2":null,"adm2_name3":null,"adm2_pcode":"PK520","adm1_name":"Khyber Pakhtunkhwa","adm1_name1":null,"adm1_name2":null,"adm1_name3":null,"adm1_pcode":"PK5","adm0_name":"Pakistan","adm0_name1":null,"adm0_name2":null,"adm0_name3":null,"adm0_pcode":"PK","valid_on":"2022-09-09","valid_to":null,"version":"v01","lang":"en","lang1":null,"lang2":null,"lang3":null},"geometry":{"type":"Point","coordinates":[71.814800963000096,34.980993925000064]}},
{"type":"Feature","properties":{"admin_level":3,"name":"Munda","name1":null,"name2":null,"name3":null,"x_coord":71.70224028,"y_coord":34.82219923,"adm4_name":null,"adm4_name1":null,"adm4_name2":null,"adm4_name3":null,"adm4_pcode":null,"adm3_name":"Munda","adm3_name1":null,"adm3_name2":null,"adm3_name3":null,"adm3_pcode":"PK52004","adm2_name":"Lower Dir","adm2_name1":null,"adm2_name2":null,"adm2_name3":null,"adm2_pcode":"PK520","adm1_name":"Khyber Pakhtunkhwa","adm1_name1":null,"adm1_name2":null,"adm1_name3":null,"adm1_pcode":"PK5","adm0_name":"Pakistan","adm0_name1":null,"adm0_name2":null,"adm0_name3":null,"adm0_pcode":"PK","valid_on":"2022-09-09","valid_to":null,"version":"v01","lang":"en","lang1":null,"lang2":null,"lang3":null},"geometry":{"type":"Point","coordinates":[71.702240276000111,34.822199233000163]}},
{"type":"Feature","properties":{"admin_level":3,"name":"Samarbagh","name1":null,"name2":null,"name3":null,"x_coord":71.64675993,"y_coord":34.94552071,"adm4_name":null,"adm4_name1":null,"adm4_name2":null,"adm4_name3":null,"adm4_pcode":null,"adm3_name":"Samarbagh","adm3_name1":null,"adm3_name2":null,"adm3_name3":null,"adm3_pcode":"PK52005","adm2_name":"Lower Dir","adm2_name1":null,"adm2_name2":null,"adm2_name3":null,"adm2_pcode":"PK520","adm1_name":"Khyber Pakhtunkhwa","adm1_name1":null,"adm1_name2":null,"adm1_name3":null,"adm1_pcode":"PK5","adm0_name":"Pakistan","adm0_name1":null,"adm0_name2":null,"adm0_name3":null,"adm0_pcode":"PK","valid_on":"2022-09-09","valid_to":null,"version":"v01","lang":"en","lang1":null,"lang2":null,"lang3":null},"geometry":{"type":"Point","coordinates":[71.646759930000144,34.945520706000025]}},
{"type":"Feature","properties":{"admin_level":3,"name":"Timergara","name1":null,"name2":null,"name3":null,"x_coord":71.86991628,"y_coord":34.75107002,"adm4_name":null,"adm4_name1":null,"adm4_name2":null,"adm4_name3":null,"adm4_pcode":null,"adm3_name":"Timergara","adm3_name1":null,"adm3_name2":null,"adm3_name3":null,"adm3_pcode":"PK52006","adm2_name":"Lower Dir","adm2_name1":null,"adm2_name2":null,"adm2_name3":null,"adm2_pcode":"PK520","adm1_name":"Khyber Pakhtunkhwa","adm1_name1":null,"adm1_name2":null,"adm1_name3":null,"adm1_pcode":"PK5","adm0_name":"Pakistan","adm0_name1":null,"adm0_name2":null,"adm0_name3":null,"adm0_pcode":"PK","valid_on":"2022-09-09","valid_to":null,"version":"v01","lang":"en","lang1":null,"lang2":null,"lang3":null},"geometry":{"type":"Point","coordinates":[71.869916285000102,34.751070022000079]}},
{"type":"Feature","properties":{"admin_level":3,"name":"Bat Khela","name1":null,"name2":null,"name3":null,"x_coord":71.93927118000001,"y_coord":34.5578804,"adm4_name":null,"adm4_name1":null,"adm4_name2":null,"adm4_name3":null,"adm4_pcode":null,"adm3_name":"Bat Khela","adm3_name1":null,"adm3_name2":null,"adm3_name3":null,"adm3_pcode":"PK52101","adm2_name":"Malakand","adm2_name1":null,"adm2_name2":null,"adm2_name3":null,"adm2_pcode":"PK521","adm1_name":"Khyber Pakhtunkhwa","adm1_name1":null,"adm1_name2":null,"adm1_name3":null,"adm1_pcode":"PK5","adm0_name":"Pakistan","adm0_name1":null,"adm0_name2":null,"adm0_name3":null,"adm0_pcode":"PK","valid_on":"2022-09-09","valid_to":null,"version":"v01","lang":"en","lang1":null,"lang2":null,"lang3":null},"geometry":{"type":"Point","coordinates":[71.939271176000091,34.557880402000023]}},
{"type":"Feature","properties":{"admin_level":3,"name":"Dargai","name1":null,"name2":null,"name3":null,"x_coord":71.85837116,"y_coord":34.446365,"adm4_name":null,"adm4_name1":null,"adm4_name2":null,"adm4_name3":null,"adm4_pcode":null,"adm3_name":"Dargai","adm3_name1":null,"adm3_name2":null,"adm3_name3":null,"adm3_pcode":"PK52102","adm2_name":"Malakand","adm2_name1":null,"adm2_name2":null,"adm2_name3":null,"adm2_pcode":"PK521","adm1_name":"Khyber Pakhtunkhwa","adm1_name1":null,"adm1_name2":null,"adm1_name3":null,"adm1_pcode":"PK5","adm0_name":"Pakistan","adm0_name1":null,"adm0_name2":null,"adm0_name3":null,"adm0_pcode":"PK","valid_on":"2022-09-09","valid_to":null,"version":"v01","lang":"en","lang1":null,"lang2":null,"lang3":null},"geometry":{"type":"Point","coordinates":[71.858371164000062,34.446364997000046]}},
{"type":"Feature","properties":{"admin_level":3,"name":"Bala Kot","name1":null,"name2":null,"name3":null,"x_coord":73.53946411,"y_coord":34.75263264,"adm4_name":null,"adm4_name1":null,"adm4_name2":null,"adm4_name3":null,"adm4_pcode":null,"adm3_name":"Bala Kot","adm3_name1":null,"adm3_name2":null,"adm3_name3":null,"adm3_pcode":"PK52201","adm2_name":"Mansehra","adm2_name1":null,"adm2_name2":null,"adm2_name3":null,"adm2_pcode":"PK522","adm1_name":"Khyber Pakhtunkhwa","adm1_name1":null,"adm1_name2":null,"adm1_name3":null,"adm1_pcode":"PK5","adm0_name":"Pakistan","adm0_name1":null,"adm0_name2":null,"adm0_name3":null,"adm0_pcode":"PK","valid_on":"2022-09-09","valid_to":null,"version":"v01","lang":"en","lang1":null,"lang2":null,"lang3":null},"geometry":{"type":"Point","coordinates":[73.539464112000076,34.752632644000073]}},
{"type":"Feature","properties":{"admin_level":3,"name":"Mansehra","name1":null,"name2":null,"name3":null,"x_coord":73.14579497,"y_coord":34.44228936,"adm4_name":null,"adm4_name1":null,"adm4_name2":null,"adm4_name3":null,"adm4_pcode":null,"adm3_name":"Mansehra","adm3_name1":null,"adm3_name2":null,"adm3_name3":null,"adm3_pcode":"PK52202","adm2_name":"Mansehra","adm2_name1":null,"adm2_name2":null,"adm2_name3":null,"adm2_pcode":"PK522","adm1_name":"Khyber Pakhtunkhwa","adm1_name1":null,"adm1_name2":null,"adm1_name3":null,"adm1_pcode":"PK5","adm0_name":"Pakistan","adm0_name1":null,"adm0_name2":null,"adm0_name3":null,"adm0_pcode":"PK","valid_on":"2022-09-09","valid_to":null,"version":"v01","lang":"en","lang1":null,"lang2":null,"lang3":null},"geometry":{"type":"Point","coordinates":[73.145794970999987,34.442289360000075]}},
{"type":"Feature","properties":{"admin_level":3,"name":"Oghi","name1":null,"name2":null,"name3":null,"x_coord":72.99278,"y_coord":34.45501311,"adm4_name":null,"adm4_name1":null,"adm4_name2":null,"adm4_name3":null,"adm4_pcode":null,"adm3_name":"Oghi","adm3_name1":null,"adm3_name2":null,"adm3_name3":null,"adm3_pcode":"PK52203","adm2_name":"Mansehra","adm2_name1":null,"adm2_name2":null,"adm2_name3":null,"adm2_pcode":"PK522","adm1_name":"Khyber Pakhtunkhwa","adm1_name1":null,"adm1_name2":null,"adm1_name3":null,"adm1_pcode":"PK5","adm0_name":"Pakistan","adm0_name1":null,"adm0_name2":null,"adm0_name3":null,"adm0_pcode":"PK","valid_on":"2022-09-09","valid_to":null,"version":"v01","lang":"en","lang1":null,"lang2":null,"lang3":null},"geometry":{"type":"Point","coordinates":[72.9927800050001,34.455013111000085]}},
{"type":"Feature","properties":{"admin_level":3,"name":"Baffa Pakhal","name1":null,"name2":null,"name3":null,"x_coord":73.25360868,"y_coord":34.55577961,"adm4_name":null,"adm4_name1":null,"adm4_name2":null,"adm4_name3":null,"adm4_pcode":null,"adm3_name":"Baffa Pakhal","adm3_name1":null,"adm3_name2":null,"adm3_name3":null,"adm3_pcode":"PK52204","adm2_name":"Mansehra","adm2_name1":null,"adm2_name2":null,"adm2_name3":null,"adm2_pcode":"PK522","adm1_name":"Khyber Pakhtunkhwa","adm1_name1":null,"adm1_name2":null,"adm1_name3":null,"adm1_pcode":"PK5","adm0_name":"Pakistan","adm0_name1":null,"adm0_name2":null,"adm0_name3":null,"adm0_pcode":"PK","valid_on":"2022-09-09","valid_to":null,"version":"v01","lang":"en","lang1":null,"lang2":null,"lang3":null},"geometry":{"type":"Point","coordinates":[73.253608680000127,34.555779608000137]}},
{"type":"Feature","properties":{"admin_level":3,"name":"Darband","name1":null,"name2":null,"name3":null,"x_coord":72.86959213,"y_coord":34.36885281,"adm4_name":null,"adm4_name1":null,"adm4_name2":null,"adm4_name3":null,"adm4_pcode":null,"adm3_name":"Darband","adm3_name1":null,"adm3_name2":null,"adm3_name3":null,"adm3_pcode":"PK52205","adm2_name":"Mansehra","adm2_name1":null,"adm2_name2":null,"adm2_name3":null,"adm2_pcode":"PK522","adm1_name":"Khyber Pakhtunkhwa","adm1_name1":null,"adm1_name2":null,"adm1_name3":null,"adm1_pcode":"PK5","adm0_name":"Pakistan","adm0_name1":null,"adm0_name2":null,"adm0_name3":null,"adm0_pcode":"PK","valid_on":"2022-09-09","valid_to":null,"version":"v01","lang":"en","lang1":null,"lang2":null,"lang3":null},"geometry":{"type":"Point","coordinates":[72.869592126000157,34.368852810000135]}},
{"type":"Feature","properties":{"admin_level":3,"name":"Katlang","name1":null,"name2":null,"name3":null,"x_coord":72.11815124,"y_coord":34.41132148,"adm4_name":null,"adm4_name1":null,"adm4_name2":null,"adm4_name3":null,"adm4_pcode":null,"adm3_name":"Katlang","adm3_name1":null,"adm3_name2":null,"adm3_name3":null,"adm3_pcode":"PK52301","adm2_name":"Mardan","adm2_name1":null,"adm2_name2":null,"adm2_name3":null,"adm2_pcode":"PK523","adm1_name":"Khyber Pakhtunkhwa","adm1_name1":null,"adm1_name2":null,"adm1_name3":null,"adm1_pcode":"PK5","adm0_name":"Pakistan","adm0_name1":null,"adm0_name2":null,"adm0_name3":null,"adm0_pcode":"PK","valid_on":"2022-09-09","valid_to":null,"version":"v01","lang":"en","lang1":null,"lang2":null,"lang3":null},"geometry":{"type":"Point","coordinates":[72.118151240000088,34.411321480000026]}},
{"type":"Feature","properties":{"admin_level":3,"name":"Mardan","name1":null,"name2":null,"name3":null,"x_coord":72.0004913,"y_coord":34.19085511,"adm4_name":null,"adm4_name1":null,"adm4_name2":null,"adm4_name3":null,"adm4_pcode":null,"adm3_name":"Mardan","adm3_name1":null,"adm3_name2":null,"adm3_name3":null,"adm3_pcode":"PK52302","adm2_name":"Mardan","adm2_name1":null,"adm2_name2":null,"adm2_name3":null,"adm2_pcode":"PK523","adm1_name":"Khyber Pakhtunkhwa","adm1_name1":null,"adm1_name2":null,"adm1_name3":null,"adm1_pcode":"PK5","adm0_name":"Pakistan","adm0_name1":null,"adm0_name2":null,"adm0_name3":null,"adm0_pcode":"PK","valid_on":"2022-09-09","valid_to":null,"version":"v01","lang":"en","lang1":null,"lang2":null,"lang3":null},"geometry":{"type":"Point","coordinates":[72.000491299000089,34.190855110000143]}},
{"type":"Feature","properties":{"admin_level":3,"name":"Takht Bhai","name1":null,"name2":null,"name3":null,"x_coord":71.91047682,"y_coord":34.34529238,"adm4_name":null,"adm4_name1":null,"adm4_name2":null,"adm4_name3":null,"adm4_pcode":null,"adm3_name":"Takht Bhai","adm3_name1":null,"adm3_name2":null,"adm3_name3":null,"adm3_pcode":"PK52303","adm2_name":"Mardan","adm2_name1":null,"adm2_name2":null,"adm2_name3":null,"adm2_pcode":"PK523","adm1_name":"Khyber Pakhtunkhwa","adm1_name1":null,"adm1_name2":null,"adm1_name3":null,"adm1_pcode":"PK5","adm0_name":"Pakistan","adm0_name1":null,"adm0_name2":null,"adm0_name3":null,"adm0_pcode":"PK","valid_on":"2022-09-09","valid_to":null,"version":"v01","lang":"en","lang1":null,"lang2":null,"lang3":null},"geometry":{"type":"Point","coordinates":[71.910476824000114,34.345292378000067]}},
{"type":"Feature","properties":{"admin_level":3,"name":"Rustam","name1":null,"name2":null,"name3":null,"x_coord":72.25753163,"y_coord":34.34408741,"adm4_name":null,"adm4_name1":null,"adm4_name2":null,"adm4_name3":null,"adm4_pcode":null,"adm3_name":"Rustam","adm3_name1":null,"adm3_name2":null,"adm3_name3":null,"adm3_pcode":"PK52304","adm2_name":"Mardan","adm2_name1":null,"adm2_name2":null,"adm2_name3":null,"adm2_pcode":"PK523","adm1_name":"Khyber Pakhtunkhwa","adm1_name1":null,"adm1_name2":null,"adm1_name3":null,"adm1_pcode":"PK5","adm0_name":"Pakistan","adm0_name1":null,"adm0_name2":null,"adm0_name3":null,"adm0_pcode":"PK","valid_on":"2022-09-09","valid_to":null,"version":"v01","lang":"en","lang1":null,"lang2":null,"lang3":null},"geometry":{"type":"Point","coordinates":[72.257531633000099,34.344087408000064]}},
{"type":"Feature","properties":{"admin_level":3,"name":"Garhi Kapura","name1":null,"name2":null,"name3":null,"x_coord":72.13410476,"y_coord":34.1857812,"adm4_name":null,"adm4_name1":null,"adm4_name2":null,"adm4_name3":null,"adm4_pcode":null,"adm3_name":"Garhi Kapura","adm3_name1":null,"adm3_name2":null,"adm3_name3":null,"adm3_pcode":"PK52305","adm2_name":"Mardan","adm2_name1":null,"adm2_name2":null,"adm2_name3":null,"adm2_pcode":"PK523","adm1_name":"Khyber Pakhtunkhwa","adm1_name1":null,"adm1_name2":null,"adm1_name3":null,"adm1_pcode":"PK5","adm0_name":"Pakistan","adm0_name1":null,"adm0_name2":null,"adm0_name3":null,"adm0_pcode":"PK","valid_on":"2022-09-09","valid_to":null,"version":"v01","lang":"en","lang1":null,"lang2":null,"lang3":null},"geometry":{"type":"Point","coordinates":[72.13410475500018,34.185781205000126]}},
{"type":"Feature","properties":{"admin_level":3,"name":"Ambar","name1":null,"name2":null,"name3":null,"x_coord":71.46659419,"y_coord":34.5909796,"adm4_name":null,"adm4_name1":null,"adm4_name2":null,"adm4_name3":null,"adm4_pcode":null,"adm3_name":"Ambar","adm3_name1":null,"adm3_name2":null,"adm3_name3":null,"adm3_pcode":"PK52401","adm2_name":"Mohmand","adm2_name1":null,"adm2_name2":null,"adm2_name3":null,"adm2_pcode":"PK524","adm1_name":"Khyber Pakhtunkhwa","adm1_name1":null,"adm1_name2":null,"adm1_name3":null,"adm1_pcode":"PK5","adm0_name":"Pakistan","adm0_name1":null,"adm0_name2":null,"adm0_name3":null,"adm0_pcode":"PK","valid_on":"2022-09-09","valid_to":null,"version":"v01","lang":"en","lang1":null,"lang2":null,"lang3":null},"geometry":{"type":"Point","coordinates":[71.466594193000049,34.590979596000068]}},
{"type":"Feature","properties":{"admin_level":3,"name":"Baizai","name1":null,"name2":null,"name3":null,"x_coord":71.10362522,"y_coord":34.53832783,"adm4_name":null,"adm4_name1":null,"adm4_name2":null,"adm4_name3":null,"adm4_pcode":null,"adm3_name":"Baizai","adm3_name1":null,"adm3_name2":null,"adm3_name3":null,"adm3_pcode":"PK52402","adm2_name":"Mohmand","adm2_name1":null,"adm2_name2":null,"adm2_name3":null,"adm2_pcode":"PK524","adm1_name":"Khyber Pakhtunkhwa","adm1_name1":null,"adm1_name2":null,"adm1_name3":null,"adm1_pcode":"PK5","adm0_name":"Pakistan","adm0_name1":null,"adm0_name2":null,"adm0_name3":null,"adm0_pcode":"PK","valid_on":"2022-09-09","valid_to":null,"version":"v01","lang":"en","lang1":null,"lang2":null,"lang3":null},"geometry":{"type":"Point","coordinates":[71.103625216000125,34.538327827000046]}},
{"type":"Feature","properties":{"admin_level":3,"name":"Halimzai","name1":null,"name2":null,"name3":null,"x_coord":71.32185408,"y_coord":34.39641004,"adm4_name":null,"adm4_name1":null,"adm4_name2":null,"adm4_name3":null,"adm4_pcode":null,"adm3_name":"Halimzai","adm3_name1":null,"adm3_name2":null,"adm3_name3":null,"adm3_pcode":"PK52403","adm2_name":"Mohmand","adm2_name1":null,"adm2_name2":null,"adm2_name3":null,"adm2_pcode":"PK524","adm1_name":"Khyber Pakhtunkhwa","adm1_name1":null,"adm1_name2":null,"adm1_name3":null,"adm1_pcode":"PK5","adm0_name":"Pakistan","adm0_name1":null,"adm0_name2":null,"adm0_name3":null,"adm0_pcode":"PK","valid_on":"2022-09-09","valid_to":null,"version":"v01","lang":"en","lang1":null,"lang2":null,"lang3":null},"geometry":{"type":"Point","coordinates":[71.321854080000151,34.396410040000092]}},
{"type":"Feature","properties":{"admin_level":3,"name":"Khwazai","name1":null,"name2":null,"name3":null,"x_coord":71.18056839,"y_coord":34.40298409,"adm4_name":null,"adm4_name1":null,"adm4_name2":null,"adm4_name3":null,"adm4_pcode":null,"adm3_name":"Khwazai","adm3_name1":null,"adm3_name2":null,"adm3_name3":null,"adm3_pcode":"PK52404","adm2_name":"Mohmand","adm2_name1":null,"adm2_name2":null,"adm2_name3":null,"adm2_pcode":"PK524","adm1_name":"Khyber Pakhtunkhwa","adm1_name1":null,"adm1_name2":null,"adm1_name3":null,"adm1_pcode":"PK5","adm0_name":"Pakistan","adm0_name1":null,"adm0_name2":null,"adm0_name3":null,"adm0_pcode":"PK","valid_on":"2022-09-09","valid_to":null,"version":"v01","lang":"en","lang1":null,"lang2":null,"lang3":null},"geometry":{"type":"Point","coordinates":[71.18056839500008,34.402984088000096]}},
{"type":"Feature","properties":{"admin_level":3,"name":"Pandiali","name1":null,"name2":null,"name3":null,"x_coord":71.44653291,"y_coord":34.44978483,"adm4_name":null,"adm4_name1":null,"adm4_name2":null,"adm4_name3":null,"adm4_pcode":null,"adm3_name":"Pandiali","adm3_name1":null,"adm3_name2":null,"adm3_name3":null,"adm3_pcode":"PK52405","adm2_name":"Mohmand","adm2_name1":null,"adm2_name2":null,"adm2_name3":null,"adm2_pcode":"PK524","adm1_name":"Khyber Pakhtunkhwa","adm1_name1":null,"adm1_name2":null,"adm1_name3":null,"adm1_pcode":"PK5","adm0_name":"Pakistan","adm0_name1":null,"adm0_name2":null,"adm0_name3":null,"adm0_pcode":"PK","valid_on":"2022-09-09","valid_to":null,"version":"v01","lang":"en","lang1":null,"lang2":null,"lang3":null},"geometry":{"type":"Point","coordinates":[71.446532908000108,34.44978483500006]}},
{"type":"Feature","properties":{"admin_level":3,"name":"Prang Ghar","name1":null,"name2":null,"name3":null,"x_coord":71.59642881000001,"y_coord":34.43702925,"adm4_name":null,"adm4_name1":null,"adm4_name2":null,"adm4_name3":null,"adm4_pcode":null,"adm3_name":"Prang Ghar","adm3_name1":null,"adm3_name2":null,"adm3_name3":null,"adm3_pcode":"PK52406","adm2_name":"Mohmand","adm2_name1":null,"adm2_name2":null,"adm2_name3":null,"adm2_pcode":"PK524","adm1_name":"Khyber Pakhtunkhwa","adm1_name1":null,"adm1_name2":null,"adm1_name3":null,"adm1_pcode":"PK5","adm0_name":"Pakistan","adm0_name1":null,"adm0_name2":null,"adm0_name3":null,"adm0_pcode":"PK","valid_on":"2022-09-09","valid_to":null,"version":"v01","lang":"en","lang1":null,"lang2":null,"lang3":null},"geometry":{"type":"Point","coordinates":[71.596428809000088,34.437029247000169]}},
{"type":"Feature","properties":{"admin_level":3,"name":"Safi","name1":null,"name2":null,"name3":null,"x_coord":71.23720703,"y_coord":34.56830813,"adm4_name":null,"adm4_name1":null,"adm4_name2":null,"adm4_name3":null,"adm4_pcode":null,"adm3_name":"Safi","adm3_name1":null,"adm3_name2":null,"adm3_name3":null,"adm3_pcode":"PK52407","adm2_name":"Mohmand","adm2_name1":null,"adm2_name2":null,"adm2_name3":null,"adm2_pcode":"PK524","adm1_name":"Khyber Pakhtunkhwa","adm1_name1":null,"adm1_name2":null,"adm1_name3":null,"adm1_pcode":"PK5","adm0_name":"Pakistan","adm0_name1":null,"adm0_name2":null,"adm0_name3":null,"adm0_pcode":"PK","valid_on":"2022-09-09","valid_to":null,"version":"v01","lang":"en","lang1":null,"lang2":null,"lang3":null},"geometry":{"type":"Point","coordinates":[71.237207027000125,34.568308134000063]}},
{"type":"Feature","properties":{"admin_level":3,"name":"Yaka Ghund","name1":null,"name2":null,"name3":null,"x_coord":71.39265007,"y_coord":34.26083513,"adm4_name":null,"adm4_name1":null,"adm4_name2":null,"adm4_name3":null,"adm4_pcode":null,"adm3_name":"Yaka Ghund","adm3_name1":null,"adm3_name2":null,"adm3_name3":null,"adm3_pcode":"PK52408","adm2_name":"Mohmand","adm2_name1":null,"adm2_name2":null,"adm2_name3":null,"adm2_pcode":"PK524","adm1_name":"Khyber Pakhtunkhwa","adm1_name1":null,"adm1_name2":null,"adm1_name3":null,"adm1_pcode":"PK5","adm0_name":"Pakistan","adm0_name1":null,"adm0_name2":null,"adm0_name3":null,"adm0_pcode":"PK","valid_on":"2022-09-09","valid_to":null,"version":"v01","lang":"en","lang1":null,"lang2":null,"lang3":null},"geometry":{"type":"Point","coordinates":[71.392650071000048,34.260835129000156]}},
{"type":"Feature","properties":{"admin_level":3,"name":"Data Khel","name1":null,"name2":null,"name3":null,"x_coord":69.70782369,"y_coord":32.96649721,"adm4_name":null,"adm4_name1":null,"adm4_name2":null,"adm4_name3":null,"adm4_pcode":null,"adm3_name":"Data Khel","adm3_name1":null,"adm3_name2":null,"adm3_name3":null,"adm3_pcode":"PK52501","adm2_name":"North Waziristan","adm2_name1":null,"adm2_name2":null,"adm2_name3":null,"adm2_pcode":"PK525","adm1_name":"Khyber Pakhtunkhwa","adm1_name1":null,"adm1_name2":null,"adm1_name3":null,"adm1_pcode":"PK5","adm0_name":"Pakistan","adm0_name1":null,"adm0_name2":null,"adm0_name3":null,"adm0_pcode":"PK","valid_on":"2022-09-09","valid_to":null,"version":"v01","lang":"en","lang1":null,"lang2":null,"lang3":null},"geometry":{"type":"Point","coordinates":[69.707823694000126,32.966497214000128]}},
{"type":"Feature","properties":{"admin_level":3,"name":"Dossali","name1":null,"name2":null,"name3":null,"x_coord":70.02432967,"y_coord":32.8355538,"adm4_name":null,"adm4_name1":null,"adm4_name2":null,"adm4_name3":null,"adm4_pcode":null,"adm3_name":"Dossali","adm3_name1":null,"adm3_name2":null,"adm3_name3":null,"adm3_pcode":"PK52502","adm2_name":"North Waziristan","adm2_name1":null,"adm2_name2":null,"adm2_name3":null,"adm2_pcode":"PK525","adm1_name":"Khyber Pakhtunkhwa","adm1_name1":null,"adm1_name2":null,"adm1_name3":null,"adm1_pcode":"PK5","adm0_name":"Pakistan","adm0_name1":null,"adm0_name2":null,"adm0_name3":null,"adm0_pcode":"PK","valid_on":"2022-09-09","valid_to":null,"version":"v01","lang":"en","lang1":null,"lang2":null,"lang3":null},"geometry":{"type":"Point","coordinates":[70.024329671000089,32.835553798000035]}},
{"type":"Feature","properties":{"admin_level":3,"name":"Garyum","name1":null,"name2":null,"name3":null,"x_coord":70.08890287,"y_coord":32.75991774,"adm4_name":null,"adm4_name1":null,"adm4_name2":null,"adm4_name3":null,"adm4_pcode":null,"adm3_name":"Garyum","adm3_name1":null,"adm3_name2":null,"adm3_name3":null,"adm3_pcode":"PK52503","adm2_name":"North Waziristan","adm2_name1":null,"adm2_name2":null,"adm2_name3":null,"adm2_pcode":"PK525","adm1_name":"Khyber Pakhtunkhwa","adm1_name1":null,"adm1_name2":null,"adm1_name3":null,"adm1_pcode":"PK5","adm0_name":"Pakistan","adm0_name1":null,"adm0_name2":null,"adm0_name3":null,"adm0_pcode":"PK","valid_on":"2022-09-09","valid_to":null,"version":"v01","lang":"en","lang1":null,"lang2":null,"lang3":null},"geometry":{"type":"Point","coordinates":[70.08890287100013,32.759917735000045]}},
{"type":"Feature","properties":{"admin_level":3,"name":"Ghulam Khan","name1":null,"name2":null,"name3":null,"x_coord":70.01625744,"y_coord":33.12285279,"adm4_name":null,"adm4_name1":null,"adm4_name2":null,"adm4_name3":null,"adm4_pcode":null,"adm3_name":"Ghulam Khan","adm3_name1":null,"adm3_name2":null,"adm3_name3":null,"adm3_pcode":"PK52504","adm2_name":"North Waziristan","adm2_name1":null,"adm2_name2":null,"adm2_name3":null,"adm2_pcode":"PK525","adm1_name":"Khyber Pakhtunkhwa","adm1_name1":null,"adm1_name2":null,"adm1_name3":null,"adm1_pcode":"PK5","adm0_name":"Pakistan","adm0_name1":null,"adm0_name2":null,"adm0_name3":null,"adm0_pcode":"PK","valid_on":"2022-09-09","valid_to":null,"version":"v01","lang":"en","lang1":null,"lang2":null,"lang3":null},"geometry":{"type":"Point","coordinates":[70.016257435999989,33.122852790000024]}},
{"type":"Feature","properties":{"admin_level":3,"name":"Mir Ali","name1":null,"name2":null,"name3":null,"x_coord":70.26131349000001,"y_coord":32.97157724,"adm4_name":null,"adm4_name1":null,"adm4_name2":null,"adm4_name3":null,"adm4_pcode":null,"adm3_name":"Mir Ali","adm3_name1":null,"adm3_name2":null,"adm3_name3":null,"adm3_pcode":"PK52505","adm2_name":"North Waziristan","adm2_name1":null,"adm2_name2":null,"adm2_name3":null,"adm2_pcode":"PK525","adm1_name":"Khyber Pakhtunkhwa","adm1_name1":null,"adm1_name2":null,"adm1_name3":null,"adm1_pcode":"PK5","adm0_name":"Pakistan","adm0_name1":null,"adm0_name2":null,"adm0_name3":null,"adm0_pcode":"PK","valid_on":"2022-09-09","valid_to":null,"version":"v01","lang":"en","lang1":null,"lang2":null,"lang3":null},"geometry":{"type":"Point","coordinates":[70.261313486000176,32.97157724300007]}},
{"type":"Feature","properties":{"admin_level":3,"name":"Miran Shah","name1":null,"name2":null,"name3":null,"x_coord":70.02198654,"y_coord":32.99793077,"adm4_name":null,"adm4_name1":null,"adm4_name2":null,"adm4_name3":null,"adm4_pcode":null,"adm3_name":"Miran Shah","adm3_name1":null,"adm3_name2":null,"adm3_name3":null,"adm3_pcode":"PK52506","adm2_name":"North Waziristan","adm2_name1":null,"adm2_name2":null,"adm2_name3":null,"adm2_pcode":"PK525","adm1_name":"Khyber Pakhtunkhwa","adm1_name1":null,"adm1_name2":null,"adm1_name3":null,"adm1_pcode":"PK5","adm0_name":"Pakistan","adm0_name1":null,"adm0_name2":null,"adm0_name3":null,"adm0_pcode":"PK","valid_on":"2022-09-09","valid_to":null,"version":"v01","lang":"en","lang1":null,"lang2":null,"lang3":null},"geometry":{"type":"Point","coordinates":[70.021986540000114,32.997930769000106]}},
{"type":"Feature","properties":{"admin_level":3,"name":"Razmak","name1":null,"name2":null,"name3":null,"x_coord":69.84709466,"y_coord":32.73063399,"adm4_name":null,"adm4_name1":null,"adm4_name2":null,"adm4_name3":null,"adm4_pcode":null,"adm3_name":"Razmak","adm3_name1":null,"adm3_name2":null,"adm3_name3":null,"adm3_pcode":"PK52507","adm2_name":"North Waziristan","adm2_name1":null,"adm2_name2":null,"adm2_name3":null,"adm2_pcode":"PK525","adm1_name":"Khyber Pakhtunkhwa","adm1_name1":null,"adm1_name2":null,"adm1_name3":null,"adm1_pcode":"PK5","adm0_name":"Pakistan","adm0_name1":null,"adm0_name2":null,"adm0_name3":null,"adm0_pcode":"PK","valid_on":"2022-09-09","valid_to":null,"version":"v01","lang":"en","lang1":null,"lang2":null,"lang3":null},"geometry":{"type":"Point","coordinates":[69.847094659000106,32.730633988000136]}},
{"type":"Feature","properties":{"admin_level":3,"name":"Shewa","name1":null,"name2":null,"name3":null,"x_coord":70.46934069,"y_coord":33.25297628,"adm4_name":null,"adm4_name1":null,"adm4_name2":null,"adm4_name3":null,"adm4_pcode":null,"adm3_name":"Shewa","adm3_name1":null,"adm3_name2":null,"adm3_name3":null,"adm3_pcode":"PK52508","adm2_name":"North Waziristan","adm2_name1":null,"adm2_name2":null,"adm2_name3":null,"adm2_pcode":"PK525","adm1_name":"Khyber Pakhtunkhwa","adm1_name1":null,"adm1_name2":null,"adm1_name3":null,"adm1_pcode":"PK5","adm0_name":"Pakistan","adm0_name1":null,"adm0_name2":null,"adm0_name3":null,"adm0_pcode":"PK","valid_on":"2022-09-09","valid_to":null,"version":"v01","lang":"en","lang1":null,"lang2":null,"lang3":null},"geometry":{"type":"Point","coordinates":[70.469340688000045,33.252976275000094]}},
{"type":"Feature","properties":{"admin_level":3,"name":"Spinwam","name1":null,"name2":null,"name3":null,"x_coord":70.30472721,"y_coord":33.16357445,"adm4_name":null,"adm4_name1":null,"adm4_name2":null,"adm4_name3":null,"adm4_pcode":null,"adm3_name":"Spinwam","adm3_name1":null,"adm3_name2":null,"adm3_name3":null,"adm3_pcode":"PK52509","adm2_name":"North Waziristan","adm2_name1":null,"adm2_name2":null,"adm2_name3":null,"adm2_pcode":"PK525","adm1_name":"Khyber Pakhtunkhwa","adm1_name1":null,"adm1_name2":null,"adm1_name3":null,"adm1_pcode":"PK5","adm0_name":"Pakistan","adm0_name1":null,"adm0_name2":null,"adm0_name3":null,"adm0_pcode":"PK","valid_on":"2022-09-09","valid_to":null,"version":"v01","lang":"en","lang1":null,"lang2":null,"lang3":null},"geometry":{"type":"Point","coordinates":[70.304727214000081,33.163574454000127]}},
{"type":"Feature","properties":{"admin_level":3,"name":"Shawal","name1":null,"name2":null,"name3":null,"x_coord":69.55492832,"y_coord":32.70018535,"adm4_name":null,"adm4_name1":null,"adm4_name2":null,"adm4_name3":null,"adm4_pcode":null,"adm3_name":"Shawal","adm3_name1":null,"adm3_name2":null,"adm3_name3":null,"adm3_pcode":"PK52510","adm2_name":"North Waziristan","adm2_name1":null,"adm2_name2":null,"adm2_name3":null,"adm2_pcode":"PK525","adm1_name":"Khyber Pakhtunkhwa","adm1_name1":null,"adm1_name2":null,"adm1_name3":null,"adm1_pcode":"PK5","adm0_name":"Pakistan","adm0_name1":null,"adm0_name2":null,"adm0_name3":null,"adm0_pcode":"PK","valid_on":"2022-09-09","valid_to":null,"version":"v01","lang":"en","lang1":null,"lang2":null,"lang3":null},"geometry":{"type":"Point","coordinates":[69.554928320000158,32.700185347000115]}},
{"type":"Feature","properties":{"admin_level":3,"name":"Nowshera","name1":null,"name2":null,"name3":null,"x_coord":71.95997423,"y_coord":33.97631056,"adm4_name":null,"adm4_name1":null,"adm4_name2":null,"adm4_name3":null,"adm4_pcode":null,"adm3_name":"Nowshera","adm3_name1":null,"adm3_name2":null,"adm3_name3":null,"adm3_pcode":"PK52601","adm2_name":"Nowshera","adm2_name1":null,"adm2_name2":null,"adm2_name3":null,"adm2_pcode":"PK526","adm1_name":"Khyber Pakhtunkhwa","adm1_name1":null,"adm1_name2":null,"adm1_name3":null,"adm1_pcode":"PK5","adm0_name":"Pakistan","adm0_name1":null,"adm0_name2":null,"adm0_name3":null,"adm0_pcode":"PK","valid_on":"2022-09-09","valid_to":null,"version":"v01","lang":"en","lang1":null,"lang2":null,"lang3":null},"geometry":{"type":"Point","coordinates":[71.959974226000156,33.976310561000048]}},
{"type":"Feature","properties":{"admin_level":3,"name":"Pabbi","name1":null,"name2":null,"name3":null,"x_coord":71.8183382,"y_coord":33.93925505,"adm4_name":null,"adm4_name1":null,"adm4_name2":null,"adm4_name3":null,"adm4_pcode":null,"adm3_name":"Pabbi","adm3_name1":null,"adm3_name2":null,"adm3_name3":null,"adm3_pcode":"PK52602","adm2_name":"Nowshera","adm2_name1":null,"adm2_name2":null,"adm2_name3":null,"adm2_pcode":"PK526","adm1_name":"Khyber Pakhtunkhwa","adm1_name1":null,"adm1_name2":null,"adm1_name3":null,"adm1_pcode":"PK5","adm0_name":"Pakistan","adm0_name1":null,"adm0_name2":null,"adm0_name3":null,"adm0_pcode":"PK","valid_on":"2022-09-09","valid_to":null,"version":"v01","lang":"en","lang1":null,"lang2":null,"lang3":null},"geometry":{"type":"Point","coordinates":[71.818338199000038,33.939255055000046]}},
{"type":"Feature","properties":{"admin_level":3,"name":"Jehangira","name1":null,"name2":null,"name3":null,"x_coord":72.16337681,"y_coord":33.89347133,"adm4_name":null,"adm4_name1":null,"adm4_name2":null,"adm4_name3":null,"adm4_pcode":null,"adm3_name":"Jehangira","adm3_name1":null,"adm3_name2":null,"adm3_name3":null,"adm3_pcode":"PK52603","adm2_name":"Nowshera","adm2_name1":null,"adm2_name2":null,"adm2_name3":null,"adm2_pcode":"PK526","adm1_name":"Khyber Pakhtunkhwa","adm1_name1":null,"adm1_name2":null,"adm1_name3":null,"adm1_pcode":"PK5","adm0_name":"Pakistan","adm0_name1":null,"adm0_name2":null,"adm0_name3":null,"adm0_pcode":"PK","valid_on":"2022-09-09","valid_to":null,"version":"v01","lang":"en","lang1":null,"lang2":null,"lang3":null},"geometry":{"type":"Point","coordinates":[72.163376814000173,33.89347133300015]}},
{"type":"Feature","properties":{"admin_level":3,"name":"Central Orakzai","name1":null,"name2":null,"name3":null,"x_coord":70.96504337,"y_coord":33.68833406,"adm4_name":null,"adm4_name1":null,"adm4_name2":null,"adm4_name3":null,"adm4_pcode":null,"adm3_name":"Central Orakzai","adm3_name1":null,"adm3_name2":null,"adm3_name3":null,"adm3_pcode":"PK52701","adm2_name":"Orakzai","adm2_name1":null,"adm2_name2":null,"adm2_name3":null,"adm2_pcode":"PK527","adm1_name":"Khyber Pakhtunkhwa","adm1_name1":null,"adm1_name2":null,"adm1_name3":null,"adm1_pcode":"PK5","adm0_name":"Pakistan","adm0_name1":null,"adm0_name2":null,"adm0_name3":null,"adm0_pcode":"PK","valid_on":"2022-09-09","valid_to":null,"version":"v01","lang":"en","lang1":null,"lang2":null,"lang3":null},"geometry":{"type":"Point","coordinates":[70.965043373000128,33.68833406300007]}},
{"type":"Feature","properties":{"admin_level":3,"name":"Ismailzai","name1":null,"name2":null,"name3":null,"x_coord":70.92919496,"y_coord":33.60650642,"adm4_name":null,"adm4_name1":null,"adm4_name2":null,"adm4_name3":null,"adm4_pcode":null,"adm3_name":"Ismailzai","adm3_name1":null,"adm3_name2":null,"adm3_name3":null,"adm3_pcode":"PK52702","adm2_name":"Orakzai","adm2_name1":null,"adm2_name2":null,"adm2_name3":null,"adm2_pcode":"PK527","adm1_name":"Khyber Pakhtunkhwa","adm1_name1":null,"adm1_name2":null,"adm1_name3":null,"adm1_pcode":"PK5","adm0_name":"Pakistan","adm0_name1":null,"adm0_name2":null,"adm0_name3":null,"adm0_pcode":"PK","valid_on":"2022-09-09","valid_to":null,"version":"v01","lang":"en","lang1":null,"lang2":null,"lang3":null},"geometry":{"type":"Point","coordinates":[70.929194961000178,33.606506419000027]}},
{"type":"Feature","properties":{"admin_level":3,"name":"Lower Orakzai","name1":null,"name2":null,"name3":null,"x_coord":71.26824181000001,"y_coord":33.73349174,"adm4_name":null,"adm4_name1":null,"adm4_name2":null,"adm4_name3":null,"adm4_pcode":null,"adm3_name":"Lower Orakzai","adm3_name1":null,"adm3_name2":null,"adm3_name3":null,"adm3_pcode":"PK52703","adm2_name":"Orakzai","adm2_name1":null,"adm2_name2":null,"adm2_name3":null,"adm2_pcode":"PK527","adm1_name":"Khyber Pakhtunkhwa","adm1_name1":null,"adm1_name2":null,"adm1_name3":null,"adm1_pcode":"PK5","adm0_name":"Pakistan","adm0_name1":null,"adm0_name2":null,"adm0_name3":null,"adm0_pcode":"PK","valid_on":"2022-09-09","valid_to":null,"version":"v01","lang":"en","lang1":null,"lang2":null,"lang3":null},"geometry":{"type":"Point","coordinates":[71.268241809000074,33.733491743000059]}},
{"type":"Feature","properties":{"admin_level":3,"name":"Upper Orakzai","name1":null,"name2":null,"name3":null,"x_coord":70.70636619,"y_coord":33.69025861,"adm4_name":null,"adm4_name1":null,"adm4_name2":null,"adm4_name3":null,"adm4_pcode":null,"adm3_name":"Upper Orakzai","adm3_name1":null,"adm3_name2":null,"adm3_name3":null,"adm3_pcode":"PK52704","adm2_name":"Orakzai","adm2_name1":null,"adm2_name2":null,"adm2_name3":null,"adm2_pcode":"PK527","adm1_name":"Khyber Pakhtunkhwa","adm1_name1":null,"adm1_name2":null,"adm1_name3":null,"adm1_pcode":"PK5","adm0_name":"Pakistan","adm0_name1":null,"adm0_name2":null,"adm0_name3":null,"adm0_pcode":"PK","valid_on":"2022-09-09","valid_to":null,"version":"v01","lang":"en","lang1":null,"lang2":null,"lang3":null},"geometry":{"type":"Point","coordinates":[70.706366192000132,33.69025861300014]}},
{"type":"Feature","properties":{"admin_level":3,"name":"Town-I","name1":null,"name2":null,"name3":null,"x_coord":71.59385952,"y_coord":34.01342255,"adm4_name":null,"adm4_name1":null,"adm4_name2":null,"adm4_name3":null,"adm4_pcode":null,"adm3_name":"Town-I","adm3_name1":null,"adm3_name2":null,"adm3_name3":null,"adm3_pcode":"PK52801","adm2_name":"Peshawar","adm2_name1":null,"adm2_name2":null,"adm2_name3":null,"adm2_pcode":"PK528","adm1_name":"Khyber Pakhtunkhwa","adm1_name1":null,"adm1_name2":null,"adm1_name3":null,"adm1_pcode":"PK5","adm0_name":"Pakistan","adm0_name1":null,"adm0_name2":null,"adm0_name3":null,"adm0_pcode":"PK","valid_on":"2022-09-09","valid_to":null,"version":"v01","lang":"en","lang1":null,"lang2":null,"lang3":null},"geometry":{"type":"Point","coordinates":[71.593859518000045,34.013422551000076]}},
{"type":"Feature","properties":{"admin_level":3,"name":"Town-Ii","name1":null,"name2":null,"name3":null,"x_coord":71.54731219,"y_coord":34.09988882,"adm4_name":null,"adm4_name1":null,"adm4_name2":null,"adm4_name3":null,"adm4_pcode":null,"adm3_name":"Town-Ii","adm3_name1":null,"adm3_name2":null,"adm3_name3":null,"adm3_pcode":"PK52802","adm2_name":"Peshawar","adm2_name1":null,"adm2_name2":null,"adm2_name3":null,"adm2_pcode":"PK528","adm1_name":"Khyber Pakhtunkhwa","adm1_name1":null,"adm1_name2":null,"adm1_name3":null,"adm1_pcode":"PK5","adm0_name":"Pakistan","adm0_name1":null,"adm0_name2":null,"adm0_name3":null,"adm0_pcode":"PK","valid_on":"2022-09-09","valid_to":null,"version":"v01","lang":"en","lang1":null,"lang2":null,"lang3":null},"geometry":{"type":"Point","coordinates":[71.547312187000159,34.099888821000036]}},
{"type":"Feature","properties":{"admin_level":3,"name":"Town-Iii","name1":null,"name2":null,"name3":null,"x_coord":71.46889502000001,"y_coord":34.00304789,"adm4_name":null,"adm4_name1":null,"adm4_name2":null,"adm4_name3":null,"adm4_pcode":null,"adm3_name":"Town-Iii","adm3_name1":null,"adm3_name2":null,"adm3_name3":null,"adm3_pcode":"PK52803","adm2_name":"Peshawar","adm2_name1":null,"adm2_name2":null,"adm2_name3":null,"adm2_pcode":"PK528","adm1_name":"Khyber Pakhtunkhwa","adm1_name1":null,"adm1_name2":null,"adm1_name3":null,"adm1_pcode":"PK5","adm0_name":"Pakistan","adm0_name1":null,"adm0_name2":null,"adm0_name3":null,"adm0_pcode":"PK","valid_on":"2022-09-09","valid_to":null,"version":"v01","lang":"en","lang1":null,"lang2":null,"lang3":null},"geometry":{"type":"Point","coordinates":[71.46889501600009,34.003047888000083]}},
{"type":"Feature","properties":{"admin_level":3,"name":"Town-Iv","name1":null,"name2":null,"name3":null,"x_coord":71.60565881,"y_coord":33.87408341,"adm4_name":null,"adm4_name1":null,"adm4_name2":null,"adm4_name3":null,"adm4_pcode":null,"adm3_name":"Town-Iv","adm3_name1":null,"adm3_name2":null,"adm3_name3":null,"adm3_pcode":"PK52804","adm2_name":"Peshawar","adm2_name1":null,"adm2_name2":null,"adm2_name3":null,"adm2_pcode":"PK528","adm1_name":"Khyber Pakhtunkhwa","adm1_name1":null,"adm1_name2":null,"adm1_name3":null,"adm1_pcode":"PK5","adm0_name":"Pakistan","adm0_name1":null,"adm0_name2":null,"adm0_name3":null,"adm0_pcode":"PK","valid_on":"2022-09-09","valid_to":null,"version":"v01","lang":"en","lang1":null,"lang2":null,"lang3":null},"geometry":{"type":"Point","coordinates":[71.605658811000126,33.874083406000125]}},
{"type":"Feature","properties":{"admin_level":3,"name":"Hassan Khel","name1":null,"name2":null,"name3":null,"x_coord":71.7499684,"y_coord":33.75371552,"adm4_name":null,"adm4_name1":null,"adm4_name2":null,"adm4_name3":null,"adm4_pcode":null,"adm3_name":"Hassan Khel","adm3_name1":null,"adm3_name2":null,"adm3_name3":null,"adm3_pcode":"PK52805","adm2_name":"Peshawar","adm2_name1":null,"adm2_name2":null,"adm2_name3":null,"adm2_pcode":"PK528","adm1_name":"Khyber Pakhtunkhwa","adm1_name1":null,"adm1_name2":null,"adm1_name3":null,"adm1_pcode":"PK5","adm0_name":"Pakistan","adm0_name1":null,"adm0_name2":null,"adm0_name3":null,"adm0_pcode":"PK","valid_on":"2022-09-09","valid_to":null,"version":"v01","lang":"en","lang1":null,"lang2":null,"lang3":null},"geometry":{"type":"Point","coordinates":[71.749968395000053,33.753715515000067]}},
{"type":"Feature","properties":{"admin_level":3,"name":"Alpuri","name1":null,"name2":null,"name3":null,"x_coord":72.69475665,"y_coord":34.9548394,"adm4_name":null,"adm4_name1":null,"adm4_name2":null,"adm4_name3":null,"adm4_pcode":null,"adm3_name":"Alpuri","adm3_name1":null,"adm3_name2":null,"adm3_name3":null,"adm3_pcode":"PK52901","adm2_name":"Shangla","adm2_name1":null,"adm2_name2":null,"adm2_name3":null,"adm2_pcode":"PK529","adm1_name":"Khyber Pakhtunkhwa","adm1_name1":null,"adm1_name2":null,"adm1_name3":null,"adm1_pcode":"PK5","adm0_name":"Pakistan","adm0_name1":null,"adm0_name2":null,"adm0_name3":null,"adm0_pcode":"PK","valid_on":"2022-09-09","valid_to":null,"version":"v01","lang":"en","lang1":null,"lang2":null,"lang3":null},"geometry":{"type":"Point","coordinates":[72.694756645000041,34.95483940500003]}},
{"type":"Feature","properties":{"admin_level":3,"name":"Bisham","name1":null,"name2":null,"name3":null,"x_coord":72.85566203,"y_coord":34.87309498,"adm4_name":null,"adm4_name1":null,"adm4_name2":null,"adm4_name3":null,"adm4_pcode":null,"adm3_name":"Bisham","adm3_name1":null,"adm3_name2":null,"adm3_name3":null,"adm3_pcode":"PK52902","adm2_name":"Shangla","adm2_name1":null,"adm2_name2":null,"adm2_name3":null,"adm2_pcode":"PK529","adm1_name":"Khyber Pakhtunkhwa","adm1_name1":null,"adm1_name2":null,"adm1_name3":null,"adm1_pcode":"PK5","adm0_name":"Pakistan","adm0_name1":null,"adm0_name2":null,"adm0_name3":null,"adm0_pcode":"PK","valid_on":"2022-09-09","valid_to":null,"version":"v01","lang":"en","lang1":null,"lang2":null,"lang3":null},"geometry":{"type":"Point","coordinates":[72.85566203400009,34.873094984000033]}},
{"type":"Feature","properties":{"admin_level":3,"name":"Chakisar","name1":null,"name2":null,"name3":null,"x_coord":72.77731929,"y_coord":34.78913785,"adm4_name":null,"adm4_name1":null,"adm4_name2":null,"adm4_name3":null,"adm4_pcode":null,"adm3_name":"Chakisar","adm3_name1":null,"adm3_name2":null,"adm3_name3":null,"adm3_pcode":"PK52903","adm2_name":"Shangla","adm2_name1":null,"adm2_name2":null,"adm2_name3":null,"adm2_pcode":"PK529","adm1_name":"Khyber Pakhtunkhwa","adm1_name1":null,"adm1_name2":null,"adm1_name3":null,"adm1_pcode":"PK5","adm0_name":"Pakistan","adm0_name1":null,"adm0_name2":null,"adm0_name3":null,"adm0_pcode":"PK","valid_on":"2022-09-09","valid_to":null,"version":"v01","lang":"en","lang1":null,"lang2":null,"lang3":null},"geometry":{"type":"Point","coordinates":[72.777319294000051,34.789137848000166]}},
{"type":"Feature","properties":{"admin_level":3,"name":"Makhuzai","name1":null,"name2":null,"name3":null,"x_coord":72.58590712,"y_coord":34.69259923,"adm4_name":null,"adm4_name1":null,"adm4_name2":null,"adm4_name3":null,"adm4_pcode":null,"adm3_name":"Makhuzai","adm3_name1":null,"adm3_name2":null,"adm3_name3":null,"adm3_pcode":"PK52904","adm2_name":"Shangla","adm2_name1":null,"adm2_name2":null,"adm2_name3":null,"adm2_pcode":"PK529","adm1_name":"Khyber Pakhtunkhwa","adm1_name1":null,"adm1_name2":null,"adm1_name3":null,"adm1_pcode":"PK5","adm0_name":"Pakistan","adm0_name1":null,"adm0_name2":null,"adm0_name3":null,"adm0_pcode":"PK","valid_on":"2022-09-09","valid_to":null,"version":"v01","lang":"en","lang1":null,"lang2":null,"lang3":null},"geometry":{"type":"Point","coordinates":[72.585907121000105,34.692599232000077]}},
{"type":"Feature","properties":{"admin_level":3,"name":"Martoong","name1":null,"name2":null,"name3":null,"x_coord":72.74545789,"y_coord":34.63518499,"adm4_name":null,"adm4_name1":null,"adm4_name2":null,"adm4_name3":null,"adm4_pcode":null,"adm3_name":"Martoong","adm3_name1":null,"adm3_name2":null,"adm3_name3":null,"adm3_pcode":"PK52905","adm2_name":"Shangla","adm2_name1":null,"adm2_name2":null,"adm2_name3":null,"adm2_pcode":"PK529","adm1_name":"Khyber Pakhtunkhwa","adm1_name1":null,"adm1_name2":null,"adm1_name3":null,"adm1_pcode":"PK5","adm0_name":"Pakistan","adm0_name1":null,"adm0_name2":null,"adm0_name3":null,"adm0_pcode":"PK","valid_on":"2022-09-09","valid_to":null,"version":"v01","lang":"en","lang1":null,"lang2":null,"lang3":null},"geometry":{"type":"Point","coordinates":[72.745457893000037,34.635184985000024]}},
{"type":"Feature","properties":{"admin_level":3,"name":"Puran","name1":null,"name2":null,"name3":null,"x_coord":72.64929316,"y_coord":34.74219529,"adm4_name":null,"adm4_name1":null,"adm4_name2":null,"adm4_name3":null,"adm4_pcode":null,"adm3_name":"Puran","adm3_name1":null,"adm3_name2":null,"adm3_name3":null,"adm3_pcode":"PK52906","adm2_name":"Shangla","adm2_name1":null,"adm2_name2":null,"adm2_name3":null,"adm2_pcode":"PK529","adm1_name":"Khyber Pakhtunkhwa","adm1_name1":null,"adm1_name2":null,"adm1_name3":null,"adm1_pcode":"PK5","adm0_name":"Pakistan","adm0_name1":null,"adm0_name2":null,"adm0_name3":null,"adm0_pcode":"PK","valid_on":"2022-09-09","valid_to":null,"version":"v01","lang":"en","lang1":null,"lang2":null,"lang3":null},"geometry":{"type":"Point","coordinates":[72.649293156999988,34.742195292000133]}},
{"type":"Feature","properties":{"admin_level":3,"name":"Birmal","name1":null,"name2":null,"name3":null,"x_coord":69.38523,"y_coord":32.40493432,"adm4_name":null,"adm4_name1":null,"adm4_name2":null,"adm4_name3":null,"adm4_pcode":null,"adm3_name":"Birmal","adm3_name1":null,"adm3_name2":null,"adm3_name3":null,"adm3_pcode":"PK53001","adm2_name":"South Waziristan","adm2_name1":null,"adm2_name2":null,"adm2_name3":null,"adm2_pcode":"PK530","adm1_name":"Khyber Pakhtunkhwa","adm1_name1":null,"adm1_name2":null,"adm1_name3":null,"adm1_pcode":"PK5","adm0_name":"Pakistan","adm0_name1":null,"adm0_name2":null,"adm0_name3":null,"adm0_pcode":"PK","valid_on":"2022-09-09","valid_to":null,"version":"v01","lang":"en","lang1":null,"lang2":null,"lang3":null},"geometry":{"type":"Point","coordinates":[69.385229996000135,32.404934320000052]}},
{"type":"Feature","properties":{"admin_level":3,"name":"Ladha","name1":null,"name2":null,"name3":null,"x_coord":70.06082832,"y_coord":32.62256241,"adm4_name":null,"adm4_name1":null,"adm4_name2":null,"adm4_name3":null,"adm4_pcode":null,"adm3_name":"Ladha","adm3_name1":null,"adm3_name2":null,"adm3_name3":null,"adm3_pcode":"PK53002","adm2_name":"South Waziristan","adm2_name1":null,"adm2_name2":null,"adm2_name3":null,"adm2_pcode":"PK530","adm1_name":"Khyber Pakhtunkhwa","adm1_name1":null,"adm1_name2":null,"adm1_name3":null,"adm1_pcode":"PK5","adm0_name":"Pakistan","adm0_name1":null,"adm0_name2":null,"adm0_name3":null,"adm0_pcode":"PK","valid_on":"2022-09-09","valid_to":null,"version":"v01","lang":"en","lang1":null,"lang2":null,"lang3":null},"geometry":{"type":"Point","coordinates":[70.060828322000077,32.622562412000093]}},
{"type":"Feature","properties":{"admin_level":3,"name":"Makin","name1":null,"name2":null,"name3":null,"x_coord":69.72749149000001,"y_coord":32.66035267,"adm4_name":null,"adm4_name1":null,"adm4_name2":null,"adm4_name3":null,"adm4_pcode":null,"adm3_name":"Makin","adm3_name1":null,"adm3_name2":null,"adm3_name3":null,"adm3_pcode":"PK53003","adm2_name":"South Waziristan","adm2_name1":null,"adm2_name2":null,"adm2_name3":null,"adm2_pcode":"PK530","adm1_name":"Khyber Pakhtunkhwa","adm1_name1":null,"adm1_name2":null,"adm1_name3":null,"adm1_pcode":"PK5","adm0_name":"Pakistan","adm0_name1":null,"adm0_name2":null,"adm0_name3":null,"adm0_pcode":"PK","valid_on":"2022-09-09","valid_to":null,"version":"v01","lang":"en","lang1":null,"lang2":null,"lang3":null},"geometry":{"type":"Point","coordinates":[69.727491487,32.660352666000108]}},
{"type":"Feature","properties":{"admin_level":3,"name":"Sararogha","name1":null,"name2":null,"name3":null,"x_coord":70.0128441,"y_coord":32.4591633,"adm4_name":null,"adm4_name1":null,"adm4_name2":null,"adm4_name3":null,"adm4_pcode":null,"adm3_name":"Sararogha","adm3_name1":null,"adm3_name2":null,"adm3_name3":null,"adm3_pcode":"PK53004","adm2_name":"South Waziristan","adm2_name1":null,"adm2_name2":null,"adm2_name3":null,"adm2_pcode":"PK530","adm1_name":"Khyber Pakhtunkhwa","adm1_name1":null,"adm1_name2":null,"adm1_name3":null,"adm1_pcode":"PK5","adm0_name":"Pakistan","adm0_name1":null,"adm0_name2":null,"adm0_name3":null,"adm0_pcode":"PK","valid_on":"2022-09-09","valid_to":null,"version":"v01","lang":"en","lang1":null,"lang2":null,"lang3":null},"geometry":{"type":"Point","coordinates":[70.012844097000141,32.45916330100016]}},
{"type":"Feature","properties":{"admin_level":3,"name":"Serwakai","name1":null,"name2":null,"name3":null,"x_coord":69.91015219000001,"y_coord":32.34354679,"adm4_name":null,"adm4_name1":null,"adm4_name2":null,"adm4_name3":null,"adm4_pcode":null,"adm3_name":"Serwakai","adm3_name1":null,"adm3_name2":null,"adm3_name3":null,"adm3_pcode":"PK53005","adm2_name":"South Waziristan","adm2_name1":null,"adm2_name2":null,"adm2_name3":null,"adm2_pcode":"PK530","adm1_name":"Khyber Pakhtunkhwa","adm1_name1":null,"adm1_name2":null,"adm1_name3":null,"adm1_pcode":"PK5","adm0_name":"Pakistan","adm0_name1":null,"adm0_name2":null,"adm0_name3":null,"adm0_pcode":"PK","valid_on":"2022-09-09","valid_to":null,"version":"v01","lang":"en","lang1":null,"lang2":null,"lang3":null},"geometry":{"type":"Point","coordinates":[69.91015218900003,32.34354679300003]}},
{"type":"Feature","properties":{"admin_level":3,"name":"Tiarza","name1":null,"name2":null,"name3":null,"x_coord":69.74629721,"y_coord":32.43242817,"adm4_name":null,"adm4_name1":null,"adm4_name2":null,"adm4_name3":null,"adm4_pcode":null,"adm3_name":"Tiarza","adm3_name1":null,"adm3_name2":null,"adm3_name3":null,"adm3_pcode":"PK53006","adm2_name":"South Waziristan","adm2_name1":null,"adm2_name2":null,"adm2_name3":null,"adm2_pcode":"PK530","adm1_name":"Khyber Pakhtunkhwa","adm1_name1":null,"adm1_name2":null,"adm1_name3":null,"adm1_pcode":"PK5","adm0_name":"Pakistan","adm0_name1":null,"adm0_name2":null,"adm0_name3":null,"adm0_pcode":"PK","valid_on":"2022-09-09","valid_to":null,"version":"v01","lang":"en","lang1":null,"lang2":null,"lang3":null},"geometry":{"type":"Point","coordinates":[69.746297212,32.432428175000155]}},
{"type":"Feature","properties":{"admin_level":3,"name":"Toi Khulla","name1":null,"name2":null,"name3":null,"x_coord":69.46773493000001,"y_coord":32.04048538,"adm4_name":null,"adm4_name1":null,"adm4_name2":null,"adm4_name3":null,"adm4_pcode":null,"adm3_name":"Toi Khulla","adm3_name1":null,"adm3_name2":null,"adm3_name3":null,"adm3_pcode":"PK53007","adm2_name":"South Waziristan","adm2_name1":null,"adm2_name2":null,"adm2_name3":null,"adm2_pcode":"PK530","adm1_name":"Khyber Pakhtunkhwa","adm1_name1":null,"adm1_name2":null,"adm1_name3":null,"adm1_pcode":"PK5","adm0_name":"Pakistan","adm0_name1":null,"adm0_name2":null,"adm0_name3":null,"adm0_pcode":"PK","valid_on":"2022-09-09","valid_to":null,"version":"v01","lang":"en","lang1":null,"lang2":null,"lang3":null},"geometry":{"type":"Point","coordinates":[69.467734932999974,32.040485383000032]}},
{"type":"Feature","properties":{"admin_level":3,"name":"Wana","name1":null,"name2":null,"name3":null,"x_coord":69.69068245,"y_coord":32.13042288,"adm4_name":null,"adm4_name1":null,"adm4_name2":null,"adm4_name3":null,"adm4_pcode":null,"adm3_name":"Wana","adm3_name1":null,"adm3_name2":null,"adm3_name3":null,"adm3_pcode":"PK53008","adm2_name":"South Waziristan","adm2_name1":null,"adm2_name2":null,"adm2_name3":null,"adm2_pcode":"PK530","adm1_name":"Khyber Pakhtunkhwa","adm1_name1":null,"adm1_name2":null,"adm1_name3":null,"adm1_pcode":"PK5","adm0_name":"Pakistan","adm0_name1":null,"adm0_name2":null,"adm0_name3":null,"adm0_pcode":"PK","valid_on":"2022-09-09","valid_to":null,"version":"v01","lang":"en","lang1":null,"lang2":null,"lang3":null},"geometry":{"type":"Point","coordinates":[69.690682451000157,32.130422876000068]}},
{"type":"Feature","properties":{"admin_level":3,"name":"Lahor","name1":null,"name2":null,"name3":null,"x_coord":72.33594078,"y_coord":34.01443749,"adm4_name":null,"adm4_name1":null,"adm4_name2":null,"adm4_name3":null,"adm4_pcode":null,"adm3_name":"Lahor","adm3_name1":null,"adm3_name2":null,"adm3_name3":null,"adm3_pcode":"PK53101","adm2_name":"Swabi","adm2_name1":null,"adm2_name2":null,"adm2_name3":null,"adm2_pcode":"PK531","adm1_name":"Khyber Pakhtunkhwa","adm1_name1":null,"adm1_name2":null,"adm1_name3":null,"adm1_pcode":"PK5","adm0_name":"Pakistan","adm0_name1":null,"adm0_name2":null,"adm0_name3":null,"adm0_pcode":"PK","valid_on":"2022-09-09","valid_to":null,"version":"v01","lang":"en","lang1":null,"lang2":null,"lang3":null},"geometry":{"type":"Point","coordinates":[72.335940783000126,34.014437493]}},
{"type":"Feature","properties":{"admin_level":3,"name":"Swabi","name1":null,"name2":null,"name3":null,"x_coord":72.50565393,"y_coord":34.09405621,"adm4_name":null,"adm4_name1":null,"adm4_name2":null,"adm4_name3":null,"adm4_pcode":null,"adm3_name":"Swabi","adm3_name1":null,"adm3_name2":null,"adm3_name3":null,"adm3_pcode":"PK53102","adm2_name":"Swabi","adm2_name1":null,"adm2_name2":null,"adm2_name3":null,"adm2_pcode":"PK531","adm1_name":"Khyber Pakhtunkhwa","adm1_name1":null,"adm1_name2":null,"adm1_name3":null,"adm1_pcode":"PK5","adm0_name":"Pakistan","adm0_name1":null,"adm0_name2":null,"adm0_name3":null,"adm0_pcode":"PK","valid_on":"2022-09-09","valid_to":null,"version":"v01","lang":"en","lang1":null,"lang2":null,"lang3":null},"geometry":{"type":"Point","coordinates":[72.505653926000036,34.094056211000066]}},
{"type":"Feature","properties":{"admin_level":3,"name":"Topi","name1":null,"name2":null,"name3":null,"x_coord":72.69655761,"y_coord":34.15019864,"adm4_name":null,"adm4_name1":null,"adm4_name2":null,"adm4_name3":null,"adm4_pcode":null,"adm3_name":"Topi","adm3_name1":null,"adm3_name2":null,"adm3_name3":null,"adm3_pcode":"PK53103","adm2_name":"Swabi","adm2_name1":null,"adm2_name2":null,"adm2_name3":null,"adm2_pcode":"PK531","adm1_name":"Khyber Pakhtunkhwa","adm1_name1":null,"adm1_name2":null,"adm1_name3":null,"adm1_pcode":"PK5","adm0_name":"Pakistan","adm0_name1":null,"adm0_name2":null,"adm0_name3":null,"adm0_pcode":"PK","valid_on":"2022-09-09","valid_to":null,"version":"v01","lang":"en","lang1":null,"lang2":null,"lang3":null},"geometry":{"type":"Point","coordinates":[72.696557606000113,34.150198638000063]}},
{"type":"Feature","properties":{"admin_level":3,"name":"Razar","name1":null,"name2":null,"name3":null,"x_coord":72.32311713,"y_coord":34.22594003,"adm4_name":null,"adm4_name1":null,"adm4_name2":null,"adm4_name3":null,"adm4_pcode":null,"adm3_name":"Razar","adm3_name1":null,"adm3_name2":null,"adm3_name3":null,"adm3_pcode":"PK53104","adm2_name":"Swabi","adm2_name1":null,"adm2_name2":null,"adm2_name3":null,"adm2_pcode":"PK531","adm1_name":"Khyber Pakhtunkhwa","adm1_name1":null,"adm1_name2":null,"adm1_name3":null,"adm1_pcode":"PK5","adm0_name":"Pakistan","adm0_name1":null,"adm0_name2":null,"adm0_name3":null,"adm0_pcode":"PK","valid_on":"2022-09-09","valid_to":null,"version":"v01","lang":"en","lang1":null,"lang2":null,"lang3":null},"geometry":{"type":"Point","coordinates":[72.323117125000067,34.22594003100005]}},
{"type":"Feature","properties":{"admin_level":3,"name":"Babuzai","name1":null,"name2":null,"name3":null,"x_coord":72.41882648000001,"y_coord":34.71946132,"adm4_name":null,"adm4_name1":null,"adm4_name2":null,"adm4_name3":null,"adm4_pcode":null,"adm3_name":"Babuzai","adm3_name1":null,"adm3_name2":null,"adm3_name3":null,"adm3_pcode":"PK53201","adm2_name":"Swat","adm2_name1":null,"adm2_name2":null,"adm2_name3":null,"adm2_pcode":"PK532","adm1_name":"Khyber Pakhtunkhwa","adm1_name1":null,"adm1_name2":null,"adm1_name3":null,"adm1_pcode":"PK5","adm0_name":"Pakistan","adm0_name1":null,"adm0_name2":null,"adm0_name3":null,"adm0_pcode":"PK","valid_on":"2022-09-09","valid_to":null,"version":"v01","lang":"en","lang1":null,"lang2":null,"lang3":null},"geometry":{"type":"Point","coordinates":[72.418826482000043,34.719461322000086]}},
{"type":"Feature","properties":{"admin_level":3,"name":"Bahrain","name1":null,"name2":null,"name3":null,"x_coord":72.52524183,"y_coord":35.27299556,"adm4_name":null,"adm4_name1":null,"adm4_name2":null,"adm4_name3":null,"adm4_pcode":null,"adm3_name":"Bahrain","adm3_name1":null,"adm3_name2":null,"adm3_name3":null,"adm3_pcode":"PK53202","adm2_name":"Swat","adm2_name1":null,"adm2_name2":null,"adm2_name3":null,"adm2_pcode":"PK532","adm1_name":"Khyber Pakhtunkhwa","adm1_name1":null,"adm1_name2":null,"adm1_name3":null,"adm1_pcode":"PK5","adm0_name":"Pakistan","adm0_name1":null,"adm0_name2":null,"adm0_name3":null,"adm0_pcode":"PK","valid_on":"2022-09-09","valid_to":null,"version":"v01","lang":"en","lang1":null,"lang2":null,"lang3":null},"geometry":{"type":"Point","coordinates":[72.525241830000198,35.272995556000069]}},
{"type":"Feature","properties":{"admin_level":3,"name":"Barikot","name1":null,"name2":null,"name3":null,"x_coord":72.20671348,"y_coord":34.67749375,"adm4_name":null,"adm4_name1":null,"adm4_name2":null,"adm4_name3":null,"adm4_pcode":null,"adm3_name":"Barikot","adm3_name1":null,"adm3_name2":null,"adm3_name3":null,"adm3_pcode":"PK53203","adm2_name":"Swat","adm2_name1":null,"adm2_name2":null,"adm2_name3":null,"adm2_pcode":"PK532","adm1_name":"Khyber Pakhtunkhwa","adm1_name1":null,"adm1_name2":null,"adm1_name3":null,"adm1_pcode":"PK5","adm0_name":"Pakistan","adm0_name1":null,"adm0_name2":null,"adm0_name3":null,"adm0_pcode":"PK","valid_on":"2022-09-09","valid_to":null,"version":"v01","lang":"en","lang1":null,"lang2":null,"lang3":null},"geometry":{"type":"Point","coordinates":[72.20671347900003,34.67749375000011]}},
{"type":"Feature","properties":{"admin_level":3,"name":"Charbagh","name1":null,"name2":null,"name3":null,"x_coord":72.51258464,"y_coord":34.84273252,"adm4_name":null,"adm4_name1":null,"adm4_name2":null,"adm4_name3":null,"adm4_pcode":null,"adm3_name":"Charbagh","adm3_name1":null,"adm3_name2":null,"adm3_name3":null,"adm3_pcode":"PK53204","adm2_name":"Swat","adm2_name1":null,"adm2_name2":null,"adm2_name3":null,"adm2_pcode":"PK532","adm1_name":"Khyber Pakhtunkhwa","adm1_name1":null,"adm1_name2":null,"adm1_name3":null,"adm1_pcode":"PK5","adm0_name":"Pakistan","adm0_name1":null,"adm0_name2":null,"adm0_name3":null,"adm0_pcode":"PK","valid_on":"2022-09-09","valid_to":null,"version":"v01","lang":"en","lang1":null,"lang2":null,"lang3":null},"geometry":{"type":"Point","coordinates":[72.512584642000093,34.842732520000084]}},
{"type":"Feature","properties":{"admin_level":3,"name":"Kabal","name1":null,"name2":null,"name3":null,"x_coord":72.26728338,"y_coord":34.86106628,"adm4_name":null,"adm4_name1":null,"adm4_name2":null,"adm4_name3":null,"adm4_pcode":null,"adm3_name":"Kabal","adm3_name1":null,"adm3_name2":null,"adm3_name3":null,"adm3_pcode":"PK53205","adm2_name":"Swat","adm2_name1":null,"adm2_name2":null,"adm2_name3":null,"adm2_pcode":"PK532","adm1_name":"Khyber Pakhtunkhwa","adm1_name1":null,"adm1_name2":null,"adm1_name3":null,"adm1_pcode":"PK5","adm0_name":"Pakistan","adm0_name1":null,"adm0_name2":null,"adm0_name3":null,"adm0_pcode":"PK","valid_on":"2022-09-09","valid_to":null,"version":"v01","lang":"en","lang1":null,"lang2":null,"lang3":null},"geometry":{"type":"Point","coordinates":[72.267283381000141,34.861066278000067]}},
{"type":"Feature","properties":{"admin_level":3,"name":"Kalam","name1":null,"name2":null,"name3":null,"x_coord":72.50968341,"y_coord":35.62414436,"adm4_name":null,"adm4_name1":null,"adm4_name2":null,"adm4_name3":null,"adm4_pcode":null,"adm3_name":"Kalam","adm3_name1":null,"adm3_name2":null,"adm3_name3":null,"adm3_pcode":"PK53206","adm2_name":"Swat","adm2_name1":null,"adm2_name2":null,"adm2_name3":null,"adm2_pcode":"PK532","adm1_name":"Khyber Pakhtunkhwa","adm1_name1":null,"adm1_name2":null,"adm1_name3":null,"adm1_pcode":"PK5","adm0_name":"Pakistan","adm0_name1":null,"adm0_name2":null,"adm0_name3":null,"adm0_pcode":"PK","valid_on":"2022-09-09","valid_to":null,"version":"v01","lang":"en","lang1":null,"lang2":null,"lang3":null},"geometry":{"type":"Point","coordinates":[72.509683409000104,35.624144360000173]}},
{"type":"Feature","properties":{"admin_level":3,"name":"Khwaza Khela","name1":null,"name2":null,"name3":null,"x_coord":72.5202682,"y_coord":35.00218421,"adm4_name":null,"adm4_name1":null,"adm4_name2":null,"adm4_name3":null,"adm4_pcode":null,"adm3_name":"Khwaza Khela","adm3_name1":null,"adm3_name2":null,"adm3_name3":null,"adm3_pcode":"PK53207","adm2_name":"Swat","adm2_name1":null,"adm2_name2":null,"adm2_name3":null,"adm2_pcode":"PK532","adm1_name":"Khyber Pakhtunkhwa","adm1_name1":null,"adm1_name2":null,"adm1_name3":null,"adm1_pcode":"PK5","adm0_name":"Pakistan","adm0_name1":null,"adm0_name2":null,"adm0_name3":null,"adm0_pcode":"PK","valid_on":"2022-09-09","valid_to":null,"version":"v01","lang":"en","lang1":null,"lang2":null,"lang3":null},"geometry":{"type":"Point","coordinates":[72.520268201000135,35.002184215000113]}},
{"type":"Feature","properties":{"admin_level":3,"name":"Matta Kharirai","name1":null,"name2":null,"name3":null,"x_coord":72.41360311,"y_coord":35.04787094,"adm4_name":null,"adm4_name1":null,"adm4_name2":null,"adm4_name3":null,"adm4_pcode":null,"adm3_name":"Matta Kharirai","adm3_name1":null,"adm3_name2":null,"adm3_name3":null,"adm3_pcode":"PK53208","adm2_name":"Swat","adm2_name1":null,"adm2_name2":null,"adm2_name3":null,"adm2_pcode":"PK532","adm1_name":"Khyber Pakhtunkhwa","adm1_name1":null,"adm1_name2":null,"adm1_name3":null,"adm1_pcode":"PK5","adm0_name":"Pakistan","adm0_name1":null,"adm0_name2":null,"adm0_name3":null,"adm0_pcode":"PK","valid_on":"2022-09-09","valid_to":null,"version":"v01","lang":"en","lang1":null,"lang2":null,"lang3":null},"geometry":{"type":"Point","coordinates":[72.413603112000033,35.047870943000135]}},
{"type":"Feature","properties":{"admin_level":3,"name":"Matta Sebujni","name1":null,"name2":null,"name3":null,"x_coord":72.27015956,"y_coord":35.03142224,"adm4_name":null,"adm4_name1":null,"adm4_name2":null,"adm4_name3":null,"adm4_pcode":null,"adm3_name":"Matta Sebujni","adm3_name1":null,"adm3_name2":null,"adm3_name3":null,"adm3_pcode":"PK53209","adm2_name":"Swat","adm2_name1":null,"adm2_name2":null,"adm2_name3":null,"adm2_pcode":"PK532","adm1_name":"Khyber Pakhtunkhwa","adm1_name1":null,"adm1_name2":null,"adm1_name3":null,"adm1_pcode":"PK5","adm0_name":"Pakistan","adm0_name1":null,"adm0_name2":null,"adm0_name3":null,"adm0_pcode":"PK","valid_on":"2022-09-09","valid_to":null,"version":"v01","lang":"en","lang1":null,"lang2":null,"lang3":null},"geometry":{"type":"Point","coordinates":[72.270159560000195,35.031422242000133]}},
{"type":"Feature","properties":{"admin_level":3,"name":"Tank","name1":null,"name2":null,"name3":null,"x_coord":70.40881225,"y_coord":32.25652055,"adm4_name":null,"adm4_name1":null,"adm4_name2":null,"adm4_name3":null,"adm4_pcode":null,"adm3_name":"Tank","adm3_name1":null,"adm3_name2":null,"adm3_name3":null,"adm3_pcode":"PK53301","adm2_name":"Tank","adm2_name1":null,"adm2_name2":null,"adm2_name3":null,"adm2_pcode":"PK533","adm1_name":"Khyber Pakhtunkhwa","adm1_name1":null,"adm1_name2":null,"adm1_name3":null,"adm1_pcode":"PK5","adm0_name":"Pakistan","adm0_name1":null,"adm0_name2":null,"adm0_name3":null,"adm0_pcode":"PK","valid_on":"2022-09-09","valid_to":null,"version":"v01","lang":"en","lang1":null,"lang2":null,"lang3":null},"geometry":{"type":"Point","coordinates":[70.408812252000189,32.256520551000108]}},
{"type":"Feature","properties":{"admin_level":3,"name":"Jandola","name1":null,"name2":null,"name3":null,"x_coord":70.25692673,"y_coord":32.42788363,"adm4_name":null,"adm4_name1":null,"adm4_name2":null,"adm4_name3":null,"adm4_pcode":null,"adm3_name":"Jandola","adm3_name1":null,"adm3_name2":null,"adm3_name3":null,"adm3_pcode":"PK53302","adm2_name":"Tank","adm2_name1":null,"adm2_name2":null,"adm2_name3":null,"adm2_pcode":"PK533","adm1_name":"Khyber Pakhtunkhwa","adm1_name1":null,"adm1_name2":null,"adm1_name3":null,"adm1_pcode":"PK5","adm0_name":"Pakistan","adm0_name1":null,"adm0_name2":null,"adm0_name3":null,"adm0_pcode":"PK","valid_on":"2022-09-09","valid_to":null,"version":"v01","lang":"en","lang1":null,"lang2":null,"lang3":null},"geometry":{"type":"Point","coordinates":[70.256926727,32.427883635000057]}},
{"type":"Feature","properties":{"admin_level":3,"name":"Judba","name1":null,"name2":null,"name3":null,"x_coord":72.85258143,"y_coord":34.6512377,"adm4_name":null,"adm4_name1":null,"adm4_name2":null,"adm4_name3":null,"adm4_pcode":null,"adm3_name":"Judba","adm3_name1":null,"adm3_name2":null,"adm3_name3":null,"adm3_pcode":"PK53401","adm2_name":"Tor Ghar","adm2_name1":null,"adm2_name2":null,"adm2_name3":null,"adm2_pcode":"PK534","adm1_name":"Khyber Pakhtunkhwa","adm1_name1":null,"adm1_name2":null,"adm1_name3":null,"adm1_pcode":"PK5","adm0_name":"Pakistan","adm0_name1":null,"adm0_name2":null,"adm0_name3":null,"adm0_pcode":"PK","valid_on":"2022-09-09","valid_to":null,"version":"v01","lang":"en","lang1":null,"lang2":null,"lang3":null},"geometry":{"type":"Point","coordinates":[72.852581429000168,34.651237696000123]}},
{"type":"Feature","properties":{"admin_level":3,"name":"Khander","name1":null,"name2":null,"name3":null,"x_coord":72.81848209,"y_coord":34.46537824,"adm4_name":null,"adm4_name1":null,"adm4_name2":null,"adm4_name3":null,"adm4_pcode":null,"adm3_name":"Khander","adm3_name1":null,"adm3_name2":null,"adm3_name3":null,"adm3_pcode":"PK53402","adm2_name":"Tor Ghar","adm2_name1":null,"adm2_name2":null,"adm2_name3":null,"adm2_pcode":"PK534","adm1_name":"Khyber Pakhtunkhwa","adm1_name1":null,"adm1_name2":null,"adm1_name3":null,"adm1_pcode":"PK5","adm0_name":"Pakistan","adm0_name1":null,"adm0_name2":null,"adm0_name3":null,"adm0_pcode":"PK","valid_on":"2022-09-09","valid_to":null,"version":"v01","lang":"en","lang1":null,"lang2":null,"lang3":null},"geometry":{"type":"Point","coordinates":[72.818482093000171,34.465378239000074]}},
{"type":"Feature","properties":{"admin_level":3,"name":"Barawal","name1":null,"name2":null,"name3":null,"x_coord":71.70864645,"y_coord":35.12712542,"adm4_name":null,"adm4_name1":null,"adm4_name2":null,"adm4_name3":null,"adm4_pcode":null,"adm3_name":"Barawal","adm3_name1":null,"adm3_name2":null,"adm3_name3":null,"adm3_pcode":"PK53501","adm2_name":"Upper Dir","adm2_name1":null,"adm2_name2":null,"adm2_name3":null,"adm2_pcode":"PK535","adm1_name":"Khyber Pakhtunkhwa","adm1_name1":null,"adm1_name2":null,"adm1_name3":null,"adm1_pcode":"PK5","adm0_name":"Pakistan","adm0_name1":null,"adm0_name2":null,"adm0_name3":null,"adm0_pcode":"PK","valid_on":"2022-09-09","valid_to":null,"version":"v01","lang":"en","lang1":null,"lang2":null,"lang3":null},"geometry":{"type":"Point","coordinates":[71.708646452000096,35.127125422000177]}},
{"type":"Feature","properties":{"admin_level":3,"name":"Dir","name1":null,"name2":null,"name3":null,"x_coord":71.8186269,"y_coord":35.22758562,"adm4_name":null,"adm4_name1":null,"adm4_name2":null,"adm4_name3":null,"adm4_pcode":null,"adm3_name":"Dir","adm3_name1":null,"adm3_name2":null,"adm3_name3":null,"adm3_pcode":"PK53502","adm2_name":"Upper Dir","adm2_name1":null,"adm2_name2":null,"adm2_name3":null,"adm2_pcode":"PK535","adm1_name":"Khyber Pakhtunkhwa","adm1_name1":null,"adm1_name2":null,"adm1_name3":null,"adm1_pcode":"PK5","adm0_name":"Pakistan","adm0_name1":null,"adm0_name2":null,"adm0_name3":null,"adm0_pcode":"PK","valid_on":"2022-09-09","valid_to":null,"version":"v01","lang":"en","lang1":null,"lang2":null,"lang3":null},"geometry":{"type":"Point","coordinates":[71.818626898,35.227585623000095]}},
{"type":"Feature","properties":{"admin_level":3,"name":"Kalkot","name1":null,"name2":null,"name3":null,"x_coord":72.23193582,"y_coord":35.48858402,"adm4_name":null,"adm4_name1":null,"adm4_name2":null,"adm4_name3":null,"adm4_pcode":null,"adm3_name":"Kalkot","adm3_name1":null,"adm3_name2":null,"adm3_name3":null,"adm3_pcode":"PK53503","adm2_name":"Upper Dir","adm2_name1":null,"adm2_name2":null,"adm2_name3":null,"adm2_pcode":"PK535","adm1_name":"Khyber Pakhtunkhwa","adm1_name1":null,"adm1_name2":null,"adm1_name3":null,"adm1_pcode":"PK5","adm0_name":"Pakistan","adm0_name1":null,"adm0_name2":null,"adm0_name3":null,"adm0_pcode":"PK","valid_on":"2022-09-09","valid_to":null,"version":"v01","lang":"en","lang1":null,"lang2":null,"lang3":null},"geometry":{"type":"Point","coordinates":[72.231935821000093,35.488584021000065]}},
{"type":"Feature","properties":{"admin_level":3,"name":"Khall","name1":null,"name2":null,"name3":null,"x_coord":72.01022569,"y_coord":34.90610118,"adm4_name":null,"adm4_name1":null,"adm4_name2":null,"adm4_name3":null,"adm4_pcode":null,"adm3_name":"Khall","adm3_name1":null,"adm3_name2":null,"adm3_name3":null,"adm3_pcode":"PK53504","adm2_name":"Upper Dir","adm2_name1":null,"adm2_name2":null,"adm2_name3":null,"adm2_pcode":"PK535","adm1_name":"Khyber Pakhtunkhwa","adm1_name1":null,"adm1_name2":null,"adm1_name3":null,"adm1_pcode":"PK5","adm0_name":"Pakistan","adm0_name1":null,"adm0_name2":null,"adm0_name3":null,"adm0_pcode":"PK","valid_on":"2022-09-09","valid_to":null,"version":"v01","lang":"en","lang1":null,"lang2":null,"lang3":null},"geometry":{"type":"Point","coordinates":[72.010225693000166,34.906101179000075]}},
{"type":"Feature","properties":{"admin_level":3,"name":"Shrengal","name1":null,"name2":null,"name3":null,"x_coord":71.94567749,"y_coord":35.40176417,"adm4_name":null,"adm4_name1":null,"adm4_name2":null,"adm4_name3":null,"adm4_pcode":null,"adm3_name":"Shrengal","adm3_name1":null,"adm3_name2":null,"adm3_name3":null,"adm3_pcode":"PK53505","adm2_name":"Upper Dir","adm2_name1":null,"adm2_name2":null,"adm2_name3":null,"adm2_pcode":"PK535","adm1_name":"Khyber Pakhtunkhwa","adm1_name1":null,"adm1_name2":null,"adm1_name3":null,"adm1_pcode":"PK5","adm0_name":"Pakistan","adm0_name1":null,"adm0_name2":null,"adm0_name3":null,"adm0_pcode":"PK","valid_on":"2022-09-09","valid_to":null,"version":"v01","lang":"en","lang1":null,"lang2":null,"lang3":null},"geometry":{"type":"Point","coordinates":[71.945677489,35.401764166000021]}},
{"type":"Feature","properties":{"admin_level":3,"name":"Wari","name1":null,"name2":null,"name3":null,"x_coord":72.04272309,"y_coord":35.00193687,"adm4_name":null,"adm4_name1":null,"adm4_name2":null,"adm4_name3":null,"adm4_pcode":null,"adm3_name":"Wari","adm3_name1":null,"adm3_name2":null,"adm3_name3":null,"adm3_pcode":"PK53506","adm2_name":"Upper Dir","adm2_name1":null,"adm2_name2":null,"adm2_name3":null,"adm2_pcode":"PK535","adm1_name":"Khyber Pakhtunkhwa","adm1_name1":null,"adm1_name2":null,"adm1_name3":null,"adm1_pcode":"PK5","adm0_name":"Pakistan","adm0_name1":null,"adm0_name2":null,"adm0_name3":null,"adm0_pcode":"PK","valid_on":"2022-09-09","valid_to":null,"version":"v01","lang":"en","lang1":null,"lang2":null,"lang3":null},"geometry":{"type":"Point","coordinates":[72.042723092000188,35.001936867000097]}},
{"type":"Feature","properties":{"admin_level":3,"name":"Larjam","name1":null,"name2":null,"name3":null,"x_coord":72.14777213000001,"y_coord":35.14566332,"adm4_name":null,"adm4_name1":null,"adm4_name2":null,"adm4_name3":null,"adm4_pcode":null,"adm3_name":"Larjam","adm3_name1":null,"adm3_name2":null,"adm3_name3":null,"adm3_pcode":"PK53507","adm2_name":"Upper Dir","adm2_name1":null,"adm2_name2":null,"adm2_name3":null,"adm2_pcode":"PK535","adm1_name":"Khyber Pakhtunkhwa","adm1_name1":null,"adm1_name2":null,"adm1_name3":null,"adm1_pcode":"PK5","adm0_name":"Pakistan","adm0_name1":null,"adm0_name2":null,"adm0_name3":null,"adm0_pcode":"PK","valid_on":"2022-09-09","valid_to":null,"version":"v01","lang":"en","lang1":null,"lang2":null,"lang3":null},"geometry":{"type":"Point","coordinates":[72.147772134000093,35.145663318000118]}},
{"type":"Feature","properties":{"admin_level":3,"name":"Attock","name1":null,"name2":null,"name3":null,"x_coord":72.29409875,"y_coord":33.7404995,"adm4_name":null,"adm4_name1":null,"adm4_name2":null,"adm4_name3":null,"adm4_pcode":null,"adm3_name":"Attock","adm3_name1":null,"adm3_name2":null,"adm3_name3":null,"adm3_pcode":"PK60101","adm2_name":"Attock","adm2_name1":null,"adm2_name2":null,"adm2_name3":null,"adm2_pcode":"PK601","adm1_name":"Punjab","adm1_name1":null,"adm1_name2":null,"adm1_name3":null,"adm1_pcode":"PK6","adm0_name":"Pakistan","adm0_name1":null,"adm0_name2":null,"adm0_name3":null,"adm0_pcode":"PK","valid_on":"2022-09-09","valid_to":null,"version":"v01","lang":"en","lang1":null,"lang2":null,"lang3":null},"geometry":{"type":"Point","coordinates":[72.294098748000124,33.740499497000087]}},
{"type":"Feature","properties":{"admin_level":3,"name":"Fateh Jang","name1":null,"name2":null,"name3":null,"x_coord":72.67805897,"y_coord":33.50636499,"adm4_name":null,"adm4_name1":null,"adm4_name2":null,"adm4_name3":null,"adm4_pcode":null,"adm3_name":"Fateh Jang","adm3_name1":null,"adm3_name2":null,"adm3_name3":null,"adm3_pcode":"PK60102","adm2_name":"Attock","adm2_name1":null,"adm2_name2":null,"adm2_name3":null,"adm2_pcode":"PK601","adm1_name":"Punjab","adm1_name1":null,"adm1_name2":null,"adm1_name3":null,"adm1_pcode":"PK6","adm0_name":"Pakistan","adm0_name1":null,"adm0_name2":null,"adm0_name3":null,"adm0_pcode":"PK","valid_on":"2022-09-09","valid_to":null,"version":"v01","lang":"en","lang1":null,"lang2":null,"lang3":null},"geometry":{"type":"Point","coordinates":[72.678058974000066,33.50636499]}},
{"type":"Feature","properties":{"admin_level":3,"name":"Hasan Abdal","name1":null,"name2":null,"name3":null,"x_coord":72.6480604,"y_coord":33.83178247,"adm4_name":null,"adm4_name1":null,"adm4_name2":null,"adm4_name3":null,"adm4_pcode":null,"adm3_name":"Hasan Abdal","adm3_name1":null,"adm3_name2":null,"adm3_name3":null,"adm3_pcode":"PK60103","adm2_name":"Attock","adm2_name1":null,"adm2_name2":null,"adm2_name3":null,"adm2_pcode":"PK601","adm1_name":"Punjab","adm1_name1":null,"adm1_name2":null,"adm1_name3":null,"adm1_pcode":"PK6","adm0_name":"Pakistan","adm0_name1":null,"adm0_name2":null,"adm0_name3":null,"adm0_pcode":"PK","valid_on":"2022-09-09","valid_to":null,"version":"v01","lang":"en","lang1":null,"lang2":null,"lang3":null},"geometry":{"type":"Point","coordinates":[72.648060403000159,33.831782473000146]}},
{"type":"Feature","properties":{"admin_level":3,"name":"Hazro","name1":null,"name2":null,"name3":null,"x_coord":72.43198119,"y_coord":33.90216827,"adm4_name":null,"adm4_name1":null,"adm4_name2":null,"adm4_name3":null,"adm4_pcode":null,"adm3_name":"Hazro","adm3_name1":null,"adm3_name2":null,"adm3_name3":null,"adm3_pcode":"PK60104","adm2_name":"Attock","adm2_name1":null,"adm2_name2":null,"adm2_name3":null,"adm2_pcode":"PK601","adm1_name":"Punjab","adm1_name1":null,"adm1_name2":null,"adm1_name3":null,"adm1_pcode":"PK6","adm0_name":"Pakistan","adm0_name1":null,"adm0_name2":null,"adm0_name3":null,"adm0_pcode":"PK","valid_on":"2022-09-09","valid_to":null,"version":"v01","lang":"en","lang1":null,"lang2":null,"lang3":null},"geometry":{"type":"Point","coordinates":[72.431981194000059,33.902168274000189]}},
{"type":"Feature","properties":{"admin_level":3,"name":"Jand","name1":null,"name2":null,"name3":null,"x_coord":71.94627231,"y_coord":33.35922432,"adm4_name":null,"adm4_name1":null,"adm4_name2":null,"adm4_name3":null,"adm4_pcode":null,"adm3_name":"Jand","adm3_name1":null,"adm3_name2":null,"adm3_name3":null,"adm3_pcode":"PK60105","adm2_name":"Attock","adm2_name1":null,"adm2_name2":null,"adm2_name3":null,"adm2_pcode":"PK601","adm1_name":"Punjab","adm1_name1":null,"adm1_name2":null,"adm1_name3":null,"adm1_pcode":"PK6","adm0_name":"Pakistan","adm0_name1":null,"adm0_name2":null,"adm0_name3":null,"adm0_pcode":"PK","valid_on":"2022-09-09","valid_to":null,"version":"v01","lang":"en","lang1":null,"lang2":null,"lang3":null},"geometry":{"type":"Point","coordinates":[71.946272308000118,33.359224323999968]}},
{"type":"Feature","properties":{"admin_level":3,"name":"Pindi Gheb","name1":null,"name2":null,"name3":null,"x_coord":72.3126351,"y_coord":33.30522862,"adm4_name":null,"adm4_name1":null,"adm4_name2":null,"adm4_name3":null,"adm4_pcode":null,"adm3_name":"Pindi Gheb","adm3_name1":null,"adm3_name2":null,"adm3_name3":null,"adm3_pcode":"PK60106","adm2_name":"Attock","adm2_name1":null,"adm2_name2":null,"adm2_name3":null,"adm2_pcode":"PK601","adm1_name":"Punjab","adm1_name1":null,"adm1_name2":null,"adm1_name3":null,"adm1_pcode":"PK6","adm0_name":"Pakistan","adm0_name1":null,"adm0_name2":null,"adm0_name3":null,"adm0_pcode":"PK","valid_on":"2022-09-09","valid_to":null,"version":"v01","lang":"en","lang1":null,"lang2":null,"lang3":null},"geometry":{"type":"Point","coordinates":[72.312635103000048,33.305228624000108]}},
{"type":"Feature","properties":{"admin_level":3,"name":"Bahawalnagar","name1":null,"name2":null,"name3":null,"x_coord":73.19694888,"y_coord":29.79906503,"adm4_name":null,"adm4_name1":null,"adm4_name2":null,"adm4_name3":null,"adm4_pcode":null,"adm3_name":"Bahawalnagar","adm3_name1":null,"adm3_name2":null,"adm3_name3":null,"adm3_pcode":"PK60201","adm2_name":"Bahawalnagar","adm2_name1":null,"adm2_name2":null,"adm2_name3":null,"adm2_pcode":"PK602","adm1_name":"Punjab","adm1_name1":null,"adm1_name2":null,"adm1_name3":null,"adm1_pcode":"PK6","adm0_name":"Pakistan","adm0_name1":null,"adm0_name2":null,"adm0_name3":null,"adm0_pcode":"PK","valid_on":"2022-09-09","valid_to":null,"version":"v01","lang":"en","lang1":null,"lang2":null,"lang3":null},"geometry":{"type":"Point","coordinates":[73.196948884000051,29.799065032000101]}},
{"type":"Feature","properties":{"admin_level":3,"name":"Chishtian","name1":null,"name2":null,"name3":null,"x_coord":72.8659653,"y_coord":29.64077626,"adm4_name":null,"adm4_name1":null,"adm4_name2":null,"adm4_name3":null,"adm4_pcode":null,"adm3_name":"Chishtian","adm3_name1":null,"adm3_name2":null,"adm3_name3":null,"adm3_pcode":"PK60202","adm2_name":"Bahawalnagar","adm2_name1":null,"adm2_name2":null,"adm2_name3":null,"adm2_pcode":"PK602","adm1_name":"Punjab","adm1_name1":null,"adm1_name2":null,"adm1_name3":null,"adm1_pcode":"PK6","adm0_name":"Pakistan","adm0_name1":null,"adm0_name2":null,"adm0_name3":null,"adm0_pcode":"PK","valid_on":"2022-09-09","valid_to":null,"version":"v01","lang":"en","lang1":null,"lang2":null,"lang3":null},"geometry":{"type":"Point","coordinates":[72.865965303,29.640776256000095]}},
{"type":"Feature","properties":{"admin_level":3,"name":"Fort Abbas","name1":null,"name2":null,"name3":null,"x_coord":72.66923669000001,"y_coord":29.07173095,"adm4_name":null,"adm4_name1":null,"adm4_name2":null,"adm4_name3":null,"adm4_pcode":null,"adm3_name":"Fort Abbas","adm3_name1":null,"adm3_name2":null,"adm3_name3":null,"adm3_pcode":"PK60203","adm2_name":"Bahawalnagar","adm2_name1":null,"adm2_name2":null,"adm2_name3":null,"adm2_pcode":"PK602","adm1_name":"Punjab","adm1_name1":null,"adm1_name2":null,"adm1_name3":null,"adm1_pcode":"PK6","adm0_name":"Pakistan","adm0_name1":null,"adm0_name2":null,"adm0_name3":null,"adm0_pcode":"PK","valid_on":"2022-09-09","valid_to":null,"version":"v01","lang":"en","lang1":null,"lang2":null,"lang3":null},"geometry":{"type":"Point","coordinates":[72.669236685000101,29.071730953000042]}},
{"type":"Feature","properties":{"admin_level":3,"name":"Haroonabad","name1":null,"name2":null,"name3":null,"x_coord":73.02932886000001,"y_coord":29.46531023,"adm4_name":null,"adm4_name1":null,"adm4_name2":null,"adm4_name3":null,"adm4_pcode":null,"adm3_name":"Haroonabad","adm3_name1":null,"adm3_name2":null,"adm3_name3":null,"adm3_pcode":"PK60204","adm2_name":"Bahawalnagar","adm2_name1":null,"adm2_name2":null,"adm2_name3":null,"adm2_pcode":"PK602","adm1_name":"Punjab","adm1_name1":null,"adm1_name2":null,"adm1_name3":null,"adm1_pcode":"PK6","adm0_name":"Pakistan","adm0_name1":null,"adm0_name2":null,"adm0_name3":null,"adm0_pcode":"PK","valid_on":"2022-09-09","valid_to":null,"version":"v01","lang":"en","lang1":null,"lang2":null,"lang3":null},"geometry":{"type":"Point","coordinates":[73.029328862000057,29.465310234000128]}},
{"type":"Feature","properties":{"admin_level":3,"name":"Minchinabad","name1":null,"name2":null,"name3":null,"x_coord":73.62108169,"y_coord":30.12441638,"adm4_name":null,"adm4_name1":null,"adm4_name2":null,"adm4_name3":null,"adm4_pcode":null,"adm3_name":"Minchinabad","adm3_name1":null,"adm3_name2":null,"adm3_name3":null,"adm3_pcode":"PK60205","adm2_name":"Bahawalnagar","adm2_name1":null,"adm2_name2":null,"adm2_name3":null,"adm2_pcode":"PK602","adm1_name":"Punjab","adm1_name1":null,"adm1_name2":null,"adm1_name3":null,"adm1_pcode":"PK6","adm0_name":"Pakistan","adm0_name1":null,"adm0_name2":null,"adm0_name3":null,"adm0_pcode":"PK","valid_on":"2022-09-09","valid_to":null,"version":"v01","lang":"en","lang1":null,"lang2":null,"lang3":null},"geometry":{"type":"Point","coordinates":[73.621081690000153,30.12441638100006]}},
{"type":"Feature","properties":{"admin_level":3,"name":"Ahmadpur East","name1":null,"name2":null,"name3":null,"x_coord":71.16242613,"y_coord":29.28073959,"adm4_name":null,"adm4_name1":null,"adm4_name2":null,"adm4_name3":null,"adm4_pcode":null,"adm3_name":"Ahmadpur East","adm3_name1":null,"adm3_name2":null,"adm3_name3":null,"adm3_pcode":"PK60301","adm2_name":"Bahawalpur","adm2_name1":null,"adm2_name2":null,"adm2_name3":null,"adm2_pcode":"PK603","adm1_name":"Punjab","adm1_name1":null,"adm1_name2":null,"adm1_name3":null,"adm1_pcode":"PK6","adm0_name":"Pakistan","adm0_name1":null,"adm0_name2":null,"adm0_name3":null,"adm0_pcode":"PK","valid_on":"2022-09-09","valid_to":null,"version":"v01","lang":"en","lang1":null,"lang2":null,"lang3":null},"geometry":{"type":"Point","coordinates":[71.162426126000071,29.280739586000038]}},
{"type":"Feature","properties":{"admin_level":3,"name":"Bahawalpur","name1":null,"name2":null,"name3":null,"x_coord":71.57277017,"y_coord":29.33473712,"adm4_name":null,"adm4_name1":null,"adm4_name2":null,"adm4_name3":null,"adm4_pcode":null,"adm3_name":"Bahawalpur","adm3_name1":null,"adm3_name2":null,"adm3_name3":null,"adm3_pcode":"PK60302","adm2_name":"Bahawalpur","adm2_name1":null,"adm2_name2":null,"adm2_name3":null,"adm2_pcode":"PK603","adm1_name":"Punjab","adm1_name1":null,"adm1_name2":null,"adm1_name3":null,"adm1_pcode":"PK6","adm0_name":"Pakistan","adm0_name1":null,"adm0_name2":null,"adm0_name3":null,"adm0_pcode":"PK","valid_on":"2022-09-09","valid_to":null,"version":"v01","lang":"en","lang1":null,"lang2":null,"lang3":null},"geometry":{"type":"Point","coordinates":[71.572770172000048,29.334737118000135]}},
{"type":"Feature","properties":{"admin_level":3,"name":"Hasilpur","name1":null,"name2":null,"name3":null,"x_coord":72.53078052,"y_coord":29.63428102,"adm4_name":null,"adm4_name1":null,"adm4_name2":null,"adm4_name3":null,"adm4_pcode":null,"adm3_name":"Hasilpur","adm3_name1":null,"adm3_name2":null,"adm3_name3":null,"adm3_pcode":"PK60303","adm2_name":"Bahawalpur","adm2_name1":null,"adm2_name2":null,"adm2_name3":null,"adm2_pcode":"PK603","adm1_name":"Punjab","adm1_name1":null,"adm1_name2":null,"adm1_name3":null,"adm1_pcode":"PK6","adm0_name":"Pakistan","adm0_name1":null,"adm0_name2":null,"adm0_name3":null,"adm0_pcode":"PK","valid_on":"2022-09-09","valid_to":null,"version":"v01","lang":"en","lang1":null,"lang2":null,"lang3":null},"geometry":{"type":"Point","coordinates":[72.530780522000157,29.63428102000006]}},
{"type":"Feature","properties":{"admin_level":3,"name":"Khairpur Tamewali","name1":null,"name2":null,"name3":null,"x_coord":72.25688773,"y_coord":29.61064285,"adm4_name":null,"adm4_name1":null,"adm4_name2":null,"adm4_name3":null,"adm4_pcode":null,"adm3_name":"Khairpur Tamewali","adm3_name1":null,"adm3_name2":null,"adm3_name3":null,"adm3_pcode":"PK60304","adm2_name":"Bahawalpur","adm2_name1":null,"adm2_name2":null,"adm2_name3":null,"adm2_pcode":"PK603","adm1_name":"Punjab","adm1_name1":null,"adm1_name2":null,"adm1_name3":null,"adm1_pcode":"PK6","adm0_name":"Pakistan","adm0_name1":null,"adm0_name2":null,"adm0_name3":null,"adm0_pcode":"PK","valid_on":"2022-09-09","valid_to":null,"version":"v01","lang":"en","lang1":null,"lang2":null,"lang3":null},"geometry":{"type":"Point","coordinates":[72.256887733000156,29.610642846000133]}},
{"type":"Feature","properties":{"admin_level":3,"name":"Yazman","name1":null,"name2":null,"name3":null,"x_coord":71.66145865,"y_coord":28.70746772,"adm4_name":null,"adm4_name1":null,"adm4_name2":null,"adm4_name3":null,"adm4_pcode":null,"adm3_name":"Yazman","adm3_name1":null,"adm3_name2":null,"adm3_name3":null,"adm3_pcode":"PK60305","adm2_name":"Bahawalpur","adm2_name1":null,"adm2_name2":null,"adm2_name3":null,"adm2_pcode":"PK603","adm1_name":"Punjab","adm1_name1":null,"adm1_name2":null,"adm1_name3":null,"adm1_pcode":"PK6","adm0_name":"Pakistan","adm0_name1":null,"adm0_name2":null,"adm0_name3":null,"adm0_pcode":"PK","valid_on":"2022-09-09","valid_to":null,"version":"v01","lang":"en","lang1":null,"lang2":null,"lang3":null},"geometry":{"type":"Point","coordinates":[71.661458646000028,28.70746771600011]}},
{"type":"Feature","properties":{"admin_level":3,"name":"Bhakkar","name1":null,"name2":null,"name3":null,"x_coord":71.14518101,"y_coord":31.56908715,"adm4_name":null,"adm4_name1":null,"adm4_name2":null,"adm4_name3":null,"adm4_pcode":null,"adm3_name":"Bhakkar","adm3_name1":null,"adm3_name2":null,"adm3_name3":null,"adm3_pcode":"PK60401","adm2_name":"Bhakkar","adm2_name1":null,"adm2_name2":null,"adm2_name3":null,"adm2_pcode":"PK604","adm1_name":"Punjab","adm1_name1":null,"adm1_name2":null,"adm1_name3":null,"adm1_pcode":"PK6","adm0_name":"Pakistan","adm0_name1":null,"adm0_name2":null,"adm0_name3":null,"adm0_pcode":"PK","valid_on":"2022-09-09","valid_to":null,"version":"v01","lang":"en","lang1":null,"lang2":null,"lang3":null},"geometry":{"type":"Point","coordinates":[71.145181011000034,31.569087152000122]}},
{"type":"Feature","properties":{"admin_level":3,"name":"Darya Khan","name1":null,"name2":null,"name3":null,"x_coord":71.33144623,"y_coord":31.81121777,"adm4_name":null,"adm4_name1":null,"adm4_name2":null,"adm4_name3":null,"adm4_pcode":null,"adm3_name":"Darya Khan","adm3_name1":null,"adm3_name2":null,"adm3_name3":null,"adm3_pcode":"PK60402","adm2_name":"Bhakkar","adm2_name1":null,"adm2_name2":null,"adm2_name3":null,"adm2_pcode":"PK604","adm1_name":"Punjab","adm1_name1":null,"adm1_name2":null,"adm1_name3":null,"adm1_pcode":"PK6","adm0_name":"Pakistan","adm0_name1":null,"adm0_name2":null,"adm0_name3":null,"adm0_pcode":"PK","valid_on":"2022-09-09","valid_to":null,"version":"v01","lang":"en","lang1":null,"lang2":null,"lang3":null},"geometry":{"type":"Point","coordinates":[71.331446233000065,31.811217771000031]}},
{"type":"Feature","properties":{"admin_level":3,"name":"Kalur Kot","name1":null,"name2":null,"name3":null,"x_coord":71.43370701000001,"y_coord":32.06185282,"adm4_name":null,"adm4_name1":null,"adm4_name2":null,"adm4_name3":null,"adm4_pcode":null,"adm3_name":"Kalur Kot","adm3_name1":null,"adm3_name2":null,"adm3_name3":null,"adm3_pcode":"PK60403","adm2_name":"Bhakkar","adm2_name1":null,"adm2_name2":null,"adm2_name3":null,"adm2_pcode":"PK604","adm1_name":"Punjab","adm1_name1":null,"adm1_name2":null,"adm1_name3":null,"adm1_pcode":"PK6","adm0_name":"Pakistan","adm0_name1":null,"adm0_name2":null,"adm0_name3":null,"adm0_pcode":"PK","valid_on":"2022-09-09","valid_to":null,"version":"v01","lang":"en","lang1":null,"lang2":null,"lang3":null},"geometry":{"type":"Point","coordinates":[71.433707015000152,32.061852815000123]}},
{"type":"Feature","properties":{"admin_level":3,"name":"Mankera","name1":null,"name2":null,"name3":null,"x_coord":71.65964172,"y_coord":31.484567,"adm4_name":null,"adm4_name1":null,"adm4_name2":null,"adm4_name3":null,"adm4_pcode":null,"adm3_name":"Mankera","adm3_name1":null,"adm3_name2":null,"adm3_name3":null,"adm3_pcode":"PK60404","adm2_name":"Bhakkar","adm2_name1":null,"adm2_name2":null,"adm2_name3":null,"adm2_pcode":"PK604","adm1_name":"Punjab","adm1_name1":null,"adm1_name2":null,"adm1_name3":null,"adm1_pcode":"PK6","adm0_name":"Pakistan","adm0_name1":null,"adm0_name2":null,"adm0_name3":null,"adm0_pcode":"PK","valid_on":"2022-09-09","valid_to":null,"version":"v01","lang":"en","lang1":null,"lang2":null,"lang3":null},"geometry":{"type":"Point","coordinates":[71.659641717000056,31.484567]}},
{"type":"Feature","properties":{"admin_level":3,"name":"Chakwal","name1":null,"name2":null,"name3":null,"x_coord":72.85707414,"y_coord":32.99233378,"adm4_name":null,"adm4_name1":null,"adm4_name2":null,"adm4_name3":null,"adm4_pcode":null,"adm3_name":"Chakwal","adm3_name1":null,"adm3_name2":null,"adm3_name3":null,"adm3_pcode":"PK60501","adm2_name":"Chakwal","adm2_name1":null,"adm2_name2":null,"adm2_name3":null,"adm2_pcode":"PK605","adm1_name":"Punjab","adm1_name1":null,"adm1_name2":null,"adm1_name3":null,"adm1_pcode":"PK6","adm0_name":"Pakistan","adm0_name1":null,"adm0_name2":null,"adm0_name3":null,"adm0_pcode":"PK","valid_on":"2022-09-09","valid_to":null,"version":"v01","lang":"en","lang1":null,"lang2":null,"lang3":null},"geometry":{"type":"Point","coordinates":[72.857074136000051,32.992333779000091]}},
{"type":"Feature","properties":{"admin_level":3,"name":"Choa Saidan Shah","name1":null,"name2":null,"name3":null,"x_coord":72.99841284,"y_coord":32.73259111,"adm4_name":null,"adm4_name1":null,"adm4_name2":null,"adm4_name3":null,"adm4_pcode":null,"adm3_name":"Choa Saidan Shah","adm3_name1":null,"adm3_name2":null,"adm3_name3":null,"adm3_pcode":"PK60502","adm2_name":"Chakwal","adm2_name1":null,"adm2_name2":null,"adm2_name3":null,"adm2_pcode":"PK605","adm1_name":"Punjab","adm1_name1":null,"adm1_name2":null,"adm1_name3":null,"adm1_pcode":"PK6","adm0_name":"Pakistan","adm0_name1":null,"adm0_name2":null,"adm0_name3":null,"adm0_pcode":"PK","valid_on":"2022-09-09","valid_to":null,"version":"v01","lang":"en","lang1":null,"lang2":null,"lang3":null},"geometry":{"type":"Point","coordinates":[72.998412843000096,32.732591109000168]}},
{"type":"Feature","properties":{"admin_level":3,"name":"Kallar Kahar","name1":null,"name2":null,"name3":null,"x_coord":72.67379079,"y_coord":32.76033651,"adm4_name":null,"adm4_name1":null,"adm4_name2":null,"adm4_name3":null,"adm4_pcode":null,"adm3_name":"Kallar Kahar","adm3_name1":null,"adm3_name2":null,"adm3_name3":null,"adm3_pcode":"PK60503","adm2_name":"Chakwal","adm2_name1":null,"adm2_name2":null,"adm2_name3":null,"adm2_pcode":"PK605","adm1_name":"Punjab","adm1_name1":null,"adm1_name2":null,"adm1_name3":null,"adm1_pcode":"PK6","adm0_name":"Pakistan","adm0_name1":null,"adm0_name2":null,"adm0_name3":null,"adm0_pcode":"PK","valid_on":"2022-09-09","valid_to":null,"version":"v01","lang":"en","lang1":null,"lang2":null,"lang3":null},"geometry":{"type":"Point","coordinates":[72.673790790000055,32.760336511000048]}},
{"type":"Feature","properties":{"admin_level":3,"name":"Tala Gang","name1":null,"name2":null,"name3":null,"x_coord":72.22528811,"y_coord":32.84887131,"adm4_name":null,"adm4_name1":null,"adm4_name2":null,"adm4_name3":null,"adm4_pcode":null,"adm3_name":"Tala Gang","adm3_name1":null,"adm3_name2":null,"adm3_name3":null,"adm3_pcode":"PK60504","adm2_name":"Chakwal","adm2_name1":null,"adm2_name2":null,"adm2_name3":null,"adm2_pcode":"PK605","adm1_name":"Punjab","adm1_name1":null,"adm1_name2":null,"adm1_name3":null,"adm1_pcode":"PK6","adm0_name":"Pakistan","adm0_name1":null,"adm0_name2":null,"adm0_name3":null,"adm0_pcode":"PK","valid_on":"2022-09-09","valid_to":null,"version":"v01","lang":"en","lang1":null,"lang2":null,"lang3":null},"geometry":{"type":"Point","coordinates":[72.22528811400008,32.848871312000028]}},
{"type":"Feature","properties":{"admin_level":3,"name":"Bhawana","name1":null,"name2":null,"name3":null,"x_coord":72.67798888,"y_coord":31.53211744,"adm4_name":null,"adm4_name1":null,"adm4_name2":null,"adm4_name3":null,"adm4_pcode":null,"adm3_name":"Bhawana","adm3_name1":null,"adm3_name2":null,"adm3_name3":null,"adm3_pcode":"PK60601","adm2_name":"Chiniot","adm2_name1":null,"adm2_name2":null,"adm2_name3":null,"adm2_pcode":"PK606","adm1_name":"Punjab","adm1_name1":null,"adm1_name2":null,"adm1_name3":null,"adm1_pcode":"PK6","adm0_name":"Pakistan","adm0_name1":null,"adm0_name2":null,"adm0_name3":null,"adm0_pcode":"PK","valid_on":"2022-09-09","valid_to":null,"version":"v01","lang":"en","lang1":null,"lang2":null,"lang3":null},"geometry":{"type":"Point","coordinates":[72.677988885000048,31.532117444000107]}},
{"type":"Feature","properties":{"admin_level":3,"name":"Chiniot","name1":null,"name2":null,"name3":null,"x_coord":72.99648946000001,"y_coord":31.7007076,"adm4_name":null,"adm4_name1":null,"adm4_name2":null,"adm4_name3":null,"adm4_pcode":null,"adm3_name":"Chiniot","adm3_name1":null,"adm3_name2":null,"adm3_name3":null,"adm3_pcode":"PK60602","adm2_name":"Chiniot","adm2_name1":null,"adm2_name2":null,"adm2_name3":null,"adm2_pcode":"PK606","adm1_name":"Punjab","adm1_name1":null,"adm1_name2":null,"adm1_name3":null,"adm1_pcode":"PK6","adm0_name":"Pakistan","adm0_name1":null,"adm0_name2":null,"adm0_name3":null,"adm0_pcode":"PK","valid_on":"2022-09-09","valid_to":null,"version":"v01","lang":"en","lang1":null,"lang2":null,"lang3":null},"geometry":{"type":"Point","coordinates":[72.996489457999985,31.700707598000122]}},
{"type":"Feature","properties":{"admin_level":3,"name":"Lalian","name1":null,"name2":null,"name3":null,"x_coord":72.76394687,"y_coord":31.7583897,"adm4_name":null,"adm4_name1":null,"adm4_name2":null,"adm4_name3":null,"adm4_pcode":null,"adm3_name":"Lalian","adm3_name1":null,"adm3_name2":null,"adm3_name3":null,"adm3_pcode":"PK60603","adm2_name":"Chiniot","adm2_name1":null,"adm2_name2":null,"adm2_name3":null,"adm2_pcode":"PK606","adm1_name":"Punjab","adm1_name1":null,"adm1_name2":null,"adm1_name3":null,"adm1_pcode":"PK6","adm0_name":"Pakistan","adm0_name1":null,"adm0_name2":null,"adm0_name3":null,"adm0_pcode":"PK","valid_on":"2022-09-09","valid_to":null,"version":"v01","lang":"en","lang1":null,"lang2":null,"lang3":null},"geometry":{"type":"Point","coordinates":[72.763946872000133,31.7583897]}},
{"type":"Feature","properties":{"admin_level":3,"name":"D.G Khan (Tribal Area)","name1":null,"name2":null,"name3":null,"x_coord":70.2973353,"y_coord":30.46639878,"adm4_name":null,"adm4_name1":null,"adm4_name2":null,"adm4_name3":null,"adm4_pcode":null,"adm3_name":"D.G Khan (Tribal Area)","adm3_name1":null,"adm3_name2":null,"adm3_name3":null,"adm3_pcode":"PK60701","adm2_name":"Dera Ghazi Khan","adm2_name1":null,"adm2_name2":null,"adm2_name3":null,"adm2_pcode":"PK607","adm1_name":"Punjab","adm1_name1":null,"adm1_name2":null,"adm1_name3":null,"adm1_pcode":"PK6","adm0_name":"Pakistan","adm0_name1":null,"adm0_name2":null,"adm0_name3":null,"adm0_pcode":"PK","valid_on":"2022-09-09","valid_to":null,"version":"v01","lang":"en","lang1":null,"lang2":null,"lang3":null},"geometry":{"type":"Point","coordinates":[70.297335299000167,30.466398779000031]}},
{"type":"Feature","properties":{"admin_level":3,"name":"Dera Ghazi Khan","name1":null,"name2":null,"name3":null,"x_coord":70.66408795,"y_coord":30.19840753,"adm4_name":null,"adm4_name1":null,"adm4_name2":null,"adm4_name3":null,"adm4_pcode":null,"adm3_name":"Dera Ghazi Khan","adm3_name1":null,"adm3_name2":null,"adm3_name3":null,"adm3_pcode":"PK60702","adm2_name":"Dera Ghazi Khan","adm2_name1":null,"adm2_name2":null,"adm2_name3":null,"adm2_pcode":"PK607","adm1_name":"Punjab","adm1_name1":null,"adm1_name2":null,"adm1_name3":null,"adm1_pcode":"PK6","adm0_name":"Pakistan","adm0_name1":null,"adm0_name2":null,"adm0_name3":null,"adm0_pcode":"PK","valid_on":"2022-09-09","valid_to":null,"version":"v01","lang":"en","lang1":null,"lang2":null,"lang3":null},"geometry":{"type":"Point","coordinates":[70.664087951000113,30.1984075310001]}},
{"type":"Feature","properties":{"admin_level":3,"name":"Kot Chatta","name1":null,"name2":null,"name3":null,"x_coord":70.52866861,"y_coord":29.84666762,"adm4_name":null,"adm4_name1":null,"adm4_name2":null,"adm4_name3":null,"adm4_pcode":null,"adm3_name":"Kot Chatta","adm3_name1":null,"adm3_name2":null,"adm3_name3":null,"adm3_pcode":"PK60703","adm2_name":"Dera Ghazi Khan","adm2_name1":null,"adm2_name2":null,"adm2_name3":null,"adm2_pcode":"PK607","adm1_name":"Punjab","adm1_name1":null,"adm1_name2":null,"adm1_name3":null,"adm1_pcode":"PK6","adm0_name":"Pakistan","adm0_name1":null,"adm0_name2":null,"adm0_name3":null,"adm0_pcode":"PK","valid_on":"2022-09-09","valid_to":null,"version":"v01","lang":"en","lang1":null,"lang2":null,"lang3":null},"geometry":{"type":"Point","coordinates":[70.528668614000082,29.84666762]}},
{"type":"Feature","properties":{"admin_level":3,"name":"Taunsa","name1":null,"name2":null,"name3":null,"x_coord":70.61230169,"y_coord":30.90133194,"adm4_name":null,"adm4_name1":null,"adm4_name2":null,"adm4_name3":null,"adm4_pcode":null,"adm3_name":"Taunsa","adm3_name1":null,"adm3_name2":null,"adm3_name3":null,"adm3_pcode":"PK60704","adm2_name":"Dera Ghazi Khan","adm2_name1":null,"adm2_name2":null,"adm2_name3":null,"adm2_pcode":"PK607","adm1_name":"Punjab","adm1_name1":null,"adm1_name2":null,"adm1_name3":null,"adm1_pcode":"PK6","adm0_name":"Pakistan","adm0_name1":null,"adm0_name2":null,"adm0_name3":null,"adm0_pcode":"PK","valid_on":"2022-09-09","valid_to":null,"version":"v01","lang":"en","lang1":null,"lang2":null,"lang3":null},"geometry":{"type":"Point","coordinates":[70.612301695000042,30.901331940000148]}},
{"type":"Feature","properties":{"admin_level":3,"name":"Chak Jhumra","name1":null,"name2":null,"name3":null,"x_coord":73.23201384,"y_coord":31.64628986,"adm4_name":null,"adm4_name1":null,"adm4_name2":null,"adm4_name3":null,"adm4_pcode":null,"adm3_name":"Chak Jhumra","adm3_name1":null,"adm3_name2":null,"adm3_name3":null,"adm3_pcode":"PK60801","adm2_name":"Faisalabad","adm2_name1":null,"adm2_name2":null,"adm2_name3":null,"adm2_pcode":"PK608","adm1_name":"Punjab","adm1_name1":null,"adm1_name2":null,"adm1_name3":null,"adm1_pcode":"PK6","adm0_name":"Pakistan","adm0_name1":null,"adm0_name2":null,"adm0_name3":null,"adm0_pcode":"PK","valid_on":"2022-09-09","valid_to":null,"version":"v01","lang":"en","lang1":null,"lang2":null,"lang3":null},"geometry":{"type":"Point","coordinates":[73.232013838000057,31.646289855000191]}},
{"type":"Feature","properties":{"admin_level":3,"name":"Faisalabad City","name1":null,"name2":null,"name3":null,"x_coord":73.10264235,"y_coord":31.42969115,"adm4_name":null,"adm4_name1":null,"adm4_name2":null,"adm4_name3":null,"adm4_pcode":null,"adm3_name":"Faisalabad City","adm3_name1":null,"adm3_name2":null,"adm3_name3":null,"adm3_pcode":"PK60802","adm2_name":"Faisalabad","adm2_name1":null,"adm2_name2":null,"adm2_name3":null,"adm2_pcode":"PK608","adm1_name":"Punjab","adm1_name1":null,"adm1_name2":null,"adm1_name3":null,"adm1_pcode":"PK6","adm0_name":"Pakistan","adm0_name1":null,"adm0_name2":null,"adm0_name3":null,"adm0_pcode":"PK","valid_on":"2022-09-09","valid_to":null,"version":"v01","lang":"en","lang1":null,"lang2":null,"lang3":null},"geometry":{"type":"Point","coordinates":[73.102642352000089,31.429691147000028]}},
{"type":"Feature","properties":{"admin_level":3,"name":"Faisalabad Sadar","name1":null,"name2":null,"name3":null,"x_coord":72.92705878,"y_coord":31.39105007,"adm4_name":null,"adm4_name1":null,"adm4_name2":null,"adm4_name3":null,"adm4_pcode":null,"adm3_name":"Faisalabad Sadar","adm3_name1":null,"adm3_name2":null,"adm3_name3":null,"adm3_pcode":"PK60803","adm2_name":"Faisalabad","adm2_name1":null,"adm2_name2":null,"adm2_name3":null,"adm2_pcode":"PK608","adm1_name":"Punjab","adm1_name1":null,"adm1_name2":null,"adm1_name3":null,"adm1_pcode":"PK6","adm0_name":"Pakistan","adm0_name1":null,"adm0_name2":null,"adm0_name3":null,"adm0_pcode":"PK","valid_on":"2022-09-09","valid_to":null,"version":"v01","lang":"en","lang1":null,"lang2":null,"lang3":null},"geometry":{"type":"Point","coordinates":[72.927058779000106,31.39105007400002]}},
{"type":"Feature","properties":{"admin_level":3,"name":"Jaranwala","name1":null,"name2":null,"name3":null,"x_coord":73.45283332,"y_coord":31.36439329,"adm4_name":null,"adm4_name1":null,"adm4_name2":null,"adm4_name3":null,"adm4_pcode":null,"adm3_name":"Jaranwala","adm3_name1":null,"adm3_name2":null,"adm3_name3":null,"adm3_pcode":"PK60804","adm2_name":"Faisalabad","adm2_name1":null,"adm2_name2":null,"adm2_name3":null,"adm2_pcode":"PK608","adm1_name":"Punjab","adm1_name1":null,"adm1_name2":null,"adm1_name3":null,"adm1_pcode":"PK6","adm0_name":"Pakistan","adm0_name1":null,"adm0_name2":null,"adm0_name3":null,"adm0_pcode":"PK","valid_on":"2022-09-09","valid_to":null,"version":"v01","lang":"en","lang1":null,"lang2":null,"lang3":null},"geometry":{"type":"Point","coordinates":[73.452833321000071,31.364393288000144]}},
{"type":"Feature","properties":{"admin_level":3,"name":"Summundri","name1":null,"name2":null,"name3":null,"x_coord":72.90669927,"y_coord":31.01958164,"adm4_name":null,"adm4_name1":null,"adm4_name2":null,"adm4_name3":null,"adm4_pcode":null,"adm3_name":"Summundri","adm3_name1":null,"adm3_name2":null,"adm3_name3":null,"adm3_pcode":"PK60805","adm2_name":"Faisalabad","adm2_name1":null,"adm2_name2":null,"adm2_name3":null,"adm2_pcode":"PK608","adm1_name":"Punjab","adm1_name1":null,"adm1_name2":null,"adm1_name3":null,"adm1_pcode":"PK6","adm0_name":"Pakistan","adm0_name1":null,"adm0_name2":null,"adm0_name3":null,"adm0_pcode":"PK","valid_on":"2022-09-09","valid_to":null,"version":"v01","lang":"en","lang1":null,"lang2":null,"lang3":null},"geometry":{"type":"Point","coordinates":[72.906699266000146,31.019581641000116]}},
{"type":"Feature","properties":{"admin_level":3,"name":"Tandlian Wala","name1":null,"name2":null,"name3":null,"x_coord":73.06322946,"y_coord":30.91279007,"adm4_name":null,"adm4_name1":null,"adm4_name2":null,"adm4_name3":null,"adm4_pcode":null,"adm3_name":"Tandlian Wala","adm3_name1":null,"adm3_name2":null,"adm3_name3":null,"adm3_pcode":"PK60806","adm2_name":"Faisalabad","adm2_name1":null,"adm2_name2":null,"adm2_name3":null,"adm2_pcode":"PK608","adm1_name":"Punjab","adm1_name1":null,"adm1_name2":null,"adm1_name3":null,"adm1_pcode":"PK6","adm0_name":"Pakistan","adm0_name1":null,"adm0_name2":null,"adm0_name3":null,"adm0_pcode":"PK","valid_on":"2022-09-09","valid_to":null,"version":"v01","lang":"en","lang1":null,"lang2":null,"lang3":null},"geometry":{"type":"Point","coordinates":[73.063229461000049,30.912790071000074]}},
{"type":"Feature","properties":{"admin_level":3,"name":"Gujranwala","name1":null,"name2":null,"name3":null,"x_coord":74.20217373,"y_coord":32.15237332,"adm4_name":null,"adm4_name1":null,"adm4_name2":null,"adm4_name3":null,"adm4_pcode":null,"adm3_name":"Gujranwala","adm3_name1":null,"adm3_name2":null,"adm3_name3":null,"adm3_pcode":"PK60901","adm2_name":"Gujranwala","adm2_name1":null,"adm2_name2":null,"adm2_name3":null,"adm2_pcode":"PK609","adm1_name":"Punjab","adm1_name1":null,"adm1_name2":null,"adm1_name3":null,"adm1_pcode":"PK6","adm0_name":"Pakistan","adm0_name1":null,"adm0_name2":null,"adm0_name3":null,"adm0_pcode":"PK","valid_on":"2022-09-09","valid_to":null,"version":"v01","lang":"en","lang1":null,"lang2":null,"lang3":null},"geometry":{"type":"Point","coordinates":[74.202173733000052,32.15237331600008]}},
{"type":"Feature","properties":{"admin_level":3,"name":"Kamoke","name1":null,"name2":null,"name3":null,"x_coord":74.38029346,"y_coord":31.99498216,"adm4_name":null,"adm4_name1":null,"adm4_name2":null,"adm4_name3":null,"adm4_pcode":null,"adm3_name":"Kamoke","adm3_name1":null,"adm3_name2":null,"adm3_name3":null,"adm3_pcode":"PK60902","adm2_name":"Gujranwala","adm2_name1":null,"adm2_name2":null,"adm2_name3":null,"adm2_pcode":"PK609","adm1_name":"Punjab","adm1_name1":null,"adm1_name2":null,"adm1_name3":null,"adm1_pcode":"PK6","adm0_name":"Pakistan","adm0_name1":null,"adm0_name2":null,"adm0_name3":null,"adm0_pcode":"PK","valid_on":"2022-09-09","valid_to":null,"version":"v01","lang":"en","lang1":null,"lang2":null,"lang3":null},"geometry":{"type":"Point","coordinates":[74.380293458000153,31.994982163000088]}},
{"type":"Feature","properties":{"admin_level":3,"name":"Nowshera Virkan","name1":null,"name2":null,"name3":null,"x_coord":73.99434328,"y_coord":32.00069758,"adm4_name":null,"adm4_name1":null,"adm4_name2":null,"adm4_name3":null,"adm4_pcode":null,"adm3_name":"Nowshera Virkan","adm3_name1":null,"adm3_name2":null,"adm3_name3":null,"adm3_pcode":"PK60903","adm2_name":"Gujranwala","adm2_name1":null,"adm2_name2":null,"adm2_name3":null,"adm2_pcode":"PK609","adm1_name":"Punjab","adm1_name1":null,"adm1_name2":null,"adm1_name3":null,"adm1_pcode":"PK6","adm0_name":"Pakistan","adm0_name1":null,"adm0_name2":null,"adm0_name3":null,"adm0_pcode":"PK","valid_on":"2022-09-09","valid_to":null,"version":"v01","lang":"en","lang1":null,"lang2":null,"lang3":null},"geometry":{"type":"Point","coordinates":[73.994343283000148,32.000697580000178]}},
{"type":"Feature","properties":{"admin_level":3,"name":"Wazirabad","name1":null,"name2":null,"name3":null,"x_coord":73.99587685,"y_coord":32.34759901,"adm4_name":null,"adm4_name1":null,"adm4_name2":null,"adm4_name3":null,"adm4_pcode":null,"adm3_name":"Wazirabad","adm3_name1":null,"adm3_name2":null,"adm3_name3":null,"adm3_pcode":"PK60904","adm2_name":"Gujranwala","adm2_name1":null,"adm2_name2":null,"adm2_name3":null,"adm2_pcode":"PK609","adm1_name":"Punjab","adm1_name1":null,"adm1_name2":null,"adm1_name3":null,"adm1_pcode":"PK6","adm0_name":"Pakistan","adm0_name1":null,"adm0_name2":null,"adm0_name3":null,"adm0_pcode":"PK","valid_on":"2022-09-09","valid_to":null,"version":"v01","lang":"en","lang1":null,"lang2":null,"lang3":null},"geometry":{"type":"Point","coordinates":[73.99587684800008,32.347599007000099]}},
{"type":"Feature","properties":{"admin_level":3,"name":"Gujrat","name1":null,"name2":null,"name3":null,"x_coord":74.18339649000001,"y_coord":32.63719844,"adm4_name":null,"adm4_name1":null,"adm4_name2":null,"adm4_name3":null,"adm4_pcode":null,"adm3_name":"Gujrat","adm3_name1":null,"adm3_name2":null,"adm3_name3":null,"adm3_pcode":"PK61001","adm2_name":"Gujrat","adm2_name1":null,"adm2_name2":null,"adm2_name3":null,"adm2_pcode":"PK610","adm1_name":"Punjab","adm1_name1":null,"adm1_name2":null,"adm1_name3":null,"adm1_pcode":"PK6","adm0_name":"Pakistan","adm0_name1":null,"adm0_name2":null,"adm0_name3":null,"adm0_pcode":"PK","valid_on":"2022-09-09","valid_to":null,"version":"v01","lang":"en","lang1":null,"lang2":null,"lang3":null},"geometry":{"type":"Point","coordinates":[74.183396489000017,32.637198444000148]}},
{"type":"Feature","properties":{"admin_level":3,"name":"Kharian","name1":null,"name2":null,"name3":null,"x_coord":73.82295376,"y_coord":32.73534467,"adm4_name":null,"adm4_name1":null,"adm4_name2":null,"adm4_name3":null,"adm4_pcode":null,"adm3_name":"Kharian","adm3_name1":null,"adm3_name2":null,"adm3_name3":null,"adm3_pcode":"PK61002","adm2_name":"Gujrat","adm2_name1":null,"adm2_name2":null,"adm2_name3":null,"adm2_pcode":"PK610","adm1_name":"Punjab","adm1_name1":null,"adm1_name2":null,"adm1_name3":null,"adm1_pcode":"PK6","adm0_name":"Pakistan","adm0_name1":null,"adm0_name2":null,"adm0_name3":null,"adm0_pcode":"PK","valid_on":"2022-09-09","valid_to":null,"version":"v01","lang":"en","lang1":null,"lang2":null,"lang3":null},"geometry":{"type":"Point","coordinates":[73.822953760000019,32.735344665000071]}},
{"type":"Feature","properties":{"admin_level":3,"name":"Sarai Alamgir","name1":null,"name2":null,"name3":null,"x_coord":73.75093649,"y_coord":32.8664151,"adm4_name":null,"adm4_name1":null,"adm4_name2":null,"adm4_name3":null,"adm4_pcode":null,"adm3_name":"Sarai Alamgir","adm3_name1":null,"adm3_name2":null,"adm3_name3":null,"adm3_pcode":"PK61003","adm2_name":"Gujrat","adm2_name1":null,"adm2_name2":null,"adm2_name3":null,"adm2_pcode":"PK610","adm1_name":"Punjab","adm1_name1":null,"adm1_name2":null,"adm1_name3":null,"adm1_pcode":"PK6","adm0_name":"Pakistan","adm0_name1":null,"adm0_name2":null,"adm0_name3":null,"adm0_pcode":"PK","valid_on":"2022-09-09","valid_to":null,"version":"v01","lang":"en","lang1":null,"lang2":null,"lang3":null},"geometry":{"type":"Point","coordinates":[73.750936486000114,32.866415099000051]}},
{"type":"Feature","properties":{"admin_level":3,"name":"Hafizabad","name1":null,"name2":null,"name3":null,"x_coord":73.62948314,"y_coord":32.10752021,"adm4_name":null,"adm4_name1":null,"adm4_name2":null,"adm4_name3":null,"adm4_pcode":null,"adm3_name":"Hafizabad","adm3_name1":null,"adm3_name2":null,"adm3_name3":null,"adm3_pcode":"PK61101","adm2_name":"Hafizabad","adm2_name1":null,"adm2_name2":null,"adm2_name3":null,"adm2_pcode":"PK611","adm1_name":"Punjab","adm1_name1":null,"adm1_name2":null,"adm1_name3":null,"adm1_pcode":"PK6","adm0_name":"Pakistan","adm0_name1":null,"adm0_name2":null,"adm0_name3":null,"adm0_pcode":"PK","valid_on":"2022-09-09","valid_to":null,"version":"v01","lang":"en","lang1":null,"lang2":null,"lang3":null},"geometry":{"type":"Point","coordinates":[73.62948314300013,32.107520208000096]}},
{"type":"Feature","properties":{"admin_level":3,"name":"Pindi Bhattian","name1":null,"name2":null,"name3":null,"x_coord":73.37748095000001,"y_coord":31.9733893,"adm4_name":null,"adm4_name1":null,"adm4_name2":null,"adm4_name3":null,"adm4_pcode":null,"adm3_name":"Pindi Bhattian","adm3_name1":null,"adm3_name2":null,"adm3_name3":null,"adm3_pcode":"PK61102","adm2_name":"Hafizabad","adm2_name1":null,"adm2_name2":null,"adm2_name3":null,"adm2_pcode":"PK611","adm1_name":"Punjab","adm1_name1":null,"adm1_name2":null,"adm1_name3":null,"adm1_pcode":"PK6","adm0_name":"Pakistan","adm0_name1":null,"adm0_name2":null,"adm0_name3":null,"adm0_pcode":"PK","valid_on":"2022-09-09","valid_to":null,"version":"v01","lang":"en","lang1":null,"lang2":null,"lang3":null},"geometry":{"type":"Point","coordinates":[73.377480950000177,31.9733893]}},
{"type":"Feature","properties":{"admin_level":3,"name":"Ahmadpur Sial","name1":null,"name2":null,"name3":null,"x_coord":71.87377024,"y_coord":30.80835704,"adm4_name":null,"adm4_name1":null,"adm4_name2":null,"adm4_name3":null,"adm4_pcode":null,"adm3_name":"Ahmadpur Sial","adm3_name1":null,"adm3_name2":null,"adm3_name3":null,"adm3_pcode":"PK61201","adm2_name":"Jhang","adm2_name1":null,"adm2_name2":null,"adm2_name3":null,"adm2_pcode":"PK612","adm1_name":"Punjab","adm1_name1":null,"adm1_name2":null,"adm1_name3":null,"adm1_pcode":"PK6","adm0_name":"Pakistan","adm0_name1":null,"adm0_name2":null,"adm0_name3":null,"adm0_pcode":"PK","valid_on":"2022-09-09","valid_to":null,"version":"v01","lang":"en","lang1":null,"lang2":null,"lang3":null},"geometry":{"type":"Point","coordinates":[71.873770237000087,30.808357039000157]}},
{"type":"Feature","properties":{"admin_level":3,"name":"Jhang","name1":null,"name2":null,"name3":null,"x_coord":72.37774728,"y_coord":31.4074897,"adm4_name":null,"adm4_name1":null,"adm4_name2":null,"adm4_name3":null,"adm4_pcode":null,"adm3_name":"Jhang","adm3_name1":null,"adm3_name2":null,"adm3_name3":null,"adm3_pcode":"PK61202","adm2_name":"Jhang","adm2_name1":null,"adm2_name2":null,"adm2_name3":null,"adm2_pcode":"PK612","adm1_name":"Punjab","adm1_name1":null,"adm1_name2":null,"adm1_name3":null,"adm1_pcode":"PK6","adm0_name":"Pakistan","adm0_name1":null,"adm0_name2":null,"adm0_name3":null,"adm0_pcode":"PK","valid_on":"2022-09-09","valid_to":null,"version":"v01","lang":"en","lang1":null,"lang2":null,"lang3":null},"geometry":{"type":"Point","coordinates":[72.377747283000076,31.407489702000078]}},
{"type":"Feature","properties":{"admin_level":3,"name":"Shorkot","name1":null,"name2":null,"name3":null,"x_coord":72.14967225,"y_coord":30.89227053,"adm4_name":null,"adm4_name1":null,"adm4_name2":null,"adm4_name3":null,"adm4_pcode":null,"adm3_name":"Shorkot","adm3_name1":null,"adm3_name2":null,"adm3_name3":null,"adm3_pcode":"PK61203","adm2_name":"Jhang","adm2_name1":null,"adm2_name2":null,"adm2_name3":null,"adm2_pcode":"PK612","adm1_name":"Punjab","adm1_name1":null,"adm1_name2":null,"adm1_name3":null,"adm1_pcode":"PK6","adm0_name":"Pakistan","adm0_name1":null,"adm0_name2":null,"adm0_name3":null,"adm0_pcode":"PK","valid_on":"2022-09-09","valid_to":null,"version":"v01","lang":"en","lang1":null,"lang2":null,"lang3":null},"geometry":{"type":"Point","coordinates":[72.149672253,30.892270534000033]}},
{"type":"Feature","properties":{"admin_level":3,"name":"Athara Hazari","name1":null,"name2":null,"name3":null,"x_coord":72.00538171,"y_coord":31.19686362,"adm4_name":null,"adm4_name1":null,"adm4_name2":null,"adm4_name3":null,"adm4_pcode":null,"adm3_name":"Athara Hazari","adm3_name1":null,"adm3_name2":null,"adm3_name3":null,"adm3_pcode":"PK61204","adm2_name":"Jhang","adm2_name1":null,"adm2_name2":null,"adm2_name3":null,"adm2_pcode":"PK612","adm1_name":"Punjab","adm1_name1":null,"adm1_name2":null,"adm1_name3":null,"adm1_pcode":"PK6","adm0_name":"Pakistan","adm0_name1":null,"adm0_name2":null,"adm0_name3":null,"adm0_pcode":"PK","valid_on":"2022-09-09","valid_to":null,"version":"v01","lang":"en","lang1":null,"lang2":null,"lang3":null},"geometry":{"type":"Point","coordinates":[72.005381709000119,31.196863624000116]}},
{"type":"Feature","properties":{"admin_level":3,"name":"Dina","name1":null,"name2":null,"name3":null,"x_coord":73.60712512000001,"y_coord":33.02620768,"adm4_name":null,"adm4_name1":null,"adm4_name2":null,"adm4_name3":null,"adm4_pcode":null,"adm3_name":"Dina","adm3_name1":null,"adm3_name2":null,"adm3_name3":null,"adm3_pcode":"PK61301","adm2_name":"Jhelum","adm2_name1":null,"adm2_name2":null,"adm2_name3":null,"adm2_pcode":"PK613","adm1_name":"Punjab","adm1_name1":null,"adm1_name2":null,"adm1_name3":null,"adm1_pcode":"PK6","adm0_name":"Pakistan","adm0_name1":null,"adm0_name2":null,"adm0_name3":null,"adm0_pcode":"PK","valid_on":"2022-09-09","valid_to":null,"version":"v01","lang":"en","lang1":null,"lang2":null,"lang3":null},"geometry":{"type":"Point","coordinates":[73.607125122000184,33.026207680000027]}},
{"type":"Feature","properties":{"admin_level":3,"name":"Jhelum","name1":null,"name2":null,"name3":null,"x_coord":73.46342572,"y_coord":32.85514503,"adm4_name":null,"adm4_name1":null,"adm4_name2":null,"adm4_name3":null,"adm4_pcode":null,"adm3_name":"Jhelum","adm3_name1":null,"adm3_name2":null,"adm3_name3":null,"adm3_pcode":"PK61302","adm2_name":"Jhelum","adm2_name1":null,"adm2_name2":null,"adm2_name3":null,"adm2_pcode":"PK613","adm1_name":"Punjab","adm1_name1":null,"adm1_name2":null,"adm1_name3":null,"adm1_pcode":"PK6","adm0_name":"Pakistan","adm0_name1":null,"adm0_name2":null,"adm0_name3":null,"adm0_pcode":"PK","valid_on":"2022-09-09","valid_to":null,"version":"v01","lang":"en","lang1":null,"lang2":null,"lang3":null},"geometry":{"type":"Point","coordinates":[73.463425718000167,32.855145028999971]}},
{"type":"Feature","properties":{"admin_level":3,"name":"Pind Dadan Khan","name1":null,"name2":null,"name3":null,"x_coord":72.96340321,"y_coord":32.59061788,"adm4_name":null,"adm4_name1":null,"adm4_name2":null,"adm4_name3":null,"adm4_pcode":null,"adm3_name":"Pind Dadan Khan","adm3_name1":null,"adm3_name2":null,"adm3_name3":null,"adm3_pcode":"PK61303","adm2_name":"Jhelum","adm2_name1":null,"adm2_name2":null,"adm2_name3":null,"adm2_pcode":"PK613","adm1_name":"Punjab","adm1_name1":null,"adm1_name2":null,"adm1_name3":null,"adm1_pcode":"PK6","adm0_name":"Pakistan","adm0_name1":null,"adm0_name2":null,"adm0_name3":null,"adm0_pcode":"PK","valid_on":"2022-09-09","valid_to":null,"version":"v01","lang":"en","lang1":null,"lang2":null,"lang3":null},"geometry":{"type":"Point","coordinates":[72.963403210000138,32.590617882]}},
{"type":"Feature","properties":{"admin_level":3,"name":"Sohawa","name1":null,"name2":null,"name3":null,"x_coord":73.31463086,"y_coord":32.99569955,"adm4_name":null,"adm4_name1":null,"adm4_name2":null,"adm4_name3":null,"adm4_pcode":null,"adm3_name":"Sohawa","adm3_name1":null,"adm3_name2":null,"adm3_name3":null,"adm3_pcode":"PK61304","adm2_name":"Jhelum","adm2_name1":null,"adm2_name2":null,"adm2_name3":null,"adm2_pcode":"PK613","adm1_name":"Punjab","adm1_name1":null,"adm1_name2":null,"adm1_name3":null,"adm1_pcode":"PK6","adm0_name":"Pakistan","adm0_name1":null,"adm0_name2":null,"adm0_name3":null,"adm0_pcode":"PK","valid_on":"2022-09-09","valid_to":null,"version":"v01","lang":"en","lang1":null,"lang2":null,"lang3":null},"geometry":{"type":"Point","coordinates":[73.314630857000111,32.995699555000044]}},
{"type":"Feature","properties":{"admin_level":3,"name":"Chunian","name1":null,"name2":null,"name3":null,"x_coord":74.05777354,"y_coord":30.88227917,"adm4_name":null,"adm4_name1":null,"adm4_name2":null,"adm4_name3":null,"adm4_pcode":null,"adm3_name":"Chunian","adm3_name1":null,"adm3_name2":null,"adm3_name3":null,"adm3_pcode":"PK61401","adm2_name":"Kasur","adm2_name1":null,"adm2_name2":null,"adm2_name3":null,"adm2_pcode":"PK614","adm1_name":"Punjab","adm1_name1":null,"adm1_name2":null,"adm1_name3":null,"adm1_pcode":"PK6","adm0_name":"Pakistan","adm0_name1":null,"adm0_name2":null,"adm0_name3":null,"adm0_pcode":"PK","valid_on":"2022-09-09","valid_to":null,"version":"v01","lang":"en","lang1":null,"lang2":null,"lang3":null},"geometry":{"type":"Point","coordinates":[74.057773541000131,30.882279170000061]}},
{"type":"Feature","properties":{"admin_level":3,"name":"Kasur","name1":null,"name2":null,"name3":null,"x_coord":74.38130023,"y_coord":31.06626669,"adm4_name":null,"adm4_name1":null,"adm4_name2":null,"adm4_name3":null,"adm4_pcode":null,"adm3_name":"Kasur","adm3_name1":null,"adm3_name2":null,"adm3_name3":null,"adm3_pcode":"PK61402","adm2_name":"Kasur","adm2_name1":null,"adm2_name2":null,"adm2_name3":null,"adm2_pcode":"PK614","adm1_name":"Punjab","adm1_name1":null,"adm1_name2":null,"adm1_name3":null,"adm1_pcode":"PK6","adm0_name":"Pakistan","adm0_name1":null,"adm0_name2":null,"adm0_name3":null,"adm0_pcode":"PK","valid_on":"2022-09-09","valid_to":null,"version":"v01","lang":"en","lang1":null,"lang2":null,"lang3":null},"geometry":{"type":"Point","coordinates":[74.381300233000047,31.066266694000092]}},
{"type":"Feature","properties":{"admin_level":3,"name":"Kot Radha Kishen","name1":null,"name2":null,"name3":null,"x_coord":74.19208421,"y_coord":31.16570693,"adm4_name":null,"adm4_name1":null,"adm4_name2":null,"adm4_name3":null,"adm4_pcode":null,"adm3_name":"Kot Radha Kishen","adm3_name1":null,"adm3_name2":null,"adm3_name3":null,"adm3_pcode":"PK61403","adm2_name":"Kasur","adm2_name1":null,"adm2_name2":null,"adm2_name3":null,"adm2_pcode":"PK614","adm1_name":"Punjab","adm1_name1":null,"adm1_name2":null,"adm1_name3":null,"adm1_pcode":"PK6","adm0_name":"Pakistan","adm0_name1":null,"adm0_name2":null,"adm0_name3":null,"adm0_pcode":"PK","valid_on":"2022-09-09","valid_to":null,"version":"v01","lang":"en","lang1":null,"lang2":null,"lang3":null},"geometry":{"type":"Point","coordinates":[74.192084205000128,31.165706926000041]}},
{"type":"Feature","properties":{"admin_level":3,"name":"Pattoki","name1":null,"name2":null,"name3":null,"x_coord":73.85306415,"y_coord":31.12101948,"adm4_name":null,"adm4_name1":null,"adm4_name2":null,"adm4_name3":null,"adm4_pcode":null,"adm3_name":"Pattoki","adm3_name1":null,"adm3_name2":null,"adm3_name3":null,"adm3_pcode":"PK61404","adm2_name":"Kasur","adm2_name1":null,"adm2_name2":null,"adm2_name3":null,"adm2_pcode":"PK614","adm1_name":"Punjab","adm1_name1":null,"adm1_name2":null,"adm1_name3":null,"adm1_pcode":"PK6","adm0_name":"Pakistan","adm0_name1":null,"adm0_name2":null,"adm0_name3":null,"adm0_pcode":"PK","valid_on":"2022-09-09","valid_to":null,"version":"v01","lang":"en","lang1":null,"lang2":null,"lang3":null},"geometry":{"type":"Point","coordinates":[73.853064145000133,31.121019482000065]}},
{"type":"Feature","properties":{"admin_level":3,"name":"Jahanian","name1":null,"name2":null,"name3":null,"x_coord":71.83964903,"y_coord":30.06074208,"adm4_name":null,"adm4_name1":null,"adm4_name2":null,"adm4_name3":null,"adm4_pcode":null,"adm3_name":"Jahanian","adm3_name1":null,"adm3_name2":null,"adm3_name3":null,"adm3_pcode":"PK61501","adm2_name":"Khanewal","adm2_name1":null,"adm2_name2":null,"adm2_name3":null,"adm2_pcode":"PK615","adm1_name":"Punjab","adm1_name1":null,"adm1_name2":null,"adm1_name3":null,"adm1_pcode":"PK6","adm0_name":"Pakistan","adm0_name1":null,"adm0_name2":null,"adm0_name3":null,"adm0_pcode":"PK","valid_on":"2022-09-09","valid_to":null,"version":"v01","lang":"en","lang1":null,"lang2":null,"lang3":null},"geometry":{"type":"Point","coordinates":[71.839649032000182,30.060742076000054]}},
{"type":"Feature","properties":{"admin_level":3,"name":"Kabirwala","name1":null,"name2":null,"name3":null,"x_coord":71.86591125,"y_coord":30.49656722,"adm4_name":null,"adm4_name1":null,"adm4_name2":null,"adm4_name3":null,"adm4_pcode":null,"adm3_name":"Kabirwala","adm3_name1":null,"adm3_name2":null,"adm3_name3":null,"adm3_pcode":"PK61502","adm2_name":"Khanewal","adm2_name1":null,"adm2_name2":null,"adm2_name3":null,"adm2_pcode":"PK615","adm1_name":"Punjab","adm1_name1":null,"adm1_name2":null,"adm1_name3":null,"adm1_pcode":"PK6","adm0_name":"Pakistan","adm0_name1":null,"adm0_name2":null,"adm0_name3":null,"adm0_pcode":"PK","valid_on":"2022-09-09","valid_to":null,"version":"v01","lang":"en","lang1":null,"lang2":null,"lang3":null},"geometry":{"type":"Point","coordinates":[71.865911248000089,30.496567223000056]}},
{"type":"Feature","properties":{"admin_level":3,"name":"Khanewal","name1":null,"name2":null,"name3":null,"x_coord":72.00575624,"y_coord":30.28331229,"adm4_name":null,"adm4_name1":null,"adm4_name2":null,"adm4_name3":null,"adm4_pcode":null,"adm3_name":"Khanewal","adm3_name1":null,"adm3_name2":null,"adm3_name3":null,"adm3_pcode":"PK61503","adm2_name":"Khanewal","adm2_name1":null,"adm2_name2":null,"adm2_name3":null,"adm2_pcode":"PK615","adm1_name":"Punjab","adm1_name1":null,"adm1_name2":null,"adm1_name3":null,"adm1_pcode":"PK6","adm0_name":"Pakistan","adm0_name1":null,"adm0_name2":null,"adm0_name3":null,"adm0_pcode":"PK","valid_on":"2022-09-09","valid_to":null,"version":"v01","lang":"en","lang1":null,"lang2":null,"lang3":null},"geometry":{"type":"Point","coordinates":[72.005756239000164,30.283312286000069]}},
{"type":"Feature","properties":{"admin_level":3,"name":"Mian Channu","name1":null,"name2":null,"name3":null,"x_coord":72.30626705,"y_coord":30.33301812,"adm4_name":null,"adm4_name1":null,"adm4_name2":null,"adm4_name3":null,"adm4_pcode":null,"adm3_name":"Mian Channu","adm3_name1":null,"adm3_name2":null,"adm3_name3":null,"adm3_pcode":"PK61504","adm2_name":"Khanewal","adm2_name1":null,"adm2_name2":null,"adm2_name3":null,"adm2_pcode":"PK615","adm1_name":"Punjab","adm1_name1":null,"adm1_name2":null,"adm1_name3":null,"adm1_pcode":"PK6","adm0_name":"Pakistan","adm0_name1":null,"adm0_name2":null,"adm0_name3":null,"adm0_pcode":"PK","valid_on":"2022-09-09","valid_to":null,"version":"v01","lang":"en","lang1":null,"lang2":null,"lang3":null},"geometry":{"type":"Point","coordinates":[72.306267046000073,30.33301811900003]}},
{"type":"Feature","properties":{"admin_level":3,"name":"Khushab","name1":null,"name2":null,"name3":null,"x_coord":72.32730597,"y_coord":32.32935163,"adm4_name":null,"adm4_name1":null,"adm4_name2":null,"adm4_name3":null,"adm4_pcode":null,"adm3_name":"Khushab","adm3_name1":null,"adm3_name2":null,"adm3_name3":null,"adm3_pcode":"PK61601","adm2_name":"Khushab","adm2_name1":null,"adm2_name2":null,"adm2_name3":null,"adm2_pcode":"PK616","adm1_name":"Punjab","adm1_name1":null,"adm1_name2":null,"adm1_name3":null,"adm1_pcode":"PK6","adm0_name":"Pakistan","adm0_name1":null,"adm0_name2":null,"adm0_name3":null,"adm0_pcode":"PK","valid_on":"2022-09-09","valid_to":null,"version":"v01","lang":"en","lang1":null,"lang2":null,"lang3":null},"geometry":{"type":"Point","coordinates":[72.32730596600004,32.329351628000154]}},
{"type":"Feature","properties":{"admin_level":3,"name":"Naushera","name1":null,"name2":null,"name3":null,"x_coord":72.22062004,"y_coord":32.59379404,"adm4_name":null,"adm4_name1":null,"adm4_name2":null,"adm4_name3":null,"adm4_pcode":null,"adm3_name":"Naushera","adm3_name1":null,"adm3_name2":null,"adm3_name3":null,"adm3_pcode":"PK61602","adm2_name":"Khushab","adm2_name1":null,"adm2_name2":null,"adm2_name3":null,"adm2_pcode":"PK616","adm1_name":"Punjab","adm1_name1":null,"adm1_name2":null,"adm1_name3":null,"adm1_pcode":"PK6","adm0_name":"Pakistan","adm0_name1":null,"adm0_name2":null,"adm0_name3":null,"adm0_pcode":"PK","valid_on":"2022-09-09","valid_to":null,"version":"v01","lang":"en","lang1":null,"lang2":null,"lang3":null},"geometry":{"type":"Point","coordinates":[72.22062004300011,32.593794038999988]}},
{"type":"Feature","properties":{"admin_level":3,"name":"Noorpur","name1":null,"name2":null,"name3":null,"x_coord":71.96043167000001,"y_coord":31.8724709,"adm4_name":null,"adm4_name1":null,"adm4_name2":null,"adm4_name3":null,"adm4_pcode":null,"adm3_name":"Noorpur","adm3_name1":null,"adm3_name2":null,"adm3_name3":null,"adm3_pcode":"PK61603","adm2_name":"Khushab","adm2_name1":null,"adm2_name2":null,"adm2_name3":null,"adm2_pcode":"PK616","adm1_name":"Punjab","adm1_name1":null,"adm1_name2":null,"adm1_name3":null,"adm1_pcode":"PK6","adm0_name":"Pakistan","adm0_name1":null,"adm0_name2":null,"adm0_name3":null,"adm0_pcode":"PK","valid_on":"2022-09-09","valid_to":null,"version":"v01","lang":"en","lang1":null,"lang2":null,"lang3":null},"geometry":{"type":"Point","coordinates":[71.960431668000183,31.87247090000011]}},
{"type":"Feature","properties":{"admin_level":3,"name":"Quaidabad","name1":null,"name2":null,"name3":null,"x_coord":71.96690905,"y_coord":32.31591511,"adm4_name":null,"adm4_name1":null,"adm4_name2":null,"adm4_name3":null,"adm4_pcode":null,"adm3_name":"Quaidabad","adm3_name1":null,"adm3_name2":null,"adm3_name3":null,"adm3_pcode":"PK61604","adm2_name":"Khushab","adm2_name1":null,"adm2_name2":null,"adm2_name3":null,"adm2_pcode":"PK616","adm1_name":"Punjab","adm1_name1":null,"adm1_name2":null,"adm1_name3":null,"adm1_pcode":"PK6","adm0_name":"Pakistan","adm0_name1":null,"adm0_name2":null,"adm0_name3":null,"adm0_pcode":"PK","valid_on":"2022-09-09","valid_to":null,"version":"v01","lang":"en","lang1":null,"lang2":null,"lang3":null},"geometry":{"type":"Point","coordinates":[71.966909053000109,32.315915111000152]}},
{"type":"Feature","properties":{"admin_level":3,"name":"Lahore Cantt","name1":null,"name2":null,"name3":null,"x_coord":74.45186512,"y_coord":31.50013561,"adm4_name":null,"adm4_name1":null,"adm4_name2":null,"adm4_name3":null,"adm4_pcode":null,"adm3_name":"Lahore Cantt","adm3_name1":null,"adm3_name2":null,"adm3_name3":null,"adm3_pcode":"PK61701","adm2_name":"Lahore","adm2_name1":null,"adm2_name2":null,"adm2_name3":null,"adm2_pcode":"PK617","adm1_name":"Punjab","adm1_name1":null,"adm1_name2":null,"adm1_name3":null,"adm1_pcode":"PK6","adm0_name":"Pakistan","adm0_name1":null,"adm0_name2":null,"adm0_name3":null,"adm0_pcode":"PK","valid_on":"2022-09-09","valid_to":null,"version":"v01","lang":"en","lang1":null,"lang2":null,"lang3":null},"geometry":{"type":"Point","coordinates":[74.451865119000047,31.500135615000033]}},
{"type":"Feature","properties":{"admin_level":3,"name":"Lahore City","name1":null,"name2":null,"name3":null,"x_coord":74.23264438,"y_coord":31.46500427,"adm4_name":null,"adm4_name1":null,"adm4_name2":null,"adm4_name3":null,"adm4_pcode":null,"adm3_name":"Lahore City","adm3_name1":null,"adm3_name2":null,"adm3_name3":null,"adm3_pcode":"PK61702","adm2_name":"Lahore","adm2_name1":null,"adm2_name2":null,"adm2_name3":null,"adm2_pcode":"PK617","adm1_name":"Punjab","adm1_name1":null,"adm1_name2":null,"adm1_name3":null,"adm1_pcode":"PK6","adm0_name":"Pakistan","adm0_name1":null,"adm0_name2":null,"adm0_name3":null,"adm0_pcode":"PK","valid_on":"2022-09-09","valid_to":null,"version":"v01","lang":"en","lang1":null,"lang2":null,"lang3":null},"geometry":{"type":"Point","coordinates":[74.23264438200016,31.46500426800003]}},
{"type":"Feature","properties":{"admin_level":3,"name":"Choubara","name1":null,"name2":null,"name3":null,"x_coord":71.53993961,"y_coord":30.91084192,"adm4_name":null,"adm4_name1":null,"adm4_name2":null,"adm4_name3":null,"adm4_pcode":null,"adm3_name":"Choubara","adm3_name1":null,"adm3_name2":null,"adm3_name3":null,"adm3_pcode":"PK61801","adm2_name":"Leiah","adm2_name1":null,"adm2_name2":null,"adm2_name3":null,"adm2_pcode":"PK618","adm1_name":"Punjab","adm1_name1":null,"adm1_name2":null,"adm1_name3":null,"adm1_pcode":"PK6","adm0_name":"Pakistan","adm0_name1":null,"adm0_name2":null,"adm0_name3":null,"adm0_pcode":"PK","valid_on":"2022-09-09","valid_to":null,"version":"v01","lang":"en","lang1":null,"lang2":null,"lang3":null},"geometry":{"type":"Point","coordinates":[71.539939612000012,30.910841923000191]}},
{"type":"Feature","properties":{"admin_level":3,"name":"Karor Lal Esan","name1":null,"name2":null,"name3":null,"x_coord":71.03197648,"y_coord":31.21863859,"adm4_name":null,"adm4_name1":null,"adm4_name2":null,"adm4_name3":null,"adm4_pcode":null,"adm3_name":"Karor Lal Esan","adm3_name1":null,"adm3_name2":null,"adm3_name3":null,"adm3_pcode":"PK61802","adm2_name":"Leiah","adm2_name1":null,"adm2_name2":null,"adm2_name3":null,"adm2_pcode":"PK618","adm1_name":"Punjab","adm1_name1":null,"adm1_name2":null,"adm1_name3":null,"adm1_pcode":"PK6","adm0_name":"Pakistan","adm0_name1":null,"adm0_name2":null,"adm0_name3":null,"adm0_pcode":"PK","valid_on":"2022-09-09","valid_to":null,"version":"v01","lang":"en","lang1":null,"lang2":null,"lang3":null},"geometry":{"type":"Point","coordinates":[71.031976482000118,31.218638590000012]}},
{"type":"Feature","properties":{"admin_level":3,"name":"Leiah","name1":null,"name2":null,"name3":null,"x_coord":71.03278609,"y_coord":30.87436476,"adm4_name":null,"adm4_name1":null,"adm4_name2":null,"adm4_name3":null,"adm4_pcode":null,"adm3_name":"Leiah","adm3_name1":null,"adm3_name2":null,"adm3_name3":null,"adm3_pcode":"PK61803","adm2_name":"Leiah","adm2_name1":null,"adm2_name2":null,"adm2_name3":null,"adm2_pcode":"PK618","adm1_name":"Punjab","adm1_name1":null,"adm1_name2":null,"adm1_name3":null,"adm1_pcode":"PK6","adm0_name":"Pakistan","adm0_name1":null,"adm0_name2":null,"adm0_name3":null,"adm0_pcode":"PK","valid_on":"2022-09-09","valid_to":null,"version":"v01","lang":"en","lang1":null,"lang2":null,"lang3":null},"geometry":{"type":"Point","coordinates":[71.032786090000116,30.874364763000074]}},
{"type":"Feature","properties":{"admin_level":3,"name":"Dunyapur","name1":null,"name2":null,"name3":null,"x_coord":71.71900943,"y_coord":29.82970369,"adm4_name":null,"adm4_name1":null,"adm4_name2":null,"adm4_name3":null,"adm4_pcode":null,"adm3_name":"Dunyapur","adm3_name1":null,"adm3_name2":null,"adm3_name3":null,"adm3_pcode":"PK61901","adm2_name":"Lodhran","adm2_name1":null,"adm2_name2":null,"adm2_name3":null,"adm2_pcode":"PK619","adm1_name":"Punjab","adm1_name1":null,"adm1_name2":null,"adm1_name3":null,"adm1_pcode":"PK6","adm0_name":"Pakistan","adm0_name1":null,"adm0_name2":null,"adm0_name3":null,"adm0_pcode":"PK","valid_on":"2022-09-09","valid_to":null,"version":"v01","lang":"en","lang1":null,"lang2":null,"lang3":null},"geometry":{"type":"Point","coordinates":[71.719009429000039,29.829703690000088]}},
{"type":"Feature","properties":{"admin_level":3,"name":"Kahror Pacca","name1":null,"name2":null,"name3":null,"x_coord":71.91001509,"y_coord":29.63757054,"adm4_name":null,"adm4_name1":null,"adm4_name2":null,"adm4_name3":null,"adm4_pcode":null,"adm3_name":"Kahror Pacca","adm3_name1":null,"adm3_name2":null,"adm3_name3":null,"adm3_pcode":"PK61902","adm2_name":"Lodhran","adm2_name1":null,"adm2_name2":null,"adm2_name3":null,"adm2_pcode":"PK619","adm1_name":"Punjab","adm1_name1":null,"adm1_name2":null,"adm1_name3":null,"adm1_pcode":"PK6","adm0_name":"Pakistan","adm0_name1":null,"adm0_name2":null,"adm0_name3":null,"adm0_pcode":"PK","valid_on":"2022-09-09","valid_to":null,"version":"v01","lang":"en","lang1":null,"lang2":null,"lang3":null},"geometry":{"type":"Point","coordinates":[71.910015086000101,29.637570542000105]}},
{"type":"Feature","properties":{"admin_level":3,"name":"Lodhran","name1":null,"name2":null,"name3":null,"x_coord":71.56281342,"y_coord":29.59497869,"adm4_name":null,"adm4_name1":null,"adm4_name2":null,"adm4_name3":null,"adm4_pcode":null,"adm3_name":"Lodhran","adm3_name1":null,"adm3_name2":null,"adm3_name3":null,"adm3_pcode":"PK61903","adm2_name":"Lodhran","adm2_name1":null,"adm2_name2":null,"adm2_name3":null,"adm2_pcode":"PK619","adm1_name":"Punjab","adm1_name1":null,"adm1_name2":null,"adm1_name3":null,"adm1_pcode":"PK6","adm0_name":"Pakistan","adm0_name1":null,"adm0_name2":null,"adm0_name3":null,"adm0_pcode":"PK","valid_on":"2022-09-09","valid_to":null,"version":"v01","lang":"en","lang1":null,"lang2":null,"lang3":null},"geometry":{"type":"Point","coordinates":[71.562813420999987,29.59497869300003]}},
{"type":"Feature","properties":{"admin_level":3,"name":"Malakwal","name1":null,"name2":null,"name3":null,"x_coord":73.21034805,"y_coord":32.42984991,"adm4_name":null,"adm4_name1":null,"adm4_name2":null,"adm4_name3":null,"adm4_pcode":null,"adm3_name":"Malakwal","adm3_name1":null,"adm3_name2":null,"adm3_name3":null,"adm3_pcode":"PK62001","adm2_name":"Mandi Bahauddin","adm2_name1":null,"adm2_name2":null,"adm2_name3":null,"adm2_pcode":"PK620","adm1_name":"Punjab","adm1_name1":null,"adm1_name2":null,"adm1_name3":null,"adm1_pcode":"PK6","adm0_name":"Pakistan","adm0_name1":null,"adm0_name2":null,"adm0_name3":null,"adm0_pcode":"PK","valid_on":"2022-09-09","valid_to":null,"version":"v01","lang":"en","lang1":null,"lang2":null,"lang3":null},"geometry":{"type":"Point","coordinates":[73.210348047000195,32.429849915000034]}},
{"type":"Feature","properties":{"admin_level":3,"name":"Mandi Bahauddin","name1":null,"name2":null,"name3":null,"x_coord":73.52283148,"y_coord":32.54717089,"adm4_name":null,"adm4_name1":null,"adm4_name2":null,"adm4_name3":null,"adm4_pcode":null,"adm3_name":"Mandi Bahauddin","adm3_name1":null,"adm3_name2":null,"adm3_name3":null,"adm3_pcode":"PK62002","adm2_name":"Mandi Bahauddin","adm2_name1":null,"adm2_name2":null,"adm2_name3":null,"adm2_pcode":"PK620","adm1_name":"Punjab","adm1_name1":null,"adm1_name2":null,"adm1_name3":null,"adm1_pcode":"PK6","adm0_name":"Pakistan","adm0_name1":null,"adm0_name2":null,"adm0_name3":null,"adm0_pcode":"PK","valid_on":"2022-09-09","valid_to":null,"version":"v01","lang":"en","lang1":null,"lang2":null,"lang3":null},"geometry":{"type":"Point","coordinates":[73.522831483000118,32.547170886]}},
{"type":"Feature","properties":{"admin_level":3,"name":"Phalia","name1":null,"name2":null,"name3":null,"x_coord":73.58467703,"y_coord":32.35788538,"adm4_name":null,"adm4_name1":null,"adm4_name2":null,"adm4_name3":null,"adm4_pcode":null,"adm3_name":"Phalia","adm3_name1":null,"adm3_name2":null,"adm3_name3":null,"adm3_pcode":"PK62003","adm2_name":"Mandi Bahauddin","adm2_name1":null,"adm2_name2":null,"adm2_name3":null,"adm2_pcode":"PK620","adm1_name":"Punjab","adm1_name1":null,"adm1_name2":null,"adm1_name3":null,"adm1_pcode":"PK6","adm0_name":"Pakistan","adm0_name1":null,"adm0_name2":null,"adm0_name3":null,"adm0_pcode":"PK","valid_on":"2022-09-09","valid_to":null,"version":"v01","lang":"en","lang1":null,"lang2":null,"lang3":null},"geometry":{"type":"Point","coordinates":[73.584677033000105,32.357885379000152]}},
{"type":"Feature","properties":{"admin_level":3,"name":"Isakhel","name1":null,"name2":null,"name3":null,"x_coord":71.33030932,"y_coord":32.85030359,"adm4_name":null,"adm4_name1":null,"adm4_name2":null,"adm4_name3":null,"adm4_pcode":null,"adm3_name":"Isakhel","adm3_name1":null,"adm3_name2":null,"adm3_name3":null,"adm3_pcode":"PK62101","adm2_name":"Mianwali","adm2_name1":null,"adm2_name2":null,"adm2_name3":null,"adm2_pcode":"PK621","adm1_name":"Punjab","adm1_name1":null,"adm1_name2":null,"adm1_name3":null,"adm1_pcode":"PK6","adm0_name":"Pakistan","adm0_name1":null,"adm0_name2":null,"adm0_name3":null,"adm0_pcode":"PK","valid_on":"2022-09-09","valid_to":null,"version":"v01","lang":"en","lang1":null,"lang2":null,"lang3":null},"geometry":{"type":"Point","coordinates":[71.330309316000012,32.850303590000067]}},
{"type":"Feature","properties":{"admin_level":3,"name":"Mianwali","name1":null,"name2":null,"name3":null,"x_coord":71.67272825000001,"y_coord":32.63430511,"adm4_name":null,"adm4_name1":null,"adm4_name2":null,"adm4_name3":null,"adm4_pcode":null,"adm3_name":"Mianwali","adm3_name1":null,"adm3_name2":null,"adm3_name3":null,"adm3_pcode":"PK62102","adm2_name":"Mianwali","adm2_name1":null,"adm2_name2":null,"adm2_name3":null,"adm2_pcode":"PK621","adm1_name":"Punjab","adm1_name1":null,"adm1_name2":null,"adm1_name3":null,"adm1_pcode":"PK6","adm0_name":"Pakistan","adm0_name1":null,"adm0_name2":null,"adm0_name3":null,"adm0_pcode":"PK","valid_on":"2022-09-09","valid_to":null,"version":"v01","lang":"en","lang1":null,"lang2":null,"lang3":null},"geometry":{"type":"Point","coordinates":[71.67272824700018,32.634305110000184]}},
{"type":"Feature","properties":{"admin_level":3,"name":"Piplan","name1":null,"name2":null,"name3":null,"x_coord":71.43329533000001,"y_coord":32.3420289,"adm4_name":null,"adm4_name1":null,"adm4_name2":null,"adm4_name3":null,"adm4_pcode":null,"adm3_name":"Piplan","adm3_name1":null,"adm3_name2":null,"adm3_name3":null,"adm3_pcode":"PK62103","adm2_name":"Mianwali","adm2_name1":null,"adm2_name2":null,"adm2_name3":null,"adm2_pcode":"PK621","adm1_name":"Punjab","adm1_name1":null,"adm1_name2":null,"adm1_name3":null,"adm1_pcode":"PK6","adm0_name":"Pakistan","adm0_name1":null,"adm0_name2":null,"adm0_name3":null,"adm0_pcode":"PK","valid_on":"2022-09-09","valid_to":null,"version":"v01","lang":"en","lang1":null,"lang2":null,"lang3":null},"geometry":{"type":"Point","coordinates":[71.433295333000046,32.342028899000013]}},
{"type":"Feature","properties":{"admin_level":3,"name":"Jalalpur Pirwala","name1":null,"name2":null,"name3":null,"x_coord":71.19928742,"y_coord":29.57827353,"adm4_name":null,"adm4_name1":null,"adm4_name2":null,"adm4_name3":null,"adm4_pcode":null,"adm3_name":"Jalalpur Pirwala","adm3_name1":null,"adm3_name2":null,"adm3_name3":null,"adm3_pcode":"PK62201","adm2_name":"Multan","adm2_name1":null,"adm2_name2":null,"adm2_name3":null,"adm2_pcode":"PK622","adm1_name":"Punjab","adm1_name1":null,"adm1_name2":null,"adm1_name3":null,"adm1_pcode":"PK6","adm0_name":"Pakistan","adm0_name1":null,"adm0_name2":null,"adm0_name3":null,"adm0_pcode":"PK","valid_on":"2022-09-09","valid_to":null,"version":"v01","lang":"en","lang1":null,"lang2":null,"lang3":null},"geometry":{"type":"Point","coordinates":[71.199287422000168,29.578273529000057]}},
{"type":"Feature","properties":{"admin_level":3,"name":"Multan City","name1":null,"name2":null,"name3":null,"x_coord":71.43442781,"y_coord":30.17787707,"adm4_name":null,"adm4_name1":null,"adm4_name2":null,"adm4_name3":null,"adm4_pcode":null,"adm3_name":"Multan City","adm3_name1":null,"adm3_name2":null,"adm3_name3":null,"adm3_pcode":"PK62202","adm2_name":"Multan","adm2_name1":null,"adm2_name2":null,"adm2_name3":null,"adm2_pcode":"PK622","adm1_name":"Punjab","adm1_name1":null,"adm1_name2":null,"adm1_name3":null,"adm1_pcode":"PK6","adm0_name":"Pakistan","adm0_name1":null,"adm0_name2":null,"adm0_name3":null,"adm0_pcode":"PK","valid_on":"2022-09-09","valid_to":null,"version":"v01","lang":"en","lang1":null,"lang2":null,"lang3":null},"geometry":{"type":"Point","coordinates":[71.434427807000134,30.177877065000132]}},
{"type":"Feature","properties":{"admin_level":3,"name":"Multan Saddar","name1":null,"name2":null,"name3":null,"x_coord":71.63478768,"y_coord":30.11416264,"adm4_name":null,"adm4_name1":null,"adm4_name2":null,"adm4_name3":null,"adm4_pcode":null,"adm3_name":"Multan Saddar","adm3_name1":null,"adm3_name2":null,"adm3_name3":null,"adm3_pcode":"PK62203","adm2_name":"Multan","adm2_name1":null,"adm2_name2":null,"adm2_name3":null,"adm2_pcode":"PK622","adm1_name":"Punjab","adm1_name1":null,"adm1_name2":null,"adm1_name3":null,"adm1_pcode":"PK6","adm0_name":"Pakistan","adm0_name1":null,"adm0_name2":null,"adm0_name3":null,"adm0_pcode":"PK","valid_on":"2022-09-09","valid_to":null,"version":"v01","lang":"en","lang1":null,"lang2":null,"lang3":null},"geometry":{"type":"Point","coordinates":[71.634787685000106,30.114162640000131]}},
{"type":"Feature","properties":{"admin_level":3,"name":"Shujabad","name1":null,"name2":null,"name3":null,"x_coord":71.31322684,"y_coord":29.82506413,"adm4_name":null,"adm4_name1":null,"adm4_name2":null,"adm4_name3":null,"adm4_pcode":null,"adm3_name":"Shujabad","adm3_name1":null,"adm3_name2":null,"adm3_name3":null,"adm3_pcode":"PK62204","adm2_name":"Multan","adm2_name1":null,"adm2_name2":null,"adm2_name3":null,"adm2_pcode":"PK622","adm1_name":"Punjab","adm1_name1":null,"adm1_name2":null,"adm1_name3":null,"adm1_pcode":"PK6","adm0_name":"Pakistan","adm0_name1":null,"adm0_name2":null,"adm0_name3":null,"adm0_pcode":"PK","valid_on":"2022-09-09","valid_to":null,"version":"v01","lang":"en","lang1":null,"lang2":null,"lang3":null},"geometry":{"type":"Point","coordinates":[71.31322684100013,29.82506413200008]}},
{"type":"Feature","properties":{"admin_level":3,"name":"Alipur","name1":null,"name2":null,"name3":null,"x_coord":70.75694024000001,"y_coord":29.27820558,"adm4_name":null,"adm4_name1":null,"adm4_name2":null,"adm4_name3":null,"adm4_pcode":null,"adm3_name":"Alipur","adm3_name1":null,"adm3_name2":null,"adm3_name3":null,"adm3_pcode":"PK62301","adm2_name":"Muzaffargarh","adm2_name1":null,"adm2_name2":null,"adm2_name3":null,"adm2_pcode":"PK623","adm1_name":"Punjab","adm1_name1":null,"adm1_name2":null,"adm1_name3":null,"adm1_pcode":"PK6","adm0_name":"Pakistan","adm0_name1":null,"adm0_name2":null,"adm0_name3":null,"adm0_pcode":"PK","valid_on":"2022-09-09","valid_to":null,"version":"v01","lang":"en","lang1":null,"lang2":null,"lang3":null},"geometry":{"type":"Point","coordinates":[70.756940243000145,29.278205578000154]}},
{"type":"Feature","properties":{"admin_level":3,"name":"Jatoi","name1":null,"name2":null,"name3":null,"x_coord":70.87252577,"y_coord":29.59719874,"adm4_name":null,"adm4_name1":null,"adm4_name2":null,"adm4_name3":null,"adm4_pcode":null,"adm3_name":"Jatoi","adm3_name1":null,"adm3_name2":null,"adm3_name3":null,"adm3_pcode":"PK62302","adm2_name":"Muzaffargarh","adm2_name1":null,"adm2_name2":null,"adm2_name3":null,"adm2_pcode":"PK623","adm1_name":"Punjab","adm1_name1":null,"adm1_name2":null,"adm1_name3":null,"adm1_pcode":"PK6","adm0_name":"Pakistan","adm0_name1":null,"adm0_name2":null,"adm0_name3":null,"adm0_pcode":"PK","valid_on":"2022-09-09","valid_to":null,"version":"v01","lang":"en","lang1":null,"lang2":null,"lang3":null},"geometry":{"type":"Point","coordinates":[70.87252577400011,29.597198736000166]}},
{"type":"Feature","properties":{"admin_level":3,"name":"Kot Addu","name1":null,"name2":null,"name3":null,"x_coord":71.14165949,"y_coord":30.43392629,"adm4_name":null,"adm4_name1":null,"adm4_name2":null,"adm4_name3":null,"adm4_pcode":null,"adm3_name":"Kot Addu","adm3_name1":null,"adm3_name2":null,"adm3_name3":null,"adm3_pcode":"PK62303","adm2_name":"Muzaffargarh","adm2_name1":null,"adm2_name2":null,"adm2_name3":null,"adm2_pcode":"PK623","adm1_name":"Punjab","adm1_name1":null,"adm1_name2":null,"adm1_name3":null,"adm1_pcode":"PK6","adm0_name":"Pakistan","adm0_name1":null,"adm0_name2":null,"adm0_name3":null,"adm0_pcode":"PK","valid_on":"2022-09-09","valid_to":null,"version":"v01","lang":"en","lang1":null,"lang2":null,"lang3":null},"geometry":{"type":"Point","coordinates":[71.141659485,30.433926284999984]}},
{"type":"Feature","properties":{"admin_level":3,"name":"Muzaffargarh","name1":null,"name2":null,"name3":null,"x_coord":71.16531105,"y_coord":30.15319936,"adm4_name":null,"adm4_name1":null,"adm4_name2":null,"adm4_name3":null,"adm4_pcode":null,"adm3_name":"Muzaffargarh","adm3_name1":null,"adm3_name2":null,"adm3_name3":null,"adm3_pcode":"PK62304","adm2_name":"Muzaffargarh","adm2_name1":null,"adm2_name2":null,"adm2_name3":null,"adm2_pcode":"PK623","adm1_name":"Punjab","adm1_name1":null,"adm1_name2":null,"adm1_name3":null,"adm1_pcode":"PK6","adm0_name":"Pakistan","adm0_name1":null,"adm0_name2":null,"adm0_name3":null,"adm0_pcode":"PK","valid_on":"2022-09-09","valid_to":null,"version":"v01","lang":"en","lang1":null,"lang2":null,"lang3":null},"geometry":{"type":"Point","coordinates":[71.165311048000035,30.153199360000087]}},
{"type":"Feature","properties":{"admin_level":3,"name":"Nankana Sahib","name1":null,"name2":null,"name3":null,"x_coord":73.8388503,"y_coord":31.31094439,"adm4_name":null,"adm4_name1":null,"adm4_name2":null,"adm4_name3":null,"adm4_pcode":null,"adm3_name":"Nankana Sahib","adm3_name1":null,"adm3_name2":null,"adm3_name3":null,"adm3_pcode":"PK62401","adm2_name":"Nankana Sahib","adm2_name1":null,"adm2_name2":null,"adm2_name3":null,"adm2_pcode":"PK624","adm1_name":"Punjab","adm1_name1":null,"adm1_name2":null,"adm1_name3":null,"adm1_pcode":"PK6","adm0_name":"Pakistan","adm0_name1":null,"adm0_name2":null,"adm0_name3":null,"adm0_pcode":"PK","valid_on":"2022-09-09","valid_to":null,"version":"v01","lang":"en","lang1":null,"lang2":null,"lang3":null},"geometry":{"type":"Point","coordinates":[73.838850297000192,31.310944391000078]}},
{"type":"Feature","properties":{"admin_level":3,"name":"Sangla Hill","name1":null,"name2":null,"name3":null,"x_coord":73.41688761,"y_coord":31.70231276,"adm4_name":null,"adm4_name1":null,"adm4_name2":null,"adm4_name3":null,"adm4_pcode":null,"adm3_name":"Sangla Hill","adm3_name1":null,"adm3_name2":null,"adm3_name3":null,"adm3_pcode":"PK62402","adm2_name":"Nankana Sahib","adm2_name1":null,"adm2_name2":null,"adm2_name3":null,"adm2_pcode":"PK624","adm1_name":"Punjab","adm1_name1":null,"adm1_name2":null,"adm1_name3":null,"adm1_pcode":"PK6","adm0_name":"Pakistan","adm0_name1":null,"adm0_name2":null,"adm0_name3":null,"adm0_pcode":"PK","valid_on":"2022-09-09","valid_to":null,"version":"v01","lang":"en","lang1":null,"lang2":null,"lang3":null},"geometry":{"type":"Point","coordinates":[73.416887606000159,31.702312764000055]}},
{"type":"Feature","properties":{"admin_level":3,"name":"Shah Kot","name1":null,"name2":null,"name3":null,"x_coord":73.56725284,"y_coord":31.59770618,"adm4_name":null,"adm4_name1":null,"adm4_name2":null,"adm4_name3":null,"adm4_pcode":null,"adm3_name":"Shah Kot","adm3_name1":null,"adm3_name2":null,"adm3_name3":null,"adm3_pcode":"PK62403","adm2_name":"Nankana Sahib","adm2_name1":null,"adm2_name2":null,"adm2_name3":null,"adm2_pcode":"PK624","adm1_name":"Punjab","adm1_name1":null,"adm1_name2":null,"adm1_name3":null,"adm1_pcode":"PK6","adm0_name":"Pakistan","adm0_name1":null,"adm0_name2":null,"adm0_name3":null,"adm0_pcode":"PK","valid_on":"2022-09-09","valid_to":null,"version":"v01","lang":"en","lang1":null,"lang2":null,"lang3":null},"geometry":{"type":"Point","coordinates":[73.56725283500009,31.597706181999968]}},
{"type":"Feature","properties":{"admin_level":3,"name":"Narowal","name1":null,"name2":null,"name3":null,"x_coord":74.80924691,"y_coord":32.07877565,"adm4_name":null,"adm4_name1":null,"adm4_name2":null,"adm4_name3":null,"adm4_pcode":null,"adm3_name":"Narowal","adm3_name1":null,"adm3_name2":null,"adm3_name3":null,"adm3_pcode":"PK62501","adm2_name":"Narowal","adm2_name1":null,"adm2_name2":null,"adm2_name3":null,"adm2_pcode":"PK625","adm1_name":"Punjab","adm1_name1":null,"adm1_name2":null,"adm1_name3":null,"adm1_pcode":"PK6","adm0_name":"Pakistan","adm0_name1":null,"adm0_name2":null,"adm0_name3":null,"adm0_pcode":"PK","valid_on":"2022-09-09","valid_to":null,"version":"v01","lang":"en","lang1":null,"lang2":null,"lang3":null},"geometry":{"type":"Point","coordinates":[74.809246911,32.078775647000043]}},
{"type":"Feature","properties":{"admin_level":3,"name":"Shakargarh","name1":null,"name2":null,"name3":null,"x_coord":75.1716747,"y_coord":32.21712599,"adm4_name":null,"adm4_name1":null,"adm4_name2":null,"adm4_name3":null,"adm4_pcode":null,"adm3_name":"Shakargarh","adm3_name1":null,"adm3_name2":null,"adm3_name3":null,"adm3_pcode":"PK62502","adm2_name":"Narowal","adm2_name1":null,"adm2_name2":null,"adm2_name3":null,"adm2_pcode":"PK625","adm1_name":"Punjab","adm1_name1":null,"adm1_name2":null,"adm1_name3":null,"adm1_pcode":"PK6","adm0_name":"Pakistan","adm0_name1":null,"adm0_name2":null,"adm0_name3":null,"adm0_pcode":"PK","valid_on":"2022-09-09","valid_to":null,"version":"v01","lang":"en","lang1":null,"lang2":null,"lang3":null},"geometry":{"type":"Point","coordinates":[75.171674701000029,32.217125986000099]}},
{"type":"Feature","properties":{"admin_level":3,"name":"Zafarwal","name1":null,"name2":null,"name3":null,"x_coord":74.95576601,"y_coord":32.3248663,"adm4_name":null,"adm4_name1":null,"adm4_name2":null,"adm4_name3":null,"adm4_pcode":null,"adm3_name":"Zafarwal","adm3_name1":null,"adm3_name2":null,"adm3_name3":null,"adm3_pcode":"PK62503","adm2_name":"Narowal","adm2_name1":null,"adm2_name2":null,"adm2_name3":null,"adm2_pcode":"PK625","adm1_name":"Punjab","adm1_name1":null,"adm1_name2":null,"adm1_name3":null,"adm1_pcode":"PK6","adm0_name":"Pakistan","adm0_name1":null,"adm0_name2":null,"adm0_name3":null,"adm0_pcode":"PK","valid_on":"2022-09-09","valid_to":null,"version":"v01","lang":"en","lang1":null,"lang2":null,"lang3":null},"geometry":{"type":"Point","coordinates":[74.955766012000083,32.324866295]}},
{"type":"Feature","properties":{"admin_level":3,"name":"Depalpur","name1":null,"name2":null,"name3":null,"x_coord":73.78452263,"y_coord":30.57430484,"adm4_name":null,"adm4_name1":null,"adm4_name2":null,"adm4_name3":null,"adm4_pcode":null,"adm3_name":"Depalpur","adm3_name1":null,"adm3_name2":null,"adm3_name3":null,"adm3_pcode":"PK62601","adm2_name":"Okara","adm2_name1":null,"adm2_name2":null,"adm2_name3":null,"adm2_pcode":"PK626","adm1_name":"Punjab","adm1_name1":null,"adm1_name2":null,"adm1_name3":null,"adm1_pcode":"PK6","adm0_name":"Pakistan","adm0_name1":null,"adm0_name2":null,"adm0_name3":null,"adm0_pcode":"PK","valid_on":"2022-09-09","valid_to":null,"version":"v01","lang":"en","lang1":null,"lang2":null,"lang3":null},"geometry":{"type":"Point","coordinates":[73.784522634000098,30.574304837000113]}},
{"type":"Feature","properties":{"admin_level":3,"name":"Okara","name1":null,"name2":null,"name3":null,"x_coord":73.410364,"y_coord":30.80254742,"adm4_name":null,"adm4_name1":null,"adm4_name2":null,"adm4_name3":null,"adm4_pcode":null,"adm3_name":"Okara","adm3_name1":null,"adm3_name2":null,"adm3_name3":null,"adm3_pcode":"PK62602","adm2_name":"Okara","adm2_name1":null,"adm2_name2":null,"adm2_name3":null,"adm2_pcode":"PK626","adm1_name":"Punjab","adm1_name1":null,"adm1_name2":null,"adm1_name3":null,"adm1_pcode":"PK6","adm0_name":"Pakistan","adm0_name1":null,"adm0_name2":null,"adm0_name3":null,"adm0_pcode":"PK","valid_on":"2022-09-09","valid_to":null,"version":"v01","lang":"en","lang1":null,"lang2":null,"lang3":null},"geometry":{"type":"Point","coordinates":[73.410363996000058,30.802547417000142]}},
{"type":"Feature","properties":{"admin_level":3,"name":"Renala Khurd","name1":null,"name2":null,"name3":null,"x_coord":73.66371958000001,"y_coord":30.94933975,"adm4_name":null,"adm4_name1":null,"adm4_name2":null,"adm4_name3":null,"adm4_pcode":null,"adm3_name":"Renala Khurd","adm3_name1":null,"adm3_name2":null,"adm3_name3":null,"adm3_pcode":"PK62603","adm2_name":"Okara","adm2_name1":null,"adm2_name2":null,"adm2_name3":null,"adm2_pcode":"PK626","adm1_name":"Punjab","adm1_name1":null,"adm1_name2":null,"adm1_name3":null,"adm1_pcode":"PK6","adm0_name":"Pakistan","adm0_name1":null,"adm0_name2":null,"adm0_name3":null,"adm0_pcode":"PK","valid_on":"2022-09-09","valid_to":null,"version":"v01","lang":"en","lang1":null,"lang2":null,"lang3":null},"geometry":{"type":"Point","coordinates":[73.663719581000123,30.949339753000174]}},
{"type":"Feature","properties":{"admin_level":3,"name":"Arif Wala","name1":null,"name2":null,"name3":null,"x_coord":73.08273473,"y_coord":30.22426653,"adm4_name":null,"adm4_name1":null,"adm4_name2":null,"adm4_name3":null,"adm4_pcode":null,"adm3_name":"Arif Wala","adm3_name1":null,"adm3_name2":null,"adm3_name3":null,"adm3_pcode":"PK62701","adm2_name":"Pakpattan","adm2_name1":null,"adm2_name2":null,"adm2_name3":null,"adm2_pcode":"PK627","adm1_name":"Punjab","adm1_name1":null,"adm1_name2":null,"adm1_name3":null,"adm1_pcode":"PK6","adm0_name":"Pakistan","adm0_name1":null,"adm0_name2":null,"adm0_name3":null,"adm0_pcode":"PK","valid_on":"2022-09-09","valid_to":null,"version":"v01","lang":"en","lang1":null,"lang2":null,"lang3":null},"geometry":{"type":"Point","coordinates":[73.082734729000094,30.224266534000151]}},
{"type":"Feature","properties":{"admin_level":3,"name":"Pakpattan","name1":null,"name2":null,"name3":null,"x_coord":73.44512497,"y_coord":30.34344583,"adm4_name":null,"adm4_name1":null,"adm4_name2":null,"adm4_name3":null,"adm4_pcode":null,"adm3_name":"Pakpattan","adm3_name1":null,"adm3_name2":null,"adm3_name3":null,"adm3_pcode":"PK62702","adm2_name":"Pakpattan","adm2_name1":null,"adm2_name2":null,"adm2_name3":null,"adm2_pcode":"PK627","adm1_name":"Punjab","adm1_name1":null,"adm1_name2":null,"adm1_name3":null,"adm1_pcode":"PK6","adm0_name":"Pakistan","adm0_name1":null,"adm0_name2":null,"adm0_name3":null,"adm0_pcode":"PK","valid_on":"2022-09-09","valid_to":null,"version":"v01","lang":"en","lang1":null,"lang2":null,"lang3":null},"geometry":{"type":"Point","coordinates":[73.445124970999984,30.343445829000075]}},
{"type":"Feature","properties":{"admin_level":3,"name":"Khanpur","name1":null,"name2":null,"name3":null,"x_coord":70.65872729,"y_coord":28.68562292,"adm4_name":null,"adm4_name1":null,"adm4_name2":null,"adm4_name3":null,"adm4_pcode":null,"adm3_name":"Khanpur","adm3_name1":null,"adm3_name2":null,"adm3_name3":null,"adm3_pcode":"PK62801","adm2_name":"Rahim Yar Khan","adm2_name1":null,"adm2_name2":null,"adm2_name3":null,"adm2_pcode":"PK628","adm1_name":"Punjab","adm1_name1":null,"adm1_name2":null,"adm1_name3":null,"adm1_pcode":"PK6","adm0_name":"Pakistan","adm0_name1":null,"adm0_name2":null,"adm0_name3":null,"adm0_pcode":"PK","valid_on":"2022-09-09","valid_to":null,"version":"v01","lang":"en","lang1":null,"lang2":null,"lang3":null},"geometry":{"type":"Point","coordinates":[70.65872728700009,28.685622924000143]}},
{"type":"Feature","properties":{"admin_level":3,"name":"Liaqatpur","name1":null,"name2":null,"name3":null,"x_coord":70.83566794,"y_coord":28.48518373,"adm4_name":null,"adm4_name1":null,"adm4_name2":null,"adm4_name3":null,"adm4_pcode":null,"adm3_name":"Liaqatpur","adm3_name1":null,"adm3_name2":null,"adm3_name3":null,"adm3_pcode":"PK62802","adm2_name":"Rahim Yar Khan","adm2_name1":null,"adm2_name2":null,"adm2_name3":null,"adm2_pcode":"PK628","adm1_name":"Punjab","adm1_name1":null,"adm1_name2":null,"adm1_name3":null,"adm1_pcode":"PK6","adm0_name":"Pakistan","adm0_name1":null,"adm0_name2":null,"adm0_name3":null,"adm0_pcode":"PK","valid_on":"2022-09-09","valid_to":null,"version":"v01","lang":"en","lang1":null,"lang2":null,"lang3":null},"geometry":{"type":"Point","coordinates":[70.835667936000107,28.485183733000042]}},
{"type":"Feature","properties":{"admin_level":3,"name":"Rahim Yar Khan","name1":null,"name2":null,"name3":null,"x_coord":70.33787581,"y_coord":28.48794858,"adm4_name":null,"adm4_name1":null,"adm4_name2":null,"adm4_name3":null,"adm4_pcode":null,"adm3_name":"Rahim Yar Khan","adm3_name1":null,"adm3_name2":null,"adm3_name3":null,"adm3_pcode":"PK62803","adm2_name":"Rahim Yar Khan","adm2_name1":null,"adm2_name2":null,"adm2_name3":null,"adm2_pcode":"PK628","adm1_name":"Punjab","adm1_name1":null,"adm1_name2":null,"adm1_name3":null,"adm1_pcode":"PK6","adm0_name":"Pakistan","adm0_name1":null,"adm0_name2":null,"adm0_name3":null,"adm0_pcode":"PK","valid_on":"2022-09-09","valid_to":null,"version":"v01","lang":"en","lang1":null,"lang2":null,"lang3":null},"geometry":{"type":"Point","coordinates":[70.337875810000128,28.487948584000094]}},
{"type":"Feature","properties":{"admin_level":3,"name":"Sadiqabad","name1":null,"name2":null,"name3":null,"x_coord":70.0273988,"y_coord":28.25487778,"adm4_name":null,"adm4_name1":null,"adm4_name2":null,"adm4_name3":null,"adm4_pcode":null,"adm3_name":"Sadiqabad","adm3_name1":null,"adm3_name2":null,"adm3_name3":null,"adm3_pcode":"PK62804","adm2_name":"Rahim Yar Khan","adm2_name1":null,"adm2_name2":null,"adm2_name3":null,"adm2_pcode":"PK628","adm1_name":"Punjab","adm1_name1":null,"adm1_name2":null,"adm1_name3":null,"adm1_pcode":"PK6","adm0_name":"Pakistan","adm0_name1":null,"adm0_name2":null,"adm0_name3":null,"adm0_pcode":"PK","valid_on":"2022-09-09","valid_to":null,"version":"v01","lang":"en","lang1":null,"lang2":null,"lang3":null},"geometry":{"type":"Point","coordinates":[70.027398802999983,28.254877782000051]}},
{"type":"Feature","properties":{"admin_level":3,"name":"Jampur","name1":null,"name2":null,"name3":null,"x_coord":70.37635535,"y_coord":29.55573028,"adm4_name":null,"adm4_name1":null,"adm4_name2":null,"adm4_name3":null,"adm4_pcode":null,"adm3_name":"Jampur","adm3_name1":null,"adm3_name2":null,"adm3_name3":null,"adm3_pcode":"PK62901","adm2_name":"Rajanpur","adm2_name1":null,"adm2_name2":null,"adm2_name3":null,"adm2_pcode":"PK629","adm1_name":"Punjab","adm1_name1":null,"adm1_name2":null,"adm1_name3":null,"adm1_pcode":"PK6","adm0_name":"Pakistan","adm0_name1":null,"adm0_name2":null,"adm0_name3":null,"adm0_pcode":"PK","valid_on":"2022-09-09","valid_to":null,"version":"v01","lang":"en","lang1":null,"lang2":null,"lang3":null},"geometry":{"type":"Point","coordinates":[70.376355346000139,29.555730281000137]}},
{"type":"Feature","properties":{"admin_level":3,"name":"Rajanpur","name1":null,"name2":null,"name3":null,"x_coord":70.24670137,"y_coord":29.13433089,"adm4_name":null,"adm4_name1":null,"adm4_name2":null,"adm4_name3":null,"adm4_pcode":null,"adm3_name":"Rajanpur","adm3_name1":null,"adm3_name2":null,"adm3_name3":null,"adm3_pcode":"PK62902","adm2_name":"Rajanpur","adm2_name1":null,"adm2_name2":null,"adm2_name3":null,"adm2_pcode":"PK629","adm1_name":"Punjab","adm1_name1":null,"adm1_name2":null,"adm1_name3":null,"adm1_pcode":"PK6","adm0_name":"Pakistan","adm0_name1":null,"adm0_name2":null,"adm0_name3":null,"adm0_pcode":"PK","valid_on":"2022-09-09","valid_to":null,"version":"v01","lang":"en","lang1":null,"lang2":null,"lang3":null},"geometry":{"type":"Point","coordinates":[70.246701373000064,29.134330889000069]}},
{"type":"Feature","properties":{"admin_level":3,"name":"Rajanpur (Tribal Area)","name1":null,"name2":null,"name3":null,"x_coord":69.82694883000001,"y_coord":29.1593229,"adm4_name":null,"adm4_name1":null,"adm4_name2":null,"adm4_name3":null,"adm4_pcode":null,"adm3_name":"Rajanpur (Tribal Area)","adm3_name1":null,"adm3_name2":null,"adm3_name3":null,"adm3_pcode":"PK62903","adm2_name":"Rajanpur","adm2_name1":null,"adm2_name2":null,"adm2_name3":null,"adm2_pcode":"PK629","adm1_name":"Punjab","adm1_name1":null,"adm1_name2":null,"adm1_name3":null,"adm1_pcode":"PK6","adm0_name":"Pakistan","adm0_name1":null,"adm0_name2":null,"adm0_name3":null,"adm0_pcode":"PK","valid_on":"2022-09-09","valid_to":null,"version":"v01","lang":"en","lang1":null,"lang2":null,"lang3":null},"geometry":{"type":"Point","coordinates":[69.826948831000038,29.159322903000088]}},
{"type":"Feature","properties":{"admin_level":3,"name":"Rojhan","name1":null,"name2":null,"name3":null,"x_coord":70.03576805,"y_coord":28.77783406,"adm4_name":null,"adm4_name1":null,"adm4_name2":null,"adm4_name3":null,"adm4_pcode":null,"adm3_name":"Rojhan","adm3_name1":null,"adm3_name2":null,"adm3_name3":null,"adm3_pcode":"PK62904","adm2_name":"Rajanpur","adm2_name1":null,"adm2_name2":null,"adm2_name3":null,"adm2_pcode":"PK629","adm1_name":"Punjab","adm1_name1":null,"adm1_name2":null,"adm1_name3":null,"adm1_pcode":"PK6","adm0_name":"Pakistan","adm0_name1":null,"adm0_name2":null,"adm0_name3":null,"adm0_pcode":"PK","valid_on":"2022-09-09","valid_to":null,"version":"v01","lang":"en","lang1":null,"lang2":null,"lang3":null},"geometry":{"type":"Point","coordinates":[70.035768046000157,28.777834056000074]}},
{"type":"Feature","properties":{"admin_level":3,"name":"Gujar Khan","name1":null,"name2":null,"name3":null,"x_coord":73.27836972,"y_coord":33.248835,"adm4_name":null,"adm4_name1":null,"adm4_name2":null,"adm4_name3":null,"adm4_pcode":null,"adm3_name":"Gujar Khan","adm3_name1":null,"adm3_name2":null,"adm3_name3":null,"adm3_pcode":"PK63001","adm2_name":"Rawalpindi","adm2_name1":null,"adm2_name2":null,"adm2_name3":null,"adm2_pcode":"PK630","adm1_name":"Punjab","adm1_name1":null,"adm1_name2":null,"adm1_name3":null,"adm1_pcode":"PK6","adm0_name":"Pakistan","adm0_name1":null,"adm0_name2":null,"adm0_name3":null,"adm0_pcode":"PK","valid_on":"2022-09-09","valid_to":null,"version":"v01","lang":"en","lang1":null,"lang2":null,"lang3":null},"geometry":{"type":"Point","coordinates":[73.278369717000089,33.248834995000095]}},
{"type":"Feature","properties":{"admin_level":3,"name":"Kahuta","name1":null,"name2":null,"name3":null,"x_coord":73.44812933,"y_coord":33.60741425,"adm4_name":null,"adm4_name1":null,"adm4_name2":null,"adm4_name3":null,"adm4_pcode":null,"adm3_name":"Kahuta","adm3_name1":null,"adm3_name2":null,"adm3_name3":null,"adm3_pcode":"PK63002","adm2_name":"Rawalpindi","adm2_name1":null,"adm2_name2":null,"adm2_name3":null,"adm2_pcode":"PK630","adm1_name":"Punjab","adm1_name1":null,"adm1_name2":null,"adm1_name3":null,"adm1_pcode":"PK6","adm0_name":"Pakistan","adm0_name1":null,"adm0_name2":null,"adm0_name3":null,"adm0_pcode":"PK","valid_on":"2022-09-09","valid_to":null,"version":"v01","lang":"en","lang1":null,"lang2":null,"lang3":null},"geometry":{"type":"Point","coordinates":[73.448129329000096,33.607414246000076]}},
{"type":"Feature","properties":{"admin_level":3,"name":"Kallar Sayaddan","name1":null,"name2":null,"name3":null,"x_coord":73.42743922,"y_coord":33.4378794,"adm4_name":null,"adm4_name1":null,"adm4_name2":null,"adm4_name3":null,"adm4_pcode":null,"adm3_name":"Kallar Sayaddan","adm3_name1":null,"adm3_name2":null,"adm3_name3":null,"adm3_pcode":"PK63003","adm2_name":"Rawalpindi","adm2_name1":null,"adm2_name2":null,"adm2_name3":null,"adm2_pcode":"PK630","adm1_name":"Punjab","adm1_name1":null,"adm1_name2":null,"adm1_name3":null,"adm1_pcode":"PK6","adm0_name":"Pakistan","adm0_name1":null,"adm0_name2":null,"adm0_name3":null,"adm0_pcode":"PK","valid_on":"2022-09-09","valid_to":null,"version":"v01","lang":"en","lang1":null,"lang2":null,"lang3":null},"geometry":{"type":"Point","coordinates":[73.42743922000011,33.437879398000064]}},
{"type":"Feature","properties":{"admin_level":3,"name":"Kotli Sattian","name1":null,"name2":null,"name3":null,"x_coord":73.52220694,"y_coord":33.81573992,"adm4_name":null,"adm4_name1":null,"adm4_name2":null,"adm4_name3":null,"adm4_pcode":null,"adm3_name":"Kotli Sattian","adm3_name1":null,"adm3_name2":null,"adm3_name3":null,"adm3_pcode":"PK63004","adm2_name":"Rawalpindi","adm2_name1":null,"adm2_name2":null,"adm2_name3":null,"adm2_pcode":"PK630","adm1_name":"Punjab","adm1_name1":null,"adm1_name2":null,"adm1_name3":null,"adm1_pcode":"PK6","adm0_name":"Pakistan","adm0_name1":null,"adm0_name2":null,"adm0_name3":null,"adm0_pcode":"PK","valid_on":"2022-09-09","valid_to":null,"version":"v01","lang":"en","lang1":null,"lang2":null,"lang3":null},"geometry":{"type":"Point","coordinates":[73.522206937000135,33.815739922000148]}},
{"type":"Feature","properties":{"admin_level":3,"name":"Murree","name1":null,"name2":null,"name3":null,"x_coord":73.410509,"y_coord":33.87136562,"adm4_name":null,"adm4_name1":null,"adm4_name2":null,"adm4_name3":null,"adm4_pcode":null,"adm3_name":"Murree","adm3_name1":null,"adm3_name2":null,"adm3_name3":null,"adm3_pcode":"PK63005","adm2_name":"Rawalpindi","adm2_name1":null,"adm2_name2":null,"adm2_name3":null,"adm2_pcode":"PK630","adm1_name":"Punjab","adm1_name1":null,"adm1_name2":null,"adm1_name3":null,"adm1_pcode":"PK6","adm0_name":"Pakistan","adm0_name1":null,"adm0_name2":null,"adm0_name3":null,"adm0_pcode":"PK","valid_on":"2022-09-09","valid_to":null,"version":"v01","lang":"en","lang1":null,"lang2":null,"lang3":null},"geometry":{"type":"Point","coordinates":[73.410509001000094,33.871365616000105]}},
{"type":"Feature","properties":{"admin_level":3,"name":"Rawalpindi","name1":null,"name2":null,"name3":null,"x_coord":72.97904641,"y_coord":33.40541791,"adm4_name":null,"adm4_name1":null,"adm4_name2":null,"adm4_name3":null,"adm4_pcode":null,"adm3_name":"Rawalpindi","adm3_name1":null,"adm3_name2":null,"adm3_name3":null,"adm3_pcode":"PK63006","adm2_name":"Rawalpindi","adm2_name1":null,"adm2_name2":null,"adm2_name3":null,"adm2_pcode":"PK630","adm1_name":"Punjab","adm1_name1":null,"adm1_name2":null,"adm1_name3":null,"adm1_pcode":"PK6","adm0_name":"Pakistan","adm0_name1":null,"adm0_name2":null,"adm0_name3":null,"adm0_pcode":"PK","valid_on":"2022-09-09","valid_to":null,"version":"v01","lang":"en","lang1":null,"lang2":null,"lang3":null},"geometry":{"type":"Point","coordinates":[72.979046410000024,33.405417913000122]}},
{"type":"Feature","properties":{"admin_level":3,"name":"Taxila","name1":null,"name2":null,"name3":null,"x_coord":72.82377937,"y_coord":33.73144391,"adm4_name":null,"adm4_name1":null,"adm4_name2":null,"adm4_name3":null,"adm4_pcode":null,"adm3_name":"Taxila","adm3_name1":null,"adm3_name2":null,"adm3_name3":null,"adm3_pcode":"PK63007","adm2_name":"Rawalpindi","adm2_name1":null,"adm2_name2":null,"adm2_name3":null,"adm2_pcode":"PK630","adm1_name":"Punjab","adm1_name1":null,"adm1_name2":null,"adm1_name3":null,"adm1_pcode":"PK6","adm0_name":"Pakistan","adm0_name1":null,"adm0_name2":null,"adm0_name3":null,"adm0_pcode":"PK","valid_on":"2022-09-09","valid_to":null,"version":"v01","lang":"en","lang1":null,"lang2":null,"lang3":null},"geometry":{"type":"Point","coordinates":[72.823779369000079,33.731443908000188]}},
{"type":"Feature","properties":{"admin_level":3,"name":"Chichawatni","name1":null,"name2":null,"name3":null,"x_coord":72.68694125,"y_coord":30.42937472,"adm4_name":null,"adm4_name1":null,"adm4_name2":null,"adm4_name3":null,"adm4_pcode":null,"adm3_name":"Chichawatni","adm3_name1":null,"adm3_name2":null,"adm3_name3":null,"adm3_pcode":"PK63101","adm2_name":"Sahiwal","adm2_name1":null,"adm2_name2":null,"adm2_name3":null,"adm2_pcode":"PK631","adm1_name":"Punjab","adm1_name1":null,"adm1_name2":null,"adm1_name3":null,"adm1_pcode":"PK6","adm0_name":"Pakistan","adm0_name1":null,"adm0_name2":null,"adm0_name3":null,"adm0_pcode":"PK","valid_on":"2022-09-09","valid_to":null,"version":"v01","lang":"en","lang1":null,"lang2":null,"lang3":null},"geometry":{"type":"Point","coordinates":[72.686941248000096,30.429374716000098]}},
{"type":"Feature","properties":{"admin_level":3,"name":"Sahiwal","name1":null,"name2":null,"name3":null,"x_coord":73.10994107,"y_coord":30.67018021,"adm4_name":null,"adm4_name1":null,"adm4_name2":null,"adm4_name3":null,"adm4_pcode":null,"adm3_name":"Sahiwal","adm3_name1":null,"adm3_name2":null,"adm3_name3":null,"adm3_pcode":"PK63102","adm2_name":"Sahiwal","adm2_name1":null,"adm2_name2":null,"adm2_name3":null,"adm2_pcode":"PK631","adm1_name":"Punjab","adm1_name1":null,"adm1_name2":null,"adm1_name3":null,"adm1_pcode":"PK6","adm0_name":"Pakistan","adm0_name1":null,"adm0_name2":null,"adm0_name3":null,"adm0_pcode":"PK","valid_on":"2022-09-09","valid_to":null,"version":"v01","lang":"en","lang1":null,"lang2":null,"lang3":null},"geometry":{"type":"Point","coordinates":[73.10994107300013,30.670180214000084]}},
{"type":"Feature","properties":{"admin_level":3,"name":"Bhalwal","name1":null,"name2":null,"name3":null,"x_coord":72.92859778,"y_coord":32.27596931,"adm4_name":null,"adm4_name1":null,"adm4_name2":null,"adm4_name3":null,"adm4_pcode":null,"adm3_name":"Bhalwal","adm3_name1":null,"adm3_name2":null,"adm3_name3":null,"adm3_pcode":"PK63201","adm2_name":"Sargodha","adm2_name1":null,"adm2_name2":null,"adm2_name3":null,"adm2_pcode":"PK632","adm1_name":"Punjab","adm1_name1":null,"adm1_name2":null,"adm1_name3":null,"adm1_pcode":"PK6","adm0_name":"Pakistan","adm0_name1":null,"adm0_name2":null,"adm0_name3":null,"adm0_pcode":"PK","valid_on":"2022-09-09","valid_to":null,"version":"v01","lang":"en","lang1":null,"lang2":null,"lang3":null},"geometry":{"type":"Point","coordinates":[72.928597785000079,32.275969311000097]}},
{"type":"Feature","properties":{"admin_level":3,"name":"Kot Momin","name1":null,"name2":null,"name3":null,"x_coord":73.10994721,"y_coord":32.0962413,"adm4_name":null,"adm4_name1":null,"adm4_name2":null,"adm4_name3":null,"adm4_pcode":null,"adm3_name":"Kot Momin","adm3_name1":null,"adm3_name2":null,"adm3_name3":null,"adm3_pcode":"PK63202","adm2_name":"Sargodha","adm2_name1":null,"adm2_name2":null,"adm2_name3":null,"adm2_pcode":"PK632","adm1_name":"Punjab","adm1_name1":null,"adm1_name2":null,"adm1_name3":null,"adm1_pcode":"PK6","adm0_name":"Pakistan","adm0_name1":null,"adm0_name2":null,"adm0_name3":null,"adm0_pcode":"PK","valid_on":"2022-09-09","valid_to":null,"version":"v01","lang":"en","lang1":null,"lang2":null,"lang3":null},"geometry":{"type":"Point","coordinates":[73.10994720500014,32.096241300000031]}},
{"type":"Feature","properties":{"admin_level":3,"name":"Sahiwal","name1":null,"name2":null,"name3":null,"x_coord":72.39593611,"y_coord":31.88310328,"adm4_name":null,"adm4_name1":null,"adm4_name2":null,"adm4_name3":null,"adm4_pcode":null,"adm3_name":"Sahiwal","adm3_name1":null,"adm3_name2":null,"adm3_name3":null,"adm3_pcode":"PK63203","adm2_name":"Sargodha","adm2_name1":null,"adm2_name2":null,"adm2_name3":null,"adm2_pcode":"PK632","adm1_name":"Punjab","adm1_name1":null,"adm1_name2":null,"adm1_name3":null,"adm1_pcode":"PK6","adm0_name":"Pakistan","adm0_name1":null,"adm0_name2":null,"adm0_name3":null,"adm0_pcode":"PK","valid_on":"2022-09-09","valid_to":null,"version":"v01","lang":"en","lang1":null,"lang2":null,"lang3":null},"geometry":{"type":"Point","coordinates":[72.395936112000186,31.883103276000043]}},
{"type":"Feature","properties":{"admin_level":3,"name":"Sargodha","name1":null,"name2":null,"name3":null,"x_coord":72.72864499000001,"y_coord":32.05424719,"adm4_name":null,"adm4_name1":null,"adm4_name2":null,"adm4_name3":null,"adm4_pcode":null,"adm3_name":"Sargodha","adm3_name1":null,"adm3_name2":null,"adm3_name3":null,"adm3_pcode":"PK63204","adm2_name":"Sargodha","adm2_name1":null,"adm2_name2":null,"adm2_name3":null,"adm2_pcode":"PK632","adm1_name":"Punjab","adm1_name1":null,"adm1_name2":null,"adm1_name3":null,"adm1_pcode":"PK6","adm0_name":"Pakistan","adm0_name1":null,"adm0_name2":null,"adm0_name3":null,"adm0_pcode":"PK","valid_on":"2022-09-09","valid_to":null,"version":"v01","lang":"en","lang1":null,"lang2":null,"lang3":null},"geometry":{"type":"Point","coordinates":[72.72864498600012,32.054247191000059]}},
{"type":"Feature","properties":{"admin_level":3,"name":"Shahpur","name1":null,"name2":null,"name3":null,"x_coord":72.47920885000001,"y_coord":32.19962943,"adm4_name":null,"adm4_name1":null,"adm4_name2":null,"adm4_name3":null,"adm4_pcode":null,"adm3_name":"Shahpur","adm3_name1":null,"adm3_name2":null,"adm3_name3":null,"adm3_pcode":"PK63205","adm2_name":"Sargodha","adm2_name1":null,"adm2_name2":null,"adm2_name3":null,"adm2_pcode":"PK632","adm1_name":"Punjab","adm1_name1":null,"adm1_name2":null,"adm1_name3":null,"adm1_pcode":"PK6","adm0_name":"Pakistan","adm0_name1":null,"adm0_name2":null,"adm0_name3":null,"adm0_pcode":"PK","valid_on":"2022-09-09","valid_to":null,"version":"v01","lang":"en","lang1":null,"lang2":null,"lang3":null},"geometry":{"type":"Point","coordinates":[72.479208854000092,32.199629428000151]}},
{"type":"Feature","properties":{"admin_level":3,"name":"Sillanwali","name1":null,"name2":null,"name3":null,"x_coord":72.52014543,"y_coord":31.76737243,"adm4_name":null,"adm4_name1":null,"adm4_name2":null,"adm4_name3":null,"adm4_pcode":null,"adm3_name":"Sillanwali","adm3_name1":null,"adm3_name2":null,"adm3_name3":null,"adm3_pcode":"PK63206","adm2_name":"Sargodha","adm2_name1":null,"adm2_name2":null,"adm2_name3":null,"adm2_pcode":"PK632","adm1_name":"Punjab","adm1_name1":null,"adm1_name2":null,"adm1_name3":null,"adm1_pcode":"PK6","adm0_name":"Pakistan","adm0_name1":null,"adm0_name2":null,"adm0_name3":null,"adm0_pcode":"PK","valid_on":"2022-09-09","valid_to":null,"version":"v01","lang":"en","lang1":null,"lang2":null,"lang3":null},"geometry":{"type":"Point","coordinates":[72.520145426000056,31.767372430000023]}},
{"type":"Feature","properties":{"admin_level":3,"name":"Bhera","name1":null,"name2":null,"name3":null,"x_coord":72.76429876,"y_coord":32.41209244,"adm4_name":null,"adm4_name1":null,"adm4_name2":null,"adm4_name3":null,"adm4_pcode":null,"adm3_name":"Bhera","adm3_name1":null,"adm3_name2":null,"adm3_name3":null,"adm3_pcode":"PK63207","adm2_name":"Sargodha","adm2_name1":null,"adm2_name2":null,"adm2_name3":null,"adm2_pcode":"PK632","adm1_name":"Punjab","adm1_name1":null,"adm1_name2":null,"adm1_name3":null,"adm1_pcode":"PK6","adm0_name":"Pakistan","adm0_name1":null,"adm0_name2":null,"adm0_name3":null,"adm0_pcode":"PK","valid_on":"2022-09-09","valid_to":null,"version":"v01","lang":"en","lang1":null,"lang2":null,"lang3":null},"geometry":{"type":"Point","coordinates":[72.764298755000198,32.412092439000162]}},
{"type":"Feature","properties":{"admin_level":3,"name":"Ferozewala","name1":null,"name2":null,"name3":null,"x_coord":74.28236649,"y_coord":31.70531827,"adm4_name":null,"adm4_name1":null,"adm4_name2":null,"adm4_name3":null,"adm4_pcode":null,"adm3_name":"Ferozewala","adm3_name1":null,"adm3_name2":null,"adm3_name3":null,"adm3_pcode":"PK63301","adm2_name":"Sheikhupura","adm2_name1":null,"adm2_name2":null,"adm2_name3":null,"adm2_pcode":"PK633","adm1_name":"Punjab","adm1_name1":null,"adm1_name2":null,"adm1_name3":null,"adm1_pcode":"PK6","adm0_name":"Pakistan","adm0_name1":null,"adm0_name2":null,"adm0_name3":null,"adm0_pcode":"PK","valid_on":"2022-09-09","valid_to":null,"version":"v01","lang":"en","lang1":null,"lang2":null,"lang3":null},"geometry":{"type":"Point","coordinates":[74.28236649300004,31.705318268000042]}},
{"type":"Feature","properties":{"admin_level":3,"name":"Muridke","name1":null,"name2":null,"name3":null,"x_coord":74.51873405000001,"y_coord":31.90186642,"adm4_name":null,"adm4_name1":null,"adm4_name2":null,"adm4_name3":null,"adm4_pcode":null,"adm3_name":"Muridke","adm3_name1":null,"adm3_name2":null,"adm3_name3":null,"adm3_pcode":"PK63302","adm2_name":"Sheikhupura","adm2_name1":null,"adm2_name2":null,"adm2_name3":null,"adm2_pcode":"PK633","adm1_name":"Punjab","adm1_name1":null,"adm1_name2":null,"adm1_name3":null,"adm1_pcode":"PK6","adm0_name":"Pakistan","adm0_name1":null,"adm0_name2":null,"adm0_name3":null,"adm0_pcode":"PK","valid_on":"2022-09-09","valid_to":null,"version":"v01","lang":"en","lang1":null,"lang2":null,"lang3":null},"geometry":{"type":"Point","coordinates":[74.518734048999988,31.901866422000126]}},
{"type":"Feature","properties":{"admin_level":3,"name":"Safdarabad","name1":null,"name2":null,"name3":null,"x_coord":73.61411298,"y_coord":31.75168463,"adm4_name":null,"adm4_name1":null,"adm4_name2":null,"adm4_name3":null,"adm4_pcode":null,"adm3_name":"Safdarabad","adm3_name1":null,"adm3_name2":null,"adm3_name3":null,"adm3_pcode":"PK63303","adm2_name":"Sheikhupura","adm2_name1":null,"adm2_name2":null,"adm2_name3":null,"adm2_pcode":"PK633","adm1_name":"Punjab","adm1_name1":null,"adm1_name2":null,"adm1_name3":null,"adm1_pcode":"PK6","adm0_name":"Pakistan","adm0_name1":null,"adm0_name2":null,"adm0_name3":null,"adm0_pcode":"PK","valid_on":"2022-09-09","valid_to":null,"version":"v01","lang":"en","lang1":null,"lang2":null,"lang3":null},"geometry":{"type":"Point","coordinates":[73.614112976000172,31.751684625999985]}},
{"type":"Feature","properties":{"admin_level":3,"name":"Sharak Pur","name1":null,"name2":null,"name3":null,"x_coord":74.06538124,"y_coord":31.49914265,"adm4_name":null,"adm4_name1":null,"adm4_name2":null,"adm4_name3":null,"adm4_pcode":null,"adm3_name":"Sharak Pur","adm3_name1":null,"adm3_name2":null,"adm3_name3":null,"adm3_pcode":"PK63304","adm2_name":"Sheikhupura","adm2_name1":null,"adm2_name2":null,"adm2_name3":null,"adm2_pcode":"PK633","adm1_name":"Punjab","adm1_name1":null,"adm1_name2":null,"adm1_name3":null,"adm1_pcode":"PK6","adm0_name":"Pakistan","adm0_name1":null,"adm0_name2":null,"adm0_name3":null,"adm0_pcode":"PK","valid_on":"2022-09-09","valid_to":null,"version":"v01","lang":"en","lang1":null,"lang2":null,"lang3":null},"geometry":{"type":"Point","coordinates":[74.065381237000054,31.499142652000046]}},
{"type":"Feature","properties":{"admin_level":3,"name":"Sheikhupura","name1":null,"name2":null,"name3":null,"x_coord":73.93551851,"y_coord":31.73697542,"adm4_name":null,"adm4_name1":null,"adm4_name2":null,"adm4_name3":null,"adm4_pcode":null,"adm3_name":"Sheikhupura","adm3_name1":null,"adm3_name2":null,"adm3_name3":null,"adm3_pcode":"PK63305","adm2_name":"Sheikhupura","adm2_name1":null,"adm2_name2":null,"adm2_name3":null,"adm2_pcode":"PK633","adm1_name":"Punjab","adm1_name1":null,"adm1_name2":null,"adm1_name3":null,"adm1_pcode":"PK6","adm0_name":"Pakistan","adm0_name1":null,"adm0_name2":null,"adm0_name3":null,"adm0_pcode":"PK","valid_on":"2022-09-09","valid_to":null,"version":"v01","lang":"en","lang1":null,"lang2":null,"lang3":null},"geometry":{"type":"Point","coordinates":[73.935518507000154,31.736975416000121]}},
{"type":"Feature","properties":{"admin_level":3,"name":"Daska","name1":null,"name2":null,"name3":null,"x_coord":74.39214195,"y_coord":32.26564805,"adm4_name":null,"adm4_name1":null,"adm4_name2":null,"adm4_name3":null,"adm4_pcode":null,"adm3_name":"Daska","adm3_name1":null,"adm3_name2":null,"adm3_name3":null,"adm3_pcode":"PK63401","adm2_name":"Sialkot","adm2_name1":null,"adm2_name2":null,"adm2_name3":null,"adm2_pcode":"PK634","adm1_name":"Punjab","adm1_name1":null,"adm1_name2":null,"adm1_name3":null,"adm1_pcode":"PK6","adm0_name":"Pakistan","adm0_name1":null,"adm0_name2":null,"adm0_name3":null,"adm0_pcode":"PK","valid_on":"2022-09-09","valid_to":null,"version":"v01","lang":"en","lang1":null,"lang2":null,"lang3":null},"geometry":{"type":"Point","coordinates":[74.392141953000191,32.265648050000095]}},
{"type":"Feature","properties":{"admin_level":3,"name":"Pasrur","name1":null,"name2":null,"name3":null,"x_coord":74.65002355,"y_coord":32.27038333,"adm4_name":null,"adm4_name1":null,"adm4_name2":null,"adm4_name3":null,"adm4_pcode":null,"adm3_name":"Pasrur","adm3_name1":null,"adm3_name2":null,"adm3_name3":null,"adm3_pcode":"PK63402","adm2_name":"Sialkot","adm2_name1":null,"adm2_name2":null,"adm2_name3":null,"adm2_pcode":"PK634","adm1_name":"Punjab","adm1_name1":null,"adm1_name2":null,"adm1_name3":null,"adm1_pcode":"PK6","adm0_name":"Pakistan","adm0_name1":null,"adm0_name2":null,"adm0_name3":null,"adm0_pcode":"PK","valid_on":"2022-09-09","valid_to":null,"version":"v01","lang":"en","lang1":null,"lang2":null,"lang3":null},"geometry":{"type":"Point","coordinates":[74.65002354700016,32.270383327000104]}},
{"type":"Feature","properties":{"admin_level":3,"name":"Sambrial","name1":null,"name2":null,"name3":null,"x_coord":74.3194897,"y_coord":32.49807373,"adm4_name":null,"adm4_name1":null,"adm4_name2":null,"adm4_name3":null,"adm4_pcode":null,"adm3_name":"Sambrial","adm3_name1":null,"adm3_name2":null,"adm3_name3":null,"adm3_pcode":"PK63403","adm2_name":"Sialkot","adm2_name1":null,"adm2_name2":null,"adm2_name3":null,"adm2_pcode":"PK634","adm1_name":"Punjab","adm1_name1":null,"adm1_name2":null,"adm1_name3":null,"adm1_pcode":"PK6","adm0_name":"Pakistan","adm0_name1":null,"adm0_name2":null,"adm0_name3":null,"adm0_pcode":"PK","valid_on":"2022-09-09","valid_to":null,"version":"v01","lang":"en","lang1":null,"lang2":null,"lang3":null},"geometry":{"type":"Point","coordinates":[74.319489703000102,32.498073729000168]}},
{"type":"Feature","properties":{"admin_level":3,"name":"Sialkot","name1":null,"name2":null,"name3":null,"x_coord":74.52161195,"y_coord":32.59539827,"adm4_name":null,"adm4_name1":null,"adm4_name2":null,"adm4_name3":null,"adm4_pcode":null,"adm3_name":"Sialkot","adm3_name1":null,"adm3_name2":null,"adm3_name3":null,"adm3_pcode":"PK63404","adm2_name":"Sialkot","adm2_name1":null,"adm2_name2":null,"adm2_name3":null,"adm2_pcode":"PK634","adm1_name":"Punjab","adm1_name1":null,"adm1_name2":null,"adm1_name3":null,"adm1_pcode":"PK6","adm0_name":"Pakistan","adm0_name1":null,"adm0_name2":null,"adm0_name3":null,"adm0_pcode":"PK","valid_on":"2022-09-09","valid_to":null,"version":"v01","lang":"en","lang1":null,"lang2":null,"lang3":null},"geometry":{"type":"Point","coordinates":[74.52161194700011,32.595398266000132]}},
{"type":"Feature","properties":{"admin_level":3,"name":"Gojra","name1":null,"name2":null,"name3":null,"x_coord":72.62914007000001,"y_coord":31.14454895,"adm4_name":null,"adm4_name1":null,"adm4_name2":null,"adm4_name3":null,"adm4_pcode":null,"adm3_name":"Gojra","adm3_name1":null,"adm3_name2":null,"adm3_name3":null,"adm3_pcode":"PK63501","adm2_name":"Toba Tek Singh","adm2_name1":null,"adm2_name2":null,"adm2_name3":null,"adm2_pcode":"PK635","adm1_name":"Punjab","adm1_name1":null,"adm1_name2":null,"adm1_name3":null,"adm1_pcode":"PK6","adm0_name":"Pakistan","adm0_name1":null,"adm0_name2":null,"adm0_name3":null,"adm0_pcode":"PK","valid_on":"2022-09-09","valid_to":null,"version":"v01","lang":"en","lang1":null,"lang2":null,"lang3":null},"geometry":{"type":"Point","coordinates":[72.629140069000186,31.144548952000036]}},
{"type":"Feature","properties":{"admin_level":3,"name":"Kamalia","name1":null,"name2":null,"name3":null,"x_coord":72.64994191,"y_coord":30.66373054,"adm4_name":null,"adm4_name1":null,"adm4_name2":null,"adm4_name3":null,"adm4_pcode":null,"adm3_name":"Kamalia","adm3_name1":null,"adm3_name2":null,"adm3_name3":null,"adm3_pcode":"PK63502","adm2_name":"Toba Tek Singh","adm2_name1":null,"adm2_name2":null,"adm2_name3":null,"adm2_pcode":"PK635","adm1_name":"Punjab","adm1_name1":null,"adm1_name2":null,"adm1_name3":null,"adm1_pcode":"PK6","adm0_name":"Pakistan","adm0_name1":null,"adm0_name2":null,"adm0_name3":null,"adm0_pcode":"PK","valid_on":"2022-09-09","valid_to":null,"version":"v01","lang":"en","lang1":null,"lang2":null,"lang3":null},"geometry":{"type":"Point","coordinates":[72.649941909000063,30.66373054100012]}},
{"type":"Feature","properties":{"admin_level":3,"name":"Toba Tek Singh","name1":null,"name2":null,"name3":null,"x_coord":72.55095922,"y_coord":30.94159403,"adm4_name":null,"adm4_name1":null,"adm4_name2":null,"adm4_name3":null,"adm4_pcode":null,"adm3_name":"Toba Tek Singh","adm3_name1":null,"adm3_name2":null,"adm3_name3":null,"adm3_pcode":"PK63503","adm2_name":"Toba Tek Singh","adm2_name1":null,"adm2_name2":null,"adm2_name3":null,"adm2_pcode":"PK635","adm1_name":"Punjab","adm1_name1":null,"adm1_name2":null,"adm1_name3":null,"adm1_pcode":"PK6","adm0_name":"Pakistan","adm0_name1":null,"adm0_name2":null,"adm0_name3":null,"adm0_pcode":"PK","valid_on":"2022-09-09","valid_to":null,"version":"v01","lang":"en","lang1":null,"lang2":null,"lang3":null},"geometry":{"type":"Point","coordinates":[72.550959218000173,30.941594032000069]}},
{"type":"Feature","properties":{"admin_level":3,"name":"Pir Mahal","name1":null,"name2":null,"name3":null,"x_coord":72.44828127,"y_coord":30.7349061,"adm4_name":null,"adm4_name1":null,"adm4_name2":null,"adm4_name3":null,"adm4_pcode":null,"adm3_name":"Pir Mahal","adm3_name1":null,"adm3_name2":null,"adm3_name3":null,"adm3_pcode":"PK63504","adm2_name":"Toba Tek Singh","adm2_name1":null,"adm2_name2":null,"adm2_name3":null,"adm2_pcode":"PK635","adm1_name":"Punjab","adm1_name1":null,"adm1_name2":null,"adm1_name3":null,"adm1_pcode":"PK6","adm0_name":"Pakistan","adm0_name1":null,"adm0_name2":null,"adm0_name3":null,"adm0_pcode":"PK","valid_on":"2022-09-09","valid_to":null,"version":"v01","lang":"en","lang1":null,"lang2":null,"lang3":null},"geometry":{"type":"Point","coordinates":[72.448281267000084,30.734906095000099]}},
{"type":"Feature","properties":{"admin_level":3,"name":"Burewala","name1":null,"name2":null,"name3":null,"x_coord":72.75898407,"y_coord":30.1311815,"adm4_name":null,"adm4_name1":null,"adm4_name2":null,"adm4_name3":null,"adm4_pcode":null,"adm3_name":"Burewala","adm3_name1":null,"adm3_name2":null,"adm3_name3":null,"adm3_pcode":"PK63601","adm2_name":"Vehari","adm2_name1":null,"adm2_name2":null,"adm2_name3":null,"adm2_pcode":"PK636","adm1_name":"Punjab","adm1_name1":null,"adm1_name2":null,"adm1_name3":null,"adm1_pcode":"PK6","adm0_name":"Pakistan","adm0_name1":null,"adm0_name2":null,"adm0_name3":null,"adm0_pcode":"PK","valid_on":"2022-09-09","valid_to":null,"version":"v01","lang":"en","lang1":null,"lang2":null,"lang3":null},"geometry":{"type":"Point","coordinates":[72.75898407,30.131181496000181]}},
{"type":"Feature","properties":{"admin_level":3,"name":"Mailsi","name1":null,"name2":null,"name3":null,"x_coord":72.12887289,"y_coord":29.84250579,"adm4_name":null,"adm4_name1":null,"adm4_name2":null,"adm4_name3":null,"adm4_pcode":null,"adm3_name":"Mailsi","adm3_name1":null,"adm3_name2":null,"adm3_name3":null,"adm3_pcode":"PK63602","adm2_name":"Vehari","adm2_name1":null,"adm2_name2":null,"adm2_name3":null,"adm2_pcode":"PK636","adm1_name":"Punjab","adm1_name1":null,"adm1_name2":null,"adm1_name3":null,"adm1_pcode":"PK6","adm0_name":"Pakistan","adm0_name1":null,"adm0_name2":null,"adm0_name3":null,"adm0_pcode":"PK","valid_on":"2022-09-09","valid_to":null,"version":"v01","lang":"en","lang1":null,"lang2":null,"lang3":null},"geometry":{"type":"Point","coordinates":[72.128872888000103,29.842505786000117]}},
{"type":"Feature","properties":{"admin_level":3,"name":"Vehari","name1":null,"name2":null,"name3":null,"x_coord":72.36306277,"y_coord":30.0131552,"adm4_name":null,"adm4_name1":null,"adm4_name2":null,"adm4_name3":null,"adm4_pcode":null,"adm3_name":"Vehari","adm3_name1":null,"adm3_name2":null,"adm3_name3":null,"adm3_pcode":"PK63603","adm2_name":"Vehari","adm2_name1":null,"adm2_name2":null,"adm2_name3":null,"adm2_pcode":"PK636","adm1_name":"Punjab","adm1_name1":null,"adm1_name2":null,"adm1_name3":null,"adm1_pcode":"PK6","adm0_name":"Pakistan","adm0_name1":null,"adm0_name2":null,"adm0_name3":null,"adm0_pcode":"PK","valid_on":"2022-09-09","valid_to":null,"version":"v01","lang":"en","lang1":null,"lang2":null,"lang3":null},"geometry":{"type":"Point","coordinates":[72.363062766000041,30.013155200000142]}},
{"type":"Feature","properties":{"admin_level":3,"name":"Badin","name1":null,"name2":null,"name3":null,"x_coord":68.90285553,"y_coord":24.48766082,"adm4_name":null,"adm4_name1":null,"adm4_name2":null,"adm4_name3":null,"adm4_pcode":null,"adm3_name":"Badin","adm3_name1":null,"adm3_name2":null,"adm3_name3":null,"adm3_pcode":"PK70101","adm2_name":"Badin","adm2_name1":null,"adm2_name2":null,"adm2_name3":null,"adm2_pcode":"PK701","adm1_name":"Sindh","adm1_name1":null,"adm1_name2":null,"adm1_name3":null,"adm1_pcode":"PK7","adm0_name":"Pakistan","adm0_name1":null,"adm0_name2":null,"adm0_name3":null,"adm0_pcode":"PK","valid_on":"2022-09-09","valid_to":null,"version":"v01","lang":"en","lang1":null,"lang2":null,"lang3":null},"geometry":{"type":"Point","coordinates":[68.902855529000078,24.487660815000083]}},
{"type":"Feature","properties":{"admin_level":3,"name":"Matli","name1":null,"name2":null,"name3":null,"x_coord":68.81250651000001,"y_coord":25.13087496,"adm4_name":null,"adm4_name1":null,"adm4_name2":null,"adm4_name3":null,"adm4_pcode":null,"adm3_name":"Matli","adm3_name1":null,"adm3_name2":null,"adm3_name3":null,"adm3_pcode":"PK70102","adm2_name":"Badin","adm2_name1":null,"adm2_name2":null,"adm2_name3":null,"adm2_pcode":"PK701","adm1_name":"Sindh","adm1_name1":null,"adm1_name2":null,"adm1_name3":null,"adm1_pcode":"PK7","adm0_name":"Pakistan","adm0_name1":null,"adm0_name2":null,"adm0_name3":null,"adm0_pcode":"PK","valid_on":"2022-09-09","valid_to":null,"version":"v01","lang":"en","lang1":null,"lang2":null,"lang3":null},"geometry":{"type":"Point","coordinates":[68.812506509,25.130874961000075]}},
{"type":"Feature","properties":{"admin_level":3,"name":"Shaheed Fazil Rahu","name1":null,"name2":null,"name3":null,"x_coord":68.55071426000001,"y_coord":24.64122157,"adm4_name":null,"adm4_name1":null,"adm4_name2":null,"adm4_name3":null,"adm4_pcode":null,"adm3_name":"Shaheed Fazil Rahu","adm3_name1":null,"adm3_name2":null,"adm3_name3":null,"adm3_pcode":"PK70103","adm2_name":"Badin","adm2_name1":null,"adm2_name2":null,"adm2_name3":null,"adm2_pcode":"PK701","adm1_name":"Sindh","adm1_name1":null,"adm1_name2":null,"adm1_name3":null,"adm1_pcode":"PK7","adm0_name":"Pakistan","adm0_name1":null,"adm0_name2":null,"adm0_name3":null,"adm0_pcode":"PK","valid_on":"2022-09-09","valid_to":null,"version":"v01","lang":"en","lang1":null,"lang2":null,"lang3":null},"geometry":{"type":"Point","coordinates":[68.550714263000145,24.641221569000038]}},
{"type":"Feature","properties":{"admin_level":3,"name":"Talhar","name1":null,"name2":null,"name3":null,"x_coord":68.89372039,"y_coord":24.87705939,"adm4_name":null,"adm4_name1":null,"adm4_name2":null,"adm4_name3":null,"adm4_pcode":null,"adm3_name":"Talhar","adm3_name1":null,"adm3_name2":null,"adm3_name3":null,"adm3_pcode":"PK70104","adm2_name":"Badin","adm2_name1":null,"adm2_name2":null,"adm2_name3":null,"adm2_pcode":"PK701","adm1_name":"Sindh","adm1_name1":null,"adm1_name2":null,"adm1_name3":null,"adm1_pcode":"PK7","adm0_name":"Pakistan","adm0_name1":null,"adm0_name2":null,"adm0_name3":null,"adm0_pcode":"PK","valid_on":"2022-09-09","valid_to":null,"version":"v01","lang":"en","lang1":null,"lang2":null,"lang3":null},"geometry":{"type":"Point","coordinates":[68.893720389000066,24.877059392000149]}},
{"type":"Feature","properties":{"admin_level":3,"name":"Tando Bago","name1":null,"name2":null,"name3":null,"x_coord":69.11948766,"y_coord":24.77126648,"adm4_name":null,"adm4_name1":null,"adm4_name2":null,"adm4_name3":null,"adm4_pcode":null,"adm3_name":"Tando Bago","adm3_name1":null,"adm3_name2":null,"adm3_name3":null,"adm3_pcode":"PK70105","adm2_name":"Badin","adm2_name1":null,"adm2_name2":null,"adm2_name3":null,"adm2_pcode":"PK701","adm1_name":"Sindh","adm1_name1":null,"adm1_name2":null,"adm1_name3":null,"adm1_pcode":"PK7","adm0_name":"Pakistan","adm0_name1":null,"adm0_name2":null,"adm0_name3":null,"adm0_pcode":"PK","valid_on":"2022-09-09","valid_to":null,"version":"v01","lang":"en","lang1":null,"lang2":null,"lang3":null},"geometry":{"type":"Point","coordinates":[69.119487656000103,24.771266482000158]}},
{"type":"Feature","properties":{"admin_level":3,"name":"Gulberg Town","name1":null,"name2":null,"name3":null,"x_coord":67.07207871,"y_coord":24.93281156,"adm4_name":null,"adm4_name1":null,"adm4_name2":null,"adm4_name3":null,"adm4_pcode":null,"adm3_name":"Gulberg Town","adm3_name1":null,"adm3_name2":null,"adm3_name3":null,"adm3_pcode":"PK70201","adm2_name":"Central Karachi","adm2_name1":null,"adm2_name2":null,"adm2_name3":null,"adm2_pcode":"PK702","adm1_name":"Sindh","adm1_name1":null,"adm1_name2":null,"adm1_name3":null,"adm1_pcode":"PK7","adm0_name":"Pakistan","adm0_name1":null,"adm0_name2":null,"adm0_name3":null,"adm0_pcode":"PK","valid_on":"2022-09-09","valid_to":null,"version":"v01","lang":"en","lang1":null,"lang2":null,"lang3":null},"geometry":{"type":"Point","coordinates":[67.072078714000043,24.93281155699998]}},
{"type":"Feature","properties":{"admin_level":3,"name":"Liaqatabad Town","name1":null,"name2":null,"name3":null,"x_coord":67.04129737,"y_coord":24.90324168,"adm4_name":null,"adm4_name1":null,"adm4_name2":null,"adm4_name3":null,"adm4_pcode":null,"adm3_name":"Liaqatabad Town","adm3_name1":null,"adm3_name2":null,"adm3_name3":null,"adm3_pcode":"PK70202","adm2_name":"Central Karachi","adm2_name1":null,"adm2_name2":null,"adm2_name3":null,"adm2_pcode":"PK702","adm1_name":"Sindh","adm1_name1":null,"adm1_name2":null,"adm1_name3":null,"adm1_pcode":"PK7","adm0_name":"Pakistan","adm0_name1":null,"adm0_name2":null,"adm0_name3":null,"adm0_pcode":"PK","valid_on":"2022-09-09","valid_to":null,"version":"v01","lang":"en","lang1":null,"lang2":null,"lang3":null},"geometry":{"type":"Point","coordinates":[67.041297372000145,24.90324168]}},
{"type":"Feature","properties":{"admin_level":3,"name":"New Karachi Town","name1":null,"name2":null,"name3":null,"x_coord":67.06979766000001,"y_coord":24.9834182,"adm4_name":null,"adm4_name1":null,"adm4_name2":null,"adm4_name3":null,"adm4_pcode":null,"adm3_name":"New Karachi Town","adm3_name1":null,"adm3_name2":null,"adm3_name3":null,"adm3_pcode":"PK70203","adm2_name":"Central Karachi","adm2_name1":null,"adm2_name2":null,"adm2_name3":null,"adm2_pcode":"PK702","adm1_name":"Sindh","adm1_name1":null,"adm1_name2":null,"adm1_name3":null,"adm1_pcode":"PK7","adm0_name":"Pakistan","adm0_name1":null,"adm0_name2":null,"adm0_name3":null,"adm0_pcode":"PK","valid_on":"2022-09-09","valid_to":null,"version":"v01","lang":"en","lang1":null,"lang2":null,"lang3":null},"geometry":{"type":"Point","coordinates":[67.069797663000031,24.983418204000088]}},
{"type":"Feature","properties":{"admin_level":3,"name":"North Nazimabad Town","name1":null,"name2":null,"name3":null,"x_coord":67.03815024,"y_coord":24.93422815,"adm4_name":null,"adm4_name1":null,"adm4_name2":null,"adm4_name3":null,"adm4_pcode":null,"adm3_name":"North Nazimabad Town","adm3_name1":null,"adm3_name2":null,"adm3_name3":null,"adm3_pcode":"PK70204","adm2_name":"Central Karachi","adm2_name1":null,"adm2_name2":null,"adm2_name3":null,"adm2_pcode":"PK702","adm1_name":"Sindh","adm1_name1":null,"adm1_name2":null,"adm1_name3":null,"adm1_pcode":"PK7","adm0_name":"Pakistan","adm0_name1":null,"adm0_name2":null,"adm0_name3":null,"adm0_pcode":"PK","valid_on":"2022-09-09","valid_to":null,"version":"v01","lang":"en","lang1":null,"lang2":null,"lang3":null},"geometry":{"type":"Point","coordinates":[67.038150241000039,24.934228148000045]}},
{"type":"Feature","properties":{"admin_level":3,"name":"Dadu","name1":null,"name2":null,"name3":null,"x_coord":67.77784032,"y_coord":26.79866641,"adm4_name":null,"adm4_name1":null,"adm4_name2":null,"adm4_name3":null,"adm4_pcode":null,"adm3_name":"Dadu","adm3_name1":null,"adm3_name2":null,"adm3_name3":null,"adm3_pcode":"PK70301","adm2_name":"Dadu","adm2_name1":null,"adm2_name2":null,"adm2_name3":null,"adm2_pcode":"PK703","adm1_name":"Sindh","adm1_name1":null,"adm1_name2":null,"adm1_name3":null,"adm1_pcode":"PK7","adm0_name":"Pakistan","adm0_name1":null,"adm0_name2":null,"adm0_name3":null,"adm0_pcode":"PK","valid_on":"2022-09-09","valid_to":null,"version":"v01","lang":"en","lang1":null,"lang2":null,"lang3":null},"geometry":{"type":"Point","coordinates":[67.777840316000152,26.798666414000024]}},
{"type":"Feature","properties":{"admin_level":3,"name":"Johi","name1":null,"name2":null,"name3":null,"x_coord":67.39305988,"y_coord":26.53307631,"adm4_name":null,"adm4_name1":null,"adm4_name2":null,"adm4_name3":null,"adm4_pcode":null,"adm3_name":"Johi","adm3_name1":null,"adm3_name2":null,"adm3_name3":null,"adm3_pcode":"PK70302","adm2_name":"Dadu","adm2_name1":null,"adm2_name2":null,"adm2_name3":null,"adm2_pcode":"PK703","adm1_name":"Sindh","adm1_name1":null,"adm1_name2":null,"adm1_name3":null,"adm1_pcode":"PK7","adm0_name":"Pakistan","adm0_name1":null,"adm0_name2":null,"adm0_name3":null,"adm0_pcode":"PK","valid_on":"2022-09-09","valid_to":null,"version":"v01","lang":"en","lang1":null,"lang2":null,"lang3":null},"geometry":{"type":"Point","coordinates":[67.39305987500012,26.533076308000147]}},
{"type":"Feature","properties":{"admin_level":3,"name":"Khairpur Nathan Shah","name1":null,"name2":null,"name3":null,"x_coord":67.42655718,"y_coord":27.14613727,"adm4_name":null,"adm4_name1":null,"adm4_name2":null,"adm4_name3":null,"adm4_pcode":null,"adm3_name":"Khairpur Nathan Shah","adm3_name1":null,"adm3_name2":null,"adm3_name3":null,"adm3_pcode":"PK70303","adm2_name":"Dadu","adm2_name1":null,"adm2_name2":null,"adm2_name3":null,"adm2_pcode":"PK703","adm1_name":"Sindh","adm1_name1":null,"adm1_name2":null,"adm1_name3":null,"adm1_pcode":"PK7","adm0_name":"Pakistan","adm0_name1":null,"adm0_name2":null,"adm0_name3":null,"adm0_pcode":"PK","valid_on":"2022-09-09","valid_to":null,"version":"v01","lang":"en","lang1":null,"lang2":null,"lang3":null},"geometry":{"type":"Point","coordinates":[67.426557177,27.146137270999986]}},
{"type":"Feature","properties":{"admin_level":3,"name":"Mehar","name1":null,"name2":null,"name3":null,"x_coord":67.78258401,"y_coord":27.18983015,"adm4_name":null,"adm4_name1":null,"adm4_name2":null,"adm4_name3":null,"adm4_pcode":null,"adm3_name":"Mehar","adm3_name1":null,"adm3_name2":null,"adm3_name3":null,"adm3_pcode":"PK70304","adm2_name":"Dadu","adm2_name1":null,"adm2_name2":null,"adm2_name3":null,"adm2_pcode":"PK703","adm1_name":"Sindh","adm1_name1":null,"adm1_name2":null,"adm1_name3":null,"adm1_pcode":"PK7","adm0_name":"Pakistan","adm0_name1":null,"adm0_name2":null,"adm0_name3":null,"adm0_pcode":"PK","valid_on":"2022-09-09","valid_to":null,"version":"v01","lang":"en","lang1":null,"lang2":null,"lang3":null},"geometry":{"type":"Point","coordinates":[67.782584006000036,27.189830155000095]}},
{"type":"Feature","properties":{"admin_level":3,"name":"Gulshan Iqbal Town","name1":null,"name2":null,"name3":null,"x_coord":67.14122777,"y_coord":24.94950324,"adm4_name":null,"adm4_name1":null,"adm4_name2":null,"adm4_name3":null,"adm4_pcode":null,"adm3_name":"Gulshan Iqbal Town","adm3_name1":null,"adm3_name2":null,"adm3_name3":null,"adm3_pcode":"PK70401","adm2_name":"East Karachi","adm2_name1":null,"adm2_name2":null,"adm2_name3":null,"adm2_pcode":"PK704","adm1_name":"Sindh","adm1_name1":null,"adm1_name2":null,"adm1_name3":null,"adm1_pcode":"PK7","adm0_name":"Pakistan","adm0_name1":null,"adm0_name2":null,"adm0_name3":null,"adm0_pcode":"PK","valid_on":"2022-09-09","valid_to":null,"version":"v01","lang":"en","lang1":null,"lang2":null,"lang3":null},"geometry":{"type":"Point","coordinates":[67.141227767000089,24.949503244000027]}},
{"type":"Feature","properties":{"admin_level":3,"name":"Jamshaid Town","name1":null,"name2":null,"name3":null,"x_coord":67.09946624,"y_coord":24.8997817,"adm4_name":null,"adm4_name1":null,"adm4_name2":null,"adm4_name3":null,"adm4_pcode":null,"adm3_name":"Jamshaid Town","adm3_name1":null,"adm3_name2":null,"adm3_name3":null,"adm3_pcode":"PK70402","adm2_name":"East Karachi","adm2_name1":null,"adm2_name2":null,"adm2_name3":null,"adm2_pcode":"PK704","adm1_name":"Sindh","adm1_name1":null,"adm1_name2":null,"adm1_name3":null,"adm1_pcode":"PK7","adm0_name":"Pakistan","adm0_name1":null,"adm0_name2":null,"adm0_name3":null,"adm0_pcode":"PK","valid_on":"2022-09-09","valid_to":null,"version":"v01","lang":"en","lang1":null,"lang2":null,"lang3":null},"geometry":{"type":"Point","coordinates":[67.099466236000183,24.899781698000083]}},
{"type":"Feature","properties":{"admin_level":3,"name":"Daharki","name1":null,"name2":null,"name3":null,"x_coord":69.84185342000001,"y_coord":27.79189603,"adm4_name":null,"adm4_name1":null,"adm4_name2":null,"adm4_name3":null,"adm4_pcode":null,"adm3_name":"Daharki","adm3_name1":null,"adm3_name2":null,"adm3_name3":null,"adm3_pcode":"PK70501","adm2_name":"Ghotki","adm2_name1":null,"adm2_name2":null,"adm2_name3":null,"adm2_pcode":"PK705","adm1_name":"Sindh","adm1_name1":null,"adm1_name2":null,"adm1_name3":null,"adm1_pcode":"PK7","adm0_name":"Pakistan","adm0_name1":null,"adm0_name2":null,"adm0_name3":null,"adm0_pcode":"PK","valid_on":"2022-09-09","valid_to":null,"version":"v01","lang":"en","lang1":null,"lang2":null,"lang3":null},"geometry":{"type":"Point","coordinates":[69.841853419000074,27.791896027000178]}},
{"type":"Feature","properties":{"admin_level":3,"name":"Ghotki","name1":null,"name2":null,"name3":null,"x_coord":69.34846342,"y_coord":28.02051734,"adm4_name":null,"adm4_name1":null,"adm4_name2":null,"adm4_name3":null,"adm4_pcode":null,"adm3_name":"Ghotki","adm3_name1":null,"adm3_name2":null,"adm3_name3":null,"adm3_pcode":"PK70502","adm2_name":"Ghotki","adm2_name1":null,"adm2_name2":null,"adm2_name3":null,"adm2_pcode":"PK705","adm1_name":"Sindh","adm1_name1":null,"adm1_name2":null,"adm1_name3":null,"adm1_pcode":"PK7","adm0_name":"Pakistan","adm0_name1":null,"adm0_name2":null,"adm0_name3":null,"adm0_pcode":"PK","valid_on":"2022-09-09","valid_to":null,"version":"v01","lang":"en","lang1":null,"lang2":null,"lang3":null},"geometry":{"type":"Point","coordinates":[69.348463417000175,28.020517336000069]}},
{"type":"Feature","properties":{"admin_level":3,"name":"Khangarh","name1":null,"name2":null,"name3":null,"x_coord":69.35633424,"y_coord":27.62616498,"adm4_name":null,"adm4_name1":null,"adm4_name2":null,"adm4_name3":null,"adm4_pcode":null,"adm3_name":"Khangarh","adm3_name1":null,"adm3_name2":null,"adm3_name3":null,"adm3_pcode":"PK70503","adm2_name":"Ghotki","adm2_name1":null,"adm2_name2":null,"adm2_name3":null,"adm2_pcode":"PK705","adm1_name":"Sindh","adm1_name1":null,"adm1_name2":null,"adm1_name3":null,"adm1_pcode":"PK7","adm0_name":"Pakistan","adm0_name1":null,"adm0_name2":null,"adm0_name3":null,"adm0_pcode":"PK","valid_on":"2022-09-09","valid_to":null,"version":"v01","lang":"en","lang1":null,"lang2":null,"lang3":null},"geometry":{"type":"Point","coordinates":[69.356334244000095,27.62616498]}},
{"type":"Feature","properties":{"admin_level":3,"name":"Mirpur Mathelo","name1":null,"name2":null,"name3":null,"x_coord":69.45442194,"y_coord":27.8471394,"adm4_name":null,"adm4_name1":null,"adm4_name2":null,"adm4_name3":null,"adm4_pcode":null,"adm3_name":"Mirpur Mathelo","adm3_name1":null,"adm3_name2":null,"adm3_name3":null,"adm3_pcode":"PK70504","adm2_name":"Ghotki","adm2_name1":null,"adm2_name2":null,"adm2_name3":null,"adm2_pcode":"PK705","adm1_name":"Sindh","adm1_name1":null,"adm1_name2":null,"adm1_name3":null,"adm1_pcode":"PK7","adm0_name":"Pakistan","adm0_name1":null,"adm0_name2":null,"adm0_name3":null,"adm0_pcode":"PK","valid_on":"2022-09-09","valid_to":null,"version":"v01","lang":"en","lang1":null,"lang2":null,"lang3":null},"geometry":{"type":"Point","coordinates":[69.454421944000103,27.847139401000106]}},
{"type":"Feature","properties":{"admin_level":3,"name":"Ubauro","name1":null,"name2":null,"name3":null,"x_coord":69.68814619,"y_coord":28.21412945,"adm4_name":null,"adm4_name1":null,"adm4_name2":null,"adm4_name3":null,"adm4_pcode":null,"adm3_name":"Ubauro","adm3_name1":null,"adm3_name2":null,"adm3_name3":null,"adm3_pcode":"PK70505","adm2_name":"Ghotki","adm2_name1":null,"adm2_name2":null,"adm2_name3":null,"adm2_pcode":"PK705","adm1_name":"Sindh","adm1_name1":null,"adm1_name2":null,"adm1_name3":null,"adm1_pcode":"PK7","adm0_name":"Pakistan","adm0_name1":null,"adm0_name2":null,"adm0_name3":null,"adm0_pcode":"PK","valid_on":"2022-09-09","valid_to":null,"version":"v01","lang":"en","lang1":null,"lang2":null,"lang3":null},"geometry":{"type":"Point","coordinates":[69.688146194000183,28.214129448000051]}},
{"type":"Feature","properties":{"admin_level":3,"name":"Hyderabad","name1":null,"name2":null,"name3":null,"x_coord":68.48458431,"y_coord":25.3549688,"adm4_name":null,"adm4_name1":null,"adm4_name2":null,"adm4_name3":null,"adm4_pcode":null,"adm3_name":"Hyderabad","adm3_name1":null,"adm3_name2":null,"adm3_name3":null,"adm3_pcode":"PK70601","adm2_name":"Hyderabad","adm2_name1":null,"adm2_name2":null,"adm2_name3":null,"adm2_pcode":"PK706","adm1_name":"Sindh","adm1_name1":null,"adm1_name2":null,"adm1_name3":null,"adm1_pcode":"PK7","adm0_name":"Pakistan","adm0_name1":null,"adm0_name2":null,"adm0_name3":null,"adm0_pcode":"PK","valid_on":"2022-09-09","valid_to":null,"version":"v01","lang":"en","lang1":null,"lang2":null,"lang3":null},"geometry":{"type":"Point","coordinates":[68.484584307000034,25.354968798000129]}},
{"type":"Feature","properties":{"admin_level":3,"name":"Hyderabad City","name1":null,"name2":null,"name3":null,"x_coord":68.35063421,"y_coord":25.3686535,"adm4_name":null,"adm4_name1":null,"adm4_name2":null,"adm4_name3":null,"adm4_pcode":null,"adm3_name":"Hyderabad City","adm3_name1":null,"adm3_name2":null,"adm3_name3":null,"adm3_pcode":"PK70602","adm2_name":"Hyderabad","adm2_name1":null,"adm2_name2":null,"adm2_name3":null,"adm2_pcode":"PK706","adm1_name":"Sindh","adm1_name1":null,"adm1_name2":null,"adm1_name3":null,"adm1_pcode":"PK7","adm0_name":"Pakistan","adm0_name1":null,"adm0_name2":null,"adm0_name3":null,"adm0_pcode":"PK","valid_on":"2022-09-09","valid_to":null,"version":"v01","lang":"en","lang1":null,"lang2":null,"lang3":null},"geometry":{"type":"Point","coordinates":[68.350634208000088,25.36865349600015]}},
{"type":"Feature","properties":{"admin_level":3,"name":"Latifabad","name1":null,"name2":null,"name3":null,"x_coord":68.38590164,"y_coord":25.25875388,"adm4_name":null,"adm4_name1":null,"adm4_name2":null,"adm4_name3":null,"adm4_pcode":null,"adm3_name":"Latifabad","adm3_name1":null,"adm3_name2":null,"adm3_name3":null,"adm3_pcode":"PK70603","adm2_name":"Hyderabad","adm2_name1":null,"adm2_name2":null,"adm2_name3":null,"adm2_pcode":"PK706","adm1_name":"Sindh","adm1_name1":null,"adm1_name2":null,"adm1_name3":null,"adm1_pcode":"PK7","adm0_name":"Pakistan","adm0_name1":null,"adm0_name2":null,"adm0_name3":null,"adm0_pcode":"PK","valid_on":"2022-09-09","valid_to":null,"version":"v01","lang":"en","lang1":null,"lang2":null,"lang3":null},"geometry":{"type":"Point","coordinates":[68.385901636000142,25.258753876000185]}},
{"type":"Feature","properties":{"admin_level":3,"name":"Qasimabad","name1":null,"name2":null,"name3":null,"x_coord":68.32070568,"y_coord":25.40641977,"adm4_name":null,"adm4_name1":null,"adm4_name2":null,"adm4_name3":null,"adm4_pcode":null,"adm3_name":"Qasimabad","adm3_name1":null,"adm3_name2":null,"adm3_name3":null,"adm3_pcode":"PK70604","adm2_name":"Hyderabad","adm2_name1":null,"adm2_name2":null,"adm2_name3":null,"adm2_pcode":"PK706","adm1_name":"Sindh","adm1_name1":null,"adm1_name2":null,"adm1_name3":null,"adm1_pcode":"PK7","adm0_name":"Pakistan","adm0_name1":null,"adm0_name2":null,"adm0_name3":null,"adm0_pcode":"PK","valid_on":"2022-09-09","valid_to":null,"version":"v01","lang":"en","lang1":null,"lang2":null,"lang3":null},"geometry":{"type":"Point","coordinates":[68.320705678000024,25.406419773000096]}},
{"type":"Feature","properties":{"admin_level":3,"name":"Garhi Khairo","name1":null,"name2":null,"name3":null,"x_coord":68.14234615,"y_coord":28.07134188,"adm4_name":null,"adm4_name1":null,"adm4_name2":null,"adm4_name3":null,"adm4_pcode":null,"adm3_name":"Garhi Khairo","adm3_name1":null,"adm3_name2":null,"adm3_name3":null,"adm3_pcode":"PK70701","adm2_name":"Jacobabad","adm2_name1":null,"adm2_name2":null,"adm2_name3":null,"adm2_pcode":"PK707","adm1_name":"Sindh","adm1_name1":null,"adm1_name2":null,"adm1_name3":null,"adm1_pcode":"PK7","adm0_name":"Pakistan","adm0_name1":null,"adm0_name2":null,"adm0_name3":null,"adm0_pcode":"PK","valid_on":"2022-09-09","valid_to":null,"version":"v01","lang":"en","lang1":null,"lang2":null,"lang3":null},"geometry":{"type":"Point","coordinates":[68.142346150000151,28.071341884000105]}},
{"type":"Feature","properties":{"admin_level":3,"name":"Jacobabad","name1":null,"name2":null,"name3":null,"x_coord":68.39784926,"y_coord":28.27150553,"adm4_name":null,"adm4_name1":null,"adm4_name2":null,"adm4_name3":null,"adm4_pcode":null,"adm3_name":"Jacobabad","adm3_name1":null,"adm3_name2":null,"adm3_name3":null,"adm3_pcode":"PK70702","adm2_name":"Jacobabad","adm2_name1":null,"adm2_name2":null,"adm2_name3":null,"adm2_pcode":"PK707","adm1_name":"Sindh","adm1_name1":null,"adm1_name2":null,"adm1_name3":null,"adm1_pcode":"PK7","adm0_name":"Pakistan","adm0_name1":null,"adm0_name2":null,"adm0_name3":null,"adm0_pcode":"PK","valid_on":"2022-09-09","valid_to":null,"version":"v01","lang":"en","lang1":null,"lang2":null,"lang3":null},"geometry":{"type":"Point","coordinates":[68.397849264000115,28.271505529000137]}},
{"type":"Feature","properties":{"admin_level":3,"name":"Thul","name1":null,"name2":null,"name3":null,"x_coord":68.67771926,"y_coord":28.25776518,"adm4_name":null,"adm4_name1":null,"adm4_name2":null,"adm4_name3":null,"adm4_pcode":null,"adm3_name":"Thul","adm3_name1":null,"adm3_name2":null,"adm3_name3":null,"adm3_pcode":"PK70703","adm2_name":"Jacobabad","adm2_name1":null,"adm2_name2":null,"adm2_name3":null,"adm2_pcode":"PK707","adm1_name":"Sindh","adm1_name1":null,"adm1_name2":null,"adm1_name3":null,"adm1_pcode":"PK7","adm0_name":"Pakistan","adm0_name1":null,"adm0_name2":null,"adm0_name3":null,"adm0_pcode":"PK","valid_on":"2022-09-09","valid_to":null,"version":"v01","lang":"en","lang1":null,"lang2":null,"lang3":null},"geometry":{"type":"Point","coordinates":[68.677719260000117,28.257765182000014]}},
{"type":"Feature","properties":{"admin_level":3,"name":"Kotri","name1":null,"name2":null,"name3":null,"x_coord":68.10809206,"y_coord":25.49611261,"adm4_name":null,"adm4_name1":null,"adm4_name2":null,"adm4_name3":null,"adm4_pcode":null,"adm3_name":"Kotri","adm3_name1":null,"adm3_name2":null,"adm3_name3":null,"adm3_pcode":"PK70801","adm2_name":"Jamshoro","adm2_name1":null,"adm2_name2":null,"adm2_name3":null,"adm2_pcode":"PK708","adm1_name":"Sindh","adm1_name1":null,"adm1_name2":null,"adm1_name3":null,"adm1_pcode":"PK7","adm0_name":"Pakistan","adm0_name1":null,"adm0_name2":null,"adm0_name3":null,"adm0_pcode":"PK","valid_on":"2022-09-09","valid_to":null,"version":"v01","lang":"en","lang1":null,"lang2":null,"lang3":null},"geometry":{"type":"Point","coordinates":[68.108092056000089,25.496112615000015]}},
{"type":"Feature","properties":{"admin_level":3,"name":"Manjhand","name1":null,"name2":null,"name3":null,"x_coord":68.079224,"y_coord":25.96596199,"adm4_name":null,"adm4_name1":null,"adm4_name2":null,"adm4_name3":null,"adm4_pcode":null,"adm3_name":"Manjhand","adm3_name1":null,"adm3_name2":null,"adm3_name3":null,"adm3_pcode":"PK70802","adm2_name":"Jamshoro","adm2_name1":null,"adm2_name2":null,"adm2_name3":null,"adm2_pcode":"PK708","adm1_name":"Sindh","adm1_name1":null,"adm1_name2":null,"adm1_name3":null,"adm1_pcode":"PK7","adm0_name":"Pakistan","adm0_name1":null,"adm0_name2":null,"adm0_name3":null,"adm0_pcode":"PK","valid_on":"2022-09-09","valid_to":null,"version":"v01","lang":"en","lang1":null,"lang2":null,"lang3":null},"geometry":{"type":"Point","coordinates":[68.079223996000053,25.965961988000061]}},
{"type":"Feature","properties":{"admin_level":3,"name":"Sehwan Sharif","name1":null,"name2":null,"name3":null,"x_coord":67.67621242,"y_coord":26.24179786,"adm4_name":null,"adm4_name1":null,"adm4_name2":null,"adm4_name3":null,"adm4_pcode":null,"adm3_name":"Sehwan Sharif","adm3_name1":null,"adm3_name2":null,"adm3_name3":null,"adm3_pcode":"PK70803","adm2_name":"Jamshoro","adm2_name1":null,"adm2_name2":null,"adm2_name3":null,"adm2_pcode":"PK708","adm1_name":"Sindh","adm1_name1":null,"adm1_name2":null,"adm1_name3":null,"adm1_pcode":"PK7","adm0_name":"Pakistan","adm0_name1":null,"adm0_name2":null,"adm0_name3":null,"adm0_pcode":"PK","valid_on":"2022-09-09","valid_to":null,"version":"v01","lang":"en","lang1":null,"lang2":null,"lang3":null},"geometry":{"type":"Point","coordinates":[67.676212425000074,26.241797859000087]}},
{"type":"Feature","properties":{"admin_level":3,"name":"Thano Bula Khan","name1":null,"name2":null,"name3":null,"x_coord":67.64001294000001,"y_coord":25.54101416,"adm4_name":null,"adm4_name1":null,"adm4_name2":null,"adm4_name3":null,"adm4_pcode":null,"adm3_name":"Thano Bula Khan","adm3_name1":null,"adm3_name2":null,"adm3_name3":null,"adm3_pcode":"PK70804","adm2_name":"Jamshoro","adm2_name1":null,"adm2_name2":null,"adm2_name3":null,"adm2_pcode":"PK708","adm1_name":"Sindh","adm1_name1":null,"adm1_name2":null,"adm1_name3":null,"adm1_pcode":"PK7","adm0_name":"Pakistan","adm0_name1":null,"adm0_name2":null,"adm0_name3":null,"adm0_pcode":"PK","valid_on":"2022-09-09","valid_to":null,"version":"v01","lang":"en","lang1":null,"lang2":null,"lang3":null},"geometry":{"type":"Point","coordinates":[67.640012942000112,25.541014163000114]}},
{"type":"Feature","properties":{"admin_level":3,"name":"Meero Khan","name1":null,"name2":null,"name3":null,"x_coord":67.92756249,"y_coord":27.75862839,"adm4_name":null,"adm4_name1":null,"adm4_name2":null,"adm4_name3":null,"adm4_pcode":null,"adm3_name":"Meero Khan","adm3_name1":null,"adm3_name2":null,"adm3_name3":null,"adm3_pcode":"PK70901","adm2_name":"Kambar Shahdad Kot","adm2_name1":null,"adm2_name2":null,"adm2_name3":null,"adm2_pcode":"PK709","adm1_name":"Sindh","adm1_name1":null,"adm1_name2":null,"adm1_name3":null,"adm1_pcode":"PK7","adm0_name":"Pakistan","adm0_name1":null,"adm0_name2":null,"adm0_name3":null,"adm0_pcode":"PK","valid_on":"2022-09-09","valid_to":null,"version":"v01","lang":"en","lang1":null,"lang2":null,"lang3":null},"geometry":{"type":"Point","coordinates":[67.927562485000124,27.758628387000044]}},
{"type":"Feature","properties":{"admin_level":3,"name":"Nasir Abad","name1":null,"name2":null,"name3":null,"x_coord":67.9818449,"y_coord":27.43698224,"adm4_name":null,"adm4_name1":null,"adm4_name2":null,"adm4_name3":null,"adm4_pcode":null,"adm3_name":"Nasir Abad","adm3_name1":null,"adm3_name2":null,"adm3_name3":null,"adm3_pcode":"PK70902","adm2_name":"Kambar Shahdad Kot","adm2_name1":null,"adm2_name2":null,"adm2_name3":null,"adm2_pcode":"PK709","adm1_name":"Sindh","adm1_name1":null,"adm1_name2":null,"adm1_name3":null,"adm1_pcode":"PK7","adm0_name":"Pakistan","adm0_name1":null,"adm0_name2":null,"adm0_name3":null,"adm0_pcode":"PK","valid_on":"2022-09-09","valid_to":null,"version":"v01","lang":"en","lang1":null,"lang2":null,"lang3":null},"geometry":{"type":"Point","coordinates":[67.981844900000056,27.436982242000056]}},
{"type":"Feature","properties":{"admin_level":3,"name":"Qambar Ali Khan","name1":null,"name2":null,"name3":null,"x_coord":67.61120747,"y_coord":27.55778517,"adm4_name":null,"adm4_name1":null,"adm4_name2":null,"adm4_name3":null,"adm4_pcode":null,"adm3_name":"Qambar Ali Khan","adm3_name1":null,"adm3_name2":null,"adm3_name3":null,"adm3_pcode":"PK70903","adm2_name":"Kambar Shahdad Kot","adm2_name1":null,"adm2_name2":null,"adm2_name3":null,"adm2_pcode":"PK709","adm1_name":"Sindh","adm1_name1":null,"adm1_name2":null,"adm1_name3":null,"adm1_pcode":"PK7","adm0_name":"Pakistan","adm0_name1":null,"adm0_name2":null,"adm0_name3":null,"adm0_pcode":"PK","valid_on":"2022-09-09","valid_to":null,"version":"v01","lang":"en","lang1":null,"lang2":null,"lang3":null},"geometry":{"type":"Point","coordinates":[67.611207466000053,27.55778516700002]}},
{"type":"Feature","properties":{"admin_level":3,"name":"Qubo Saeed Khan","name1":null,"name2":null,"name3":null,"x_coord":67.56549434,"y_coord":27.80570336,"adm4_name":null,"adm4_name1":null,"adm4_name2":null,"adm4_name3":null,"adm4_pcode":null,"adm3_name":"Qubo Saeed Khan","adm3_name1":null,"adm3_name2":null,"adm3_name3":null,"adm3_pcode":"PK70904","adm2_name":"Kambar Shahdad Kot","adm2_name1":null,"adm2_name2":null,"adm2_name3":null,"adm2_pcode":"PK709","adm1_name":"Sindh","adm1_name1":null,"adm1_name2":null,"adm1_name3":null,"adm1_pcode":"PK7","adm0_name":"Pakistan","adm0_name1":null,"adm0_name2":null,"adm0_name3":null,"adm0_pcode":"PK","valid_on":"2022-09-09","valid_to":null,"version":"v01","lang":"en","lang1":null,"lang2":null,"lang3":null},"geometry":{"type":"Point","coordinates":[67.565494336000143,27.805703364000124]}},
{"type":"Feature","properties":{"admin_level":3,"name":"Shahdad Kot","name1":null,"name2":null,"name3":null,"x_coord":67.93275363,"y_coord":27.88114611,"adm4_name":null,"adm4_name1":null,"adm4_name2":null,"adm4_name3":null,"adm4_pcode":null,"adm3_name":"Shahdad Kot","adm3_name1":null,"adm3_name2":null,"adm3_name3":null,"adm3_pcode":"PK70905","adm2_name":"Kambar Shahdad Kot","adm2_name1":null,"adm2_name2":null,"adm2_name3":null,"adm2_pcode":"PK709","adm1_name":"Sindh","adm1_name1":null,"adm1_name2":null,"adm1_name3":null,"adm1_pcode":"PK7","adm0_name":"Pakistan","adm0_name1":null,"adm0_name2":null,"adm0_name3":null,"adm0_pcode":"PK","valid_on":"2022-09-09","valid_to":null,"version":"v01","lang":"en","lang1":null,"lang2":null,"lang3":null},"geometry":{"type":"Point","coordinates":[67.932753633000118,27.881146107000063]}},
{"type":"Feature","properties":{"admin_level":3,"name":"Sijawal Junejo","name1":null,"name2":null,"name3":null,"x_coord":68.12904202,"y_coord":27.80491111,"adm4_name":null,"adm4_name1":null,"adm4_name2":null,"adm4_name3":null,"adm4_pcode":null,"adm3_name":"Sijawal Junejo","adm3_name1":null,"adm3_name2":null,"adm3_name3":null,"adm3_pcode":"PK70906","adm2_name":"Kambar Shahdad Kot","adm2_name1":null,"adm2_name2":null,"adm2_name3":null,"adm2_pcode":"PK709","adm1_name":"Sindh","adm1_name1":null,"adm1_name2":null,"adm1_name3":null,"adm1_pcode":"PK7","adm0_name":"Pakistan","adm0_name1":null,"adm0_name2":null,"adm0_name3":null,"adm0_pcode":"PK","valid_on":"2022-09-09","valid_to":null,"version":"v01","lang":"en","lang1":null,"lang2":null,"lang3":null},"geometry":{"type":"Point","coordinates":[68.129042024000171,27.804911109000045]}},
{"type":"Feature","properties":{"admin_level":3,"name":"Warah","name1":null,"name2":null,"name3":null,"x_coord":67.73660442000001,"y_coord":27.42654928,"adm4_name":null,"adm4_name1":null,"adm4_name2":null,"adm4_name3":null,"adm4_pcode":null,"adm3_name":"Warah","adm3_name1":null,"adm3_name2":null,"adm3_name3":null,"adm3_pcode":"PK70907","adm2_name":"Kambar Shahdad Kot","adm2_name1":null,"adm2_name2":null,"adm2_name3":null,"adm2_pcode":"PK709","adm1_name":"Sindh","adm1_name1":null,"adm1_name2":null,"adm1_name3":null,"adm1_pcode":"PK7","adm0_name":"Pakistan","adm0_name1":null,"adm0_name2":null,"adm0_name3":null,"adm0_pcode":"PK","valid_on":"2022-09-09","valid_to":null,"version":"v01","lang":"en","lang1":null,"lang2":null,"lang3":null},"geometry":{"type":"Point","coordinates":[67.73660442400012,27.426549283000043]}},
{"type":"Feature","properties":{"admin_level":3,"name":"Kandh Kot","name1":null,"name2":null,"name3":null,"x_coord":69.20965265,"y_coord":28.19133581,"adm4_name":null,"adm4_name1":null,"adm4_name2":null,"adm4_name3":null,"adm4_pcode":null,"adm3_name":"Kandh Kot","adm3_name1":null,"adm3_name2":null,"adm3_name3":null,"adm3_pcode":"PK71001","adm2_name":"Kashmore","adm2_name1":null,"adm2_name2":null,"adm2_name3":null,"adm2_pcode":"PK710","adm1_name":"Sindh","adm1_name1":null,"adm1_name2":null,"adm1_name3":null,"adm1_pcode":"PK7","adm0_name":"Pakistan","adm0_name1":null,"adm0_name2":null,"adm0_name3":null,"adm0_pcode":"PK","valid_on":"2022-09-09","valid_to":null,"version":"v01","lang":"en","lang1":null,"lang2":null,"lang3":null},"geometry":{"type":"Point","coordinates":[69.209652653000092,28.191335811000158]}},
{"type":"Feature","properties":{"admin_level":3,"name":"Kashmore","name1":null,"name2":null,"name3":null,"x_coord":69.41575388,"y_coord":28.29161773,"adm4_name":null,"adm4_name1":null,"adm4_name2":null,"adm4_name3":null,"adm4_pcode":null,"adm3_name":"Kashmore","adm3_name1":null,"adm3_name2":null,"adm3_name3":null,"adm3_pcode":"PK71002","adm2_name":"Kashmore","adm2_name1":null,"adm2_name2":null,"adm2_name3":null,"adm2_pcode":"PK710","adm1_name":"Sindh","adm1_name1":null,"adm1_name2":null,"adm1_name3":null,"adm1_pcode":"PK7","adm0_name":"Pakistan","adm0_name1":null,"adm0_name2":null,"adm0_name3":null,"adm0_pcode":"PK","valid_on":"2022-09-09","valid_to":null,"version":"v01","lang":"en","lang1":null,"lang2":null,"lang3":null},"geometry":{"type":"Point","coordinates":[69.415753882000047,28.29161772700013]}},
{"type":"Feature","properties":{"admin_level":3,"name":"Tangwani","name1":null,"name2":null,"name3":null,"x_coord":68.98312093,"y_coord":28.26260498,"adm4_name":null,"adm4_name1":null,"adm4_name2":null,"adm4_name3":null,"adm4_pcode":null,"adm3_name":"Tangwani","adm3_name1":null,"adm3_name2":null,"adm3_name3":null,"adm3_pcode":"PK71003","adm2_name":"Kashmore","adm2_name1":null,"adm2_name2":null,"adm2_name3":null,"adm2_pcode":"PK710","adm1_name":"Sindh","adm1_name1":null,"adm1_name2":null,"adm1_name3":null,"adm1_pcode":"PK7","adm0_name":"Pakistan","adm0_name1":null,"adm0_name2":null,"adm0_name3":null,"adm0_pcode":"PK","valid_on":"2022-09-09","valid_to":null,"version":"v01","lang":"en","lang1":null,"lang2":null,"lang3":null},"geometry":{"type":"Point","coordinates":[68.98312093100003,28.262604977000024]}},
{"type":"Feature","properties":{"admin_level":3,"name":"Faiz Ganj","name1":null,"name2":null,"name3":null,"x_coord":68.4632481,"y_coord":26.77720946,"adm4_name":null,"adm4_name1":null,"adm4_name2":null,"adm4_name3":null,"adm4_pcode":null,"adm3_name":"Faiz Ganj","adm3_name1":null,"adm3_name2":null,"adm3_name3":null,"adm3_pcode":"PK71101","adm2_name":"Khairpur","adm2_name1":null,"adm2_name2":null,"adm2_name3":null,"adm2_pcode":"PK711","adm1_name":"Sindh","adm1_name1":null,"adm1_name2":null,"adm1_name3":null,"adm1_pcode":"PK7","adm0_name":"Pakistan","adm0_name1":null,"adm0_name2":null,"adm0_name3":null,"adm0_pcode":"PK","valid_on":"2022-09-09","valid_to":null,"version":"v01","lang":"en","lang1":null,"lang2":null,"lang3":null},"geometry":{"type":"Point","coordinates":[68.463248103000012,26.777209464000123]}},
{"type":"Feature","properties":{"admin_level":3,"name":"Gambat","name1":null,"name2":null,"name3":null,"x_coord":68.39654901,"y_coord":27.44343642,"adm4_name":null,"adm4_name1":null,"adm4_name2":null,"adm4_name3":null,"adm4_pcode":null,"adm3_name":"Gambat","adm3_name1":null,"adm3_name2":null,"adm3_name3":null,"adm3_pcode":"PK71102","adm2_name":"Khairpur","adm2_name1":null,"adm2_name2":null,"adm2_name3":null,"adm2_pcode":"PK711","adm1_name":"Sindh","adm1_name1":null,"adm1_name2":null,"adm1_name3":null,"adm1_pcode":"PK7","adm0_name":"Pakistan","adm0_name1":null,"adm0_name2":null,"adm0_name3":null,"adm0_pcode":"PK","valid_on":"2022-09-09","valid_to":null,"version":"v01","lang":"en","lang1":null,"lang2":null,"lang3":null},"geometry":{"type":"Point","coordinates":[68.39654901,27.443436420000126]}},
{"type":"Feature","properties":{"admin_level":3,"name":"Khairpur","name1":null,"name2":null,"name3":null,"x_coord":68.70424885,"y_coord":27.50828032,"adm4_name":null,"adm4_name1":null,"adm4_name2":null,"adm4_name3":null,"adm4_pcode":null,"adm3_name":"Khairpur","adm3_name1":null,"adm3_name2":null,"adm3_name3":null,"adm3_pcode":"PK71103","adm2_name":"Khairpur","adm2_name1":null,"adm2_name2":null,"adm2_name3":null,"adm2_pcode":"PK711","adm1_name":"Sindh","adm1_name1":null,"adm1_name2":null,"adm1_name3":null,"adm1_pcode":"PK7","adm0_name":"Pakistan","adm0_name1":null,"adm0_name2":null,"adm0_name3":null,"adm0_pcode":"PK","valid_on":"2022-09-09","valid_to":null,"version":"v01","lang":"en","lang1":null,"lang2":null,"lang3":null},"geometry":{"type":"Point","coordinates":[68.704248848000134,27.508280325000101]}},
{"type":"Feature","properties":{"admin_level":3,"name":"Kingri","name1":null,"name2":null,"name3":null,"x_coord":68.60278837,"y_coord":27.59958836,"adm4_name":null,"adm4_name1":null,"adm4_name2":null,"adm4_name3":null,"adm4_pcode":null,"adm3_name":"Kingri","adm3_name1":null,"adm3_name2":null,"adm3_name3":null,"adm3_pcode":"PK71104","adm2_name":"Khairpur","adm2_name1":null,"adm2_name2":null,"adm2_name3":null,"adm2_pcode":"PK711","adm1_name":"Sindh","adm1_name1":null,"adm1_name2":null,"adm1_name3":null,"adm1_pcode":"PK7","adm0_name":"Pakistan","adm0_name1":null,"adm0_name2":null,"adm0_name3":null,"adm0_pcode":"PK","valid_on":"2022-09-09","valid_to":null,"version":"v01","lang":"en","lang1":null,"lang2":null,"lang3":null},"geometry":{"type":"Point","coordinates":[68.602788374000113,27.599588361000087]}},
{"type":"Feature","properties":{"admin_level":3,"name":"Kot Diji","name1":null,"name2":null,"name3":null,"x_coord":68.62374075,"y_coord":27.32104155,"adm4_name":null,"adm4_name1":null,"adm4_name2":null,"adm4_name3":null,"adm4_pcode":null,"adm3_name":"Kot Diji","adm3_name1":null,"adm3_name2":null,"adm3_name3":null,"adm3_pcode":"PK71105","adm2_name":"Khairpur","adm2_name1":null,"adm2_name2":null,"adm2_name3":null,"adm2_pcode":"PK711","adm1_name":"Sindh","adm1_name1":null,"adm1_name2":null,"adm1_name3":null,"adm1_pcode":"PK7","adm0_name":"Pakistan","adm0_name1":null,"adm0_name2":null,"adm0_name3":null,"adm0_pcode":"PK","valid_on":"2022-09-09","valid_to":null,"version":"v01","lang":"en","lang1":null,"lang2":null,"lang3":null},"geometry":{"type":"Point","coordinates":[68.623740751000071,27.32104154700005]}},
{"type":"Feature","properties":{"admin_level":3,"name":"Nara","name1":null,"name2":null,"name3":null,"x_coord":69.04996884000001,"y_coord":26.7855593,"adm4_name":null,"adm4_name1":null,"adm4_name2":null,"adm4_name3":null,"adm4_pcode":null,"adm3_name":"Nara","adm3_name1":null,"adm3_name2":null,"adm3_name3":null,"adm3_pcode":"PK71106","adm2_name":"Khairpur","adm2_name1":null,"adm2_name2":null,"adm2_name3":null,"adm2_pcode":"PK711","adm1_name":"Sindh","adm1_name1":null,"adm1_name2":null,"adm1_name3":null,"adm1_pcode":"PK7","adm0_name":"Pakistan","adm0_name1":null,"adm0_name2":null,"adm0_name3":null,"adm0_pcode":"PK","valid_on":"2022-09-09","valid_to":null,"version":"v01","lang":"en","lang1":null,"lang2":null,"lang3":null},"geometry":{"type":"Point","coordinates":[69.049968843000158,26.785559302000024]}},
{"type":"Feature","properties":{"admin_level":3,"name":"Sobho Dero","name1":null,"name2":null,"name3":null,"x_coord":68.33786273,"y_coord":27.24758925,"adm4_name":null,"adm4_name1":null,"adm4_name2":null,"adm4_name3":null,"adm4_pcode":null,"adm3_name":"Sobho Dero","adm3_name1":null,"adm3_name2":null,"adm3_name3":null,"adm3_pcode":"PK71107","adm2_name":"Khairpur","adm2_name1":null,"adm2_name2":null,"adm2_name3":null,"adm2_pcode":"PK711","adm1_name":"Sindh","adm1_name1":null,"adm1_name2":null,"adm1_name3":null,"adm1_pcode":"PK7","adm0_name":"Pakistan","adm0_name1":null,"adm0_name2":null,"adm0_name3":null,"adm0_pcode":"PK","valid_on":"2022-09-09","valid_to":null,"version":"v01","lang":"en","lang1":null,"lang2":null,"lang3":null},"geometry":{"type":"Point","coordinates":[68.337862729000051,27.247589253000172]}},
{"type":"Feature","properties":{"admin_level":3,"name":"Thari Meer Wah","name1":null,"name2":null,"name3":null,"x_coord":68.54504722,"y_coord":27.08866211,"adm4_name":null,"adm4_name1":null,"adm4_name2":null,"adm4_name3":null,"adm4_pcode":null,"adm3_name":"Thari Meer Wah","adm3_name1":null,"adm3_name2":null,"adm3_name3":null,"adm3_pcode":"PK71108","adm2_name":"Khairpur","adm2_name1":null,"adm2_name2":null,"adm2_name3":null,"adm2_pcode":"PK711","adm1_name":"Sindh","adm1_name1":null,"adm1_name2":null,"adm1_name3":null,"adm1_pcode":"PK7","adm0_name":"Pakistan","adm0_name1":null,"adm0_name2":null,"adm0_name3":null,"adm0_pcode":"PK","valid_on":"2022-09-09","valid_to":null,"version":"v01","lang":"en","lang1":null,"lang2":null,"lang3":null},"geometry":{"type":"Point","coordinates":[68.545047225000189,27.088662106000072]}},
{"type":"Feature","properties":{"admin_level":3,"name":"Korangi Town","name1":null,"name2":null,"name3":null,"x_coord":67.12424659,"y_coord":24.82451384,"adm4_name":null,"adm4_name1":null,"adm4_name2":null,"adm4_name3":null,"adm4_pcode":null,"adm3_name":"Korangi Town","adm3_name1":null,"adm3_name2":null,"adm3_name3":null,"adm3_pcode":"PK71201","adm2_name":"Korangi Karachi","adm2_name1":null,"adm2_name2":null,"adm2_name3":null,"adm2_pcode":"PK712","adm1_name":"Sindh","adm1_name1":null,"adm1_name2":null,"adm1_name3":null,"adm1_pcode":"PK7","adm0_name":"Pakistan","adm0_name1":null,"adm0_name2":null,"adm0_name3":null,"adm0_pcode":"PK","valid_on":"2022-09-09","valid_to":null,"version":"v01","lang":"en","lang1":null,"lang2":null,"lang3":null},"geometry":{"type":"Point","coordinates":[67.124246586000083,24.824513838000144]}},
{"type":"Feature","properties":{"admin_level":3,"name":"Landhi Town","name1":null,"name2":null,"name3":null,"x_coord":67.18492984,"y_coord":24.84076655,"adm4_name":null,"adm4_name1":null,"adm4_name2":null,"adm4_name3":null,"adm4_pcode":null,"adm3_name":"Landhi Town","adm3_name1":null,"adm3_name2":null,"adm3_name3":null,"adm3_pcode":"PK71202","adm2_name":"Korangi Karachi","adm2_name1":null,"adm2_name2":null,"adm2_name3":null,"adm2_pcode":"PK712","adm1_name":"Sindh","adm1_name1":null,"adm1_name2":null,"adm1_name3":null,"adm1_pcode":"PK7","adm0_name":"Pakistan","adm0_name1":null,"adm0_name2":null,"adm0_name3":null,"adm0_pcode":"PK","valid_on":"2022-09-09","valid_to":null,"version":"v01","lang":"en","lang1":null,"lang2":null,"lang3":null},"geometry":{"type":"Point","coordinates":[67.184929840000166,24.840766545000122]}},
{"type":"Feature","properties":{"admin_level":3,"name":"Shah Faisal Town","name1":null,"name2":null,"name3":null,"x_coord":67.16208289,"y_coord":24.8723982,"adm4_name":null,"adm4_name1":null,"adm4_name2":null,"adm4_name3":null,"adm4_pcode":null,"adm3_name":"Shah Faisal Town","adm3_name1":null,"adm3_name2":null,"adm3_name3":null,"adm3_pcode":"PK71203","adm2_name":"Korangi Karachi","adm2_name1":null,"adm2_name2":null,"adm2_name3":null,"adm2_pcode":"PK712","adm1_name":"Sindh","adm1_name1":null,"adm1_name2":null,"adm1_name3":null,"adm1_pcode":"PK7","adm0_name":"Pakistan","adm0_name1":null,"adm0_name2":null,"adm0_name3":null,"adm0_pcode":"PK","valid_on":"2022-09-09","valid_to":null,"version":"v01","lang":"en","lang1":null,"lang2":null,"lang3":null},"geometry":{"type":"Point","coordinates":[67.162082895000083,24.872398203000046]}},
{"type":"Feature","properties":{"admin_level":3,"name":"Baqrani","name1":null,"name2":null,"name3":null,"x_coord":68.15668229000001,"y_coord":27.41558352,"adm4_name":null,"adm4_name1":null,"adm4_name2":null,"adm4_name3":null,"adm4_pcode":null,"adm3_name":"Baqrani","adm3_name1":null,"adm3_name2":null,"adm3_name3":null,"adm3_pcode":"PK71301","adm2_name":"Larkana","adm2_name1":null,"adm2_name2":null,"adm2_name3":null,"adm2_pcode":"PK713","adm1_name":"Sindh","adm1_name1":null,"adm1_name2":null,"adm1_name3":null,"adm1_pcode":"PK7","adm0_name":"Pakistan","adm0_name1":null,"adm0_name2":null,"adm0_name3":null,"adm0_pcode":"PK","valid_on":"2022-09-09","valid_to":null,"version":"v01","lang":"en","lang1":null,"lang2":null,"lang3":null},"geometry":{"type":"Point","coordinates":[68.156682287000137,27.415583519000108]}},
{"type":"Feature","properties":{"admin_level":3,"name":"Dokri","name1":null,"name2":null,"name3":null,"x_coord":68.07822761,"y_coord":27.26270865,"adm4_name":null,"adm4_name1":null,"adm4_name2":null,"adm4_name3":null,"adm4_pcode":null,"adm3_name":"Dokri","adm3_name1":null,"adm3_name2":null,"adm3_name3":null,"adm3_pcode":"PK71302","adm2_name":"Larkana","adm2_name1":null,"adm2_name2":null,"adm2_name3":null,"adm2_pcode":"PK713","adm1_name":"Sindh","adm1_name1":null,"adm1_name2":null,"adm1_name3":null,"adm1_pcode":"PK7","adm0_name":"Pakistan","adm0_name1":null,"adm0_name2":null,"adm0_name3":null,"adm0_pcode":"PK","valid_on":"2022-09-09","valid_to":null,"version":"v01","lang":"en","lang1":null,"lang2":null,"lang3":null},"geometry":{"type":"Point","coordinates":[68.078227605000109,27.26270865000015]}},
{"type":"Feature","properties":{"admin_level":3,"name":"Larkana","name1":null,"name2":null,"name3":null,"x_coord":68.21580558,"y_coord":27.58295038,"adm4_name":null,"adm4_name1":null,"adm4_name2":null,"adm4_name3":null,"adm4_pcode":null,"adm3_name":"Larkana","adm3_name1":null,"adm3_name2":null,"adm3_name3":null,"adm3_pcode":"PK71303","adm2_name":"Larkana","adm2_name1":null,"adm2_name2":null,"adm2_name3":null,"adm2_pcode":"PK713","adm1_name":"Sindh","adm1_name1":null,"adm1_name2":null,"adm1_name3":null,"adm1_pcode":"PK7","adm0_name":"Pakistan","adm0_name1":null,"adm0_name2":null,"adm0_name3":null,"adm0_pcode":"PK","valid_on":"2022-09-09","valid_to":null,"version":"v01","lang":"en","lang1":null,"lang2":null,"lang3":null},"geometry":{"type":"Point","coordinates":[68.215805581000097,27.582950380000057]}},
{"type":"Feature","properties":{"admin_level":3,"name":"Rato Dero","name1":null,"name2":null,"name3":null,"x_coord":68.25889438,"y_coord":27.77052178,"adm4_name":null,"adm4_name1":null,"adm4_name2":null,"adm4_name3":null,"adm4_pcode":null,"adm3_name":"Rato Dero","adm3_name1":null,"adm3_name2":null,"adm3_name3":null,"adm3_pcode":"PK71304","adm2_name":"Larkana","adm2_name1":null,"adm2_name2":null,"adm2_name3":null,"adm2_pcode":"PK713","adm1_name":"Sindh","adm1_name1":null,"adm1_name2":null,"adm1_name3":null,"adm1_pcode":"PK7","adm0_name":"Pakistan","adm0_name1":null,"adm0_name2":null,"adm0_name3":null,"adm0_pcode":"PK","valid_on":"2022-09-09","valid_to":null,"version":"v01","lang":"en","lang1":null,"lang2":null,"lang3":null},"geometry":{"type":"Point","coordinates":[68.258894382000051,27.770521780000138]}},
{"type":"Feature","properties":{"admin_level":3,"name":"Bin Qasim Town","name1":null,"name2":null,"name3":null,"x_coord":67.39256944,"y_coord":24.8783132,"adm4_name":null,"adm4_name1":null,"adm4_name2":null,"adm4_name3":null,"adm4_pcode":null,"adm3_name":"Bin Qasim Town","adm3_name1":null,"adm3_name2":null,"adm3_name3":null,"adm3_pcode":"PK71401","adm2_name":"Malir Karachi","adm2_name1":null,"adm2_name2":null,"adm2_name3":null,"adm2_pcode":"PK714","adm1_name":"Sindh","adm1_name1":null,"adm1_name2":null,"adm1_name3":null,"adm1_pcode":"PK7","adm0_name":"Pakistan","adm0_name1":null,"adm0_name2":null,"adm0_name3":null,"adm0_pcode":"PK","valid_on":"2022-09-09","valid_to":null,"version":"v01","lang":"en","lang1":null,"lang2":null,"lang3":null},"geometry":{"type":"Point","coordinates":[67.392569438000123,24.878313201000083]}},
{"type":"Feature","properties":{"admin_level":3,"name":"Gadap Town","name1":null,"name2":null,"name3":null,"x_coord":67.20499731,"y_coord":25.25951045,"adm4_name":null,"adm4_name1":null,"adm4_name2":null,"adm4_name3":null,"adm4_pcode":null,"adm3_name":"Gadap Town","adm3_name1":null,"adm3_name2":null,"adm3_name3":null,"adm3_pcode":"PK71402","adm2_name":"Malir Karachi","adm2_name1":null,"adm2_name2":null,"adm2_name3":null,"adm2_pcode":"PK714","adm1_name":"Sindh","adm1_name1":null,"adm1_name2":null,"adm1_name3":null,"adm1_pcode":"PK7","adm0_name":"Pakistan","adm0_name1":null,"adm0_name2":null,"adm0_name3":null,"adm0_pcode":"PK","valid_on":"2022-09-09","valid_to":null,"version":"v01","lang":"en","lang1":null,"lang2":null,"lang3":null},"geometry":{"type":"Point","coordinates":[67.204997307000099,25.259510450000107]}},
{"type":"Feature","properties":{"admin_level":3,"name":"Malir Town","name1":null,"name2":null,"name3":null,"x_coord":67.19790101,"y_coord":24.88465749,"adm4_name":null,"adm4_name1":null,"adm4_name2":null,"adm4_name3":null,"adm4_pcode":null,"adm3_name":"Malir Town","adm3_name1":null,"adm3_name2":null,"adm3_name3":null,"adm3_pcode":"PK71403","adm2_name":"Malir Karachi","adm2_name1":null,"adm2_name2":null,"adm2_name3":null,"adm2_pcode":"PK714","adm1_name":"Sindh","adm1_name1":null,"adm1_name2":null,"adm1_name3":null,"adm1_pcode":"PK7","adm0_name":"Pakistan","adm0_name1":null,"adm0_name2":null,"adm0_name3":null,"adm0_pcode":"PK","valid_on":"2022-09-09","valid_to":null,"version":"v01","lang":"en","lang1":null,"lang2":null,"lang3":null},"geometry":{"type":"Point","coordinates":[67.197901006000109,24.884657486000151]}},
{"type":"Feature","properties":{"admin_level":3,"name":"Hala","name1":null,"name2":null,"name3":null,"x_coord":68.38932217,"y_coord":25.82894864,"adm4_name":null,"adm4_name1":null,"adm4_name2":null,"adm4_name3":null,"adm4_pcode":null,"adm3_name":"Hala","adm3_name1":null,"adm3_name2":null,"adm3_name3":null,"adm3_pcode":"PK71501","adm2_name":"Matiari","adm2_name1":null,"adm2_name2":null,"adm2_name3":null,"adm2_pcode":"PK715","adm1_name":"Sindh","adm1_name1":null,"adm1_name2":null,"adm1_name3":null,"adm1_pcode":"PK7","adm0_name":"Pakistan","adm0_name1":null,"adm0_name2":null,"adm0_name3":null,"adm0_pcode":"PK","valid_on":"2022-09-09","valid_to":null,"version":"v01","lang":"en","lang1":null,"lang2":null,"lang3":null},"geometry":{"type":"Point","coordinates":[68.38932216600017,25.828948639000146]}},
{"type":"Feature","properties":{"admin_level":3,"name":"Matiari","name1":null,"name2":null,"name3":null,"x_coord":68.52797719,"y_coord":25.63923958,"adm4_name":null,"adm4_name1":null,"adm4_name2":null,"adm4_name3":null,"adm4_pcode":null,"adm3_name":"Matiari","adm3_name1":null,"adm3_name2":null,"adm3_name3":null,"adm3_pcode":"PK71502","adm2_name":"Matiari","adm2_name1":null,"adm2_name2":null,"adm2_name3":null,"adm2_pcode":"PK715","adm1_name":"Sindh","adm1_name1":null,"adm1_name2":null,"adm1_name3":null,"adm1_pcode":"PK7","adm0_name":"Pakistan","adm0_name1":null,"adm0_name2":null,"adm0_name3":null,"adm0_pcode":"PK","valid_on":"2022-09-09","valid_to":null,"version":"v01","lang":"en","lang1":null,"lang2":null,"lang3":null},"geometry":{"type":"Point","coordinates":[68.527977187000033,25.639239580000037]}},
{"type":"Feature","properties":{"admin_level":3,"name":"Saeedabad","name1":null,"name2":null,"name3":null,"x_coord":68.3863986,"y_coord":25.99166578,"adm4_name":null,"adm4_name1":null,"adm4_name2":null,"adm4_name3":null,"adm4_pcode":null,"adm3_name":"Saeedabad","adm3_name1":null,"adm3_name2":null,"adm3_name3":null,"adm3_pcode":"PK71503","adm2_name":"Matiari","adm2_name1":null,"adm2_name2":null,"adm2_name3":null,"adm2_pcode":"PK715","adm1_name":"Sindh","adm1_name1":null,"adm1_name2":null,"adm1_name3":null,"adm1_pcode":"PK7","adm0_name":"Pakistan","adm0_name1":null,"adm0_name2":null,"adm0_name3":null,"adm0_pcode":"PK","valid_on":"2022-09-09","valid_to":null,"version":"v01","lang":"en","lang1":null,"lang2":null,"lang3":null},"geometry":{"type":"Point","coordinates":[68.386398599000131,25.991665776000161]}},
{"type":"Feature","properties":{"admin_level":3,"name":"Digri","name1":null,"name2":null,"name3":null,"x_coord":69.0911803,"y_coord":25.13500212,"adm4_name":null,"adm4_name1":null,"adm4_name2":null,"adm4_name3":null,"adm4_pcode":null,"adm3_name":"Digri","adm3_name1":null,"adm3_name2":null,"adm3_name3":null,"adm3_pcode":"PK71601","adm2_name":"Mirpur Khas","adm2_name1":null,"adm2_name2":null,"adm2_name3":null,"adm2_pcode":"PK716","adm1_name":"Sindh","adm1_name1":null,"adm1_name2":null,"adm1_name3":null,"adm1_pcode":"PK7","adm0_name":"Pakistan","adm0_name1":null,"adm0_name2":null,"adm0_name3":null,"adm0_pcode":"PK","valid_on":"2022-09-09","valid_to":null,"version":"v01","lang":"en","lang1":null,"lang2":null,"lang3":null},"geometry":{"type":"Point","coordinates":[69.091180304000034,25.135002120000024]}},
{"type":"Feature","properties":{"admin_level":3,"name":"Hussain Bux Muree","name1":null,"name2":null,"name3":null,"x_coord":68.98408607,"y_coord":25.62581411,"adm4_name":null,"adm4_name1":null,"adm4_name2":null,"adm4_name3":null,"adm4_pcode":null,"adm3_name":"Hussain Bux Muree","adm3_name1":null,"adm3_name2":null,"adm3_name3":null,"adm3_pcode":"PK71602","adm2_name":"Mirpur Khas","adm2_name1":null,"adm2_name2":null,"adm2_name3":null,"adm2_pcode":"PK716","adm1_name":"Sindh","adm1_name1":null,"adm1_name2":null,"adm1_name3":null,"adm1_pcode":"PK7","adm0_name":"Pakistan","adm0_name1":null,"adm0_name2":null,"adm0_name3":null,"adm0_pcode":"PK","valid_on":"2022-09-09","valid_to":null,"version":"v01","lang":"en","lang1":null,"lang2":null,"lang3":null},"geometry":{"type":"Point","coordinates":[68.984086071000092,25.625814113999979]}},
{"type":"Feature","properties":{"admin_level":3,"name":"Jhudo","name1":null,"name2":null,"name3":null,"x_coord":69.37932125,"y_coord":24.96647179,"adm4_name":null,"adm4_name1":null,"adm4_name2":null,"adm4_name3":null,"adm4_pcode":null,"adm3_name":"Jhudo","adm3_name1":null,"adm3_name2":null,"adm3_name3":null,"adm3_pcode":"PK71603","adm2_name":"Mirpur Khas","adm2_name1":null,"adm2_name2":null,"adm2_name3":null,"adm2_pcode":"PK716","adm1_name":"Sindh","adm1_name1":null,"adm1_name2":null,"adm1_name3":null,"adm1_pcode":"PK7","adm0_name":"Pakistan","adm0_name1":null,"adm0_name2":null,"adm0_name3":null,"adm0_pcode":"PK","valid_on":"2022-09-09","valid_to":null,"version":"v01","lang":"en","lang1":null,"lang2":null,"lang3":null},"geometry":{"type":"Point","coordinates":[69.379321248999986,24.966471787999978]}},
{"type":"Feature","properties":{"admin_level":3,"name":"Kot Ghulam Muhammad","name1":null,"name2":null,"name3":null,"x_coord":69.21917336,"y_coord":25.26884144,"adm4_name":null,"adm4_name1":null,"adm4_name2":null,"adm4_name3":null,"adm4_pcode":null,"adm3_name":"Kot Ghulam Muhammad","adm3_name1":null,"adm3_name2":null,"adm3_name3":null,"adm3_pcode":"PK71604","adm2_name":"Mirpur Khas","adm2_name1":null,"adm2_name2":null,"adm2_name3":null,"adm2_pcode":"PK716","adm1_name":"Sindh","adm1_name1":null,"adm1_name2":null,"adm1_name3":null,"adm1_pcode":"PK7","adm0_name":"Pakistan","adm0_name1":null,"adm0_name2":null,"adm0_name3":null,"adm0_pcode":"PK","valid_on":"2022-09-09","valid_to":null,"version":"v01","lang":"en","lang1":null,"lang2":null,"lang3":null},"geometry":{"type":"Point","coordinates":[69.219173356000113,25.268841438000152]}},
{"type":"Feature","properties":{"admin_level":3,"name":"Mirpur Khas","name1":null,"name2":null,"name3":null,"x_coord":68.96835908,"y_coord":25.49715115,"adm4_name":null,"adm4_name1":null,"adm4_name2":null,"adm4_name3":null,"adm4_pcode":null,"adm3_name":"Mirpur Khas","adm3_name1":null,"adm3_name2":null,"adm3_name3":null,"adm3_pcode":"PK71605","adm2_name":"Mirpur Khas","adm2_name1":null,"adm2_name2":null,"adm2_name3":null,"adm2_pcode":"PK716","adm1_name":"Sindh","adm1_name1":null,"adm1_name2":null,"adm1_name3":null,"adm1_pcode":"PK7","adm0_name":"Pakistan","adm0_name1":null,"adm0_name2":null,"adm0_name3":null,"adm0_pcode":"PK","valid_on":"2022-09-09","valid_to":null,"version":"v01","lang":"en","lang1":null,"lang2":null,"lang3":null},"geometry":{"type":"Point","coordinates":[68.968359084000156,25.497151148000057]}},
{"type":"Feature","properties":{"admin_level":3,"name":"Shuja Abad","name1":null,"name2":null,"name3":null,"x_coord":69.07972087,"y_coord":25.43543961,"adm4_name":null,"adm4_name1":null,"adm4_name2":null,"adm4_name3":null,"adm4_pcode":null,"adm3_name":"Shuja Abad","adm3_name1":null,"adm3_name2":null,"adm3_name3":null,"adm3_pcode":"PK71606","adm2_name":"Mirpur Khas","adm2_name1":null,"adm2_name2":null,"adm2_name3":null,"adm2_pcode":"PK716","adm1_name":"Sindh","adm1_name1":null,"adm1_name2":null,"adm1_name3":null,"adm1_pcode":"PK7","adm0_name":"Pakistan","adm0_name1":null,"adm0_name2":null,"adm0_name3":null,"adm0_pcode":"PK","valid_on":"2022-09-09","valid_to":null,"version":"v01","lang":"en","lang1":null,"lang2":null,"lang3":null},"geometry":{"type":"Point","coordinates":[69.079720872000109,25.435439610000174]}},
{"type":"Feature","properties":{"admin_level":3,"name":"Sindhri","name1":null,"name2":null,"name3":null,"x_coord":69.17380561,"y_coord":25.65436608,"adm4_name":null,"adm4_name1":null,"adm4_name2":null,"adm4_name3":null,"adm4_pcode":null,"adm3_name":"Sindhri","adm3_name1":null,"adm3_name2":null,"adm3_name3":null,"adm3_pcode":"PK71607","adm2_name":"Mirpur Khas","adm2_name1":null,"adm2_name2":null,"adm2_name3":null,"adm2_pcode":"PK716","adm1_name":"Sindh","adm1_name1":null,"adm1_name2":null,"adm1_name3":null,"adm1_pcode":"PK7","adm0_name":"Pakistan","adm0_name1":null,"adm0_name2":null,"adm0_name3":null,"adm0_pcode":"PK","valid_on":"2022-09-09","valid_to":null,"version":"v01","lang":"en","lang1":null,"lang2":null,"lang3":null},"geometry":{"type":"Point","coordinates":[69.17380561300007,25.65436607800018]}},
{"type":"Feature","properties":{"admin_level":3,"name":"Bhiria","name1":null,"name2":null,"name3":null,"x_coord":68.20184899,"y_coord":26.89085871,"adm4_name":null,"adm4_name1":null,"adm4_name2":null,"adm4_name3":null,"adm4_pcode":null,"adm3_name":"Bhiria","adm3_name1":null,"adm3_name2":null,"adm3_name3":null,"adm3_pcode":"PK71701","adm2_name":"Naushahro Feroze","adm2_name1":null,"adm2_name2":null,"adm2_name3":null,"adm2_pcode":"PK717","adm1_name":"Sindh","adm1_name1":null,"adm1_name2":null,"adm1_name3":null,"adm1_pcode":"PK7","adm0_name":"Pakistan","adm0_name1":null,"adm0_name2":null,"adm0_name3":null,"adm0_pcode":"PK","valid_on":"2022-09-09","valid_to":null,"version":"v01","lang":"en","lang1":null,"lang2":null,"lang3":null},"geometry":{"type":"Point","coordinates":[68.201848993000169,26.890858711000135]}},
{"type":"Feature","properties":{"admin_level":3,"name":"Kandiaro","name1":null,"name2":null,"name3":null,"x_coord":68.12082557,"y_coord":27.07301132,"adm4_name":null,"adm4_name1":null,"adm4_name2":null,"adm4_name3":null,"adm4_pcode":null,"adm3_name":"Kandiaro","adm3_name1":null,"adm3_name2":null,"adm3_name3":null,"adm3_pcode":"PK71702","adm2_name":"Naushahro Feroze","adm2_name1":null,"adm2_name2":null,"adm2_name3":null,"adm2_pcode":"PK717","adm1_name":"Sindh","adm1_name1":null,"adm1_name2":null,"adm1_name3":null,"adm1_pcode":"PK7","adm0_name":"Pakistan","adm0_name1":null,"adm0_name2":null,"adm0_name3":null,"adm0_pcode":"PK","valid_on":"2022-09-09","valid_to":null,"version":"v01","lang":"en","lang1":null,"lang2":null,"lang3":null},"geometry":{"type":"Point","coordinates":[68.120825565000018,27.073011323000173]}},
{"type":"Feature","properties":{"admin_level":3,"name":"Mehrab Pur","name1":null,"name2":null,"name3":null,"x_coord":68.36764073000001,"y_coord":27.05098014,"adm4_name":null,"adm4_name1":null,"adm4_name2":null,"adm4_name3":null,"adm4_pcode":null,"adm3_name":"Mehrab Pur","adm3_name1":null,"adm3_name2":null,"adm3_name3":null,"adm3_pcode":"PK71703","adm2_name":"Naushahro Feroze","adm2_name1":null,"adm2_name2":null,"adm2_name3":null,"adm2_pcode":"PK717","adm1_name":"Sindh","adm1_name1":null,"adm1_name2":null,"adm1_name3":null,"adm1_pcode":"PK7","adm0_name":"Pakistan","adm0_name1":null,"adm0_name2":null,"adm0_name3":null,"adm0_pcode":"PK","valid_on":"2022-09-09","valid_to":null,"version":"v01","lang":"en","lang1":null,"lang2":null,"lang3":null},"geometry":{"type":"Point","coordinates":[68.367640731999984,27.05098014500004]}},
{"type":"Feature","properties":{"admin_level":3,"name":"Moro","name1":null,"name2":null,"name3":null,"x_coord":67.96175166,"y_coord":26.72107683,"adm4_name":null,"adm4_name1":null,"adm4_name2":null,"adm4_name3":null,"adm4_pcode":null,"adm3_name":"Moro","adm3_name1":null,"adm3_name2":null,"adm3_name3":null,"adm3_pcode":"PK71704","adm2_name":"Naushahro Feroze","adm2_name1":null,"adm2_name2":null,"adm2_name3":null,"adm2_pcode":"PK717","adm1_name":"Sindh","adm1_name1":null,"adm1_name2":null,"adm1_name3":null,"adm1_pcode":"PK7","adm0_name":"Pakistan","adm0_name1":null,"adm0_name2":null,"adm0_name3":null,"adm0_pcode":"PK","valid_on":"2022-09-09","valid_to":null,"version":"v01","lang":"en","lang1":null,"lang2":null,"lang3":null},"geometry":{"type":"Point","coordinates":[67.96175166200004,26.721076826000171]}},
{"type":"Feature","properties":{"admin_level":3,"name":"Naushahro Feroze","name1":null,"name2":null,"name3":null,"x_coord":68.15970945,"y_coord":26.76607421,"adm4_name":null,"adm4_name1":null,"adm4_name2":null,"adm4_name3":null,"adm4_pcode":null,"adm3_name":"Naushahro Feroze","adm3_name1":null,"adm3_name2":null,"adm3_name3":null,"adm3_pcode":"PK71705","adm2_name":"Naushahro Feroze","adm2_name1":null,"adm2_name2":null,"adm2_name3":null,"adm2_pcode":"PK717","adm1_name":"Sindh","adm1_name1":null,"adm1_name2":null,"adm1_name3":null,"adm1_pcode":"PK7","adm0_name":"Pakistan","adm0_name1":null,"adm0_name2":null,"adm0_name3":null,"adm0_pcode":"PK","valid_on":"2022-09-09","valid_to":null,"version":"v01","lang":"en","lang1":null,"lang2":null,"lang3":null},"geometry":{"type":"Point","coordinates":[68.159709447000125,26.76607421]}},
{"type":"Feature","properties":{"admin_level":3,"name":"Jam Nawaz Ali","name1":null,"name2":null,"name3":null,"x_coord":68.86895482,"y_coord":25.80600922,"adm4_name":null,"adm4_name1":null,"adm4_name2":null,"adm4_name3":null,"adm4_pcode":null,"adm3_name":"Jam Nawaz Ali","adm3_name1":null,"adm3_name2":null,"adm3_name3":null,"adm3_pcode":"PK71801","adm2_name":"Sanghar","adm2_name1":null,"adm2_name2":null,"adm2_name3":null,"adm2_pcode":"PK718","adm1_name":"Sindh","adm1_name1":null,"adm1_name2":null,"adm1_name3":null,"adm1_pcode":"PK7","adm0_name":"Pakistan","adm0_name1":null,"adm0_name2":null,"adm0_name3":null,"adm0_pcode":"PK","valid_on":"2022-09-09","valid_to":null,"version":"v01","lang":"en","lang1":null,"lang2":null,"lang3":null},"geometry":{"type":"Point","coordinates":[68.868954820000113,25.806009220000078]}},
{"type":"Feature","properties":{"admin_level":3,"name":"Khipro","name1":null,"name2":null,"name3":null,"x_coord":69.68137368,"y_coord":25.86150321,"adm4_name":null,"adm4_name1":null,"adm4_name2":null,"adm4_name3":null,"adm4_pcode":null,"adm3_name":"Khipro","adm3_name1":null,"adm3_name2":null,"adm3_name3":null,"adm3_pcode":"PK71802","adm2_name":"Sanghar","adm2_name1":null,"adm2_name2":null,"adm2_name3":null,"adm2_pcode":"PK718","adm1_name":"Sindh","adm1_name1":null,"adm1_name2":null,"adm1_name3":null,"adm1_pcode":"PK7","adm0_name":"Pakistan","adm0_name1":null,"adm0_name2":null,"adm0_name3":null,"adm0_pcode":"PK","valid_on":"2022-09-09","valid_to":null,"version":"v01","lang":"en","lang1":null,"lang2":null,"lang3":null},"geometry":{"type":"Point","coordinates":[69.681373682000128,25.861503207000055]}},
{"type":"Feature","properties":{"admin_level":3,"name":"Sanghar","name1":null,"name2":null,"name3":null,"x_coord":69.10303906,"y_coord":26.11165182,"adm4_name":null,"adm4_name1":null,"adm4_name2":null,"adm4_name3":null,"adm4_pcode":null,"adm3_name":"Sanghar","adm3_name1":null,"adm3_name2":null,"adm3_name3":null,"adm3_pcode":"PK71803","adm2_name":"Sanghar","adm2_name1":null,"adm2_name2":null,"adm2_name3":null,"adm2_pcode":"PK718","adm1_name":"Sindh","adm1_name1":null,"adm1_name2":null,"adm1_name3":null,"adm1_pcode":"PK7","adm0_name":"Pakistan","adm0_name1":null,"adm0_name2":null,"adm0_name3":null,"adm0_pcode":"PK","valid_on":"2022-09-09","valid_to":null,"version":"v01","lang":"en","lang1":null,"lang2":null,"lang3":null},"geometry":{"type":"Point","coordinates":[69.103039060000185,26.111651820000134]}},
{"type":"Feature","properties":{"admin_level":3,"name":"Shahdadpur","name1":null,"name2":null,"name3":null,"x_coord":68.60780133,"y_coord":26.02958026,"adm4_name":null,"adm4_name1":null,"adm4_name2":null,"adm4_name3":null,"adm4_pcode":null,"adm3_name":"Shahdadpur","adm3_name1":null,"adm3_name2":null,"adm3_name3":null,"adm3_pcode":"PK71804","adm2_name":"Sanghar","adm2_name1":null,"adm2_name2":null,"adm2_name3":null,"adm2_pcode":"PK718","adm1_name":"Sindh","adm1_name1":null,"adm1_name2":null,"adm1_name3":null,"adm1_pcode":"PK7","adm0_name":"Pakistan","adm0_name1":null,"adm0_name2":null,"adm0_name3":null,"adm0_pcode":"PK","valid_on":"2022-09-09","valid_to":null,"version":"v01","lang":"en","lang1":null,"lang2":null,"lang3":null},"geometry":{"type":"Point","coordinates":[68.607801334000101,26.029580257000077]}},
{"type":"Feature","properties":{"admin_level":3,"name":"Sinjhoro","name1":null,"name2":null,"name3":null,"x_coord":68.81149639,"y_coord":26.07573249,"adm4_name":null,"adm4_name1":null,"adm4_name2":null,"adm4_name3":null,"adm4_pcode":null,"adm3_name":"Sinjhoro","adm3_name1":null,"adm3_name2":null,"adm3_name3":null,"adm3_pcode":"PK71805","adm2_name":"Sanghar","adm2_name1":null,"adm2_name2":null,"adm2_name3":null,"adm2_pcode":"PK718","adm1_name":"Sindh","adm1_name1":null,"adm1_name2":null,"adm1_name3":null,"adm1_pcode":"PK7","adm0_name":"Pakistan","adm0_name1":null,"adm0_name2":null,"adm0_name3":null,"adm0_pcode":"PK","valid_on":"2022-09-09","valid_to":null,"version":"v01","lang":"en","lang1":null,"lang2":null,"lang3":null},"geometry":{"type":"Point","coordinates":[68.81149639500012,26.07573249100011]}},
{"type":"Feature","properties":{"admin_level":3,"name":"Tando Adam","name1":null,"name2":null,"name3":null,"x_coord":68.6308353,"y_coord":25.82690454,"adm4_name":null,"adm4_name1":null,"adm4_name2":null,"adm4_name3":null,"adm4_pcode":null,"adm3_name":"Tando Adam","adm3_name1":null,"adm3_name2":null,"adm3_name3":null,"adm3_pcode":"PK71806","adm2_name":"Sanghar","adm2_name1":null,"adm2_name2":null,"adm2_name3":null,"adm2_pcode":"PK718","adm1_name":"Sindh","adm1_name1":null,"adm1_name2":null,"adm1_name3":null,"adm1_pcode":"PK7","adm0_name":"Pakistan","adm0_name1":null,"adm0_name2":null,"adm0_name3":null,"adm0_pcode":"PK","valid_on":"2022-09-09","valid_to":null,"version":"v01","lang":"en","lang1":null,"lang2":null,"lang3":null},"geometry":{"type":"Point","coordinates":[68.630835302000094,25.826904539000111]}},
{"type":"Feature","properties":{"admin_level":3,"name":"Daulat Pur","name1":null,"name2":null,"name3":null,"x_coord":68.02992087,"y_coord":26.43069353,"adm4_name":null,"adm4_name1":null,"adm4_name2":null,"adm4_name3":null,"adm4_pcode":null,"adm3_name":"Daulat Pur","adm3_name1":null,"adm3_name2":null,"adm3_name3":null,"adm3_pcode":"PK71901","adm2_name":"Shaheed Benazir Abad","adm2_name1":null,"adm2_name2":null,"adm2_name3":null,"adm2_pcode":"PK719","adm1_name":"Sindh","adm1_name1":null,"adm1_name2":null,"adm1_name3":null,"adm1_pcode":"PK7","adm0_name":"Pakistan","adm0_name1":null,"adm0_name2":null,"adm0_name3":null,"adm0_pcode":"PK","valid_on":"2022-09-09","valid_to":null,"version":"v01","lang":"en","lang1":null,"lang2":null,"lang3":null},"geometry":{"type":"Point","coordinates":[68.029920866999987,26.430693531000145]}},
{"type":"Feature","properties":{"admin_level":3,"name":"Daur","name1":null,"name2":null,"name3":null,"x_coord":68.49548059,"y_coord":26.39516563,"adm4_name":null,"adm4_name1":null,"adm4_name2":null,"adm4_name3":null,"adm4_pcode":null,"adm3_name":"Daur","adm3_name1":null,"adm3_name2":null,"adm3_name3":null,"adm3_pcode":"PK71902","adm2_name":"Shaheed Benazir Abad","adm2_name1":null,"adm2_name2":null,"adm2_name3":null,"adm2_pcode":"PK719","adm1_name":"Sindh","adm1_name1":null,"adm1_name2":null,"adm1_name3":null,"adm1_pcode":"PK7","adm0_name":"Pakistan","adm0_name1":null,"adm0_name2":null,"adm0_name3":null,"adm0_pcode":"PK","valid_on":"2022-09-09","valid_to":null,"version":"v01","lang":"en","lang1":null,"lang2":null,"lang3":null},"geometry":{"type":"Point","coordinates":[68.495480594000185,26.395165630000122]}},
{"type":"Feature","properties":{"admin_level":3,"name":"Nawabshah","name1":null,"name2":null,"name3":null,"x_coord":68.3544565,"y_coord":26.2741975,"adm4_name":null,"adm4_name1":null,"adm4_name2":null,"adm4_name3":null,"adm4_pcode":null,"adm3_name":"Nawabshah","adm3_name1":null,"adm3_name2":null,"adm3_name3":null,"adm3_pcode":"PK71903","adm2_name":"Shaheed Benazir Abad","adm2_name1":null,"adm2_name2":null,"adm2_name3":null,"adm2_pcode":"PK719","adm1_name":"Sindh","adm1_name1":null,"adm1_name2":null,"adm1_name3":null,"adm1_pcode":"PK7","adm0_name":"Pakistan","adm0_name1":null,"adm0_name2":null,"adm0_name3":null,"adm0_pcode":"PK","valid_on":"2022-09-09","valid_to":null,"version":"v01","lang":"en","lang1":null,"lang2":null,"lang3":null},"geometry":{"type":"Point","coordinates":[68.354456497000058,26.274197504000085]}},
{"type":"Feature","properties":{"admin_level":3,"name":"Sakrand","name1":null,"name2":null,"name3":null,"x_coord":68.24431106,"y_coord":26.13517789,"adm4_name":null,"adm4_name1":null,"adm4_name2":null,"adm4_name3":null,"adm4_pcode":null,"adm3_name":"Sakrand","adm3_name1":null,"adm3_name2":null,"adm3_name3":null,"adm3_pcode":"PK71904","adm2_name":"Shaheed Benazir Abad","adm2_name1":null,"adm2_name2":null,"adm2_name3":null,"adm2_pcode":"PK719","adm1_name":"Sindh","adm1_name1":null,"adm1_name2":null,"adm1_name3":null,"adm1_pcode":"PK7","adm0_name":"Pakistan","adm0_name1":null,"adm0_name2":null,"adm0_name3":null,"adm0_pcode":"PK","valid_on":"2022-09-09","valid_to":null,"version":"v01","lang":"en","lang1":null,"lang2":null,"lang3":null},"geometry":{"type":"Point","coordinates":[68.24431105900004,26.135177893000048]}},
{"type":"Feature","properties":{"admin_level":3,"name":"Garhi Yasin","name1":null,"name2":null,"name3":null,"x_coord":68.4695637,"y_coord":27.85727367,"adm4_name":null,"adm4_name1":null,"adm4_name2":null,"adm4_name3":null,"adm4_pcode":null,"adm3_name":"Garhi Yasin","adm3_name1":null,"adm3_name2":null,"adm3_name3":null,"adm3_pcode":"PK72001","adm2_name":"Shikarpur","adm2_name1":null,"adm2_name2":null,"adm2_name3":null,"adm2_pcode":"PK720","adm1_name":"Sindh","adm1_name1":null,"adm1_name2":null,"adm1_name3":null,"adm1_pcode":"PK7","adm0_name":"Pakistan","adm0_name1":null,"adm0_name2":null,"adm0_name3":null,"adm0_pcode":"PK","valid_on":"2022-09-09","valid_to":null,"version":"v01","lang":"en","lang1":null,"lang2":null,"lang3":null},"geometry":{"type":"Point","coordinates":[68.469563697000183,27.857273666000083]}},
{"type":"Feature","properties":{"admin_level":3,"name":"Khanpur","name1":null,"name2":null,"name3":null,"x_coord":68.84063901,"y_coord":28.02526821,"adm4_name":null,"adm4_name1":null,"adm4_name2":null,"adm4_name3":null,"adm4_pcode":null,"adm3_name":"Khanpur","adm3_name1":null,"adm3_name2":null,"adm3_name3":null,"adm3_pcode":"PK72002","adm2_name":"Shikarpur","adm2_name1":null,"adm2_name2":null,"adm2_name3":null,"adm2_pcode":"PK720","adm1_name":"Sindh","adm1_name1":null,"adm1_name2":null,"adm1_name3":null,"adm1_pcode":"PK7","adm0_name":"Pakistan","adm0_name1":null,"adm0_name2":null,"adm0_name3":null,"adm0_pcode":"PK","valid_on":"2022-09-09","valid_to":null,"version":"v01","lang":"en","lang1":null,"lang2":null,"lang3":null},"geometry":{"type":"Point","coordinates":[68.840639007000163,28.02526821400005]}},
{"type":"Feature","properties":{"admin_level":3,"name":"Lakhi","name1":null,"name2":null,"name3":null,"x_coord":68.74274565,"y_coord":27.87882682,"adm4_name":null,"adm4_name1":null,"adm4_name2":null,"adm4_name3":null,"adm4_pcode":null,"adm3_name":"Lakhi","adm3_name1":null,"adm3_name2":null,"adm3_name3":null,"adm3_pcode":"PK72003","adm2_name":"Shikarpur","adm2_name1":null,"adm2_name2":null,"adm2_name3":null,"adm2_pcode":"PK720","adm1_name":"Sindh","adm1_name1":null,"adm1_name2":null,"adm1_name3":null,"adm1_pcode":"PK7","adm0_name":"Pakistan","adm0_name1":null,"adm0_name2":null,"adm0_name3":null,"adm0_pcode":"PK","valid_on":"2022-09-09","valid_to":null,"version":"v01","lang":"en","lang1":null,"lang2":null,"lang3":null},"geometry":{"type":"Point","coordinates":[68.742745649000085,27.878826821000018]}},
{"type":"Feature","properties":{"admin_level":3,"name":"Shikarpur","name1":null,"name2":null,"name3":null,"x_coord":68.47211911,"y_coord":28.03202762,"adm4_name":null,"adm4_name1":null,"adm4_name2":null,"adm4_name3":null,"adm4_pcode":null,"adm3_name":"Shikarpur","adm3_name1":null,"adm3_name2":null,"adm3_name3":null,"adm3_pcode":"PK72004","adm2_name":"Shikarpur","adm2_name1":null,"adm2_name2":null,"adm2_name3":null,"adm2_pcode":"PK720","adm1_name":"Sindh","adm1_name1":null,"adm1_name2":null,"adm1_name3":null,"adm1_pcode":"PK7","adm0_name":"Pakistan","adm0_name1":null,"adm0_name2":null,"adm0_name3":null,"adm0_pcode":"PK","valid_on":"2022-09-09","valid_to":null,"version":"v01","lang":"en","lang1":null,"lang2":null,"lang3":null},"geometry":{"type":"Point","coordinates":[68.472119112000144,28.032027616000107]}},
{"type":"Feature","properties":{"admin_level":3,"name":"Kemari Town","name1":null,"name2":null,"name3":null,"x_coord":66.83161423,"y_coord":24.91142632,"adm4_name":null,"adm4_name1":null,"adm4_name2":null,"adm4_name3":null,"adm4_pcode":null,"adm3_name":"Kemari Town","adm3_name1":null,"adm3_name2":null,"adm3_name3":null,"adm3_pcode":"PK72101","adm2_name":"South Karachi","adm2_name1":null,"adm2_name2":null,"adm2_name3":null,"adm2_pcode":"PK721","adm1_name":"Sindh","adm1_name1":null,"adm1_name2":null,"adm1_name3":null,"adm1_pcode":"PK7","adm0_name":"Pakistan","adm0_name1":null,"adm0_name2":null,"adm0_name3":null,"adm0_pcode":"PK","valid_on":"2022-09-09","valid_to":null,"version":"v01","lang":"en","lang1":null,"lang2":null,"lang3":null},"geometry":{"type":"Point","coordinates":[66.831614225000067,24.911426317000178]}},
{"type":"Feature","properties":{"admin_level":3,"name":"Liyari Town","name1":null,"name2":null,"name3":null,"x_coord":66.99056361,"y_coord":24.84709469,"adm4_name":null,"adm4_name1":null,"adm4_name2":null,"adm4_name3":null,"adm4_pcode":null,"adm3_name":"Liyari Town","adm3_name1":null,"adm3_name2":null,"adm3_name3":null,"adm3_pcode":"PK72102","adm2_name":"South Karachi","adm2_name1":null,"adm2_name2":null,"adm2_name3":null,"adm2_pcode":"PK721","adm1_name":"Sindh","adm1_name1":null,"adm1_name2":null,"adm1_name3":null,"adm1_pcode":"PK7","adm0_name":"Pakistan","adm0_name1":null,"adm0_name2":null,"adm0_name3":null,"adm0_pcode":"PK","valid_on":"2022-09-09","valid_to":null,"version":"v01","lang":"en","lang1":null,"lang2":null,"lang3":null},"geometry":{"type":"Point","coordinates":[66.990563607000183,24.847094688000141]}},
{"type":"Feature","properties":{"admin_level":3,"name":"Saddar Town","name1":null,"name2":null,"name3":null,"x_coord":67.04151768,"y_coord":24.8130148,"adm4_name":null,"adm4_name1":null,"adm4_name2":null,"adm4_name3":null,"adm4_pcode":null,"adm3_name":"Saddar Town","adm3_name1":null,"adm3_name2":null,"adm3_name3":null,"adm3_pcode":"PK72103","adm2_name":"South Karachi","adm2_name1":null,"adm2_name2":null,"adm2_name3":null,"adm2_pcode":"PK721","adm1_name":"Sindh","adm1_name1":null,"adm1_name2":null,"adm1_name3":null,"adm1_pcode":"PK7","adm0_name":"Pakistan","adm0_name1":null,"adm0_name2":null,"adm0_name3":null,"adm0_pcode":"PK","valid_on":"2022-09-09","valid_to":null,"version":"v01","lang":"en","lang1":null,"lang2":null,"lang3":null},"geometry":{"type":"Point","coordinates":[67.04151768100013,24.81301479900003]}},
{"type":"Feature","properties":{"admin_level":3,"name":"Jati","name1":null,"name2":null,"name3":null,"x_coord":68.42773952,"y_coord":24.29146776,"adm4_name":null,"adm4_name1":null,"adm4_name2":null,"adm4_name3":null,"adm4_pcode":null,"adm3_name":"Jati","adm3_name1":null,"adm3_name2":null,"adm3_name3":null,"adm3_pcode":"PK72201","adm2_name":"Sujawal","adm2_name1":null,"adm2_name2":null,"adm2_name3":null,"adm2_pcode":"PK722","adm1_name":"Sindh","adm1_name1":null,"adm1_name2":null,"adm1_name3":null,"adm1_pcode":"PK7","adm0_name":"Pakistan","adm0_name1":null,"adm0_name2":null,"adm0_name3":null,"adm0_pcode":"PK","valid_on":"2022-09-09","valid_to":null,"version":"v01","lang":"en","lang1":null,"lang2":null,"lang3":null},"geometry":{"type":"Point","coordinates":[68.427739518000067,24.29146776500005]}},
{"type":"Feature","properties":{"admin_level":3,"name":"Kharo Chan","name1":null,"name2":null,"name3":null,"x_coord":67.5879028,"y_coord":23.98874497,"adm4_name":null,"adm4_name1":null,"adm4_name2":null,"adm4_name3":null,"adm4_pcode":null,"adm3_name":"Kharo Chan","adm3_name1":null,"adm3_name2":null,"adm3_name3":null,"adm3_pcode":"PK72202","adm2_name":"Sujawal","adm2_name1":null,"adm2_name2":null,"adm2_name3":null,"adm2_pcode":"PK722","adm1_name":"Sindh","adm1_name1":null,"adm1_name2":null,"adm1_name3":null,"adm1_pcode":"PK7","adm0_name":"Pakistan","adm0_name1":null,"adm0_name2":null,"adm0_name3":null,"adm0_pcode":"PK","valid_on":"2022-09-09","valid_to":null,"version":"v01","lang":"en","lang1":null,"lang2":null,"lang3":null},"geometry":{"type":"Point","coordinates":[67.587902799000119,23.988744965000024]}},
{"type":"Feature","properties":{"admin_level":3,"name":"Mirpur Bathoro","name1":null,"name2":null,"name3":null,"x_coord":68.23863875000001,"y_coord":24.79588224,"adm4_name":null,"adm4_name1":null,"adm4_name2":null,"adm4_name3":null,"adm4_pcode":null,"adm3_name":"Mirpur Bathoro","adm3_name1":null,"adm3_name2":null,"adm3_name3":null,"adm3_pcode":"PK72203","adm2_name":"Sujawal","adm2_name1":null,"adm2_name2":null,"adm2_name3":null,"adm2_pcode":"PK722","adm1_name":"Sindh","adm1_name1":null,"adm1_name2":null,"adm1_name3":null,"adm1_pcode":"PK7","adm0_name":"Pakistan","adm0_name1":null,"adm0_name2":null,"adm0_name3":null,"adm0_pcode":"PK","valid_on":"2022-09-09","valid_to":null,"version":"v01","lang":"en","lang1":null,"lang2":null,"lang3":null},"geometry":{"type":"Point","coordinates":[68.238638750000121,24.795882240000083]}},
{"type":"Feature","properties":{"admin_level":3,"name":"Shah Bunder","name1":null,"name2":null,"name3":null,"x_coord":67.9397321,"y_coord":24.10689781,"adm4_name":null,"adm4_name1":null,"adm4_name2":null,"adm4_name3":null,"adm4_pcode":null,"adm3_name":"Shah Bunder","adm3_name1":null,"adm3_name2":null,"adm3_name3":null,"adm3_pcode":"PK72204","adm2_name":"Sujawal","adm2_name1":null,"adm2_name2":null,"adm2_name3":null,"adm2_pcode":"PK722","adm1_name":"Sindh","adm1_name1":null,"adm1_name2":null,"adm1_name3":null,"adm1_pcode":"PK7","adm0_name":"Pakistan","adm0_name1":null,"adm0_name2":null,"adm0_name3":null,"adm0_pcode":"PK","valid_on":"2022-09-09","valid_to":null,"version":"v01","lang":"en","lang1":null,"lang2":null,"lang3":null},"geometry":{"type":"Point","coordinates":[67.939732105000076,24.106897810000135]}},
{"type":"Feature","properties":{"admin_level":3,"name":"Sujawal","name1":null,"name2":null,"name3":null,"x_coord":68.07835463000001,"y_coord":24.65050906,"adm4_name":null,"adm4_name1":null,"adm4_name2":null,"adm4_name3":null,"adm4_pcode":null,"adm3_name":"Sujawal","adm3_name1":null,"adm3_name2":null,"adm3_name3":null,"adm3_pcode":"PK72205","adm2_name":"Sujawal","adm2_name1":null,"adm2_name2":null,"adm2_name3":null,"adm2_pcode":"PK722","adm1_name":"Sindh","adm1_name1":null,"adm1_name2":null,"adm1_name3":null,"adm1_pcode":"PK7","adm0_name":"Pakistan","adm0_name1":null,"adm0_name2":null,"adm0_name3":null,"adm0_pcode":"PK","valid_on":"2022-09-09","valid_to":null,"version":"v01","lang":"en","lang1":null,"lang2":null,"lang3":null},"geometry":{"type":"Point","coordinates":[68.078354627000124,24.650509057000193]}},
{"type":"Feature","properties":{"admin_level":3,"name":"New Sukkur","name1":null,"name2":null,"name3":null,"x_coord":68.85222159,"y_coord":27.79946215,"adm4_name":null,"adm4_name1":null,"adm4_name2":null,"adm4_name3":null,"adm4_pcode":null,"adm3_name":"New Sukkur","adm3_name1":null,"adm3_name2":null,"adm3_name3":null,"adm3_pcode":"PK72301","adm2_name":"Sukkur","adm2_name1":null,"adm2_name2":null,"adm2_name3":null,"adm2_pcode":"PK723","adm1_name":"Sindh","adm1_name1":null,"adm1_name2":null,"adm1_name3":null,"adm1_pcode":"PK7","adm0_name":"Pakistan","adm0_name1":null,"adm0_name2":null,"adm0_name3":null,"adm0_pcode":"PK","valid_on":"2022-09-09","valid_to":null,"version":"v01","lang":"en","lang1":null,"lang2":null,"lang3":null},"geometry":{"type":"Point","coordinates":[68.85222158900018,27.799462153000036]}},
{"type":"Feature","properties":{"admin_level":3,"name":"Pano Aqil","name1":null,"name2":null,"name3":null,"x_coord":69.05414524,"y_coord":27.83606886,"adm4_name":null,"adm4_name1":null,"adm4_name2":null,"adm4_name3":null,"adm4_pcode":null,"adm3_name":"Pano Aqil","adm3_name1":null,"adm3_name2":null,"adm3_name3":null,"adm3_pcode":"PK72302","adm2_name":"Sukkur","adm2_name1":null,"adm2_name2":null,"adm2_name3":null,"adm2_pcode":"PK723","adm1_name":"Sindh","adm1_name1":null,"adm1_name2":null,"adm1_name3":null,"adm1_pcode":"PK7","adm0_name":"Pakistan","adm0_name1":null,"adm0_name2":null,"adm0_name3":null,"adm0_pcode":"PK","valid_on":"2022-09-09","valid_to":null,"version":"v01","lang":"en","lang1":null,"lang2":null,"lang3":null},"geometry":{"type":"Point","coordinates":[69.054145240000139,27.836068865000186]}},
{"type":"Feature","properties":{"admin_level":3,"name":"Rohri","name1":null,"name2":null,"name3":null,"x_coord":69.01047433,"y_coord":27.58816025,"adm4_name":null,"adm4_name1":null,"adm4_name2":null,"adm4_name3":null,"adm4_pcode":null,"adm3_name":"Rohri","adm3_name1":null,"adm3_name2":null,"adm3_name3":null,"adm3_pcode":"PK72303","adm2_name":"Sukkur","adm2_name1":null,"adm2_name2":null,"adm2_name3":null,"adm2_pcode":"PK723","adm1_name":"Sindh","adm1_name1":null,"adm1_name2":null,"adm1_name3":null,"adm1_pcode":"PK7","adm0_name":"Pakistan","adm0_name1":null,"adm0_name2":null,"adm0_name3":null,"adm0_pcode":"PK","valid_on":"2022-09-09","valid_to":null,"version":"v01","lang":"en","lang1":null,"lang2":null,"lang3":null},"geometry":{"type":"Point","coordinates":[69.010474325000189,27.588160245000097]}},
{"type":"Feature","properties":{"admin_level":3,"name":"Salehpat","name1":null,"name2":null,"name3":null,"x_coord":69.29282256,"y_coord":27.34360282,"adm4_name":null,"adm4_name1":null,"adm4_name2":null,"adm4_name3":null,"adm4_pcode":null,"adm3_name":"Salehpat","adm3_name1":null,"adm3_name2":null,"adm3_name3":null,"adm3_pcode":"PK72304","adm2_name":"Sukkur","adm2_name1":null,"adm2_name2":null,"adm2_name3":null,"adm2_pcode":"PK723","adm1_name":"Sindh","adm1_name1":null,"adm1_name2":null,"adm1_name3":null,"adm1_pcode":"PK7","adm0_name":"Pakistan","adm0_name1":null,"adm0_name2":null,"adm0_name3":null,"adm0_pcode":"PK","valid_on":"2022-09-09","valid_to":null,"version":"v01","lang":"en","lang1":null,"lang2":null,"lang3":null},"geometry":{"type":"Point","coordinates":[69.292822560000104,27.343602815000168]}},
{"type":"Feature","properties":{"admin_level":3,"name":"Sukkur","name1":null,"name2":null,"name3":null,"x_coord":68.82837578,"y_coord":27.71290719,"adm4_name":null,"adm4_name1":null,"adm4_name2":null,"adm4_name3":null,"adm4_pcode":null,"adm3_name":"Sukkur","adm3_name1":null,"adm3_name2":null,"adm3_name3":null,"adm3_pcode":"PK72305","adm2_name":"Sukkur","adm2_name1":null,"adm2_name2":null,"adm2_name3":null,"adm2_pcode":"PK723","adm1_name":"Sindh","adm1_name1":null,"adm1_name2":null,"adm1_name3":null,"adm1_pcode":"PK7","adm0_name":"Pakistan","adm0_name1":null,"adm0_name2":null,"adm0_name3":null,"adm0_pcode":"PK","valid_on":"2022-09-09","valid_to":null,"version":"v01","lang":"en","lang1":null,"lang2":null,"lang3":null},"geometry":{"type":"Point","coordinates":[68.828375784000059,27.712907188000088]}},
{"type":"Feature","properties":{"admin_level":3,"name":"Chamber","name1":null,"name2":null,"name3":null,"x_coord":68.82757487000001,"y_coord":25.31735537,"adm4_name":null,"adm4_name1":null,"adm4_name2":null,"adm4_name3":null,"adm4_pcode":null,"adm3_name":"Chamber","adm3_name1":null,"adm3_name2":null,"adm3_name3":null,"adm3_pcode":"PK72401","adm2_name":"Tando Allahyar","adm2_name1":null,"adm2_name2":null,"adm2_name3":null,"adm2_pcode":"PK724","adm1_name":"Sindh","adm1_name1":null,"adm1_name2":null,"adm1_name3":null,"adm1_pcode":"PK7","adm0_name":"Pakistan","adm0_name1":null,"adm0_name2":null,"adm0_name3":null,"adm0_pcode":"PK","valid_on":"2022-09-09","valid_to":null,"version":"v01","lang":"en","lang1":null,"lang2":null,"lang3":null},"geometry":{"type":"Point","coordinates":[68.827574867000124,25.317355374000158]}},
{"type":"Feature","properties":{"admin_level":3,"name":"Jhando Mari","name1":null,"name2":null,"name3":null,"x_coord":68.78774007,"y_coord":25.57841841,"adm4_name":null,"adm4_name1":null,"adm4_name2":null,"adm4_name3":null,"adm4_pcode":null,"adm3_name":"Jhando Mari","adm3_name1":null,"adm3_name2":null,"adm3_name3":null,"adm3_pcode":"PK72402","adm2_name":"Tando Allahyar","adm2_name1":null,"adm2_name2":null,"adm2_name3":null,"adm2_pcode":"PK724","adm1_name":"Sindh","adm1_name1":null,"adm1_name2":null,"adm1_name3":null,"adm1_pcode":"PK7","adm0_name":"Pakistan","adm0_name1":null,"adm0_name2":null,"adm0_name3":null,"adm0_pcode":"PK","valid_on":"2022-09-09","valid_to":null,"version":"v01","lang":"en","lang1":null,"lang2":null,"lang3":null},"geometry":{"type":"Point","coordinates":[68.787740070000154,25.578418410000097]}},
{"type":"Feature","properties":{"admin_level":3,"name":"Tando Allahyar","name1":null,"name2":null,"name3":null,"x_coord":68.71193031,"y_coord":25.44779541,"adm4_name":null,"adm4_name1":null,"adm4_name2":null,"adm4_name3":null,"adm4_pcode":null,"adm3_name":"Tando Allahyar","adm3_name1":null,"adm3_name2":null,"adm3_name3":null,"adm3_pcode":"PK72403","adm2_name":"Tando Allahyar","adm2_name1":null,"adm2_name2":null,"adm2_name3":null,"adm2_pcode":"PK724","adm1_name":"Sindh","adm1_name1":null,"adm1_name2":null,"adm1_name3":null,"adm1_pcode":"PK7","adm0_name":"Pakistan","adm0_name1":null,"adm0_name2":null,"adm0_name3":null,"adm0_pcode":"PK","valid_on":"2022-09-09","valid_to":null,"version":"v01","lang":"en","lang1":null,"lang2":null,"lang3":null},"geometry":{"type":"Point","coordinates":[68.71193030500018,25.447795408000047]}},
{"type":"Feature","properties":{"admin_level":3,"name":"Bulri Shah Karim","name1":null,"name2":null,"name3":null,"x_coord":68.37942459,"y_coord":24.98797946,"adm4_name":null,"adm4_name1":null,"adm4_name2":null,"adm4_name3":null,"adm4_pcode":null,"adm3_name":"Bulri Shah Karim","adm3_name1":null,"adm3_name2":null,"adm3_name3":null,"adm3_pcode":"PK72501","adm2_name":"Tando Muhammad Khan","adm2_name1":null,"adm2_name2":null,"adm2_name3":null,"adm2_pcode":"PK725","adm1_name":"Sindh","adm1_name1":null,"adm1_name2":null,"adm1_name3":null,"adm1_pcode":"PK7","adm0_name":"Pakistan","adm0_name1":null,"adm0_name2":null,"adm0_name3":null,"adm0_pcode":"PK","valid_on":"2022-09-09","valid_to":null,"version":"v01","lang":"en","lang1":null,"lang2":null,"lang3":null},"geometry":{"type":"Point","coordinates":[68.379424595000046,24.987979459000087]}},
{"type":"Feature","properties":{"admin_level":3,"name":"Tando Ghulam Hyder","name1":null,"name2":null,"name3":null,"x_coord":68.63871114,"y_coord":24.95615475,"adm4_name":null,"adm4_name1":null,"adm4_name2":null,"adm4_name3":null,"adm4_pcode":null,"adm3_name":"Tando Ghulam Hyder","adm3_name1":null,"adm3_name2":null,"adm3_name3":null,"adm3_pcode":"PK72502","adm2_name":"Tando Muhammad Khan","adm2_name1":null,"adm2_name2":null,"adm2_name3":null,"adm2_pcode":"PK725","adm1_name":"Sindh","adm1_name1":null,"adm1_name2":null,"adm1_name3":null,"adm1_pcode":"PK7","adm0_name":"Pakistan","adm0_name1":null,"adm0_name2":null,"adm0_name3":null,"adm0_pcode":"PK","valid_on":"2022-09-09","valid_to":null,"version":"v01","lang":"en","lang1":null,"lang2":null,"lang3":null},"geometry":{"type":"Point","coordinates":[68.638711144000183,24.956154751000156]}},
{"type":"Feature","properties":{"admin_level":3,"name":"Tando Muhammad Khan","name1":null,"name2":null,"name3":null,"x_coord":68.56169556,"y_coord":25.12563575,"adm4_name":null,"adm4_name1":null,"adm4_name2":null,"adm4_name3":null,"adm4_pcode":null,"adm3_name":"Tando Muhammad Khan","adm3_name1":null,"adm3_name2":null,"adm3_name3":null,"adm3_pcode":"PK72503","adm2_name":"Tando Muhammad Khan","adm2_name1":null,"adm2_name2":null,"adm2_name3":null,"adm2_pcode":"PK725","adm1_name":"Sindh","adm1_name1":null,"adm1_name2":null,"adm1_name3":null,"adm1_pcode":"PK7","adm0_name":"Pakistan","adm0_name1":null,"adm0_name2":null,"adm0_name3":null,"adm0_pcode":"PK","valid_on":"2022-09-09","valid_to":null,"version":"v01","lang":"en","lang1":null,"lang2":null,"lang3":null},"geometry":{"type":"Point","coordinates":[68.561695557000121,25.12563574700016]}},
{"type":"Feature","properties":{"admin_level":3,"name":"Chachro","name1":null,"name2":null,"name3":null,"x_coord":70.39394715,"y_coord":25.10155379,"adm4_name":null,"adm4_name1":null,"adm4_name2":null,"adm4_name3":null,"adm4_pcode":null,"adm3_name":"Chachro","adm3_name1":null,"adm3_name2":null,"adm3_name3":null,"adm3_pcode":"PK72601","adm2_name":"Tharparkar","adm2_name1":null,"adm2_name2":null,"adm2_name3":null,"adm2_pcode":"PK726","adm1_name":"Sindh","adm1_name1":null,"adm1_name2":null,"adm1_name3":null,"adm1_pcode":"PK7","adm0_name":"Pakistan","adm0_name1":null,"adm0_name2":null,"adm0_name3":null,"adm0_pcode":"PK","valid_on":"2022-09-09","valid_to":null,"version":"v01","lang":"en","lang1":null,"lang2":null,"lang3":null},"geometry":{"type":"Point","coordinates":[70.393947149999974,25.101553790000082]}},
{"type":"Feature","properties":{"admin_level":3,"name":"Dahli","name1":null,"name2":null,"name3":null,"x_coord":70.45191999,"y_coord":25.44685726,"adm4_name":null,"adm4_name1":null,"adm4_name2":null,"adm4_name3":null,"adm4_pcode":null,"adm3_name":"Dahli","adm3_name1":null,"adm3_name2":null,"adm3_name3":null,"adm3_pcode":"PK72602","adm2_name":"Tharparkar","adm2_name1":null,"adm2_name2":null,"adm2_name3":null,"adm2_pcode":"PK726","adm1_name":"Sindh","adm1_name1":null,"adm1_name2":null,"adm1_name3":null,"adm1_pcode":"PK7","adm0_name":"Pakistan","adm0_name1":null,"adm0_name2":null,"adm0_name3":null,"adm0_pcode":"PK","valid_on":"2022-09-09","valid_to":null,"version":"v01","lang":"en","lang1":null,"lang2":null,"lang3":null},"geometry":{"type":"Point","coordinates":[70.451919987000053,25.446857261000105]}},
{"type":"Feature","properties":{"admin_level":3,"name":"Diplo","name1":null,"name2":null,"name3":null,"x_coord":69.46940973,"y_coord":24.41064822,"adm4_name":null,"adm4_name1":null,"adm4_name2":null,"adm4_name3":null,"adm4_pcode":null,"adm3_name":"Diplo","adm3_name1":null,"adm3_name2":null,"adm3_name3":null,"adm3_pcode":"PK72603","adm2_name":"Tharparkar","adm2_name1":null,"adm2_name2":null,"adm2_name3":null,"adm2_pcode":"PK726","adm1_name":"Sindh","adm1_name1":null,"adm1_name2":null,"adm1_name3":null,"adm1_pcode":"PK7","adm0_name":"Pakistan","adm0_name1":null,"adm0_name2":null,"adm0_name3":null,"adm0_pcode":"PK","valid_on":"2022-09-09","valid_to":null,"version":"v01","lang":"en","lang1":null,"lang2":null,"lang3":null},"geometry":{"type":"Point","coordinates":[69.469409729000176,24.410648220000098]}},
{"type":"Feature","properties":{"admin_level":3,"name":"Islam Kot","name1":null,"name2":null,"name3":null,"x_coord":70.3391872,"y_coord":24.53923217,"adm4_name":null,"adm4_name1":null,"adm4_name2":null,"adm4_name3":null,"adm4_pcode":null,"adm3_name":"Islam Kot","adm3_name1":null,"adm3_name2":null,"adm3_name3":null,"adm3_pcode":"PK72604","adm2_name":"Tharparkar","adm2_name1":null,"adm2_name2":null,"adm2_name3":null,"adm2_pcode":"PK726","adm1_name":"Sindh","adm1_name1":null,"adm1_name2":null,"adm1_name3":null,"adm1_pcode":"PK7","adm0_name":"Pakistan","adm0_name1":null,"adm0_name2":null,"adm0_name3":null,"adm0_pcode":"PK","valid_on":"2022-09-09","valid_to":null,"version":"v01","lang":"en","lang1":null,"lang2":null,"lang3":null},"geometry":{"type":"Point","coordinates":[70.339187200000083,24.539232175000166]}},
{"type":"Feature","properties":{"admin_level":3,"name":"Mithi","name1":null,"name2":null,"name3":null,"x_coord":69.80644213,"y_coord":24.79140617,"adm4_name":null,"adm4_name1":null,"adm4_name2":null,"adm4_name3":null,"adm4_pcode":null,"adm3_name":"Mithi","adm3_name1":null,"adm3_name2":null,"adm3_name3":null,"adm3_pcode":"PK72605","adm2_name":"Tharparkar","adm2_name1":null,"adm2_name2":null,"adm2_name3":null,"adm2_pcode":"PK726","adm1_name":"Sindh","adm1_name1":null,"adm1_name2":null,"adm1_name3":null,"adm1_pcode":"PK7","adm0_name":"Pakistan","adm0_name1":null,"adm0_name2":null,"adm0_name3":null,"adm0_pcode":"PK","valid_on":"2022-09-09","valid_to":null,"version":"v01","lang":"en","lang1":null,"lang2":null,"lang3":null},"geometry":{"type":"Point","coordinates":[69.806442127000082,24.791406165000012]}},
{"type":"Feature","properties":{"admin_level":3,"name":"Nagar Parkar","name1":null,"name2":null,"name3":null,"x_coord":70.78453622000001,"y_coord":24.64322054,"adm4_name":null,"adm4_name1":null,"adm4_name2":null,"adm4_name3":null,"adm4_pcode":null,"adm3_name":"Nagar Parkar","adm3_name1":null,"adm3_name2":null,"adm3_name3":null,"adm3_pcode":"PK72606","adm2_name":"Tharparkar","adm2_name1":null,"adm2_name2":null,"adm2_name3":null,"adm2_pcode":"PK726","adm1_name":"Sindh","adm1_name1":null,"adm1_name2":null,"adm1_name3":null,"adm1_pcode":"PK7","adm0_name":"Pakistan","adm0_name1":null,"adm0_name2":null,"adm0_name3":null,"adm0_pcode":"PK","valid_on":"2022-09-09","valid_to":null,"version":"v01","lang":"en","lang1":null,"lang2":null,"lang3":null},"geometry":{"type":"Point","coordinates":[70.784536222000042,24.643220539000026]}},
{"type":"Feature","properties":{"admin_level":3,"name":"Kaloi","name1":null,"name2":null,"name3":null,"x_coord":69.44789531000001,"y_coord":24.66587793,"adm4_name":null,"adm4_name1":null,"adm4_name2":null,"adm4_name3":null,"adm4_pcode":null,"adm3_name":"Kaloi","adm3_name1":null,"adm3_name2":null,"adm3_name3":null,"adm3_pcode":"PK72607","adm2_name":"Tharparkar","adm2_name1":null,"adm2_name2":null,"adm2_name3":null,"adm2_pcode":"PK726","adm1_name":"Sindh","adm1_name1":null,"adm1_name2":null,"adm1_name3":null,"adm1_pcode":"PK7","adm0_name":"Pakistan","adm0_name1":null,"adm0_name2":null,"adm0_name3":null,"adm0_pcode":"PK","valid_on":"2022-09-09","valid_to":null,"version":"v01","lang":"en","lang1":null,"lang2":null,"lang3":null},"geometry":{"type":"Point","coordinates":[69.447895312000071,24.665877931000125]}},
{"type":"Feature","properties":{"admin_level":3,"name":"Ghorabari","name1":null,"name2":null,"name3":null,"x_coord":67.69364955,"y_coord":24.37376233,"adm4_name":null,"adm4_name1":null,"adm4_name2":null,"adm4_name3":null,"adm4_pcode":null,"adm3_name":"Ghorabari","adm3_name1":null,"adm3_name2":null,"adm3_name3":null,"adm3_pcode":"PK72701","adm2_name":"Thatta","adm2_name1":null,"adm2_name2":null,"adm2_name3":null,"adm2_pcode":"PK727","adm1_name":"Sindh","adm1_name1":null,"adm1_name2":null,"adm1_name3":null,"adm1_pcode":"PK7","adm0_name":"Pakistan","adm0_name1":null,"adm0_name2":null,"adm0_name3":null,"adm0_pcode":"PK","valid_on":"2022-09-09","valid_to":null,"version":"v01","lang":"en","lang1":null,"lang2":null,"lang3":null},"geometry":{"type":"Point","coordinates":[67.693649555000036,24.373762335000038]}},
{"type":"Feature","properties":{"admin_level":3,"name":"Keti Bunder","name1":null,"name2":null,"name3":null,"x_coord":67.4496756,"y_coord":24.13569299,"adm4_name":null,"adm4_name1":null,"adm4_name2":null,"adm4_name3":null,"adm4_pcode":null,"adm3_name":"Keti Bunder","adm3_name1":null,"adm3_name2":null,"adm3_name3":null,"adm3_pcode":"PK72702","adm2_name":"Thatta","adm2_name1":null,"adm2_name2":null,"adm2_name3":null,"adm2_pcode":"PK727","adm1_name":"Sindh","adm1_name1":null,"adm1_name2":null,"adm1_name3":null,"adm1_pcode":"PK7","adm0_name":"Pakistan","adm0_name1":null,"adm0_name2":null,"adm0_name3":null,"adm0_pcode":"PK","valid_on":"2022-09-09","valid_to":null,"version":"v01","lang":"en","lang1":null,"lang2":null,"lang3":null},"geometry":{"type":"Point","coordinates":[67.449675605000095,24.135692991000099]}},
{"type":"Feature","properties":{"admin_level":3,"name":"Mirpur Sakro","name1":null,"name2":null,"name3":null,"x_coord":67.6327106,"y_coord":24.58687687,"adm4_name":null,"adm4_name1":null,"adm4_name2":null,"adm4_name3":null,"adm4_pcode":null,"adm3_name":"Mirpur Sakro","adm3_name1":null,"adm3_name2":null,"adm3_name3":null,"adm3_pcode":"PK72703","adm2_name":"Thatta","adm2_name1":null,"adm2_name2":null,"adm2_name3":null,"adm2_pcode":"PK727","adm1_name":"Sindh","adm1_name1":null,"adm1_name2":null,"adm1_name3":null,"adm1_pcode":"PK7","adm0_name":"Pakistan","adm0_name1":null,"adm0_name2":null,"adm0_name3":null,"adm0_pcode":"PK","valid_on":"2022-09-09","valid_to":null,"version":"v01","lang":"en","lang1":null,"lang2":null,"lang3":null},"geometry":{"type":"Point","coordinates":[67.632710603000135,24.586876869000037]}},
{"type":"Feature","properties":{"admin_level":3,"name":"Thatta","name1":null,"name2":null,"name3":null,"x_coord":67.9845318,"y_coord":25.00347218,"adm4_name":null,"adm4_name1":null,"adm4_name2":null,"adm4_name3":null,"adm4_pcode":null,"adm3_name":"Thatta","adm3_name1":null,"adm3_name2":null,"adm3_name3":null,"adm3_pcode":"PK72704","adm2_name":"Thatta","adm2_name1":null,"adm2_name2":null,"adm2_name3":null,"adm2_pcode":"PK727","adm1_name":"Sindh","adm1_name1":null,"adm1_name2":null,"adm1_name3":null,"adm1_pcode":"PK7","adm0_name":"Pakistan","adm0_name1":null,"adm0_name2":null,"adm0_name3":null,"adm0_pcode":"PK","valid_on":"2022-09-09","valid_to":null,"version":"v01","lang":"en","lang1":null,"lang2":null,"lang3":null},"geometry":{"type":"Point","coordinates":[67.984531804000142,25.003472182000053]}},
{"type":"Feature","properties":{"admin_level":3,"name":"Kunri","name1":null,"name2":null,"name3":null,"x_coord":69.56829003,"y_coord":25.05181249,"adm4_name":null,"adm4_name1":null,"adm4_name2":null,"adm4_name3":null,"adm4_pcode":null,"adm3_name":"Kunri","adm3_name1":null,"adm3_name2":null,"adm3_name3":null,"adm3_pcode":"PK72801","adm2_name":"Umer Kot","adm2_name1":null,"adm2_name2":null,"adm2_name3":null,"adm2_pcode":"PK728","adm1_name":"Sindh","adm1_name1":null,"adm1_name2":null,"adm1_name3":null,"adm1_pcode":"PK7","adm0_name":"Pakistan","adm0_name1":null,"adm0_name2":null,"adm0_name3":null,"adm0_pcode":"PK","valid_on":"2022-09-09","valid_to":null,"version":"v01","lang":"en","lang1":null,"lang2":null,"lang3":null},"geometry":{"type":"Point","coordinates":[69.568290030000128,25.051812494000103]}},
{"type":"Feature","properties":{"admin_level":3,"name":"Pithoro","name1":null,"name2":null,"name3":null,"x_coord":69.36039769,"y_coord":25.48781502,"adm4_name":null,"adm4_name1":null,"adm4_name2":null,"adm4_name3":null,"adm4_pcode":null,"adm3_name":"Pithoro","adm3_name1":null,"adm3_name2":null,"adm3_name3":null,"adm3_pcode":"PK72802","adm2_name":"Umer Kot","adm2_name1":null,"adm2_name2":null,"adm2_name3":null,"adm2_pcode":"PK728","adm1_name":"Sindh","adm1_name1":null,"adm1_name2":null,"adm1_name3":null,"adm1_pcode":"PK7","adm0_name":"Pakistan","adm0_name1":null,"adm0_name2":null,"adm0_name3":null,"adm0_pcode":"PK","valid_on":"2022-09-09","valid_to":null,"version":"v01","lang":"en","lang1":null,"lang2":null,"lang3":null},"geometry":{"type":"Point","coordinates":[69.360397693000095,25.48781502200012]}},
{"type":"Feature","properties":{"admin_level":3,"name":"Samaro","name1":null,"name2":null,"name3":null,"x_coord":69.45697088,"y_coord":25.29897679,"adm4_name":null,"adm4_name1":null,"adm4_name2":null,"adm4_name3":null,"adm4_pcode":null,"adm3_name":"Samaro","adm3_name1":null,"adm3_name2":null,"adm3_name3":null,"adm3_pcode":"PK72803","adm2_name":"Umer Kot","adm2_name1":null,"adm2_name2":null,"adm2_name3":null,"adm2_pcode":"PK728","adm1_name":"Sindh","adm1_name1":null,"adm1_name2":null,"adm1_name3":null,"adm1_pcode":"PK7","adm0_name":"Pakistan","adm0_name1":null,"adm0_name2":null,"adm0_name3":null,"adm0_pcode":"PK","valid_on":"2022-09-09","valid_to":null,"version":"v01","lang":"en","lang1":null,"lang2":null,"lang3":null},"geometry":{"type":"Point","coordinates":[69.456970882000121,25.298976787000186]}},
{"type":"Feature","properties":{"admin_level":3,"name":"Umer Kot","name1":null,"name2":null,"name3":null,"x_coord":69.88366862,"y_coord":25.46359732,"adm4_name":null,"adm4_name1":null,"adm4_name2":null,"adm4_name3":null,"adm4_pcode":null,"adm3_name":"Umer Kot","adm3_name1":null,"adm3_name2":null,"adm3_name3":null,"adm3_pcode":"PK72804","adm2_name":"Umer Kot","adm2_name1":null,"adm2_name2":null,"adm2_name3":null,"adm2_pcode":"PK728","adm1_name":"Sindh","adm1_name1":null,"adm1_name2":null,"adm1_name3":null,"adm1_pcode":"PK7","adm0_name":"Pakistan","adm0_name1":null,"adm0_name2":null,"adm0_name3":null,"adm0_pcode":"PK","valid_on":"2022-09-09","valid_to":null,"version":"v01","lang":"en","lang1":null,"lang2":null,"lang3":null},"geometry":{"type":"Point","coordinates":[69.883668622000187,25.463597324000091]}},
{"type":"Feature","properties":{"admin_level":3,"name":"Baldia Town","name1":null,"name2":null,"name3":null,"x_coord":66.95494657,"y_coord":24.92214,"adm4_name":null,"adm4_name1":null,"adm4_name2":null,"adm4_name3":null,"adm4_pcode":null,"adm3_name":"Baldia Town","adm3_name1":null,"adm3_name2":null,"adm3_name3":null,"adm3_pcode":"PK72901","adm2_name":"West Karachi","adm2_name1":null,"adm2_name2":null,"adm2_name3":null,"adm2_pcode":"PK729","adm1_name":"Sindh","adm1_name1":null,"adm1_name2":null,"adm1_name3":null,"adm1_pcode":"PK7","adm0_name":"Pakistan","adm0_name1":null,"adm0_name2":null,"adm0_name3":null,"adm0_pcode":"PK","valid_on":"2022-09-09","valid_to":null,"version":"v01","lang":"en","lang1":null,"lang2":null,"lang3":null},"geometry":{"type":"Point","coordinates":[66.954946571,24.922140000000127]}},
{"type":"Feature","properties":{"admin_level":3,"name":"Orangi Town","name1":null,"name2":null,"name3":null,"x_coord":66.99994131,"y_coord":25.00499372,"adm4_name":null,"adm4_name1":null,"adm4_name2":null,"adm4_name3":null,"adm4_pcode":null,"adm3_name":"Orangi Town","adm3_name1":null,"adm3_name2":null,"adm3_name3":null,"adm3_pcode":"PK72902","adm2_name":"West Karachi","adm2_name1":null,"adm2_name2":null,"adm2_name3":null,"adm2_pcode":"PK729","adm1_name":"Sindh","adm1_name1":null,"adm1_name2":null,"adm1_name3":null,"adm1_pcode":"PK7","adm0_name":"Pakistan","adm0_name1":null,"adm0_name2":null,"adm0_name3":null,"adm0_pcode":"PK","valid_on":"2022-09-09","valid_to":null,"version":"v01","lang":"en","lang1":null,"lang2":null,"lang3":null},"geometry":{"type":"Point","coordinates":[66.999941310000111,25.004993723000098]}},
{"type":"Feature","properties":{"admin_level":3,"name":"Site Town","name1":null,"name2":null,"name3":null,"x_coord":67.00439587,"y_coord":24.91850971,"adm4_name":null,"adm4_name1":null,"adm4_name2":null,"adm4_name3":null,"adm4_pcode":null,"adm3_name":"Site Town","adm3_name1":null,"adm3_name2":null,"adm3_name3":null,"adm3_pcode":"PK72903","adm2_name":"West Karachi","adm2_name1":null,"adm2_name2":null,"adm2_name3":null,"adm2_pcode":"PK729","adm1_name":"Sindh","adm1_name1":null,"adm1_name2":null,"adm1_name3":null,"adm1_pcode":"PK7","adm0_name":"Pakistan","adm0_name1":null,"adm0_name2":null,"adm0_name3":null,"adm0_pcode":"PK","valid_on":"2022-09-09","valid_to":null,"version":"v01","lang":"en","lang1":null,"lang2":null,"lang3":null},"geometry":{"type":"Point","coordinates":[67.004395866999971,24.918509710000137]}}
]
}
