{
"type": "FeatureCollection",
"name": "pak_admin1_emro",
"crs": { "type": "name", "properties": { "name": "urn:ogc:def:crs:OGC:1.3:CRS84" } },
"features": [
{ "type": "Feature", "properties": { "adm1_name": "Azad Kashmir" }, "geometry": { "type": "MultiPolygon", "coordinates": [ [ [ [ 74.4694, 35.11029 ], [ 74.47451, 35.11192 ], [ 74.47783, 35.1127 ], [ 74.48188, 35.11297 ], [ 74.48472, 35.11236 ], [ 74.48714, 35.11129 ], [ 74.48941, 35.11086 ], [ 74.49079, 35.10973 ], [ 74.49161, 35.10952 ], [ 74.49435, 35.10845 ], [ 74.49766, 35.10655 ], [ 74.50114, 35.10432 ], [ 74.50403, 35.10181 ], [ 74.50681, 35.10056 ], [ 74.50978, 35.09915 ], [ 74.50797, 35.09546 ], [ 74.50771, 35.092 ], [ 74.5086, 35.08848 ], [ 74.51102, 35.08489 ], [ 74.51534, 35.08104 ], [ 74.51913, 35.07785 ], [ 74.52509, 35.07579 ], [ 74.52929, 35.0729 ], [ 74.53239, 35.07085 ], [ 74.53466, 35.06774 ], [ 74.53699, 35.06557 ], [ 74.53748, 35.06191 ], [ 74.53777, 35.05796 ], [ 74.53761, 35.05591 ], [ 74.53521, 35.05462 ], [ 74.53298, 35.05299 ], [ 74.53119, 35.05101 ], [ 74.52995, 35.04729 ], [ 74.52904, 35.04276 ], [ 74.52837, 35.03885 ], [ 74.52853, 35.036 ], [ 74.53123, 35.0335 ], [ 74.53413, 35.0313 ], [ 74.53651, 35.02976 ], [ 74.53786, 35.02732 ], [ 74.53808, 35.0251 ], [ 74.53986, 35.02328 ], [ 74.54314, 35.02106 ], [ 74.54665, 35.01915 ], [ 74.54848, 35.01795 ], [ 74.55103, 35.01624 ], [ 74.55426, 35.01323 ], [ 74.55804, 35.01241 ], [ 74.56227, 35.01267 ], [ 74.56363, 35.01544 ], [ 74.56548, 35.01708 ], [ 74.56788, 35.01838 ], [ 74.57063, 35.01918 ], [ 74.57255, 35.01925 ], [ 74.57462, 35.01867 ], [ 74.57544, 35.01689 ], [ 74.57548, 35.01484 ], [ 74.57634, 35.01101 ], [ 74.57785, 35.00809 ], [ 74.57988, 35.00451 ], [ 74.58186, 35.00294 ], [ 74.5835, 35.00164 ], [ 74.58216, 35.0001 ], [ 74.58059, 34.99859 ], [ 74.57904, 34.9971 ], [ 74.57668, 34.9963 ], [ 74.57412, 34.99505 ], [ 74.57219, 34.9939 ], [ 74.57132, 34.99183 ], [ 74.57185, 34.98859 ], [ 74.57302, 34.98454 ], [ 74.57278, 34.98124 ], [ 74.57062, 34.97804 ], [ 74.56757, 34.97583 ], [ 74.56469, 34.97314 ], [ 74.56487, 34.97044 ], [ 74.56642, 34.96815 ], [ 74.56726, 34.96653 ], [ 74.56768, 34.96446 ], [ 74.56599, 34.9634 ], [ 74.56466, 34.96256 ], [ 74.56275, 34.96014 ], [ 74.56271, 34.95698 ], [ 74.5657, 34.95336 ], [ 74.56914, 34.94979 ], [ 74.57269, 34.94867 ], [ 74.5747, 34.9473 ], [ 74.57355, 34.94579 ], [ 74.57197, 34.9437 ], [ 74.57042, 34.94136 ], [ 74.57035, 34.9379 ], [ 74.57033, 34.93505 ], [ 74.56785, 34.93266 ], [ 74.56481, 34.93045 ], [ 74.56338, 34.92926 ], [ 74.56644, 34.9291 ], [ 74.56851, 34.92868 ], [ 74.57055, 34.92779 ], [ 74.57195, 34.92598 ], [ 74.57177, 34.92362 ], [ 74.57114, 34.92034 ], [ 74.56956, 34.91711 ], [ 74.56699, 34.91345 ], [ 74.56576, 34.90989 ], [ 74.56596, 34.90751 ], [ 74.56795, 34.90583 ], [ 74.57099, 34.90494 ], [ 74.57188, 34.90468 ], [ 74.57401, 34.90364 ], [ 74.57922, 34.90669 ], [ 74.58289, 34.90911 ], [ 74.58566, 34.91093 ], [ 74.59049, 34.914 ], [ 74.59442, 34.91661 ], [ 74.59999, 34.91933 ], [ 74.60325, 34.91932 ], [ 74.60645, 34.91852 ], [ 74.60979, 34.91724 ], [ 74.61317, 34.91628 ], [ 74.617, 34.91462 ], [ 74.61999, 34.91352 ], [ 74.62446, 34.91187 ], [ 74.62659, 34.91099 ], [ 74.62962, 34.90923 ], [ 74.6332, 34.90842 ], [ 74.63493, 34.90734 ], [ 74.63702, 34.9057 ], [ 74.63918, 34.90385 ], [ 74.64137, 34.90294 ], [ 74.64515, 34.9018 ], [ 74.64951, 34.90126 ], [ 74.65353, 34.90121 ], [ 74.65691, 34.90277 ], [ 74.65916, 34.90471 ], [ 74.66199, 34.90661 ], [ 74.66416, 34.90745 ], [ 74.66527, 34.90439 ], [ 74.66624, 34.90213 ], [ 74.66652, 34.89817 ], [ 74.66917, 34.89772 ], [ 74.67133, 34.89603 ], [ 74.67336, 34.89245 ], [ 74.67437, 34.88814 ], [ 74.67506, 34.88463 ], [ 74.67636, 34.88157 ], [ 74.6774, 34.88009 ], [ 74.68016, 34.87868 ], [ 74.68175, 34.87687 ], [ 74.68503, 34.87465 ], [ 74.68743, 34.87357 ], [ 74.69194, 34.87492 ], [ 74.69561, 34.87535 ], [ 74.69884, 34.87503 ], [ 74.70007, 34.87194 ], [ 74.70091, 34.87015 ], [ 74.70184, 34.8682 ], [ 74.70221, 34.86579 ], [ 74.70251, 34.8638 ], [ 74.70389, 34.8594 ], [ 74.70567, 34.85757 ], [ 74.70772, 34.85683 ], [ 74.71095, 34.85651 ], [ 74.7137, 34.85747 ], [ 74.71741, 34.8609 ], [ 74.72012, 34.86124 ], [ 74.72277, 34.86094 ], [ 74.72449, 34.85857 ], [ 74.72623, 34.85618 ], [ 74.7281, 34.85276 ], [ 74.72822, 34.85012 ], [ 74.72823, 34.84759 ], [ 74.72588, 34.8433 ], [ 74.72893, 34.84193 ], [ 74.73267, 34.84024 ], [ 74.73566, 34.83854 ], [ 74.7373, 34.83708 ], [ 74.7395, 34.83512 ], [ 74.74258, 34.8326 ], [ 74.7449, 34.82996 ], [ 74.7473, 34.82753 ], [ 74.74763, 34.8272 ], [ 74.74995, 34.82401 ], [ 74.75255, 34.82147 ], [ 74.75556, 34.81993 ], [ 74.75912, 34.81794 ], [ 74.76185, 34.81596 ], [ 74.76445, 34.81287 ], [ 74.7654, 34.80957 ], [ 74.76621, 34.80616 ], [ 74.76633, 34.80241 ], [ 74.76639, 34.79858 ], [ 74.76659, 34.79536 ], [ 74.76836, 34.79118 ], [ 74.76958, 34.78633 ], [ 74.77121, 34.78215 ], [ 74.77271, 34.77929 ], [ 74.77531, 34.77697 ], [ 74.7764, 34.77399 ], [ 74.77831, 34.77058 ], [ 74.78008, 34.76761 ], [ 74.78239, 34.76397 ], [ 74.78554, 34.76067 ], [ 74.78868, 34.75791 ], [ 74.79142, 34.75592 ], [ 74.79539, 34.75416 ], [ 74.79949, 34.75262 ], [ 74.82656, 34.7265 ], [ 74.85677, 34.68863 ], [ 74.86488, 34.67993 ], [ 74.8539, 34.6782 ], [ 74.8356, 34.67754 ], [ 74.78659, 34.68273 ], [ 74.77214, 34.68271 ], [ 74.7664, 34.68519 ], [ 74.76312, 34.68434 ], [ 74.73932, 34.68722 ], [ 74.72807, 34.68858 ], [ 74.703, 34.69308 ], [ 74.6713, 34.7007 ], [ 74.65806, 34.7106 ], [ 74.63883, 34.73354 ], [ 74.63155, 34.738 ], [ 74.61816, 34.74215 ], [ 74.61243, 34.74637 ], [ 74.58018, 34.7701 ], [ 74.57716, 34.76949 ], [ 74.56529, 34.77187 ], [ 74.56149, 34.77444 ], [ 74.54407, 34.77654 ], [ 74.5147, 34.7748 ], [ 74.50658, 34.77553 ], [ 74.48537, 34.78709 ], [ 74.47714, 34.78965 ], [ 74.47397, 34.79063 ], [ 74.40562, 34.79953 ], [ 74.37554, 34.80344 ], [ 74.36754, 34.80256 ], [ 74.34621, 34.79041 ], [ 74.34125, 34.78969 ], [ 74.33127, 34.79232 ], [ 74.31509, 34.80026 ], [ 74.3073, 34.8003 ], [ 74.30278, 34.79754 ], [ 74.2868, 34.77417 ], [ 74.27976, 34.76827 ], [ 74.2699, 34.76269 ], [ 74.23901, 34.75207 ], [ 74.23736, 34.75179 ], [ 74.22749, 34.75008 ], [ 74.22575, 34.74746 ], [ 74.2105, 34.74018 ], [ 74.20297, 34.73657 ], [ 74.17474, 34.71736 ], [ 74.1534, 34.69907 ], [ 74.14897, 34.69527 ], [ 74.14179, 34.6912 ], [ 74.1327, 34.69024 ], [ 74.11677, 34.69121 ], [ 74.09716, 34.6929 ], [ 74.09314, 34.69451 ], [ 74.08653, 34.6937 ], [ 74.08132, 34.69202 ], [ 74.0597, 34.68509 ], [ 74.04914, 34.68497 ], [ 74.04172, 34.68732 ], [ 74.0252, 34.70023 ], [ 74.01289, 34.70985 ], [ 74.0, 34.70822 ], [ 73.99099, 34.70559 ], [ 73.98608, 34.70415 ], [ 73.96022, 34.69668 ], [ 73.9558, 34.69206 ], [ 73.94156, 34.6772 ], [ 73.9274, 34.64606 ], [ 73.94156, 34.59196 ], [ 73.94807, 34.57309 ], [ 73.93509, 34.56665 ], [ 73.9097, 34.55387 ], [ 73.89534, 34.54667 ], [ 73.88956, 34.52552 ], [ 73.88669, 34.51499 ], [ 73.89874, 34.49577 ], [ 73.85481, 34.47335 ], [ 73.8395, 34.46324 ], [ 73.80726, 34.44195 ], [ 73.80216, 34.43769 ], [ 73.78071, 34.41945 ], [ 73.77698, 34.4163 ], [ 73.76884, 34.38721 ], [ 73.76754, 34.38259 ], [ 73.76432, 34.37107 ], [ 73.76322, 34.35963 ], [ 73.77256, 34.35056 ], [ 73.77339, 34.34975 ], [ 73.8074, 34.35672 ], [ 73.82007, 34.34993 ], [ 73.84175, 34.33832 ], [ 73.8477, 34.34083 ], [ 73.87941, 34.35424 ], [ 73.89468, 34.3585 ], [ 73.89941, 34.35981 ], [ 73.91692, 34.34461 ], [ 73.91993, 34.34231 ], [ 73.94097, 34.30174 ], [ 73.97623, 34.26481 ], [ 73.97777, 34.25797 ], [ 73.98202, 34.23908 ], [ 73.97658, 34.2118 ], [ 73.94477, 34.17019 ], [ 73.9372, 34.16252 ], [ 73.91708, 34.14211 ], [ 73.90408, 34.12225 ], [ 73.90427, 34.10621 ], [ 73.90438, 34.09689 ], [ 73.89935, 34.09104 ], [ 73.88565, 34.07512 ], [ 73.88466, 34.06483 ], [ 73.88322, 34.04995 ], [ 73.89817, 34.03282 ], [ 73.92015, 34.03225 ], [ 73.93438, 34.03188 ], [ 73.93824, 34.03178 ], [ 74.0, 34.03019 ], [ 74.00607, 34.02245 ], [ 74.0389, 34.02911 ], [ 74.04406, 34.02973 ], [ 74.05666, 34.03125 ], [ 74.06107, 34.03471 ], [ 74.07608, 34.03641 ], [ 74.08703, 34.03776 ], [ 74.09592, 34.04032 ], [ 74.10046, 34.04563 ], [ 74.11498, 34.05378 ], [ 74.12369, 34.05518 ], [ 74.12513, 34.05477 ], [ 74.13245, 34.05267 ], [ 74.14922, 34.04302 ], [ 74.15687, 34.04042 ], [ 74.16142, 34.03887 ], [ 74.18143, 34.03957 ], [ 74.19635, 34.04008 ], [ 74.2052, 34.03935 ], [ 74.21468, 34.03856 ], [ 74.22556, 34.0334 ], [ 74.23722, 34.02553 ], [ 74.24869, 34.01382 ], [ 74.26275, 33.97429 ], [ 74.26325, 33.95523 ], [ 74.26358, 33.94262 ], [ 74.26113, 33.9248 ], [ 74.24556, 33.89501 ], [ 74.21967, 33.86717 ], [ 74.20762, 33.8594 ], [ 74.20262, 33.8568 ], [ 74.19228, 33.85142 ], [ 74.17009, 33.83988 ], [ 74.15068, 33.83281 ], [ 74.14335, 33.83014 ], [ 74.1298, 33.82756 ], [ 74.1007, 33.82662 ], [ 74.09001, 33.82628 ], [ 74.0803, 33.82381 ], [ 74.06574, 33.8201 ], [ 74.05743, 33.81449 ], [ 74.05277, 33.81134 ], [ 74.05025, 33.80964 ], [ 74.04905, 33.80883 ], [ 74.03833, 33.79514 ], [ 74.0286, 33.77646 ], [ 74.02833, 33.77596 ], [ 74.02398, 33.77204 ], [ 74.02292, 33.77118 ], [ 74.01752, 33.7668 ], [ 74.0, 33.75258 ], [ 73.96646, 33.74032 ], [ 73.95624, 33.72029 ], [ 73.95656, 33.71984 ], [ 73.9703, 33.70103 ], [ 73.9757, 33.69363 ], [ 73.97841, 33.68584 ], [ 74.0, 33.62367 ], [ 74.01672, 33.59454 ], [ 74.02844, 33.57468 ], [ 74.04535, 33.56575 ], [ 74.0539, 33.56508 ], [ 74.07443, 33.56898 ], [ 74.08185, 33.57123 ], [ 74.08286, 33.57154 ], [ 74.08836, 33.57321 ], [ 74.09634, 33.56979 ], [ 74.12339, 33.54321 ], [ 74.13128, 33.53301 ], [ 74.13129, 33.53299 ], [ 74.14264, 33.51832 ], [ 74.16114, 33.49924 ], [ 74.17815, 33.48168 ], [ 74.18331, 33.47123 ], [ 74.18534, 33.46711 ], [ 74.18707, 33.45552 ], [ 74.18293, 33.44197 ], [ 74.18166, 33.43041 ], [ 74.17929, 33.42569 ], [ 74.17961, 33.4158 ], [ 74.1797, 33.41302 ], [ 74.18006, 33.40207 ], [ 74.18421, 33.39104 ], [ 74.18508, 33.38351 ], [ 74.1701, 33.34625 ], [ 74.1701, 33.34623 ], [ 74.16685, 33.34414 ], [ 74.11819, 33.28626 ], [ 74.11817, 33.28624 ], [ 74.11763, 33.28559 ], [ 74.1158, 33.28113 ], [ 74.10298, 33.27054 ], [ 74.09069, 33.26365 ], [ 74.07894, 33.26024 ], [ 74.06829, 33.25999 ], [ 74.06503, 33.25992 ], [ 74.048, 33.26447 ], [ 74.0365, 33.26475 ], [ 74.02438, 33.26246 ], [ 74.02031, 33.25878 ], [ 74.01558, 33.25293 ], [ 74.01311, 33.24987 ], [ 74.01215, 33.24466 ], [ 74.01102, 33.2385 ], [ 74.01125, 33.21875 ], [ 74.01427, 33.19825 ], [ 74.01823, 33.19319 ], [ 74.02625, 33.18859 ], [ 74.03367, 33.1881 ], [ 74.05643, 33.18662 ], [ 74.08284, 33.18074 ], [ 74.09987, 33.17251 ], [ 74.1117, 33.16444 ], [ 74.14098, 33.13868 ], [ 74.14485, 33.13527 ], [ 74.14878, 33.13389 ], [ 74.15703, 33.12586 ], [ 74.17625, 33.10716 ], [ 74.18104, 33.09702 ], [ 74.19064, 33.07671 ], [ 74.19926, 33.04687 ], [ 74.20525, 33.0433 ], [ 74.21645, 33.04299 ], [ 74.2204, 33.04481 ], [ 74.24204, 33.04729 ], [ 74.25497, 33.04877 ], [ 74.2832, 33.04319 ], [ 74.28804, 33.0407 ], [ 74.30788, 33.03052 ], [ 74.32648, 33.02946 ], [ 74.33792, 33.02594 ], [ 74.34983, 33.01625 ], [ 74.3517, 33.01313 ], [ 74.35283, 32.99029 ], [ 74.35318, 32.98313 ], [ 74.34636, 32.96555 ], [ 74.32072, 32.94143 ], [ 74.31614, 32.93016 ], [ 74.31803, 32.9197 ], [ 74.32781, 32.91316 ], [ 74.33687, 32.91092 ], [ 74.34775, 32.90822 ], [ 74.36833, 32.90844 ], [ 74.3858, 32.90864 ], [ 74.40606, 32.90697 ], [ 74.41389, 32.90395 ], [ 74.4169, 32.90102 ], [ 74.41914, 32.89884 ], [ 74.42506, 32.89305 ], [ 74.4285, 32.88361 ], [ 74.42934, 32.8795 ], [ 74.42636, 32.85778 ], [ 74.43005, 32.84466 ], [ 74.44322, 32.82883 ], [ 74.44443, 32.82686 ], [ 74.4482, 32.82075 ], [ 74.45064, 32.81681 ], [ 74.45422, 32.80505 ], [ 74.4575, 32.80158 ], [ 74.46078, 32.79386 ], [ 74.46167, 32.79169 ], [ 74.45445, 32.79306 ], [ 74.44694, 32.79306 ], [ 74.44193, 32.79192 ], [ 74.4407, 32.79161 ], [ 74.43028, 32.78694 ], [ 74.42269, 32.78188 ], [ 74.42111, 32.78083 ], [ 74.41975, 32.77986 ], [ 74.41223, 32.77444 ], [ 74.40083, 32.77056 ], [ 74.39663, 32.77013 ], [ 74.38722, 32.76917 ], [ 74.37889, 32.76972 ], [ 74.37166, 32.77111 ], [ 74.36841, 32.7724 ], [ 74.36676, 32.77305 ], [ 74.35999, 32.77573 ], [ 74.35993, 32.77576 ], [ 74.34862, 32.78481 ], [ 74.3458, 32.79329 ], [ 74.34127, 32.80968 ], [ 74.33405, 32.81174 ], [ 74.33278, 32.81556 ], [ 74.3286, 32.81538 ], [ 74.32609, 32.81527 ], [ 74.32111, 32.81689 ], [ 74.31499, 32.81889 ], [ 74.30652, 32.82358 ], [ 74.30247, 32.82583 ], [ 74.29838, 32.82771 ], [ 74.28916, 32.83194 ], [ 74.28545, 32.83333 ], [ 74.27805, 32.83611 ], [ 74.27416, 32.8386 ], [ 74.26967, 32.84023 ], [ 74.2514, 32.84925 ], [ 74.23666, 32.85575 ], [ 74.22693, 32.86083 ], [ 74.22233, 32.86236 ], [ 74.22192, 32.8625 ], [ 74.21699, 32.86529 ], [ 74.21361, 32.86721 ], [ 74.21199, 32.86782 ], [ 74.20332, 32.8711 ], [ 74.1953, 32.87519 ], [ 74.19013, 32.87782 ], [ 74.18915, 32.87833 ], [ 74.18561, 32.8796 ], [ 74.18526, 32.87977 ], [ 74.18493, 32.87985 ], [ 74.16959, 32.88537 ], [ 74.16491, 32.88938 ], [ 74.14711, 32.89663 ], [ 74.1163, 32.90916 ], [ 74.09256, 32.92216 ], [ 74.07504, 32.93008 ], [ 74.06686, 32.93029 ], [ 74.04887, 32.93443 ], [ 74.04523, 32.93556 ], [ 74.04119, 32.9368 ], [ 74.03995, 32.93718 ], [ 74.03454, 32.93884 ], [ 74.02756, 32.94195 ], [ 74.00099, 32.95438 ], [ 73.98403, 32.96682 ], [ 73.9586, 32.99961 ], [ 73.95594, 33.00359 ], [ 73.95416, 33.0075 ], [ 73.9518, 33.00985 ], [ 73.9517, 33.00995 ], [ 73.95062, 33.01158 ], [ 73.95041, 33.01201 ], [ 73.94914, 33.01472 ], [ 73.94784, 33.01574 ], [ 73.94503, 33.01995 ], [ 73.92581, 33.03409 ], [ 73.90433, 33.03917 ], [ 73.89558, 33.03768 ], [ 73.8911, 33.0375 ], [ 73.88758, 33.03632 ], [ 73.88287, 33.03552 ], [ 73.88027, 33.03527 ], [ 73.87801, 33.03469 ], [ 73.87777, 33.03465 ], [ 73.87764, 33.0346 ], [ 73.87363, 33.03357 ], [ 73.86081, 33.03027 ], [ 73.85748, 33.02777 ], [ 73.84804, 33.02416 ], [ 73.82587, 33.01355 ], [ 73.82544, 33.01335 ], [ 73.8225, 33.01194 ], [ 73.81827, 33.01061 ], [ 73.81615, 33.01034 ], [ 73.79524, 33.01487 ], [ 73.79497, 33.01495 ], [ 73.78954, 33.01799 ], [ 73.78167, 33.02109 ], [ 73.7787, 33.02226 ], [ 73.77399, 33.02332 ], [ 73.77385, 33.02347 ], [ 73.7644, 33.03819 ], [ 73.75861, 33.04722 ], [ 73.75685, 33.04845 ], [ 73.75573, 33.04923 ], [ 73.75027, 33.05305 ], [ 73.74877, 33.05359 ], [ 73.74606, 33.05613 ], [ 73.72967, 33.06404 ], [ 73.72662, 33.06484 ], [ 73.70141, 33.07139 ], [ 73.69597, 33.07272 ], [ 73.69581, 33.07277 ], [ 73.69519, 33.0729 ], [ 73.68049, 33.07648 ], [ 73.67434, 33.07738 ], [ 73.65694, 33.08111 ], [ 73.64717, 33.08462 ], [ 73.63414, 33.09344 ], [ 73.62554, 33.11111 ], [ 73.62586, 33.11258 ], [ 73.62637, 33.115 ], [ 73.62665, 33.12804 ], [ 73.62728, 33.12902 ], [ 73.63009, 33.13333 ], [ 73.63133, 33.13523 ], [ 73.6376, 33.13861 ], [ 73.63769, 33.13866 ], [ 73.6377, 33.13866 ], [ 73.64006, 33.13988 ], [ 73.65675, 33.14544 ], [ 73.67032, 33.15222 ], [ 73.67145, 33.16296 ], [ 73.67032, 33.21101 ], [ 73.66946, 33.21204 ], [ 73.66712, 33.21485 ], [ 73.66706, 33.21531 ], [ 73.66656, 33.21552 ], [ 73.66184, 33.22119 ], [ 73.65537, 33.22193 ], [ 73.65403, 33.22296 ], [ 73.64959, 33.2226 ], [ 73.64714, 33.22288 ], [ 73.64488, 33.23419 ], [ 73.62736, 33.24153 ], [ 73.62468, 33.25525 ], [ 73.62284, 33.26471 ], [ 73.61436, 33.27884 ], [ 73.61831, 33.28902 ], [ 73.61097, 33.30089 ], [ 73.60887, 33.30604 ], [ 73.60919, 33.30665 ], [ 73.60908, 33.30819 ], [ 73.60893, 33.31011 ], [ 73.60712, 33.3115 ], [ 73.60644, 33.31203 ], [ 73.60362, 33.31897 ], [ 73.60814, 33.3348 ], [ 73.60626, 33.33609 ], [ 73.59909, 33.34102 ], [ 73.58892, 33.34158 ], [ 73.57931, 33.35798 ], [ 73.57592, 33.3772 ], [ 73.5827, 33.40263 ], [ 73.59231, 33.41337 ], [ 73.59294, 33.41478 ], [ 73.59582, 33.41777 ], [ 73.5955, 33.4205 ], [ 73.60192, 33.43485 ], [ 73.61568, 33.44806 ], [ 73.62248, 33.45054 ], [ 73.62338, 33.45252 ], [ 73.63018, 33.45633 ], [ 73.62975, 33.45779 ], [ 73.62566, 33.47159 ], [ 73.61153, 33.49194 ], [ 73.61174, 33.49813 ], [ 73.6121, 33.50834 ], [ 73.62057, 33.52021 ], [ 73.62613, 33.52405 ], [ 73.63011, 33.52573 ], [ 73.63358, 33.52642 ], [ 73.63301, 33.53999 ], [ 73.62566, 33.54508 ], [ 73.62623, 33.55977 ], [ 73.62849, 33.56769 ], [ 73.6217, 33.57843 ], [ 73.60814, 33.59482 ], [ 73.60192, 33.60612 ], [ 73.59344, 33.61404 ], [ 73.57931, 33.62365 ], [ 73.57196, 33.63043 ], [ 73.57415, 33.63944 ], [ 73.57609, 33.64333 ], [ 73.57553, 33.64511 ], [ 73.57705, 33.65135 ], [ 73.57705, 33.66661 ], [ 73.58383, 33.67282 ], [ 73.5957, 33.68074 ], [ 73.59638, 33.68316 ], [ 73.60079, 33.69883 ], [ 73.60136, 33.7237 ], [ 73.59853, 33.73953 ], [ 73.58609, 33.76044 ], [ 73.58379, 33.76424 ], [ 73.5714, 33.78475 ], [ 73.56688, 33.79775 ], [ 73.57344, 33.81844 ], [ 73.57422, 33.82092 ], [ 73.5844, 33.84749 ], [ 73.59231, 33.86275 ], [ 73.59344, 33.87858 ], [ 73.59457, 33.89158 ], [ 73.58835, 33.90741 ], [ 73.58551, 33.90933 ], [ 73.56914, 33.92041 ], [ 73.54537, 33.95209 ], [ 73.5437, 33.95432 ], [ 73.53635, 33.97354 ], [ 73.53466, 33.98824 ], [ 73.51939, 34.00011 ], [ 73.52448, 34.01254 ], [ 73.5118, 34.01836 ], [ 73.51123, 34.02021 ], [ 73.51487, 34.03685 ], [ 73.51091, 34.05946 ], [ 73.50879, 34.06203 ], [ 73.50518, 34.06642 ], [ 73.503, 34.07774 ], [ 73.503, 34.08942 ], [ 73.50141, 34.10371 ], [ 73.5013, 34.10468 ], [ 73.5008, 34.10718 ], [ 73.49509, 34.1352 ], [ 73.49509, 34.13602 ], [ 73.49509, 34.17302 ], [ 73.49509, 34.18721 ], [ 73.49904, 34.20756 ], [ 73.49057, 34.22904 ], [ 73.48981, 34.23024 ], [ 73.47361, 34.25617 ], [ 73.48378, 34.2686 ], [ 73.48495, 34.27138 ], [ 73.4883, 34.27934 ], [ 73.48039, 34.29122 ], [ 73.47926, 34.28387 ], [ 73.46965, 34.27991 ], [ 73.46271, 34.28738 ], [ 73.4623, 34.28782 ], [ 73.45944, 34.29114 ], [ 73.45156, 34.30026 ], [ 73.45101, 34.30538 ], [ 73.4493, 34.32117 ], [ 73.44026, 34.32626 ], [ 73.43979, 34.32678 ], [ 73.42605, 34.34215 ], [ 73.425, 34.34333 ], [ 73.41652, 34.35283 ], [ 73.40763, 34.36171 ], [ 73.40295, 34.36639 ], [ 73.4013, 34.37074 ], [ 73.39843, 34.37826 ], [ 73.41256, 34.38561 ], [ 73.42104, 34.39861 ], [ 73.42422, 34.4071 ], [ 73.42782, 34.4167 ], [ 73.42882, 34.42038 ], [ 73.42885, 34.42047 ], [ 73.43291, 34.43536 ], [ 73.43192, 34.44381 ], [ 73.43192, 34.44384 ], [ 73.42895, 34.46927 ], [ 73.43574, 34.48001 ], [ 73.44252, 34.49471 ], [ 73.44421, 34.50545 ], [ 73.43812, 34.52089 ], [ 73.43831, 34.52805 ], [ 73.43842, 34.52888 ], [ 73.43843, 34.52888 ], [ 73.44817, 34.53597 ], [ 73.44829, 34.54102 ], [ 73.44874, 34.55915 ], [ 73.4515, 34.56537 ], [ 73.45555, 34.56833 ], [ 73.46104, 34.57049 ], [ 73.46471, 34.57194 ], [ 73.47638, 34.57277 ], [ 73.47733, 34.57276 ], [ 73.47982, 34.57102 ], [ 73.48416, 34.57272 ], [ 73.48417, 34.57272 ], [ 73.50938, 34.57257 ], [ 73.50945, 34.57256 ], [ 73.52335, 34.56989 ], [ 73.53748, 34.57158 ], [ 73.54879, 34.57837 ], [ 73.55146, 34.58161 ], [ 73.55443, 34.58194 ], [ 73.55971, 34.58443 ], [ 73.57052, 34.58608 ], [ 73.57422, 34.58402 ], [ 73.59061, 34.58515 ], [ 73.59146, 34.58515 ], [ 73.59248, 34.58472 ], [ 73.59487, 34.58329 ], [ 73.59725, 34.58186 ], [ 73.60081, 34.57972 ], [ 73.60904, 34.57267 ], [ 73.61443, 34.56806 ], [ 73.62498, 34.56388 ], [ 73.63136, 34.56388 ], [ 73.63342, 34.56427 ], [ 73.63637, 34.56484 ], [ 73.6364, 34.5648 ], [ 73.64431, 34.56141 ], [ 73.65527, 34.5624 ], [ 73.65675, 34.56254 ], [ 73.66353, 34.57158 ], [ 73.66579, 34.58006 ], [ 73.6624, 34.59363 ], [ 73.65901, 34.59928 ], [ 73.66634, 34.60781 ], [ 73.69349, 34.63941 ], [ 73.69971, 34.64789 ], [ 73.68614, 34.65581 ], [ 73.67418, 34.65939 ], [ 73.67415, 34.6611 ], [ 73.67137, 34.66888 ], [ 73.66767, 34.67434 ], [ 73.67314, 34.68237 ], [ 73.68671, 34.69198 ], [ 73.68558, 34.70555 ], [ 73.69632, 34.71346 ], [ 73.70367, 34.71911 ], [ 73.71554, 34.73607 ], [ 73.71554, 34.74455 ], [ 73.72345, 34.74681 ], [ 73.72797, 34.75416 ], [ 73.72797, 34.76433 ], [ 73.7438, 34.77338 ], [ 73.75058, 34.77677 ], [ 73.77771, 34.79486 ], [ 73.79524, 34.79034 ], [ 73.80145, 34.79429 ], [ 73.8156, 34.79293 ], [ 73.83085, 34.79147 ], [ 73.83763, 34.80221 ], [ 73.8382, 34.81408 ], [ 73.85289, 34.81464 ], [ 73.86081, 34.81182 ], [ 73.86533, 34.80899 ], [ 73.87098, 34.81408 ], [ 73.88737, 34.81464 ], [ 73.89811, 34.81973 ], [ 73.92751, 34.81125 ], [ 73.93429, 34.81747 ], [ 73.93429, 34.8316 ], [ 73.94559, 34.83499 ], [ 73.9682, 34.83556 ], [ 73.9716, 34.85025 ], [ 73.97648, 34.86268 ], [ 73.97774, 34.86369 ], [ 73.98053, 34.8659 ], [ 73.98994, 34.86527 ], [ 73.99477, 34.86495 ], [ 74.00382, 34.86947 ], [ 74.00777, 34.87456 ], [ 74.0219, 34.87399 ], [ 74.02869, 34.87739 ], [ 74.04508, 34.89039 ], [ 74.03999, 34.89943 ], [ 74.03886, 34.91413 ], [ 74.04847, 34.92204 ], [ 74.0643, 34.93052 ], [ 74.07165, 34.93787 ], [ 74.06712, 34.95652 ], [ 74.06184, 34.97634 ], [ 74.06183, 34.97637 ], [ 74.06034, 34.98196 ], [ 74.06091, 34.98874 ], [ 74.06938, 34.99665 ], [ 74.0756, 34.99779 ], [ 74.08747, 34.99892 ], [ 74.09708, 35.00061 ], [ 74.10669, 35.01022 ], [ 74.11121, 35.01757 ], [ 74.10782, 35.02605 ], [ 74.09539, 35.0317 ], [ 74.08295, 35.03735 ], [ 74.07673, 35.04753 ], [ 74.08126, 35.06279 ], [ 74.08747, 35.08257 ], [ 74.09482, 35.09105 ], [ 74.11856, 35.10123 ], [ 74.12858, 35.10523 ], [ 74.12967, 35.10979 ], [ 74.13843, 35.10133 ], [ 74.1414, 35.10024 ], [ 74.14224, 35.0975 ], [ 74.1429, 35.09449 ], [ 74.14279, 35.09051 ], [ 74.1462, 35.08992 ], [ 74.14912, 35.0895 ], [ 74.15249, 35.08834 ], [ 74.15514, 35.08665 ], [ 74.15756, 35.08427 ], [ 74.15967, 35.08232 ], [ 74.16074, 35.08042 ], [ 74.1647, 35.08023 ], [ 74.16818, 35.08049 ], [ 74.17179, 35.08018 ], [ 74.17545, 35.08057 ], [ 74.17726, 35.08176 ], [ 74.17954, 35.08222 ], [ 74.18253, 35.08307 ], [ 74.18672, 35.08358 ], [ 74.1899, 35.08442 ], [ 74.19512, 35.08503 ], [ 74.19855, 35.08472 ], [ 74.20182, 35.08442 ], [ 74.20396, 35.08545 ], [ 74.20503, 35.08824 ], [ 74.20504, 35.0908 ], [ 74.20619, 35.09245 ], [ 74.20729, 35.09092 ], [ 74.21112, 35.0888 ], [ 74.21384, 35.0881 ], [ 74.21619, 35.08714 ], [ 74.21626, 35.08571 ], [ 74.21624, 35.08302 ], [ 74.2158, 35.0792 ], [ 74.21565, 35.0748 ], [ 74.21586, 35.07039 ], [ 74.21579, 35.06698 ], [ 74.21885, 35.06627 ], [ 74.22225, 35.06553 ], [ 74.22708, 35.06544 ], [ 74.23115, 35.06667 ], [ 74.23427, 35.06921 ], [ 74.23605, 35.06998 ], [ 74.23795, 35.06601 ], [ 74.23808, 35.06293 ], [ 74.23739, 35.0582 ], [ 74.2371, 35.05445 ], [ 74.23763, 35.05109 ], [ 74.23927, 35.04876 ], [ 74.24324, 35.04509 ], [ 74.24502, 35.04222 ], [ 74.24857, 35.03936 ], [ 74.25391, 35.03902 ], [ 74.26009, 35.03939 ], [ 74.26624, 35.03988 ], [ 74.27035, 35.04073 ], [ 74.27426, 35.04173 ], [ 74.27959, 35.04514 ], [ 74.28163, 35.04692 ], [ 74.28382, 35.04979 ], [ 74.28574, 35.054 ], [ 74.28883, 35.05954 ], [ 74.29125, 35.06179 ], [ 74.29579, 35.06607 ], [ 74.29949, 35.06739 ], [ 74.30566, 35.06662 ], [ 74.3158, 35.06573 ], [ 74.32098, 35.06378 ], [ 74.33127, 35.06032 ], [ 74.33785, 35.06097 ], [ 74.34151, 35.06041 ], [ 74.35068, 35.05898 ], [ 74.35767, 35.05928 ], [ 74.36661, 35.05913 ], [ 74.37508, 35.06126 ], [ 74.37577, 35.06269 ], [ 74.37965, 35.06876 ], [ 74.38675, 35.07637 ], [ 74.39082, 35.08361 ], [ 74.39677, 35.08775 ], [ 74.3987, 35.09017 ], [ 74.40205, 35.09396 ], [ 74.40495, 35.09777 ], [ 74.40947, 35.09971 ], [ 74.41358, 35.10202 ], [ 74.41993, 35.10495 ], [ 74.42492, 35.10683 ], [ 74.4294, 35.11036 ], [ 74.43019, 35.11394 ], [ 74.43095, 35.11733 ], [ 74.43172, 35.11955 ], [ 74.43463, 35.12578 ], [ 74.43598, 35.12859 ], [ 74.43763, 35.1312 ], [ 74.43947, 35.13411 ], [ 74.4425, 35.13466 ], [ 74.44641, 35.13447 ], [ 74.44962, 35.13439 ], [ 74.45194, 35.13377 ], [ 74.4537, 35.13151 ], [ 74.45522, 35.12815 ], [ 74.45714, 35.12368 ], [ 74.45931, 35.11931 ], [ 74.46227, 35.11506 ], [ 74.46635, 35.1106 ], [ 74.4694, 35.11029 ] ] ] ] } },
{ "type": "Feature", "properties": { "adm1_name": "Balochistan" }, "geometry": { "type": "MultiPolygon", "coordinates": [ [ [ [ 69.87863, 31.9602 ], [ 69.87382, 31.94636 ], [ 69.85817, 31.92711 ], [ 69.85095, 31.92049 ], [ 69.85396, 31.88438 ], [ 69.86599, 31.8892 ], [ 69.88104, 31.88017 ], [ 69.89488, 31.88499 ], [ 69.90751, 31.89281 ], [ 69.91894, 31.90785 ], [ 69.92376, 31.92109 ], [ 69.9388, 31.93132 ], [ 69.95685, 31.93493 ], [ 69.96287, 31.93192 ], [ 69.96287, 31.9247 ], [ 69.96287, 31.90665 ], [ 69.95955, 31.89623 ], [ 69.95866, 31.89341 ], [ 69.95685, 31.87295 ], [ 69.94903, 31.85731 ], [ 69.9388, 31.85069 ], [ 69.9394, 31.83204 ], [ 69.94421, 31.80917 ], [ 69.94121, 31.79894 ], [ 69.95745, 31.7827 ], [ 69.95504, 31.76886 ], [ 69.94662, 31.76645 ], [ 69.95204, 31.72794 ], [ 69.95023, 31.70568 ], [ 69.94963, 31.65574 ], [ 69.94421, 31.5697 ], [ 69.94482, 31.54021 ], [ 69.95504, 31.52216 ], [ 69.97069, 31.50953 ], [ 69.98393, 31.51254 ], [ 70.011, 31.51073 ], [ 70.02304, 31.49208 ], [ 70.0459, 31.4301 ], [ 70.05071, 31.40603 ], [ 70.05608, 31.38517 ], [ 70.05613, 31.38498 ], [ 70.07177, 31.38437 ], [ 70.0808, 31.39881 ], [ 70.08862, 31.40965 ], [ 70.09644, 31.42048 ], [ 70.09404, 31.44214 ], [ 70.10366, 31.44936 ], [ 70.1169, 31.44274 ], [ 70.1169, 31.42529 ], [ 70.13315, 31.4295 ], [ 70.15361, 31.43191 ], [ 70.15782, 31.43913 ], [ 70.17226, 31.43913 ], [ 70.1873, 31.45658 ], [ 70.20355, 31.47643 ], [ 70.2228, 31.48065 ], [ 70.24326, 31.49809 ], [ 70.25589, 31.50532 ], [ 70.26612, 31.48847 ], [ 70.26733, 31.46199 ], [ 70.27274, 31.44575 ], [ 70.27936, 31.42168 ], [ 70.27876, 31.3946 ], [ 70.27816, 31.37354 ], [ 70.27154, 31.36692 ], [ 70.27094, 31.34165 ], [ 70.26733, 31.31759 ], [ 70.26973, 31.28449 ], [ 70.27214, 31.25621 ], [ 70.27334, 31.24117 ], [ 70.2595, 31.23455 ], [ 70.26011, 31.22192 ], [ 70.26492, 31.21169 ], [ 70.26853, 31.20146 ], [ 70.26612, 31.19725 ], [ 70.26913, 31.18461 ], [ 70.27936, 31.17438 ], [ 70.28908, 31.16249 ], [ 70.28836, 31.16223 ], [ 70.29571, 31.14998 ], [ 70.29387, 31.10769 ], [ 70.29448, 31.08624 ], [ 70.28774, 31.06111 ], [ 70.26874, 31.03537 ], [ 70.26752, 30.98818 ], [ 70.26874, 30.9416 ], [ 70.26139, 30.9128 ], [ 70.25342, 30.87664 ], [ 70.25771, 30.86683 ], [ 70.27303, 30.8607 ], [ 70.26936, 30.84048 ], [ 70.22952, 30.83803 ], [ 70.22278, 30.82638 ], [ 70.21971, 30.80371 ], [ 70.21788, 30.78471 ], [ 70.20255, 30.77552 ], [ 70.16823, 30.77429 ], [ 70.16149, 30.74916 ], [ 70.15475, 30.73323 ], [ 70.12411, 30.73629 ], [ 70.11124, 30.73568 ], [ 70.10327, 30.72587 ], [ 70.10204, 30.70933 ], [ 70.09714, 30.70013 ], [ 70.08856, 30.6891 ], [ 70.08734, 30.6701 ], [ 70.09408, 30.65907 ], [ 70.09592, 30.62659 ], [ 70.08795, 30.58737 ], [ 70.07324, 30.56224 ], [ 70.05179, 30.51995 ], [ 70.04382, 30.49789 ], [ 70.0144, 30.46173 ], [ 70.0046, 30.45315 ], [ 69.99908, 30.43415 ], [ 69.9997, 30.40412 ], [ 69.99847, 30.38389 ], [ 69.98008, 30.34651 ], [ 69.96502, 30.32196 ], [ 69.96354, 30.31954 ], [ 69.96108, 30.29196 ], [ 69.97641, 30.2938 ], [ 69.98192, 30.29809 ], [ 69.98683, 30.29258 ], [ 69.98499, 30.27971 ], [ 69.9807, 30.27113 ], [ 69.97518, 30.26193 ], [ 69.97518, 30.25335 ], [ 69.97947, 30.24906 ], [ 69.99234, 30.25274 ], [ 69.99479, 30.2558 ], [ 70.01502, 30.27848 ], [ 70.04627, 30.27848 ], [ 70.07324, 30.27419 ], [ 70.07385, 30.25519 ], [ 70.06343, 30.23742 ], [ 70.05179, 30.22577 ], [ 70.04412, 30.22454 ], [ 70.04404, 30.22452 ], [ 70.03279, 30.22271 ], [ 70.02176, 30.21781 ], [ 70.01502, 30.20494 ], [ 70.01747, 30.18349 ], [ 70.00521, 30.18349 ], [ 70.00092, 30.17307 ], [ 69.99663, 30.15223 ], [ 69.98805, 30.13936 ], [ 69.98805, 30.13243 ], [ 69.98805, 30.12635 ], [ 69.98805, 30.12183 ], [ 69.98805, 30.11913 ], [ 69.98841, 30.11081 ], [ 69.98866, 30.10504 ], [ 69.98192, 30.08298 ], [ 69.97999, 30.07851 ], [ 69.97212, 30.0603 ], [ 69.95925, 30.05111 ], [ 69.93713, 30.02899 ], [ 69.93351, 30.02537 ], [ 69.93195, 30.02159 ], [ 69.93069, 30.01855 ], [ 69.92928, 30.01514 ], [ 69.92633, 30.00799 ], [ 69.92468, 30.004 ], [ 69.92186, 29.99717 ], [ 69.92134, 29.99508 ], [ 69.92063, 29.99224 ], [ 69.91843, 29.98344 ], [ 69.91386, 29.96516 ], [ 69.91267, 29.9604 ], [ 69.90348, 29.93589 ], [ 69.88877, 29.90463 ], [ 69.88765, 29.90358 ], [ 69.87883, 29.89528 ], [ 69.86793, 29.88502 ], [ 69.84587, 29.86663 ], [ 69.833, 29.85131 ], [ 69.83016, 29.84534 ], [ 69.81735, 29.81827 ], [ 69.81093, 29.80473 ], [ 69.80358, 29.78573 ], [ 69.79692, 29.77852 ], [ 69.79622, 29.77777 ], [ 69.78948, 29.76551 ], [ 69.77171, 29.7557 ], [ 69.75087, 29.73854 ], [ 69.738, 29.72016 ], [ 69.70491, 29.70913 ], [ 69.68284, 29.69626 ], [ 69.67457, 29.69431 ], [ 69.67454, 29.6943 ], [ 69.66201, 29.69135 ], [ 69.65136, 29.68458 ], [ 69.64178, 29.67848 ], [ 69.63197, 29.66568 ], [ 69.62768, 29.6601 ], [ 69.62278, 29.63926 ], [ 69.6044, 29.63558 ], [ 69.59275, 29.62761 ], [ 69.59888, 29.61168 ], [ 69.60623, 29.60004 ], [ 69.60194, 29.56326 ], [ 69.60072, 29.52588 ], [ 69.59336, 29.49585 ], [ 69.57375, 29.47808 ], [ 69.56395, 29.45172 ], [ 69.56701, 29.4076 ], [ 69.58172, 29.40331 ], [ 69.59459, 29.41066 ], [ 69.6044, 29.41924 ], [ 69.61236, 29.42292 ], [ 69.62952, 29.41618 ], [ 69.63872, 29.40392 ], [ 69.6571, 29.38798 ], [ 69.66997, 29.36531 ], [ 69.66507, 29.35244 ], [ 69.64914, 29.33528 ], [ 69.63688, 29.32547 ], [ 69.63627, 29.31199 ], [ 69.65404, 29.30831 ], [ 69.66323, 29.30831 ], [ 69.6761, 29.29851 ], [ 69.68039, 29.28809 ], [ 69.67917, 29.26909 ], [ 69.68407, 29.25806 ], [ 69.7, 29.25989 ], [ 69.72636, 29.28441 ], [ 69.74597, 29.29789 ], [ 69.75884, 29.30034 ], [ 69.76497, 29.29483 ], [ 69.76252, 29.27889 ], [ 69.75394, 29.26173 ], [ 69.74413, 29.24457 ], [ 69.73861, 29.22435 ], [ 69.7429, 29.198 ], [ 69.74903, 29.18758 ], [ 69.74536, 29.17287 ], [ 69.72636, 29.14713 ], [ 69.71532, 29.12752 ], [ 69.70858, 29.11036 ], [ 69.70797, 29.09871 ], [ 69.69755, 29.08829 ], [ 69.67794, 29.08032 ], [ 69.65281, 29.07113 ], [ 69.63994, 29.05826 ], [ 69.63075, 29.04171 ], [ 69.6142, 29.02762 ], [ 69.60655, 29.01559 ], [ 69.60133, 29.00739 ], [ 69.59091, 28.99514 ], [ 69.58295, 28.97185 ], [ 69.57743, 28.95898 ], [ 69.56456, 28.9553 ], [ 69.55537, 28.95469 ], [ 69.54066, 28.93201 ], [ 69.50695, 28.90933 ], [ 69.49347, 28.89953 ], [ 69.48121, 28.8505 ], [ 69.50205, 28.83824 ], [ 69.52288, 28.83211 ], [ 69.53392, 28.81373 ], [ 69.53882, 28.79289 ], [ 69.52963, 28.77205 ], [ 69.51798, 28.75121 ], [ 69.4806, 28.6979 ], [ 69.41625, 28.59739 ], [ 69.39847, 28.59003 ], [ 69.37702, 28.579 ], [ 69.34944, 28.57042 ], [ 69.32615, 28.55816 ], [ 69.3188, 28.55203 ], [ 69.32186, 28.53549 ], [ 69.33228, 28.52629 ], [ 69.33841, 28.5122 ], [ 69.34699, 28.48646 ], [ 69.35496, 28.46194 ], [ 69.36084, 28.45124 ], [ 69.26188, 28.45125 ], [ 69.24152, 28.45124 ], [ 69.17512, 28.44176 ], [ 69.13104, 28.43976 ], [ 69.1028, 28.43847 ], [ 69.07079, 28.43701 ], [ 69.06443, 28.43701 ], [ 69.02685, 28.43701 ], [ 69.02678, 28.43701 ], [ 68.99254, 28.43701 ], [ 68.9653, 28.43614 ], [ 68.92685, 28.4349 ], [ 68.91977, 28.43468 ], [ 68.86714, 28.43297 ], [ 68.84552, 28.43227 ], [ 68.82019, 28.43227 ], [ 68.72431, 28.43227 ], [ 68.70325, 28.43227 ], [ 68.68332, 28.43227 ], [ 68.62895, 28.43227 ], [ 68.61077, 28.43227 ], [ 68.55122, 28.43227 ], [ 68.52777, 28.43227 ], [ 68.50479, 28.43227 ], [ 68.4758, 28.43227 ], [ 68.46376, 28.43227 ], [ 68.46138, 28.43227 ], [ 68.41082, 28.39977 ], [ 68.39499, 28.38959 ], [ 68.38395, 28.36297 ], [ 68.37402, 28.33904 ], [ 68.35467, 28.29237 ], [ 68.30721, 28.27687 ], [ 68.25594, 28.26013 ], [ 68.23848, 28.25443 ], [ 68.22803, 28.25116 ], [ 68.20054, 28.24257 ], [ 68.19198, 28.23597 ], [ 68.17991, 28.22667 ], [ 68.17919, 28.22612 ], [ 68.17859, 28.22565 ], [ 68.17788, 28.22511 ], [ 68.15385, 28.20655 ], [ 68.1332, 28.1906 ], [ 68.12994, 28.18809 ], [ 68.07395, 28.14485 ], [ 68.07234, 28.14361 ], [ 68.06538, 28.13824 ], [ 68.01559, 28.09556 ], [ 67.99314, 28.0861 ], [ 67.97053, 28.07659 ], [ 67.9678, 28.07426 ], [ 67.95421, 28.06271 ], [ 67.92756, 28.04006 ], [ 67.92754, 28.04004 ], [ 67.92311, 28.03628 ], [ 67.92282, 28.0352 ], [ 67.91363, 28.00071 ], [ 67.91321, 28.00075 ], [ 67.89997, 28.00214 ], [ 67.86857, 28.00545 ], [ 67.85797, 28.00121 ], [ 67.83868, 27.99349 ], [ 67.833, 27.99122 ], [ 67.80455, 27.98885 ], [ 67.78795, 27.98174 ], [ 67.78558, 27.95091 ], [ 67.73815, 27.94143 ], [ 67.73263, 27.94109 ], [ 67.67198, 27.93742 ], [ 67.6599, 27.93668 ], [ 67.59588, 27.92009 ], [ 67.54371, 27.90586 ], [ 67.53293, 27.91237 ], [ 67.50137, 27.90291 ], [ 67.44297, 27.89541 ], [ 67.42009, 27.89501 ], [ 67.41141, 27.90646 ], [ 67.39957, 27.91277 ], [ 67.39756, 27.91232 ], [ 67.39247, 27.91119 ], [ 67.39089, 27.89501 ], [ 67.38497, 27.87095 ], [ 67.368, 27.83662 ], [ 67.35814, 27.80387 ], [ 67.35814, 27.78019 ], [ 67.35498, 27.7577 ], [ 67.34472, 27.74034 ], [ 67.33091, 27.71943 ], [ 67.30724, 27.6997 ], [ 67.30454, 27.69792 ], [ 67.28041, 27.68195 ], [ 67.2524, 27.65906 ], [ 67.24648, 27.64644 ], [ 67.2374, 27.60935 ], [ 67.23069, 27.58409 ], [ 67.22359, 27.56871 ], [ 67.20426, 27.55569 ], [ 67.18532, 27.5403 ], [ 67.17782, 27.51978 ], [ 67.17624, 27.46967 ], [ 67.17313, 27.4397 ], [ 67.17309, 27.43929 ], [ 67.16756, 27.41325 ], [ 67.1652, 27.3876 ], [ 67.16322, 27.36748 ], [ 67.15336, 27.34735 ], [ 67.13718, 27.33157 ], [ 67.12732, 27.30908 ], [ 67.12337, 27.27594 ], [ 67.12969, 27.24437 ], [ 67.14034, 27.21399 ], [ 67.14902, 27.16822 ], [ 67.15573, 27.12679 ], [ 67.15849, 27.07471 ], [ 67.16362, 27.06563 ], [ 67.14862, 27.03131 ], [ 67.13797, 26.99619 ], [ 67.14113, 26.97922 ], [ 67.14507, 26.96936 ], [ 67.14428, 26.95515 ], [ 67.13481, 26.94135 ], [ 67.1335, 26.93392 ], [ 67.13303, 26.9313 ], [ 67.13166, 26.92359 ], [ 67.13442, 26.87111 ], [ 67.13876, 26.83284 ], [ 67.14705, 26.76616 ], [ 67.13758, 26.7559 ], [ 67.13126, 26.74485 ], [ 67.12574, 26.73893 ], [ 67.13047, 26.69356 ], [ 67.13403, 26.67186 ], [ 67.12755, 26.65509 ], [ 67.12732, 26.65449 ], [ 67.1289, 26.63398 ], [ 67.1431, 26.59294 ], [ 67.14665, 26.57874 ], [ 67.1506, 26.55585 ], [ 67.15731, 26.53257 ], [ 67.16204, 26.51403 ], [ 67.16993, 26.49588 ], [ 67.17743, 26.47733 ], [ 67.19361, 26.45366 ], [ 67.21531, 26.42841 ], [ 67.23503, 26.40118 ], [ 67.25516, 26.3708 ], [ 67.26739, 26.34318 ], [ 67.29698, 26.28794 ], [ 67.31987, 26.24533 ], [ 67.32855, 26.22323 ], [ 67.33723, 26.21258 ], [ 67.34354, 26.20311 ], [ 67.34828, 26.18378 ], [ 67.35301, 26.17233 ], [ 67.35932, 26.15458 ], [ 67.37353, 26.1455 ], [ 67.39168, 26.13564 ], [ 67.40233, 26.11275 ], [ 67.41696, 26.0965 ], [ 67.42009, 26.09303 ], [ 67.43035, 26.07685 ], [ 67.42206, 26.04726 ], [ 67.41654, 26.02398 ], [ 67.4122, 26.0003 ], [ 67.40628, 25.96598 ], [ 67.40667, 25.93402 ], [ 67.40509, 25.90442 ], [ 67.39917, 25.88272 ], [ 67.40588, 25.85984 ], [ 67.41575, 25.84208 ], [ 67.41654, 25.82511 ], [ 67.40983, 25.8042 ], [ 67.39957, 25.78408 ], [ 67.38655, 25.7754 ], [ 67.37234, 25.76238 ], [ 67.37432, 25.75291 ], [ 67.3609, 25.74541 ], [ 67.34985, 25.73318 ], [ 67.34315, 25.71621 ], [ 67.33604, 25.69767 ], [ 67.32973, 25.66887 ], [ 67.32393, 25.64259 ], [ 67.32381, 25.64204 ], [ 67.30408, 25.59784 ], [ 67.29659, 25.58522 ], [ 67.28002, 25.57693 ], [ 67.26384, 25.57417 ], [ 67.2591, 25.56352 ], [ 67.25437, 25.54418 ], [ 67.24845, 25.52643 ], [ 67.23582, 25.51499 ], [ 67.22201, 25.51262 ], [ 67.21097, 25.50512 ], [ 67.19558, 25.48934 ], [ 67.1869, 25.46961 ], [ 67.17467, 25.46251 ], [ 67.16204, 25.45264 ], [ 67.16243, 25.41634 ], [ 67.16559, 25.40056 ], [ 67.16401, 25.39109 ], [ 67.15336, 25.37136 ], [ 67.14389, 25.36189 ], [ 67.13837, 25.33625 ], [ 67.14043, 25.3139 ], [ 67.14073, 25.3106 ], [ 67.13481, 25.3031 ], [ 67.11509, 25.27075 ], [ 67.09579, 25.24922 ], [ 67.09326, 25.24639 ], [ 67.08786, 25.24037 ], [ 67.06458, 25.22222 ], [ 67.04288, 25.20998 ], [ 67.02947, 25.19381 ], [ 67.00934, 25.15987 ], [ 67.00737, 25.1291 ], [ 67.0121, 25.11253 ], [ 67.00934, 25.09872 ], [ 67.00619, 25.08885 ], [ 66.99593, 25.0857 ], [ 66.96989, 25.05847 ], [ 66.9399, 25.02967 ], [ 66.91504, 25.01073 ], [ 66.87874, 25.00599 ], [ 66.8381, 24.98745 ], [ 66.82034, 24.97798 ], [ 66.79115, 24.96733 ], [ 66.76826, 24.95312 ], [ 66.75642, 24.9405 ], [ 66.729, 24.91938 ], [ 66.72446, 24.91711 ], [ 66.72095, 24.91535 ], [ 66.71732, 24.91354 ], [ 66.71104, 24.9104 ], [ 66.70886, 24.90931 ], [ 66.70723, 24.9085 ], [ 66.7046, 24.90718 ], [ 66.70203, 24.9059 ], [ 66.69724, 24.9035 ], [ 66.68693, 24.89273 ], [ 66.67841, 24.90891 ], [ 66.67545, 24.92363 ], [ 66.67692, 24.93141 ], [ 66.67906, 24.93462 ], [ 66.68253, 24.93685 ], [ 66.69708, 24.94617 ], [ 66.70036, 24.94963 ], [ 66.69954, 24.96247 ], [ 66.69892, 24.97222 ], [ 66.69875, 24.97484 ], [ 66.69379, 24.99325 ], [ 66.6955, 25.0 ], [ 66.6965, 25.004 ], [ 66.70911, 25.0239 ], [ 66.7122, 25.03154 ], [ 66.70972, 25.06591 ], [ 66.70415, 25.08262 ], [ 66.70547, 25.08893 ], [ 66.70795, 25.09226 ], [ 66.70979, 25.09474 ], [ 66.71776, 25.10043 ], [ 66.71844, 25.10091 ], [ 66.71851, 25.10198 ], [ 66.71923, 25.11389 ], [ 66.7346, 25.1341 ], [ 66.73859, 25.14219 ], [ 66.7441, 25.16746 ], [ 66.74201, 25.18326 ], [ 66.73728, 25.19645 ], [ 66.7353, 25.19935 ], [ 66.73084, 25.2059 ], [ 66.70826, 25.23903 ], [ 66.67832, 25.27111 ], [ 66.67052, 25.27815 ], [ 66.66052, 25.28716 ], [ 66.64717, 25.29918 ], [ 66.61981, 25.31945 ], [ 66.60816, 25.3258 ], [ 66.56322, 25.35028 ], [ 66.55985, 25.35317 ], [ 66.55388, 25.35828 ], [ 66.5501, 25.36524 ], [ 66.55025, 25.37193 ], [ 66.55527, 25.39218 ], [ 66.56049, 25.38883 ], [ 66.56206, 25.37949 ], [ 66.56272, 25.37555 ], [ 66.56304, 25.37513 ], [ 66.5645, 25.37323 ], [ 66.56615, 25.37108 ], [ 66.5704, 25.36874 ], [ 66.57362, 25.36865 ], [ 66.57617, 25.3705 ], [ 66.5794, 25.37284 ], [ 66.5817, 25.37774 ], [ 66.58204, 25.38527 ], [ 66.57657, 25.40387 ], [ 66.57828, 25.41146 ], [ 66.58168, 25.41508 ], [ 66.58398, 25.41753 ], [ 66.58492, 25.41794 ], [ 66.59232, 25.42119 ], [ 66.5942, 25.42502 ], [ 66.5882, 25.43524 ], [ 66.58296, 25.43905 ], [ 66.57344, 25.44596 ], [ 66.56001, 25.45296 ], [ 66.55977, 25.46277 ], [ 66.55503, 25.48035 ], [ 66.55662, 25.48584 ], [ 66.55567, 25.50586 ], [ 66.55722, 25.51967 ], [ 66.55859, 25.53189 ], [ 66.55761, 25.53812 ], [ 66.55415, 25.54213 ], [ 66.55273, 25.54378 ], [ 66.55052, 25.54207 ], [ 66.54674, 25.53916 ], [ 66.54145, 25.53896 ], [ 66.52886, 25.54223 ], [ 66.52691, 25.54466 ], [ 66.52858, 25.54828 ], [ 66.52577, 25.5509 ], [ 66.52063, 25.5557 ], [ 66.51588, 25.56346 ], [ 66.51951, 25.57367 ], [ 66.52133, 25.5788 ], [ 66.52198, 25.58062 ], [ 66.5312, 25.58537 ], [ 66.53466, 25.5901 ], [ 66.54022, 25.60645 ], [ 66.54295, 25.61445 ], [ 66.54134, 25.6194 ], [ 66.53897, 25.62077 ], [ 66.53371, 25.61973 ], [ 66.53271, 25.62158 ], [ 66.53742, 25.62756 ], [ 66.53814, 25.62847 ], [ 66.54215, 25.64117 ], [ 66.54139, 25.6426 ], [ 66.53925, 25.64419 ], [ 66.53901, 25.64413 ], [ 66.53468, 25.64318 ], [ 66.53121, 25.64093 ], [ 66.53021, 25.64029 ], [ 66.52499, 25.63381 ], [ 66.52036, 25.62444 ], [ 66.52002, 25.62053 ], [ 66.51887, 25.60745 ], [ 66.51202, 25.60426 ], [ 66.51008, 25.60335 ], [ 66.51259, 25.59939 ], [ 66.51357, 25.59785 ], [ 66.51287, 25.59696 ], [ 66.51052, 25.59397 ], [ 66.50558, 25.59126 ], [ 66.50515, 25.5903 ], [ 66.50292, 25.58542 ], [ 66.50287, 25.58531 ], [ 66.50286, 25.58425 ], [ 66.50279, 25.57736 ], [ 66.50131, 25.576 ], [ 66.49948, 25.57431 ], [ 66.49395, 25.5743 ], [ 66.49174, 25.57714 ], [ 66.49368, 25.58094 ], [ 66.4949, 25.58333 ], [ 66.49297, 25.58534 ], [ 66.49018, 25.58486 ], [ 66.4836, 25.58372 ], [ 66.48166, 25.58586 ], [ 66.47995, 25.58776 ], [ 66.47221, 25.58118 ], [ 66.47197, 25.58053 ], [ 66.47099, 25.57779 ], [ 66.47138, 25.57581 ], [ 66.47189, 25.57323 ], [ 66.47166, 25.57276 ], [ 66.47063, 25.57067 ], [ 66.46722, 25.56991 ], [ 66.46521, 25.57339 ], [ 66.47069, 25.58886 ], [ 66.46704, 25.6025 ], [ 66.4656, 25.6037 ], [ 66.46011, 25.60286 ], [ 66.45813, 25.60571 ], [ 66.45935, 25.6139 ], [ 66.45713, 25.61681 ], [ 66.45517, 25.61938 ], [ 66.45026, 25.61605 ], [ 66.45091, 25.6073 ], [ 66.44933, 25.60204 ], [ 66.44913, 25.60138 ], [ 66.44724, 25.5993 ], [ 66.4454, 25.59727 ], [ 66.44179, 25.59553 ], [ 66.4364, 25.59294 ], [ 66.40965, 25.59027 ], [ 66.40866, 25.59017 ], [ 66.40369, 25.58671 ], [ 66.39909, 25.58352 ], [ 66.39403, 25.58708 ], [ 66.3831, 25.59479 ], [ 66.38023, 25.60178 ], [ 66.37766, 25.59987 ], [ 66.37667, 25.59913 ], [ 66.37254, 25.59897 ], [ 66.36913, 25.60462 ], [ 66.36677, 25.60856 ], [ 66.36995, 25.613 ], [ 66.37, 25.61308 ], [ 66.36756, 25.61591 ], [ 66.36531, 25.61609 ], [ 66.36475, 25.61613 ], [ 66.36409, 25.61618 ], [ 66.36371, 25.61601 ], [ 66.35778, 25.61322 ], [ 66.34472, 25.61686 ], [ 66.34143, 25.61778 ], [ 66.32774, 25.61034 ], [ 66.31812, 25.61018 ], [ 66.31048, 25.61006 ], [ 66.30397, 25.61585 ], [ 66.30013, 25.62364 ], [ 66.29761, 25.62386 ], [ 66.29689, 25.62393 ], [ 66.29534, 25.62307 ], [ 66.2859, 25.61784 ], [ 66.2743, 25.61486 ], [ 66.26761, 25.61041 ], [ 66.25986, 25.60754 ], [ 66.25426, 25.60547 ], [ 66.2458, 25.59949 ], [ 66.24238, 25.59893 ], [ 66.24086, 25.59978 ], [ 66.23859, 25.60107 ], [ 66.2345, 25.59986 ], [ 66.23423, 25.59602 ], [ 66.23396, 25.5921 ], [ 66.23221, 25.59036 ], [ 66.22762, 25.58996 ], [ 66.22531, 25.59096 ], [ 66.22462, 25.59125 ], [ 66.22363, 25.59168 ], [ 66.21043, 25.60221 ], [ 66.19641, 25.60143 ], [ 66.19006, 25.59928 ], [ 66.18836, 25.59779 ], [ 66.18456, 25.59446 ], [ 66.18074, 25.58322 ], [ 66.17463, 25.57649 ], [ 66.16151, 25.56717 ], [ 66.15895, 25.56368 ], [ 66.15613, 25.55984 ], [ 66.15082, 25.55565 ], [ 66.1446, 25.55255 ], [ 66.13892, 25.54972 ], [ 66.13366, 25.54427 ], [ 66.13346, 25.54359 ], [ 66.13316, 25.54262 ], [ 66.13189, 25.53835 ], [ 66.1365, 25.53105 ], [ 66.13665, 25.53081 ], [ 66.13643, 25.53046 ], [ 66.13068, 25.52137 ], [ 66.13413, 25.5118 ], [ 66.13417, 25.51169 ], [ 66.13409, 25.51148 ], [ 66.13275, 25.50787 ], [ 66.13019, 25.5056 ], [ 66.12879, 25.50436 ], [ 66.11957, 25.50119 ], [ 66.11703, 25.50032 ], [ 66.11397, 25.49705 ], [ 66.11278, 25.48944 ], [ 66.11275, 25.48927 ], [ 66.10985, 25.48768 ], [ 66.10102, 25.48768 ], [ 66.09972, 25.48768 ], [ 66.09566, 25.48604 ], [ 66.09185, 25.47961 ], [ 66.09456, 25.47712 ], [ 66.0962, 25.47562 ], [ 66.10083, 25.47498 ], [ 66.10731, 25.4788 ], [ 66.10736, 25.47885 ], [ 66.11565, 25.48667 ], [ 66.11909, 25.48703 ], [ 66.12148, 25.48525 ], [ 66.12082, 25.48022 ], [ 66.12065, 25.47894 ], [ 66.12204, 25.47419 ], [ 66.12796, 25.47549 ], [ 66.138, 25.48192 ], [ 66.13844, 25.48219 ], [ 66.13998, 25.48198 ], [ 66.14191, 25.48171 ], [ 66.14399, 25.47699 ], [ 66.14972, 25.47744 ], [ 66.16296, 25.48426 ], [ 66.17233, 25.48549 ], [ 66.17962, 25.48887 ], [ 66.18222, 25.49008 ], [ 66.18952, 25.49142 ], [ 66.19335, 25.48988 ], [ 66.19563, 25.48896 ], [ 66.20451, 25.49218 ], [ 66.22366, 25.4991 ], [ 66.23342, 25.5064 ], [ 66.24174, 25.51029 ], [ 66.24913, 25.50976 ], [ 66.25452, 25.51249 ], [ 66.26227, 25.51865 ], [ 66.26436, 25.52276 ], [ 66.26542, 25.52484 ], [ 66.27141, 25.52869 ], [ 66.27412, 25.53042 ], [ 66.27497, 25.53216 ], [ 66.27747, 25.53725 ], [ 66.28482, 25.54214 ], [ 66.28531, 25.54227 ], [ 66.28982, 25.54339 ], [ 66.31405, 25.53769 ], [ 66.31809, 25.53973 ], [ 66.31777, 25.54025 ], [ 66.31702, 25.54146 ], [ 66.31659, 25.54218 ], [ 66.30747, 25.54494 ], [ 66.30878, 25.54646 ], [ 66.31752, 25.5466 ], [ 66.32643, 25.55281 ], [ 66.33493, 25.55316 ], [ 66.34285, 25.55139 ], [ 66.3465, 25.54822 ], [ 66.34835, 25.54662 ], [ 66.34838, 25.54659 ], [ 66.35052, 25.5356 ], [ 66.35336, 25.52945 ], [ 66.35671, 25.52609 ], [ 66.35796, 25.52483 ], [ 66.36359, 25.52275 ], [ 66.3849, 25.52559 ], [ 66.38829, 25.52604 ], [ 66.39396, 25.52322 ], [ 66.39725, 25.52159 ], [ 66.40038, 25.51419 ], [ 66.39705, 25.51006 ], [ 66.39429, 25.50664 ], [ 66.39626, 25.50421 ], [ 66.40192, 25.50542 ], [ 66.40582, 25.50626 ], [ 66.40496, 25.50076 ], [ 66.40424, 25.49616 ], [ 66.40557, 25.49246 ], [ 66.40958, 25.49032 ], [ 66.41978, 25.48884 ], [ 66.42653, 25.48263 ], [ 66.43504, 25.48276 ], [ 66.4407, 25.48445 ], [ 66.4445, 25.48689 ], [ 66.45589, 25.49424 ], [ 66.46833, 25.4987 ], [ 66.47519, 25.4996 ], [ 66.48073, 25.50001 ], [ 66.48102, 25.50003 ], [ 66.48711, 25.50048 ], [ 66.49568, 25.49935 ], [ 66.49978, 25.49798 ], [ 66.5023, 25.49713 ], [ 66.51453, 25.49303 ], [ 66.51743, 25.49205 ], [ 66.51777, 25.49034 ], [ 66.51834, 25.48749 ], [ 66.51442, 25.48274 ], [ 66.51345, 25.47414 ], [ 66.49646, 25.45885 ], [ 66.49284, 25.44784 ], [ 66.49496, 25.43727 ], [ 66.49842, 25.43218 ], [ 66.50617, 25.42872 ], [ 66.51219, 25.42791 ], [ 66.52341, 25.41953 ], [ 66.5284, 25.41579 ], [ 66.52698, 25.41198 ], [ 66.52204, 25.40816 ], [ 66.51988, 25.40648 ], [ 66.5133, 25.40455 ], [ 66.50796, 25.4051 ], [ 66.50657, 25.40524 ], [ 66.50591, 25.40531 ], [ 66.45389, 25.42562 ], [ 66.41743, 25.44215 ], [ 66.39441, 25.44936 ], [ 66.35997, 25.46013 ], [ 66.32191, 25.46695 ], [ 66.27654, 25.46783 ], [ 66.25818, 25.4669 ], [ 66.23407, 25.46568 ], [ 66.15989, 25.45383 ], [ 66.12554, 25.45073 ], [ 66.12069, 25.44955 ], [ 66.09213, 25.44263 ], [ 66.06616, 25.43318 ], [ 66.03913, 25.4266 ], [ 66.03428, 25.42702 ], [ 66.03236, 25.42861 ], [ 66.03157, 25.43485 ], [ 66.02724, 25.44281 ], [ 66.02719, 25.44283 ], [ 66.02375, 25.44371 ], [ 66.02381, 25.44153 ], [ 66.02402, 25.43411 ], [ 66.01609, 25.43856 ], [ 66.01122, 25.44129 ], [ 66.0093, 25.43714 ], [ 66.00916, 25.43682 ], [ 66.01023, 25.43373 ], [ 66.01917, 25.42554 ], [ 66.01772, 25.42255 ], [ 66.01435, 25.42095 ], [ 65.99596, 25.42058 ], [ 65.95495, 25.41317 ], [ 65.94245, 25.41472 ], [ 65.94032, 25.41437 ], [ 65.92694, 25.41217 ], [ 65.90364, 25.41345 ], [ 65.85913, 25.42008 ], [ 65.83869, 25.41939 ], [ 65.816, 25.41358 ], [ 65.80603, 25.40619 ], [ 65.79234, 25.39602 ], [ 65.78485, 25.39402 ], [ 65.77727, 25.38553 ], [ 65.77301, 25.38346 ], [ 65.76372, 25.38095 ], [ 65.74103, 25.37952 ], [ 65.72003, 25.37231 ], [ 65.69806, 25.36213 ], [ 65.68106, 25.36191 ], [ 65.66566, 25.36171 ], [ 65.64098, 25.35055 ], [ 65.63576, 25.34948 ], [ 65.62411, 25.35208 ], [ 65.61121, 25.35254 ], [ 65.54778, 25.36784 ], [ 65.52894, 25.37237 ], [ 65.52171, 25.36994 ], [ 65.51778, 25.37039 ], [ 65.517, 25.37202 ], [ 65.52634, 25.37768 ], [ 65.53177, 25.38337 ], [ 65.53638, 25.39529 ], [ 65.53805, 25.40665 ], [ 65.54268, 25.41784 ], [ 65.54352, 25.41986 ], [ 65.5398, 25.42017 ], [ 65.53414, 25.41069 ], [ 65.51984, 25.38679 ], [ 65.51398, 25.38066 ], [ 65.50964, 25.37826 ], [ 65.50573, 25.3761 ], [ 65.48901, 25.3749 ], [ 65.46519, 25.38131 ], [ 65.45741, 25.38074 ], [ 65.45247, 25.3826 ], [ 65.44429, 25.38075 ], [ 65.43797, 25.38275 ], [ 65.40649, 25.38211 ], [ 65.37457, 25.38945 ], [ 65.37106, 25.39025 ], [ 65.36195, 25.38877 ], [ 65.34355, 25.38079 ], [ 65.33805, 25.38053 ], [ 65.33067, 25.38477 ], [ 65.31892, 25.38505 ], [ 65.31721, 25.38684 ], [ 65.31804, 25.39162 ], [ 65.31893, 25.39675 ], [ 65.31527, 25.39176 ], [ 65.3102, 25.38484 ], [ 65.29862, 25.38616 ], [ 65.28677, 25.38434 ], [ 65.26855, 25.38513 ], [ 65.25583, 25.38233 ], [ 65.25515, 25.38218 ], [ 65.25142, 25.37908 ], [ 65.2485, 25.37392 ], [ 65.24627, 25.36624 ], [ 65.24233, 25.35272 ], [ 65.24047, 25.34635 ], [ 65.23279, 25.34013 ], [ 65.229, 25.33409 ], [ 65.22791, 25.32923 ], [ 65.22812, 25.32819 ], [ 65.22955, 25.32095 ], [ 65.22633, 25.31724 ], [ 65.21902, 25.31646 ], [ 65.21368, 25.31328 ], [ 65.20814, 25.31384 ], [ 65.20341, 25.31628 ], [ 65.20221, 25.3169 ], [ 65.2013, 25.31592 ], [ 65.19551, 25.30967 ], [ 65.18977, 25.3096 ], [ 65.18319, 25.312 ], [ 65.17587, 25.31143 ], [ 65.15642, 25.30609 ], [ 65.14442, 25.30675 ], [ 65.14048, 25.30771 ], [ 65.133, 25.30953 ], [ 65.12193, 25.31003 ], [ 65.11765, 25.30856 ], [ 65.11522, 25.31074 ], [ 65.11379, 25.31562 ], [ 65.10931, 25.31338 ], [ 65.10645, 25.31909 ], [ 65.10188, 25.31844 ], [ 65.10178, 25.31859 ], [ 65.10062, 25.32026 ], [ 65.09729, 25.31843 ], [ 65.09709, 25.31508 ], [ 65.09672, 25.30878 ], [ 65.09111, 25.3106 ], [ 65.08499, 25.31259 ], [ 65.08399, 25.31266 ], [ 65.04368, 25.31534 ], [ 65.00274, 25.32311 ], [ 65.0, 25.32228 ], [ 64.99532, 25.3252 ], [ 64.9796, 25.32385 ], [ 64.96603, 25.32055 ], [ 64.95103, 25.3233 ], [ 64.90344, 25.32589 ], [ 64.89522, 25.32451 ], [ 64.85681, 25.31808 ], [ 64.82706, 25.31894 ], [ 64.81508, 25.32154 ], [ 64.79835, 25.32985 ], [ 64.78524, 25.34467 ], [ 64.78402, 25.34547 ], [ 64.78055, 25.34775 ], [ 64.77747, 25.34583 ], [ 64.77998, 25.33874 ], [ 64.78033, 25.33776 ], [ 64.78752, 25.32973 ], [ 64.79273, 25.32389 ], [ 64.78782, 25.32181 ], [ 64.7499, 25.32094 ], [ 64.7262, 25.31668 ], [ 64.702, 25.30785 ], [ 64.68108, 25.29632 ], [ 64.67184, 25.29123 ], [ 64.66, 25.28185 ], [ 64.65249, 25.27322 ], [ 64.64394, 25.25911 ], [ 64.63644, 25.23095 ], [ 64.63517, 25.22617 ], [ 64.63698, 25.21231 ], [ 64.64016, 25.20551 ], [ 64.64835, 25.19804 ], [ 64.65778, 25.19486 ], [ 64.65852, 25.19462 ], [ 64.68385, 25.19369 ], [ 64.69401, 25.19332 ], [ 64.69916, 25.19057 ], [ 64.70047, 25.18661 ], [ 64.69812, 25.18122 ], [ 64.69703, 25.17872 ], [ 64.69299, 25.17384 ], [ 64.67844, 25.1655 ], [ 64.66227, 25.16 ], [ 64.62128, 25.15515 ], [ 64.61661, 25.1546 ], [ 64.59997, 25.15462 ], [ 64.58459, 25.1594 ], [ 64.58292, 25.16131 ], [ 64.58002, 25.17361 ], [ 64.58232, 25.17921 ], [ 64.58318, 25.18128 ], [ 64.59595, 25.18442 ], [ 64.60452, 25.18911 ], [ 64.60943, 25.19648 ], [ 64.61192, 25.2058 ], [ 64.61097, 25.21663 ], [ 64.60535, 25.22997 ], [ 64.60183, 25.23272 ], [ 64.57648, 25.25255 ], [ 64.54357, 25.27048 ], [ 64.52859, 25.27364 ], [ 64.49837, 25.26984 ], [ 64.49166, 25.26766 ], [ 64.48708, 25.26618 ], [ 64.48076, 25.26093 ], [ 64.472, 25.24728 ], [ 64.47013, 25.24629 ], [ 64.46474, 25.24344 ], [ 64.45757, 25.24121 ], [ 64.40596, 25.23828 ], [ 64.39997, 25.23968 ], [ 64.39027, 25.25051 ], [ 64.38802, 25.25303 ], [ 64.37653, 25.26062 ], [ 64.36317, 25.26661 ], [ 64.35936, 25.26832 ], [ 64.3469, 25.2739 ], [ 64.34048, 25.27678 ], [ 64.26678, 25.30272 ], [ 64.24642, 25.30597 ], [ 64.23997, 25.307 ], [ 64.2383, 25.3089 ], [ 64.23946, 25.31184 ], [ 64.2401, 25.31269 ], [ 64.25104, 25.327 ], [ 64.24904, 25.32929 ], [ 64.24625, 25.33248 ], [ 64.23793, 25.32224 ], [ 64.23171, 25.31881 ], [ 64.22334, 25.318 ], [ 64.16352, 25.32885 ], [ 64.15485, 25.32918 ], [ 64.14226, 25.32968 ], [ 64.14005, 25.32976 ], [ 64.13933, 25.32979 ], [ 64.12388, 25.32881 ], [ 64.09223, 25.32679 ], [ 64.08377, 25.32942 ], [ 64.08292, 25.33289 ], [ 64.09039, 25.34685 ], [ 64.09036, 25.36247 ], [ 64.09178, 25.36586 ], [ 64.0936, 25.36694 ], [ 64.10953, 25.36196 ], [ 64.11533, 25.36196 ], [ 64.11749, 25.36487 ], [ 64.11613, 25.36814 ], [ 64.11221, 25.37103 ], [ 64.08366, 25.39213 ], [ 64.08102, 25.39522 ], [ 64.08089, 25.39775 ], [ 64.0838, 25.40063 ], [ 64.10301, 25.4008 ], [ 64.10917, 25.40286 ], [ 64.12328, 25.41288 ], [ 64.12762, 25.41363 ], [ 64.14191, 25.41124 ], [ 64.14282, 25.41465 ], [ 64.13732, 25.42658 ], [ 64.1381, 25.43229 ], [ 64.14084, 25.4345 ], [ 64.14571, 25.43843 ], [ 64.16602, 25.44568 ], [ 64.16691, 25.4484 ], [ 64.16512, 25.45329 ], [ 64.16122, 25.45643 ], [ 64.15563, 25.45573 ], [ 64.1304, 25.44063 ], [ 64.12426, 25.43903 ], [ 64.12009, 25.45229 ], [ 64.11741, 25.45446 ], [ 64.08338, 25.44492 ], [ 64.07925, 25.44376 ], [ 64.06416, 25.44526 ], [ 64.05946, 25.44199 ], [ 64.05118, 25.43243 ], [ 64.04734, 25.43143 ], [ 64.04037, 25.43376 ], [ 64.03475, 25.43788 ], [ 64.04125, 25.45279 ], [ 64.039, 25.45885 ], [ 64.03442, 25.46339 ], [ 64.02867, 25.46499 ], [ 64.02821, 25.46041 ], [ 64.03072, 25.44929 ], [ 64.02872, 25.44408 ], [ 64.0253, 25.44123 ], [ 64.01068, 25.43598 ], [ 63.99344, 25.4298 ], [ 63.99152, 25.42643 ], [ 63.99193, 25.42435 ], [ 63.99588, 25.42236 ], [ 64.00115, 25.4217 ], [ 64.01726, 25.42568 ], [ 64.01974, 25.4249 ], [ 64.02016, 25.42304 ], [ 64.0112, 25.41488 ], [ 64.00577, 25.40659 ], [ 64.00083, 25.40908 ], [ 63.98745, 25.42038 ], [ 63.98202, 25.42311 ], [ 63.97445, 25.4234 ], [ 63.97105, 25.42077 ], [ 63.9704, 25.41839 ], [ 63.9674, 25.40735 ], [ 63.96784, 25.40562 ], [ 63.96804, 25.4048 ], [ 63.96951, 25.40383 ], [ 63.97388, 25.4073 ], [ 63.98053, 25.4126 ], [ 63.98511, 25.41335 ], [ 63.99126, 25.4099 ], [ 63.9936, 25.40567 ], [ 63.99634, 25.38834 ], [ 63.99939, 25.38509 ], [ 63.99947, 25.38501 ], [ 64.00424, 25.38437 ], [ 64.0059, 25.38509 ], [ 64.00811, 25.38606 ], [ 64.01218, 25.39211 ], [ 64.01766, 25.40706 ], [ 64.02081, 25.40947 ], [ 64.02839, 25.40964 ], [ 64.03606, 25.40613 ], [ 64.04053, 25.40248 ], [ 64.04166, 25.40155 ], [ 64.04259, 25.40032 ], [ 64.052, 25.38792 ], [ 64.05261, 25.38712 ], [ 64.05969, 25.371 ], [ 64.07196, 25.36318 ], [ 64.07254, 25.35948 ], [ 64.06686, 25.35004 ], [ 64.06187, 25.34174 ], [ 64.06354, 25.33827 ], [ 64.0674, 25.33027 ], [ 64.06428, 25.32833 ], [ 64.03358, 25.33616 ], [ 64.01802, 25.33813 ], [ 64.00585, 25.33774 ], [ 63.94596, 25.3358 ], [ 63.92961, 25.3371 ], [ 63.9154, 25.34108 ], [ 63.86853, 25.34895 ], [ 63.84332, 25.35523 ], [ 63.79408, 25.37242 ], [ 63.76539, 25.37461 ], [ 63.75799, 25.37878 ], [ 63.73548, 25.37906 ], [ 63.71912, 25.37925 ], [ 63.67508, 25.38266 ], [ 63.64373, 25.37619 ], [ 63.60587, 25.37063 ], [ 63.59863, 25.36784 ], [ 63.56866, 25.3563 ], [ 63.54491, 25.35 ], [ 63.53565, 25.34573 ], [ 63.49836, 25.31715 ], [ 63.49404, 25.31018 ], [ 63.49038, 25.29826 ], [ 63.48908, 25.29404 ], [ 63.48448, 25.28639 ], [ 63.48112, 25.28444 ], [ 63.47291, 25.28725 ], [ 63.4681, 25.29196 ], [ 63.46151, 25.29843 ], [ 63.45607, 25.29517 ], [ 63.45225, 25.28889 ], [ 63.46163, 25.27683 ], [ 63.46397, 25.27484 ], [ 63.47455, 25.26583 ], [ 63.48007, 25.25899 ], [ 63.48236, 25.2534 ], [ 63.48379, 25.23911 ], [ 63.4857, 25.23652 ], [ 63.49536, 25.23108 ], [ 63.50394, 25.22625 ], [ 63.50507, 25.223 ], [ 63.49595, 25.21596 ], [ 63.49651, 25.21112 ], [ 63.50084, 25.20615 ], [ 63.50124, 25.20361 ], [ 63.49833, 25.20026 ], [ 63.49269, 25.19816 ], [ 63.48186, 25.1983 ], [ 63.42142, 25.21228 ], [ 63.40793, 25.2148 ], [ 63.36586, 25.22264 ], [ 63.28012, 25.2289 ], [ 63.27056, 25.23075 ], [ 63.23582, 25.23745 ], [ 63.17636, 25.25198 ], [ 63.1395, 25.25774 ], [ 63.13524, 25.2576 ], [ 63.11071, 25.25681 ], [ 63.09971, 25.25256 ], [ 63.07476, 25.2329 ], [ 63.06527, 25.2286 ], [ 63.02713, 25.22013 ], [ 63.00994, 25.21198 ], [ 63.00711, 25.21064 ], [ 62.99403, 25.21127 ], [ 62.95304, 25.22124 ], [ 62.87499, 25.23721 ], [ 62.83089, 25.24621 ], [ 62.75539, 25.25046 ], [ 62.73784, 25.25374 ], [ 62.72206, 25.25669 ], [ 62.69492, 25.25953 ], [ 62.65766, 25.26149 ], [ 62.65401, 25.26154 ], [ 62.59964, 25.26224 ], [ 62.59514, 25.2623 ], [ 62.49446, 25.25285 ], [ 62.4738, 25.24537 ], [ 62.46603, 25.23852 ], [ 62.46368, 25.23645 ], [ 62.45993, 25.22967 ], [ 62.46307, 25.22522 ], [ 62.47201, 25.22108 ], [ 62.47645, 25.21798 ], [ 62.47714, 25.21589 ], [ 62.47073, 25.21262 ], [ 62.43058, 25.21023 ], [ 62.41177, 25.20545 ], [ 62.38593, 25.19303 ], [ 62.38043, 25.18921 ], [ 62.36429, 25.17798 ], [ 62.35623, 25.16992 ], [ 62.34536, 25.15252 ], [ 62.33941, 25.13913 ], [ 62.33749, 25.12587 ], [ 62.33936, 25.11319 ], [ 62.34645, 25.10612 ], [ 62.35676, 25.10563 ], [ 62.37525, 25.10901 ], [ 62.38402, 25.10768 ], [ 62.38947, 25.10479 ], [ 62.38991, 25.10271 ], [ 62.3868, 25.09981 ], [ 62.37686, 25.09616 ], [ 62.33989, 25.08954 ], [ 62.31978, 25.09051 ], [ 62.27417, 25.09763 ], [ 62.27262, 25.09842 ], [ 62.26896, 25.10028 ], [ 62.26803, 25.10283 ], [ 62.27091, 25.10643 ], [ 62.2806, 25.11055 ], [ 62.31018, 25.1144 ], [ 62.31731, 25.11697 ], [ 62.32019, 25.12057 ], [ 62.32214, 25.13475 ], [ 62.32178, 25.14785 ], [ 62.31487, 25.16868 ], [ 62.31078, 25.17521 ], [ 62.30352, 25.18289 ], [ 62.30077, 25.1858 ], [ 62.28843, 25.19414 ], [ 62.26506, 25.20483 ], [ 62.25382, 25.20832 ], [ 62.21723, 25.2152 ], [ 62.20336, 25.21508 ], [ 62.17373, 25.21188 ], [ 62.16695, 25.21115 ], [ 62.14795, 25.2077 ], [ 62.11694, 25.19904 ], [ 62.08488, 25.18809 ], [ 62.07352, 25.17849 ], [ 62.06947, 25.16894 ], [ 62.06654, 25.15478 ], [ 62.06764, 25.15203 ], [ 62.07007, 25.14597 ], [ 62.08661, 25.1341 ], [ 62.089, 25.12946 ], [ 62.08914, 25.11683 ], [ 62.1054, 25.10428 ], [ 62.1045, 25.09902 ], [ 62.09837, 25.09618 ], [ 62.08683, 25.0976 ], [ 62.06484, 25.10363 ], [ 62.04577, 25.10591 ], [ 62.04276, 25.1061 ], [ 61.98468, 25.10962 ], [ 61.97251, 25.10903 ], [ 61.90441, 25.1057 ], [ 61.90122, 25.10554 ], [ 61.88159, 25.10343 ], [ 61.87471, 25.10268 ], [ 61.86456, 25.09969 ], [ 61.85942, 25.09613 ], [ 61.85858, 25.09271 ], [ 61.86019, 25.08694 ], [ 61.86411, 25.08272 ], [ 61.86399, 25.07836 ], [ 61.85768, 25.07017 ], [ 61.85302, 25.06411 ], [ 61.84991, 25.06008 ], [ 61.84671, 25.05326 ], [ 61.84538, 25.04587 ], [ 61.84494, 25.04343 ], [ 61.8444, 25.0431 ], [ 61.8406, 25.04077 ], [ 61.83073, 25.03869 ], [ 61.81942, 25.0387 ], [ 61.79751, 25.03872 ], [ 61.77422, 25.03348 ], [ 61.76439, 25.03278 ], [ 61.75849, 25.03351 ], [ 61.75837, 25.03353 ], [ 61.74884, 25.03471 ], [ 61.73935, 25.03744 ], [ 61.72795, 25.04433 ], [ 61.72479, 25.04899 ], [ 61.72417, 25.05405 ], [ 61.72712, 25.06133 ], [ 61.73618, 25.07124 ], [ 61.73762, 25.07833 ], [ 61.73753, 25.07942 ], [ 61.73704, 25.08545 ], [ 61.73969, 25.09045 ], [ 61.7443, 25.09356 ], [ 61.75415, 25.09496 ], [ 61.75751, 25.09834 ], [ 61.75813, 25.10268 ], [ 61.75431, 25.12067 ], [ 61.74746, 25.12885 ], [ 61.74754, 25.13206 ], [ 61.75138, 25.1345 ], [ 61.76398, 25.12482 ], [ 61.769, 25.12403 ], [ 61.77357, 25.12576 ], [ 61.77826, 25.13163 ], [ 61.78306, 25.14186 ], [ 61.78487, 25.15445 ], [ 61.78521, 25.15673 ], [ 61.78155, 25.18805 ], [ 61.78128, 25.19033 ], [ 61.77908, 25.19267 ], [ 61.77431, 25.19369 ], [ 61.76405, 25.18657 ], [ 61.75273, 25.1694 ], [ 61.75226, 25.16868 ], [ 61.74675, 25.17018 ], [ 61.74259, 25.17823 ], [ 61.74243, 25.17853 ], [ 61.73825, 25.18252 ], [ 61.73122, 25.18336 ], [ 61.72371, 25.17978 ], [ 61.72152, 25.17874 ], [ 61.7184, 25.18317 ], [ 61.71447, 25.18876 ], [ 61.71267, 25.18867 ], [ 61.71, 25.18854 ], [ 61.70463, 25.18827 ], [ 61.6988, 25.19689 ], [ 61.69836, 25.20257 ], [ 61.69823, 25.20424 ], [ 61.68994, 25.20533 ], [ 61.68782, 25.20148 ], [ 61.68115, 25.19656 ], [ 61.65924, 25.18691 ], [ 61.6582, 25.18698 ], [ 61.65396, 25.18725 ], [ 61.64771, 25.19481 ], [ 61.64392, 25.19939 ], [ 61.6397, 25.20177 ], [ 61.63367, 25.20281 ], [ 61.62354, 25.20049 ], [ 61.6222, 25.19993 ], [ 61.61045, 25.19495 ], [ 61.62212, 25.22593 ], [ 61.62939, 25.24524 ], [ 61.63588, 25.25699 ], [ 61.64507, 25.27364 ], [ 61.65561, 25.2975 ], [ 61.66432, 25.33338 ], [ 61.66711, 25.37837 ], [ 61.66982, 25.4219 ], [ 61.66744, 25.50442 ], [ 61.66721, 25.51239 ], [ 61.67841, 25.63013 ], [ 61.68072, 25.65435 ], [ 61.689, 25.66255 ], [ 61.70446, 25.6725 ], [ 61.70672, 25.68632 ], [ 61.70498, 25.70388 ], [ 61.68991, 25.71792 ], [ 61.68992, 25.71827 ], [ 61.69028, 25.74031 ], [ 61.69058, 25.75853 ], [ 61.68921, 25.79917 ], [ 61.71772, 25.79602 ], [ 61.74858, 25.7984 ], [ 61.76302, 25.80082 ], [ 61.76478, 25.80111 ], [ 61.76884, 25.80179 ], [ 61.76971, 25.80304 ], [ 61.77095, 25.8048 ], [ 61.78035, 25.81825 ], [ 61.78194, 25.85146 ], [ 61.78024, 25.87087 ], [ 61.78253, 25.88561 ], [ 61.78978, 25.91871 ], [ 61.7914, 25.9261 ], [ 61.80179, 25.99428 ], [ 61.81047, 26.04349 ], [ 61.83251, 26.16811 ], [ 61.83303, 26.1711 ], [ 61.84788, 26.22814 ], [ 61.85183, 26.23135 ], [ 61.85819, 26.23653 ], [ 61.86094, 26.23876 ], [ 61.87075, 26.24674 ], [ 61.90374, 26.25874 ], [ 61.90737, 26.26006 ], [ 61.90872, 26.26028 ], [ 61.95824, 26.26859 ], [ 61.98668, 26.27967 ], [ 62.0385, 26.30455 ], [ 62.06115, 26.31542 ], [ 62.0978, 26.31446 ], [ 62.10674, 26.31423 ], [ 62.12115, 26.31676 ], [ 62.12807, 26.32958 ], [ 62.12808, 26.36411 ], [ 62.12809, 26.38037 ], [ 62.13239, 26.38999 ], [ 62.14469, 26.38933 ], [ 62.14992, 26.38744 ], [ 62.15815, 26.38447 ], [ 62.19967, 26.36948 ], [ 62.23293, 26.36615 ], [ 62.2383, 26.36476 ], [ 62.26353, 26.35823 ], [ 62.27981, 26.35835 ], [ 62.28251, 26.35837 ], [ 62.28401, 26.3605 ], [ 62.2915, 26.37114 ], [ 62.2914, 26.3811 ], [ 62.29134, 26.38684 ], [ 62.27259, 26.40505 ], [ 62.26471, 26.41269 ], [ 62.26462, 26.43209 ], [ 62.25637, 26.44598 ], [ 62.25771, 26.44883 ], [ 62.26978, 26.44575 ], [ 62.28259, 26.44725 ], [ 62.2896, 26.45452 ], [ 62.3022, 26.4676 ], [ 62.30808, 26.47569 ], [ 62.3088, 26.47668 ], [ 62.3045, 26.4848 ], [ 62.29863, 26.49214 ], [ 62.29704, 26.49413 ], [ 62.29586, 26.49874 ], [ 62.29939, 26.51363 ], [ 62.30602, 26.52443 ], [ 62.31507, 26.52887 ], [ 62.32978, 26.52861 ], [ 62.3336, 26.52854 ], [ 62.33619, 26.52927 ], [ 62.34325, 26.53124 ], [ 62.35342, 26.53591 ], [ 62.36134, 26.53954 ], [ 62.39712, 26.53831 ], [ 62.40248, 26.53918 ], [ 62.40354, 26.53935 ], [ 62.40834, 26.54273 ], [ 62.41069, 26.54439 ], [ 62.43453, 26.56814 ], [ 62.44123, 26.57003 ], [ 62.46335, 26.56761 ], [ 62.47842, 26.56957 ], [ 62.50168, 26.57773 ], [ 62.50796, 26.57994 ], [ 62.51196, 26.58134 ], [ 62.5227, 26.57962 ], [ 62.52987, 26.57846 ], [ 62.5393, 26.57925 ], [ 62.57624, 26.58235 ], [ 62.58196, 26.58283 ], [ 62.60306, 26.58459 ], [ 62.60815, 26.58501 ], [ 62.62722, 26.59429 ], [ 62.63113, 26.59619 ], [ 62.6378, 26.59943 ], [ 62.63888, 26.60042 ], [ 62.64833, 26.60915 ], [ 62.66085, 26.61651 ], [ 62.68051, 26.61331 ], [ 62.68517, 26.61256 ], [ 62.69326, 26.61313 ], [ 62.69402, 26.61318 ], [ 62.69717, 26.6134 ], [ 62.71022, 26.61701 ], [ 62.72139, 26.61989 ], [ 62.72638, 26.62412 ], [ 62.73159, 26.63431 ], [ 62.73684, 26.63853 ], [ 62.74511, 26.64196 ], [ 62.75709, 26.64694 ], [ 62.76068, 26.64843 ], [ 62.765, 26.64935 ], [ 62.7787, 26.65228 ], [ 62.78336, 26.65228 ], [ 62.80347, 26.65226 ], [ 62.81398, 26.65223 ], [ 62.8216, 26.6522 ], [ 62.82709, 26.65082 ], [ 62.84008, 26.64753 ], [ 62.84047, 26.64753 ], [ 62.91946, 26.64613 ], [ 62.94653, 26.65292 ], [ 62.95275, 26.65298 ], [ 62.98588, 26.65335 ], [ 63.00192, 26.65195 ], [ 63.05144, 26.63758 ], [ 63.07316, 26.64124 ], [ 63.07496, 26.64154 ], [ 63.07874, 26.64218 ], [ 63.09002, 26.64407 ], [ 63.09477, 26.64414 ], [ 63.11498, 26.64442 ], [ 63.12611, 26.64458 ], [ 63.12797, 26.6446 ], [ 63.15652, 26.64499 ], [ 63.16086, 26.64391 ], [ 63.16203, 26.64362 ], [ 63.16329, 26.64426 ], [ 63.16919, 26.64729 ], [ 63.17312, 26.67011 ], [ 63.19714, 26.73138 ], [ 63.19973, 26.73799 ], [ 63.20232, 26.76052 ], [ 63.20321, 26.76826 ], [ 63.19431, 26.82868 ], [ 63.19213, 26.84349 ], [ 63.20343, 26.84925 ], [ 63.20477, 26.84954 ], [ 63.20519, 26.84963 ], [ 63.25944, 26.86131 ], [ 63.27553, 26.86477 ], [ 63.27966, 26.87168 ], [ 63.28139, 26.87457 ], [ 63.28055, 26.87704 ], [ 63.27676, 26.88823 ], [ 63.27639, 26.88934 ], [ 63.26066, 26.92076 ], [ 63.25674, 26.92859 ], [ 63.25669, 26.92868 ], [ 63.25667, 26.93215 ], [ 63.25641, 26.98419 ], [ 63.25609, 27.04622 ], [ 63.25599, 27.06533 ], [ 63.25591, 27.08295 ], [ 63.2732, 27.10243 ], [ 63.29031, 27.1157 ], [ 63.30349, 27.12236 ], [ 63.31308, 27.12933 ], [ 63.31663, 27.1369 ], [ 63.31746, 27.13866 ], [ 63.31341, 27.14762 ], [ 63.31325, 27.14797 ], [ 63.3113, 27.15228 ], [ 63.29924, 27.17892 ], [ 63.29327, 27.18295 ], [ 63.28917, 27.18572 ], [ 63.27952, 27.19223 ], [ 63.251, 27.20696 ], [ 63.23585, 27.21479 ], [ 63.21136, 27.22744 ], [ 63.18422, 27.24144 ], [ 63.18406, 27.24142 ], [ 63.11577, 27.23435 ], [ 63.10628, 27.23416 ], [ 63.07473, 27.23352 ], [ 63.06127, 27.23324 ], [ 63.06024, 27.23322 ], [ 63.05865, 27.23319 ], [ 63.04186, 27.22534 ], [ 63.0143, 27.21244 ], [ 62.97725, 27.19511 ], [ 62.95166, 27.19207 ], [ 62.94429, 27.1933 ], [ 62.92898, 27.19586 ], [ 62.90871, 27.19924 ], [ 62.89998, 27.20539 ], [ 62.89232, 27.21079 ], [ 62.87833, 27.21714 ], [ 62.84366, 27.21309 ], [ 62.83083, 27.21265 ], [ 62.82136, 27.21232 ], [ 62.8111, 27.21635 ], [ 62.79794, 27.22152 ], [ 62.78958, 27.22865 ], [ 62.78705, 27.2308 ], [ 62.78297, 27.23428 ], [ 62.78148, 27.25142 ], [ 62.82318, 27.28622 ], [ 62.83253, 27.30494 ], [ 62.83066, 27.31095 ], [ 62.82949, 27.31472 ], [ 62.82805, 27.31935 ], [ 62.8275, 27.3199 ], [ 62.81725, 27.33018 ], [ 62.81001, 27.33745 ], [ 62.8074, 27.34007 ], [ 62.83998, 27.42501 ], [ 62.85539, 27.46514 ], [ 62.85221, 27.53878 ], [ 62.85204, 27.54267 ], [ 62.85191, 27.54365 ], [ 62.85124, 27.54886 ], [ 62.84893, 27.56687 ], [ 62.83926, 27.64225 ], [ 62.83859, 27.64744 ], [ 62.83597, 27.67434 ], [ 62.83128, 27.72238 ], [ 62.83035, 27.73184 ], [ 62.83002, 27.73527 ], [ 62.82698, 27.75603 ], [ 62.82064, 27.79934 ], [ 62.82059, 27.79979 ], [ 62.82003, 27.80353 ], [ 62.81982, 27.805 ], [ 62.81873, 27.80939 ], [ 62.81067, 27.8419 ], [ 62.80827, 27.85159 ], [ 62.80198, 27.8882 ], [ 62.79747, 27.91445 ], [ 62.79636, 27.92406 ], [ 62.79006, 27.97811 ], [ 62.77183, 28.01505 ], [ 62.76823, 28.03241 ], [ 62.77067, 28.04614 ], [ 62.78079, 28.10293 ], [ 62.79093, 28.17107 ], [ 62.79518, 28.19958 ], [ 62.79657, 28.20895 ], [ 62.79426, 28.24292 ], [ 62.79194, 28.2771 ], [ 62.78738, 28.28082 ], [ 62.78694, 28.28118 ], [ 62.77161, 28.27905 ], [ 62.6307, 28.25937 ], [ 62.62, 28.25819 ], [ 62.59232, 28.25513 ], [ 62.5731, 28.27851 ], [ 62.55431, 28.29727 ], [ 62.55082, 28.30075 ], [ 62.54158, 28.30997 ], [ 62.52727, 28.31685 ], [ 62.51597, 28.32227 ], [ 62.51171, 28.32523 ], [ 62.51144, 28.32541 ], [ 62.50288, 28.33135 ], [ 62.47234, 28.37606 ], [ 62.46483, 28.3832 ], [ 62.43967, 28.40713 ], [ 62.41825, 28.41758 ], [ 62.41668, 28.41835 ], [ 62.37252, 28.43802 ], [ 62.36674, 28.43883 ], [ 62.34996, 28.44119 ], [ 62.34487, 28.44331 ], [ 62.29629, 28.46345 ], [ 62.29135, 28.46401 ], [ 62.28689, 28.46451 ], [ 62.26944, 28.46647 ], [ 62.25385, 28.46615 ], [ 62.23988, 28.46586 ], [ 62.20243, 28.4787 ], [ 62.19734, 28.48011 ], [ 62.18095, 28.48466 ], [ 62.17055, 28.48755 ], [ 62.15236, 28.48951 ], [ 62.14856, 28.48905 ], [ 62.11579, 28.4851 ], [ 62.0433, 28.50789 ], [ 62.02594, 28.52098 ], [ 62.02454, 28.52203 ], [ 62.01827, 28.52676 ], [ 62.01583, 28.5286 ], [ 61.99316, 28.54075 ], [ 61.95758, 28.54869 ], [ 61.90861, 28.57378 ], [ 61.89215, 28.58373 ], [ 61.87011, 28.59706 ], [ 61.83631, 28.62258 ], [ 61.82987, 28.62744 ], [ 61.82291, 28.63269 ], [ 61.80416, 28.64017 ], [ 61.79562, 28.65583 ], [ 61.78792, 28.66608 ], [ 61.77752, 28.67992 ], [ 61.72106, 28.7382 ], [ 61.69352, 28.7605 ], [ 61.68104, 28.77059 ], [ 61.66569, 28.79522 ], [ 61.64027, 28.82162 ], [ 61.62, 28.85574 ], [ 61.6169, 28.85965 ], [ 61.61346, 28.86399 ], [ 61.5736, 28.91403 ], [ 61.56332, 28.94247 ], [ 61.54815, 28.96147 ], [ 61.54722, 28.96264 ], [ 61.53947, 28.97075 ], [ 61.51674, 28.99455 ], [ 61.50432, 29.00755 ], [ 61.5033, 29.01844 ], [ 61.50323, 29.01922 ], [ 61.50326, 29.01963 ], [ 61.50557, 29.04805 ], [ 61.50341, 29.05555 ], [ 61.50317, 29.05641 ], [ 61.49921, 29.06034 ], [ 61.48188, 29.07757 ], [ 61.48138, 29.07806 ], [ 61.47887, 29.08055 ], [ 61.47797, 29.10208 ], [ 61.47794, 29.10276 ], [ 61.47052, 29.11395 ], [ 61.45863, 29.12241 ], [ 61.44353, 29.12812 ], [ 61.41581, 29.13564 ], [ 61.41435, 29.13895 ], [ 61.41336, 29.14122 ], [ 61.41484, 29.15619 ], [ 61.41951, 29.16889 ], [ 61.42626, 29.18723 ], [ 61.42867, 29.19378 ], [ 61.42244, 29.20051 ], [ 61.39913, 29.20853 ], [ 61.39097, 29.21361 ], [ 61.38349, 29.22146 ], [ 61.36364, 29.26875 ], [ 61.35775, 29.28278 ], [ 61.37322, 29.31604 ], [ 61.37342, 29.31647 ], [ 61.37749, 29.3353 ], [ 61.37342, 29.34645 ], [ 61.3726, 29.34867 ], [ 61.33707, 29.37632 ], [ 61.31113, 29.39647 ], [ 61.28771, 29.41744 ], [ 61.2804, 29.42397 ], [ 61.2346, 29.46496 ], [ 61.22747, 29.47132 ], [ 61.19259, 29.50249 ], [ 61.19088, 29.5043 ], [ 61.17942, 29.5164 ], [ 61.14117, 29.55678 ], [ 61.13889, 29.55919 ], [ 61.12586, 29.57293 ], [ 61.05173, 29.65974 ], [ 60.96525, 29.76079 ], [ 60.90021, 29.83659 ], [ 60.8786, 29.86178 ], [ 60.89342, 29.85731 ], [ 60.91203, 29.85169 ], [ 61.04875, 29.81034 ], [ 61.18536, 29.76884 ], [ 61.32187, 29.72722 ], [ 61.45828, 29.68546 ], [ 61.59457, 29.64356 ], [ 61.65252, 29.6257 ], [ 61.68471, 29.61631 ], [ 61.73124, 29.60275 ], [ 61.82117, 29.57645 ], [ 61.86816, 29.56271 ], [ 61.97638, 29.53093 ], [ 62.00497, 29.52253 ], [ 62.14169, 29.48221 ], [ 62.22092, 29.45875 ], [ 62.2783, 29.44177 ], [ 62.31697, 29.43027 ], [ 62.4148, 29.40118 ], [ 62.43847, 29.39412 ], [ 62.45577, 29.38897 ], [ 62.556, 29.39891 ], [ 62.64897, 29.40804 ], [ 62.69259, 29.41233 ], [ 62.69927, 29.41298 ], [ 62.75479, 29.41838 ], [ 62.84258, 29.42691 ], [ 62.98592, 29.4407 ], [ 63.08598, 29.45021 ], [ 63.1293, 29.45433 ], [ 63.23382, 29.46416 ], [ 63.23906, 29.46465 ], [ 63.27272, 29.46782 ], [ 63.36451, 29.47637 ], [ 63.39347, 29.47832 ], [ 63.41631, 29.47986 ], [ 63.48356, 29.48434 ], [ 63.56017, 29.48944 ], [ 63.56361, 29.48955 ], [ 63.59084, 29.49043 ], [ 63.61753, 29.48502 ], [ 63.63216, 29.48205 ], [ 63.64485, 29.47948 ], [ 63.6649, 29.47641 ], [ 63.7741, 29.45969 ], [ 63.91078, 29.43862 ], [ 63.91266, 29.4383 ], [ 63.91611, 29.43771 ], [ 63.99831, 29.42356 ], [ 64.03237, 29.41769 ], [ 64.04248, 29.41385 ], [ 64.04468, 29.41301 ], [ 64.05068, 29.40752 ], [ 64.05316, 29.40525 ], [ 64.06784, 29.39178 ], [ 64.07793, 29.38715 ], [ 64.08464, 29.38408 ], [ 64.08726, 29.38288 ], [ 64.08882, 29.38241 ], [ 64.10529, 29.37748 ], [ 64.11999, 29.3821 ], [ 64.13107, 29.39195 ], [ 64.14658, 29.43399 ], [ 64.15234, 29.44956 ], [ 64.17104, 29.45951 ], [ 64.19334, 29.48051 ], [ 64.20805, 29.49436 ], [ 64.219, 29.49738 ], [ 64.23742, 29.50245 ], [ 64.2405, 29.50469 ], [ 64.25163, 29.5128 ], [ 64.26026, 29.51908 ], [ 64.26682, 29.52384 ], [ 64.27942, 29.52809 ], [ 64.31528, 29.53035 ], [ 64.32529, 29.53438 ], [ 64.3526, 29.54539 ], [ 64.36999, 29.54872 ], [ 64.3801, 29.5465 ], [ 64.38573, 29.54527 ], [ 64.3868, 29.54504 ], [ 64.39076, 29.54417 ], [ 64.41181, 29.5451 ], [ 64.42811, 29.55094 ], [ 64.44655, 29.55974 ], [ 64.45285, 29.56275 ], [ 64.45548, 29.56401 ], [ 64.45623, 29.56419 ], [ 64.46344, 29.56593 ], [ 64.46377, 29.56601 ], [ 64.48762, 29.57179 ], [ 64.5234, 29.57506 ], [ 64.5288, 29.57555 ], [ 64.53229, 29.57587 ], [ 64.59976, 29.5794 ], [ 64.63193, 29.58108 ], [ 64.66743, 29.57838 ], [ 64.74832, 29.57219 ], [ 64.76212, 29.57114 ], [ 64.76888, 29.57034 ], [ 64.77067, 29.57013 ], [ 64.81101, 29.56534 ], [ 64.81595, 29.56476 ], [ 64.8217, 29.56407 ], [ 64.95475, 29.55365 ], [ 64.95577, 29.55357 ], [ 65.0, 29.53742 ], [ 65.02856, 29.53431 ], [ 65.05401, 29.53474 ], [ 65.06013, 29.53544 ], [ 65.06705, 29.53624 ], [ 65.09714, 29.54284 ], [ 65.19489, 29.56958 ], [ 65.2323, 29.57919 ], [ 65.23995, 29.58116 ], [ 65.25367, 29.58504 ], [ 65.26193, 29.58738 ], [ 65.27588, 29.59164 ], [ 65.27938, 29.59226 ], [ 65.28628, 29.59346 ], [ 65.36967, 29.61557 ], [ 65.40558, 29.62595 ], [ 65.42349, 29.63112 ], [ 65.44134, 29.63622 ], [ 65.51575, 29.65511 ], [ 65.52127, 29.6559 ], [ 65.52254, 29.65608 ], [ 65.52907, 29.65845 ], [ 65.53466, 29.66047 ], [ 65.57152, 29.66931 ], [ 65.61086, 29.68099 ], [ 65.63599, 29.68657 ], [ 65.63607, 29.68659 ], [ 65.63712, 29.68685 ], [ 65.65865, 29.69208 ], [ 65.66915, 29.69496 ], [ 65.6978, 29.70281 ], [ 65.73131, 29.71078 ], [ 65.73723, 29.71331 ], [ 65.74762, 29.71578 ], [ 65.78114, 29.72374 ], [ 65.78333, 29.72435 ], [ 65.83404, 29.73841 ], [ 65.85322, 29.74419 ], [ 65.869, 29.7482 ], [ 65.87452, 29.7496 ], [ 65.88061, 29.75149 ], [ 65.88799, 29.75379 ], [ 65.89035, 29.75433 ], [ 65.89497, 29.75539 ], [ 65.89542, 29.75549 ], [ 65.91379, 29.7597 ], [ 65.91556, 29.76011 ], [ 65.93222, 29.76514 ], [ 65.93811, 29.76692 ], [ 66.00254, 29.78357 ], [ 66.03554, 29.79213 ], [ 66.06079, 29.79919 ], [ 66.0724, 29.80244 ], [ 66.11657, 29.81438 ], [ 66.13731, 29.82011 ], [ 66.1558, 29.82521 ], [ 66.16486, 29.82829 ], [ 66.18385, 29.83311 ], [ 66.20225, 29.83927 ], [ 66.21585, 29.84284 ], [ 66.22028, 29.844 ], [ 66.23059, 29.84671 ], [ 66.23841, 29.84913 ], [ 66.24377, 29.85079 ], [ 66.24565, 29.85137 ], [ 66.24785, 29.85251 ], [ 66.24978, 29.8535 ], [ 66.25397, 29.85565 ], [ 66.26982, 29.87495 ], [ 66.27453, 29.87888 ], [ 66.28935, 29.89124 ], [ 66.31226, 29.90834 ], [ 66.31258, 29.90923 ], [ 66.31319, 29.9109 ], [ 66.31891, 29.9127 ], [ 66.33019, 29.92503 ], [ 66.34564, 29.95013 ], [ 66.35686, 29.95832 ], [ 66.35899, 29.96243 ], [ 66.36195, 29.96813 ], [ 66.36151, 29.97202 ], [ 66.35927, 29.97399 ], [ 66.35876, 29.97445 ], [ 66.3408, 29.98701 ], [ 66.32223, 30.0 ], [ 66.32065, 30.00111 ], [ 66.30374, 30.01294 ], [ 66.30042, 30.01626 ], [ 66.28854, 30.02227 ], [ 66.28074, 30.02801 ], [ 66.25905, 30.04396 ], [ 66.25129, 30.0489 ], [ 66.24501, 30.05291 ], [ 66.24165, 30.05505 ], [ 66.24028, 30.05961 ], [ 66.23876, 30.06463 ], [ 66.23822, 30.06641 ], [ 66.23838, 30.07942 ], [ 66.23844, 30.08409 ], [ 66.24225, 30.08947 ], [ 66.25726, 30.11068 ], [ 66.25785, 30.11459 ], [ 66.25809, 30.11611 ], [ 66.26009, 30.12914 ], [ 66.26208, 30.13192 ], [ 66.26852, 30.14091 ], [ 66.27905, 30.15292 ], [ 66.28431, 30.15891 ], [ 66.28528, 30.16123 ], [ 66.28644, 30.16403 ], [ 66.28771, 30.17096 ], [ 66.28744, 30.17684 ], [ 66.28694, 30.18746 ], [ 66.29288, 30.20189 ], [ 66.30138, 30.21779 ], [ 66.30421, 30.22106 ], [ 66.31041, 30.2282 ], [ 66.3166, 30.24288 ], [ 66.32046, 30.27949 ], [ 66.32744, 30.30589 ], [ 66.33011, 30.31198 ], [ 66.33246, 30.31731 ], [ 66.33524, 30.33737 ], [ 66.33601, 30.34489 ], [ 66.33651, 30.3498 ], [ 66.33418, 30.35454 ], [ 66.33353, 30.36332 ], [ 66.33279, 30.37331 ], [ 66.3347, 30.38347 ], [ 66.33799, 30.39253 ], [ 66.33924, 30.39441 ], [ 66.3511, 30.41225 ], [ 66.35401, 30.42074 ], [ 66.35419, 30.42124 ], [ 66.35437, 30.42177 ], [ 66.35412, 30.42727 ], [ 66.34959, 30.43377 ], [ 66.34425, 30.44035 ], [ 66.33892, 30.44694 ], [ 66.33782, 30.45133 ], [ 66.33665, 30.45603 ], [ 66.33981, 30.47932 ], [ 66.33293, 30.48556 ], [ 66.33278, 30.4857 ], [ 66.33145, 30.48691 ], [ 66.32764, 30.49037 ], [ 66.32718, 30.49115 ], [ 66.32592, 30.49329 ], [ 66.30995, 30.50077 ], [ 66.30839, 30.50134 ], [ 66.30537, 30.50244 ], [ 66.30154, 30.50596 ], [ 66.2979, 30.5093 ], [ 66.29778, 30.50988 ], [ 66.29233, 30.53778 ], [ 66.28792, 30.54656 ], [ 66.2863, 30.54978 ], [ 66.28269, 30.55694 ], [ 66.28199, 30.55962 ], [ 66.28108, 30.56308 ], [ 66.28106, 30.56928 ], [ 66.28935, 30.59595 ], [ 66.29097, 30.6022 ], [ 66.29295, 30.60984 ], [ 66.29879, 30.62678 ], [ 66.31609, 30.6884 ], [ 66.31763, 30.69256 ], [ 66.32222, 30.7049 ], [ 66.32742, 30.72347 ], [ 66.3311, 30.73662 ], [ 66.33304, 30.74059 ], [ 66.34138, 30.77276 ], [ 66.35766, 30.82983 ], [ 66.36172, 30.84409 ], [ 66.36349, 30.85071 ], [ 66.37193, 30.88228 ], [ 66.37766, 30.9022 ], [ 66.38132, 30.91494 ], [ 66.38393, 30.9219 ], [ 66.38657, 30.93392 ], [ 66.38987, 30.93849 ], [ 66.39133, 30.9405 ], [ 66.39569, 30.94241 ], [ 66.39693, 30.94296 ], [ 66.40097, 30.94473 ], [ 66.4084, 30.94656 ], [ 66.44621, 30.95588 ], [ 66.48239, 30.96191 ], [ 66.48415, 30.96403 ], [ 66.50734, 30.96616 ], [ 66.50747, 30.96617 ], [ 66.50833, 30.96635 ], [ 66.51855, 30.96838 ], [ 66.53389, 30.97026 ], [ 66.56256, 30.97762 ], [ 66.56277, 30.97775 ], [ 66.57964, 30.9885 ], [ 66.59722, 31.00309 ], [ 66.61816, 31.02047 ], [ 66.63879, 31.04177 ], [ 66.65982, 31.06032 ], [ 66.66423, 31.06299 ], [ 66.66692, 31.06665 ], [ 66.66699, 31.06674 ], [ 66.67057, 31.06848 ], [ 66.68317, 31.07459 ], [ 66.68423, 31.0932 ], [ 66.68514, 31.09503 ], [ 66.68815, 31.10112 ], [ 66.6862, 31.11527 ], [ 66.68859, 31.11902 ], [ 66.69694, 31.13212 ], [ 66.7036, 31.15067 ], [ 66.7093, 31.1607 ], [ 66.71316, 31.1826 ], [ 66.71611, 31.19444 ], [ 66.71816, 31.2027 ], [ 66.72015, 31.20597 ], [ 66.73107, 31.21251 ], [ 66.73839, 31.21173 ], [ 66.75786, 31.20968 ], [ 66.77625, 31.20979 ], [ 66.7816, 31.21084 ], [ 66.79291, 31.21306 ], [ 66.80199, 31.21907 ], [ 66.80578, 31.224 ], [ 66.80802, 31.22644 ], [ 66.81378, 31.23529 ], [ 66.82226, 31.24831 ], [ 66.83497, 31.26428 ], [ 66.85658, 31.27851 ], [ 66.86681, 31.28272 ], [ 66.90228, 31.29617 ], [ 66.93418, 31.30561 ], [ 66.95182, 31.30983 ], [ 66.95773, 31.31067 ], [ 66.96169, 31.31134 ], [ 66.96912, 31.31261 ], [ 66.98566, 31.31287 ], [ 67.00435, 31.312 ], [ 67.01307, 31.3116 ], [ 67.01881, 31.31133 ], [ 67.02291, 31.3108 ], [ 67.03464, 31.30927 ], [ 67.04446, 31.30383 ], [ 67.04572, 31.30107 ], [ 67.04768, 31.29675 ], [ 67.05002, 31.29162 ], [ 67.05132, 31.28592 ], [ 67.04774, 31.27528 ], [ 67.04024, 31.26933 ], [ 67.02482, 31.26131 ], [ 67.02384, 31.25923 ], [ 67.02186, 31.25504 ], [ 67.02394, 31.25047 ], [ 67.02567, 31.24667 ], [ 67.02888, 31.24275 ], [ 67.03099, 31.24018 ], [ 67.03199, 31.23966 ], [ 67.03424, 31.23851 ], [ 67.04025, 31.23541 ], [ 67.04964, 31.23385 ], [ 67.05617, 31.23083 ], [ 67.06015, 31.23045 ], [ 67.06902, 31.2296 ], [ 67.08093, 31.23072 ], [ 67.09372, 31.23192 ], [ 67.10997, 31.23926 ], [ 67.11762, 31.24132 ], [ 67.16634, 31.24339 ], [ 67.171, 31.24009 ], [ 67.17502, 31.23513 ], [ 67.17521, 31.23489 ], [ 67.18333, 31.22485 ], [ 67.18348, 31.2248 ], [ 67.19433, 31.22111 ], [ 67.19575, 31.22062 ], [ 67.22699, 31.21944 ], [ 67.24584, 31.21469 ], [ 67.25084, 31.21229 ], [ 67.26199, 31.20695 ], [ 67.26212, 31.20689 ], [ 67.26228, 31.20687 ], [ 67.26691, 31.20632 ], [ 67.2715, 31.20577 ], [ 67.2915, 31.21251 ], [ 67.29497, 31.21237 ], [ 67.30486, 31.21196 ], [ 67.30993, 31.21365 ], [ 67.3146, 31.21521 ], [ 67.32393, 31.2141 ], [ 67.32719, 31.21372 ], [ 67.34536, 31.21971 ], [ 67.34771, 31.21965 ], [ 67.36618, 31.21913 ], [ 67.39053, 31.21657 ], [ 67.39929, 31.21832 ], [ 67.40641, 31.21975 ], [ 67.42013, 31.22426 ], [ 67.43066, 31.22773 ], [ 67.44407, 31.23289 ], [ 67.44939, 31.23412 ], [ 67.4512, 31.23454 ], [ 67.45949, 31.23646 ], [ 67.46181, 31.237 ], [ 67.46416, 31.23755 ], [ 67.47194, 31.23889 ], [ 67.48789, 31.24165 ], [ 67.49067, 31.24214 ], [ 67.51039, 31.24998 ], [ 67.51811, 31.25381 ], [ 67.53136, 31.26038 ], [ 67.53523, 31.26194 ], [ 67.53924, 31.26356 ], [ 67.571, 31.27079 ], [ 67.57466, 31.27295 ], [ 67.59063, 31.27404 ], [ 67.59856, 31.27321 ], [ 67.60294, 31.27275 ], [ 67.61219, 31.27527 ], [ 67.62042, 31.27639 ], [ 67.65832, 31.29155 ], [ 67.68288, 31.30682 ], [ 67.69043, 31.31269 ], [ 67.69172, 31.31369 ], [ 67.69514, 31.31515 ], [ 67.7071, 31.32024 ], [ 67.71706, 31.32323 ], [ 67.71774, 31.32343 ], [ 67.73119, 31.32323 ], [ 67.73141, 31.32328 ], [ 67.73785, 31.32457 ], [ 67.75213, 31.32553 ], [ 67.75617, 31.3258 ], [ 67.76198, 31.32735 ], [ 67.76277, 31.32756 ], [ 67.77408, 31.33287 ], [ 67.77804, 31.33672 ], [ 67.78545, 31.34392 ], [ 67.78945, 31.35547 ], [ 67.78985, 31.35662 ], [ 67.78814, 31.36422 ], [ 67.78705, 31.36904 ], [ 67.7858, 31.37463 ], [ 67.78079, 31.38568 ], [ 67.77831, 31.39117 ], [ 67.77489, 31.39547 ], [ 67.77262, 31.39832 ], [ 67.77134, 31.39994 ], [ 67.76824, 31.40142 ], [ 67.76401, 31.40343 ], [ 67.76163, 31.4061 ], [ 67.76041, 31.40747 ], [ 67.75588, 31.41023 ], [ 67.75396, 31.41141 ], [ 67.75032, 31.41364 ], [ 67.74094, 31.41478 ], [ 67.74008, 31.41462 ], [ 67.72634, 31.41191 ], [ 67.68921, 31.40436 ], [ 67.67376, 31.40057 ], [ 67.67045, 31.39976 ], [ 67.66007, 31.39722 ], [ 67.65424, 31.39708 ], [ 67.64407, 31.39682 ], [ 67.64285, 31.39728 ], [ 67.63378, 31.40069 ], [ 67.62939, 31.4099 ], [ 67.62774, 31.41337 ], [ 67.62554, 31.41414 ], [ 67.62287, 31.41508 ], [ 67.61221, 31.41719 ], [ 67.60691, 31.41824 ], [ 67.60539, 31.41854 ], [ 67.59763, 31.42682 ], [ 67.59507, 31.43335 ], [ 67.5947, 31.4343 ], [ 67.59911, 31.45366 ], [ 67.59894, 31.45569 ], [ 67.59863, 31.4596 ], [ 67.59747, 31.46315 ], [ 67.59505, 31.47051 ], [ 67.591, 31.47957 ], [ 67.57568, 31.50507 ], [ 67.5583, 31.51928 ], [ 67.55504, 31.52195 ], [ 67.55399, 31.5288 ], [ 67.55594, 31.53007 ], [ 67.55949, 31.53238 ], [ 67.56592, 31.53386 ], [ 67.56956, 31.53469 ], [ 67.58455, 31.53439 ], [ 67.59447, 31.53321 ], [ 67.61006, 31.53136 ], [ 67.61271, 31.53132 ], [ 67.62157, 31.53117 ], [ 67.62775, 31.53021 ], [ 67.6296, 31.52976 ], [ 67.63638, 31.52813 ], [ 67.64603, 31.52032 ], [ 67.64847, 31.51835 ], [ 67.65109, 31.51853 ], [ 67.65381, 31.51872 ], [ 67.65734, 31.51972 ], [ 67.66175, 31.52097 ], [ 67.67207, 31.52093 ], [ 67.67779, 31.52091 ], [ 67.69977, 31.51939 ], [ 67.7131, 31.52063 ], [ 67.71439, 31.52106 ], [ 67.71714, 31.52195 ], [ 67.72605, 31.52484 ], [ 67.74207, 31.53371 ], [ 67.76386, 31.55387 ], [ 67.76698, 31.55676 ], [ 67.77744, 31.56491 ], [ 67.77819, 31.5655 ], [ 67.79001, 31.5722 ], [ 67.8036, 31.58214 ], [ 67.81545, 31.59593 ], [ 67.81894, 31.59853 ], [ 67.84315, 31.61652 ], [ 67.84879, 31.61922 ], [ 67.86871, 31.6288 ], [ 67.87176, 31.62928 ], [ 67.87377, 31.6296 ], [ 67.88662, 31.62944 ], [ 67.8945, 31.62573 ], [ 67.9044, 31.62596 ], [ 67.91098, 31.62817 ], [ 67.91684, 31.63014 ], [ 67.92453, 31.63238 ], [ 67.94992, 31.63341 ], [ 67.95543, 31.63513 ], [ 67.9698, 31.63959 ], [ 67.97239, 31.64094 ], [ 67.98772, 31.64893 ], [ 68.00527, 31.66143 ], [ 68.02255, 31.67375 ], [ 68.03149, 31.67922 ], [ 68.03559, 31.68102 ], [ 68.04681, 31.68597 ], [ 68.05784, 31.69331 ], [ 68.0594, 31.69483 ], [ 68.06409, 31.6994 ], [ 68.0675, 31.71024 ], [ 68.06734, 31.7155 ], [ 68.06988, 31.7175 ], [ 68.08409, 31.72869 ], [ 68.08614, 31.73104 ], [ 68.09083, 31.73639 ], [ 68.10037, 31.7467 ], [ 68.10121, 31.74761 ], [ 68.10873, 31.753 ], [ 68.11668, 31.75871 ], [ 68.13397, 31.78739 ], [ 68.14044, 31.79814 ], [ 68.14071, 31.79835 ], [ 68.14437, 31.8012 ], [ 68.15108, 31.81242 ], [ 68.15408, 31.81744 ], [ 68.16495, 31.83072 ], [ 68.16888, 31.83424 ], [ 68.17056, 31.82963 ], [ 68.1712, 31.82787 ], [ 68.17192, 31.82171 ], [ 68.17749, 31.8145 ], [ 68.17901, 31.81431 ], [ 68.18246, 31.81387 ], [ 68.18613, 31.81341 ], [ 68.24126, 31.80644 ], [ 68.25935, 31.80155 ], [ 68.25832, 31.79955 ], [ 68.25097, 31.78535 ], [ 68.25376, 31.78151 ], [ 68.25475, 31.78064 ], [ 68.27414, 31.76342 ], [ 68.27822, 31.7598 ], [ 68.28661, 31.757 ], [ 68.32089, 31.75746 ], [ 68.37204, 31.75848 ], [ 68.40958, 31.75715 ], [ 68.41495, 31.75664 ], [ 68.41633, 31.75651 ], [ 68.41952, 31.75621 ], [ 68.42176, 31.75737 ], [ 68.42195, 31.75707 ], [ 68.42303, 31.75536 ], [ 68.42971, 31.75116 ], [ 68.4361, 31.74714 ], [ 68.44257, 31.7439 ], [ 68.44533, 31.74251 ], [ 68.45339, 31.7422 ], [ 68.45514, 31.74137 ], [ 68.45663, 31.74066 ], [ 68.46523, 31.74013 ], [ 68.47917, 31.73926 ], [ 68.49039, 31.74039 ], [ 68.4919, 31.74009 ], [ 68.5009, 31.7383 ], [ 68.50531, 31.73626 ], [ 68.51038, 31.7339 ], [ 68.53657, 31.71445 ], [ 68.53715, 31.71402 ], [ 68.53905, 31.71406 ], [ 68.55562, 31.71436 ], [ 68.56351, 31.71977 ], [ 68.57465, 31.73486 ], [ 68.58118, 31.74858 ], [ 68.58202, 31.75034 ], [ 68.5761, 31.75161 ], [ 68.56402, 31.75253 ], [ 68.53852, 31.75457 ], [ 68.51274, 31.75409 ], [ 68.49835, 31.75382 ], [ 68.48988, 31.75225 ], [ 68.47916, 31.75025 ], [ 68.46791, 31.74871 ], [ 68.4651, 31.74832 ], [ 68.46368, 31.74812 ], [ 68.4623, 31.74904 ], [ 68.45767, 31.75213 ], [ 68.45604, 31.75307 ], [ 68.44761, 31.75789 ], [ 68.44245, 31.7598 ], [ 68.43311, 31.76325 ], [ 68.43682, 31.76517 ], [ 68.43697, 31.76525 ], [ 68.45129, 31.77056 ], [ 68.46058, 31.77277 ], [ 68.46594, 31.77404 ], [ 68.47782, 31.78068 ], [ 68.52071, 31.80118 ], [ 68.52534, 31.80379 ], [ 68.52865, 31.80564 ], [ 68.53841, 31.81112 ], [ 68.55267, 31.81916 ], [ 68.55479, 31.82036 ], [ 68.57014, 31.82797 ], [ 68.57611, 31.82556 ], [ 68.58178, 31.82113 ], [ 68.58212, 31.82086 ], [ 68.63223, 31.77826 ], [ 68.63274, 31.77808 ], [ 68.63953, 31.77565 ], [ 68.65173, 31.77493 ], [ 68.67818, 31.77336 ], [ 68.68016, 31.7735 ], [ 68.68219, 31.77365 ], [ 68.69549, 31.77178 ], [ 68.69805, 31.77141 ], [ 68.70184, 31.76988 ], [ 68.7046, 31.76287 ], [ 68.70926, 31.751 ], [ 68.71196, 31.73643 ], [ 68.71572, 31.71608 ], [ 68.71391, 31.70209 ], [ 68.71647, 31.69755 ], [ 68.71699, 31.69664 ], [ 68.71727, 31.69646 ], [ 68.72674, 31.69016 ], [ 68.74284, 31.67946 ], [ 68.74518, 31.67689 ], [ 68.74603, 31.67596 ], [ 68.7519, 31.66954 ], [ 68.75734, 31.66738 ], [ 68.77351, 31.66098 ], [ 68.77468, 31.65942 ], [ 68.77794, 31.6551 ], [ 68.78268, 31.63525 ], [ 68.79751, 31.61879 ], [ 68.79984, 31.61602 ], [ 68.80317, 31.61208 ], [ 68.80494, 31.60998 ], [ 68.80931, 31.60978 ], [ 68.81217, 31.60964 ], [ 68.8214, 31.60524 ], [ 68.82191, 31.605 ], [ 68.83152, 31.60584 ], [ 68.83171, 31.60572 ], [ 68.83528, 31.6034 ], [ 68.84183, 31.59914 ], [ 68.8483, 31.59742 ], [ 68.85272, 31.59778 ], [ 68.8587, 31.59828 ], [ 68.872, 31.6017 ], [ 68.87833, 31.6016 ], [ 68.90064, 31.60124 ], [ 68.91203, 31.60368 ], [ 68.91688, 31.60471 ], [ 68.92846, 31.61337 ], [ 68.93366, 31.62055 ], [ 68.94442, 31.64224 ], [ 68.94916, 31.64575 ], [ 68.95675, 31.64251 ], [ 68.96158, 31.64045 ], [ 68.96277, 31.63966 ], [ 68.96892, 31.63553 ], [ 68.97376, 31.63584 ], [ 68.97399, 31.63586 ], [ 68.97827, 31.63613 ], [ 68.98, 31.6343 ], [ 68.98281, 31.63132 ], [ 68.98594, 31.62801 ], [ 68.99046, 31.62739 ], [ 68.99345, 31.62698 ], [ 68.99491, 31.62723 ], [ 69.00091, 31.62824 ], [ 69.0063, 31.62634 ], [ 69.01089, 31.62473 ], [ 69.02101, 31.62671 ], [ 69.02212, 31.63214 ], [ 69.02417, 31.64211 ], [ 69.02668, 31.64489 ], [ 69.0315, 31.65023 ], [ 69.04681, 31.65985 ], [ 69.04723, 31.66001 ], [ 69.06647, 31.66724 ], [ 69.07283, 31.67328 ], [ 69.08118, 31.6812 ], [ 69.09169, 31.68907 ], [ 69.09646, 31.69264 ], [ 69.09646, 31.69325 ], [ 69.09645, 31.69356 ], [ 69.09971, 31.69524 ], [ 69.1097, 31.70039 ], [ 69.11396, 31.70187 ], [ 69.11794, 31.70326 ], [ 69.11862, 31.70474 ], [ 69.12102, 31.70994 ], [ 69.12091, 31.71108 ], [ 69.12001, 31.72023 ], [ 69.12743, 31.72446 ], [ 69.13228, 31.73621 ], [ 69.13526, 31.74793 ], [ 69.1387, 31.75068 ], [ 69.14897, 31.75888 ], [ 69.15625, 31.78394 ], [ 69.15702, 31.78461 ], [ 69.17469, 31.8 ], [ 69.17806, 31.80511 ], [ 69.18094, 31.80948 ], [ 69.18257, 31.81415 ], [ 69.18576, 31.82328 ], [ 69.1914, 31.82905 ], [ 69.19234, 31.83001 ], [ 69.19761, 31.8484 ], [ 69.20139, 31.85113 ], [ 69.20342, 31.8526 ], [ 69.2059, 31.8531 ], [ 69.21064, 31.85407 ], [ 69.22266, 31.85907 ], [ 69.23113, 31.86259 ], [ 69.26258, 31.8866 ], [ 69.26725, 31.89513 ], [ 69.27187, 31.90618 ], [ 69.27475, 31.90883 ], [ 69.27768, 31.91152 ], [ 69.28921, 31.91559 ], [ 69.29927, 31.91914 ], [ 69.30851, 31.923 ], [ 69.31285, 31.92481 ], [ 69.31579, 31.92682 ], [ 69.31762, 31.92807 ], [ 69.3184, 31.92981 ], [ 69.3232, 31.94052 ], [ 69.3233, 31.94074 ], [ 69.32347, 31.94364 ], [ 69.3235, 31.94417 ], [ 69.32342, 31.94441 ], [ 69.32325, 31.94713 ], [ 69.34312, 31.94997 ], [ 69.35696, 31.95358 ], [ 69.37501, 31.962 ], [ 69.38704, 31.9614 ], [ 69.40389, 31.95839 ], [ 69.42254, 31.95839 ], [ 69.45503, 31.9608 ], [ 69.49234, 31.96381 ], [ 69.52303, 31.97223 ], [ 69.53566, 31.95779 ], [ 69.5477, 31.95238 ], [ 69.55328, 31.95447 ], [ 69.56214, 31.95779 ], [ 69.57237, 31.97043 ], [ 69.58741, 31.97223 ], [ 69.60305, 31.99028 ], [ 69.61809, 31.9975 ], [ 69.62832, 32.00111 ], [ 69.64457, 32.03 ], [ 69.65781, 32.05647 ], [ 69.6909, 32.0685 ], [ 69.71737, 32.07211 ], [ 69.74445, 32.07633 ], [ 69.74764, 32.07787 ], [ 69.75252, 32.08022 ], [ 69.7619, 32.08475 ], [ 69.78898, 32.08956 ], [ 69.84915, 32.09859 ], [ 69.85095, 32.09137 ], [ 69.83711, 32.06971 ], [ 69.82628, 32.04985 ], [ 69.82026, 32.03541 ], [ 69.80221, 32.02157 ], [ 69.80582, 32.01134 ], [ 69.82327, 32.00232 ], [ 69.84433, 31.99209 ], [ 69.86419, 31.98427 ], [ 69.87983, 31.97885 ], [ 69.87863, 31.9602 ] ] ] ] } },
{ "type": "Feature", "properties": { "adm1_name": "Gilgit Baltistan" }, "geometry": { "type": "MultiPolygon", "coordinates": [ [ [ [ 73.65492, 36.90854 ], [ 73.66255, 36.91116 ], [ 73.69347, 36.91346 ], [ 73.70505, 36.91273 ], [ 73.71386, 36.90538 ], [ 73.7251, 36.90127 ], [ 73.73352, 36.90073 ], [ 73.73684, 36.90222 ], [ 73.74024, 36.90456 ], [ 73.74996, 36.90649 ], [ 73.76331, 36.90224 ], [ 73.77593, 36.90144 ], [ 73.7846, 36.90343 ], [ 73.79074, 36.90134 ], [ 73.79436, 36.89516 ], [ 73.80018, 36.88969 ], [ 73.80796, 36.89344 ], [ 73.82214, 36.89763 ], [ 73.84658, 36.89861 ], [ 73.87914, 36.88547 ], [ 73.88381, 36.87921 ], [ 73.89012, 36.87881 ], [ 73.90833, 36.88103 ], [ 73.91737, 36.87619 ], [ 73.93554, 36.86736 ], [ 73.9632, 36.83751 ], [ 73.97968, 36.83303 ], [ 74.0, 36.83402 ], [ 74.00608, 36.83677 ], [ 74.01418, 36.83517 ], [ 74.02526, 36.83298 ], [ 74.03114, 36.82915 ], [ 74.03392, 36.82909 ], [ 74.04525, 36.82887 ], [ 74.05276, 36.82872 ], [ 74.0789, 36.84414 ], [ 74.085, 36.8463 ], [ 74.09414, 36.84633 ], [ 74.10973, 36.84096 ], [ 74.11967, 36.84172 ], [ 74.12743, 36.8481 ], [ 74.13421, 36.87157 ], [ 74.1412, 36.89571 ], [ 74.14751, 36.9057 ], [ 74.15204, 36.90985 ], [ 74.16648, 36.91152 ], [ 74.19062, 36.91004 ], [ 74.21027, 36.90762 ], [ 74.23638, 36.89957 ], [ 74.25232, 36.9004 ], [ 74.25482, 36.90127 ], [ 74.26399, 36.90445 ], [ 74.31084, 36.92986 ], [ 74.33141, 36.94424 ], [ 74.35409, 36.9647 ], [ 74.37395, 36.97399 ], [ 74.37986, 36.97539 ], [ 74.40119, 36.98043 ], [ 74.41345, 36.98817 ], [ 74.42055, 36.99612 ], [ 74.42787, 36.99764 ], [ 74.49813, 36.99956 ], [ 74.51736, 36.99891 ], [ 74.52464, 36.99331 ], [ 74.52832, 36.99049 ], [ 74.53659, 36.96517 ], [ 74.54149, 36.96105 ], [ 74.55075, 36.95967 ], [ 74.55843, 36.96028 ], [ 74.56298, 36.96418 ], [ 74.56891, 36.98745 ], [ 74.57341, 37.02167 ], [ 74.57162, 37.03387 ], [ 74.57522, 37.03426 ], [ 74.59901, 37.03945 ], [ 74.61459, 37.04415 ], [ 74.61813, 37.04809 ], [ 74.6239, 37.05419 ], [ 74.62608, 37.06313 ], [ 74.63008, 37.06707 ], [ 74.64514, 37.07162 ], [ 74.65607, 37.07423 ], [ 74.67171, 37.07766 ], [ 74.68263, 37.08366 ], [ 74.69019, 37.08833 ], [ 74.69955, 37.08942 ], [ 74.70626, 37.0848 ], [ 74.70853, 37.07623 ], [ 74.71257, 37.06873 ], [ 74.71837, 37.06553 ], [ 74.72063, 37.06018 ], [ 74.71754, 37.04981 ], [ 74.72113, 37.0441 ], [ 74.7265, 37.03732 ], [ 74.73187, 37.03197 ], [ 74.73633, 37.02829 ], [ 74.74148, 37.02727 ], [ 74.75373, 37.02594 ], [ 74.76399, 37.02577 ], [ 74.77289, 37.02705 ], [ 74.78091, 37.02778 ], [ 74.78983, 37.0278 ], [ 74.79294, 37.03138 ], [ 74.79246, 37.0446 ], [ 74.7969, 37.0489 ], [ 74.80402, 37.05463 ], [ 74.83488, 37.05588 ], [ 74.8443, 37.05736 ], [ 74.84562, 37.04395 ], [ 74.84371, 37.03158 ], [ 74.83992, 37.02092 ], [ 74.84136, 37.01403 ], [ 74.84753, 37.00752 ], [ 74.85784, 37.002 ], [ 74.86231, 36.99664 ], [ 74.86722, 36.99093 ], [ 74.87258, 36.98093 ], [ 74.87482, 36.97271 ], [ 74.89135, 36.94021 ], [ 74.89269, 36.93807 ], [ 74.89962, 36.93476 ], [ 74.91017, 36.93405 ], [ 74.9173, 36.93634 ], [ 74.92028, 36.94524 ], [ 74.92419, 36.94486 ], [ 74.93586, 36.94382 ], [ 74.93675, 36.94668 ], [ 74.9363, 36.95097 ], [ 74.93051, 36.95918 ], [ 74.92738, 36.9674 ], [ 74.92515, 36.97204 ], [ 74.9247, 36.97847 ], [ 74.93227, 36.98312 ], [ 74.94473, 36.98706 ], [ 74.9581, 36.98992 ], [ 74.96701, 36.991 ], [ 74.9728, 36.99493 ], [ 74.98005, 36.99611 ], [ 74.98973, 36.99386 ], [ 75.00265, 36.99493 ], [ 75.00929, 36.99998 ], [ 75.01289, 37.00387 ], [ 75.02215, 37.01183 ], [ 75.02938, 37.01709 ], [ 75.03963, 37.01637 ], [ 75.04988, 37.01136 ], [ 75.06012, 37.00635 ], [ 75.07171, 37.00563 ], [ 75.09177, 37.01134 ], [ 75.10701, 37.01024 ], [ 75.12786, 37.0113 ], [ 75.12951, 37.01279 ], [ 75.13234, 37.02345 ], [ 75.14497, 37.02618 ], [ 75.16886, 37.01411 ], [ 75.16524, 36.99196 ], [ 75.17192, 36.98766 ], [ 75.18601, 36.9823 ], [ 75.19595, 36.97905 ], [ 75.20752, 36.97546 ], [ 75.21732, 36.97437 ], [ 75.22354, 36.97149 ], [ 75.23288, 36.9654 ], [ 75.24178, 36.9636 ], [ 75.25381, 36.96572 ], [ 75.26094, 36.96784 ], [ 75.26719, 36.97105 ], [ 75.28559, 36.97488 ], [ 75.30149, 36.97347 ], [ 75.31484, 36.97093 ], [ 75.32329, 36.9684 ], [ 75.33574, 36.96408 ], [ 75.34285, 36.9612 ], [ 75.34909, 36.9619 ], [ 75.362, 36.96043 ], [ 75.37489, 36.95574 ], [ 75.38156, 36.95501 ], [ 75.38779, 36.95514 ], [ 75.39515, 36.95585 ], [ 75.40072, 36.95744 ], [ 75.41028, 36.95473 ], [ 75.41359, 36.94954 ], [ 75.41443, 36.93917 ], [ 75.4104, 36.93561 ], [ 75.4046, 36.93313 ], [ 75.39658, 36.93209 ], [ 75.39299, 36.92567 ], [ 75.39087, 36.91942 ], [ 75.39179, 36.91013 ], [ 75.3931, 36.9044 ], [ 75.39886, 36.90045 ], [ 75.4104, 36.89434 ], [ 75.42102, 36.88394 ], [ 75.42674, 36.87355 ], [ 75.42889, 36.86068 ], [ 75.43015, 36.84817 ], [ 75.42998, 36.84393 ], [ 75.43131, 36.83337 ], [ 75.42783, 36.82468 ], [ 75.42403, 36.81255 ], [ 75.42168, 36.80454 ], [ 75.42009, 36.79782 ], [ 75.4204, 36.78621 ], [ 75.42243, 36.77905 ], [ 75.42948, 36.76831 ], [ 75.43565, 36.76006 ], [ 75.43871, 36.75219 ], [ 75.44225, 36.74114 ], [ 75.44646, 36.73607 ], [ 75.45039, 36.72825 ], [ 75.45516, 36.72135 ], [ 75.4625, 36.72065 ], [ 75.46961, 36.72205 ], [ 75.47944, 36.73273 ], [ 75.48748, 36.73949 ], [ 75.49549, 36.74196 ], [ 75.50172, 36.74408 ], [ 75.5114, 36.73081 ], [ 75.52158, 36.72612 ], [ 75.52913, 36.72716 ], [ 75.53404, 36.73071 ], [ 75.53149, 36.74752 ], [ 75.53109, 36.75359 ], [ 75.53372, 36.76469 ], [ 75.53434, 36.77359 ], [ 75.54632, 36.77175 ], [ 75.55965, 36.77133 ], [ 75.56963, 36.77039 ], [ 75.58579, 36.76334 ], [ 75.60114, 36.76666 ], [ 75.61893, 36.76978 ], [ 75.63121, 36.7722 ], [ 75.6453, 36.77161 ], [ 75.66598, 36.76595 ], [ 75.67883, 36.7623 ], [ 75.68633, 36.75725 ], [ 75.69341, 36.75399 ], [ 75.70133, 36.74644 ], [ 75.70978, 36.74747 ], [ 75.72072, 36.75106 ], [ 75.73157, 36.74636 ], [ 75.74156, 36.74193 ], [ 75.74942, 36.73748 ], [ 75.75344, 36.73325 ], [ 75.75665, 36.72985 ], [ 75.76042, 36.72646 ], [ 75.76306, 36.72476 ], [ 75.76654, 36.72411 ], [ 75.76989, 36.72411 ], [ 75.7728, 36.72338 ], [ 75.77488, 36.72248 ], [ 75.77625, 36.72148 ], [ 75.77742, 36.72021 ], [ 75.77943, 36.71792 ], [ 75.7869, 36.71481 ], [ 75.79124, 36.7112 ], [ 75.79386, 36.70871 ], [ 75.79702, 36.70738 ], [ 75.80395, 36.70266 ], [ 75.81089, 36.69726 ], [ 75.81868, 36.69547 ], [ 75.82574, 36.69221 ], [ 75.83235, 36.68751 ], [ 75.83807, 36.68319 ], [ 75.84468, 36.67921 ], [ 75.85084, 36.67452 ], [ 75.85788, 36.67018 ], [ 75.86579, 36.66333 ], [ 75.86798, 36.66081 ], [ 75.87236, 36.65577 ], [ 75.87674, 36.65074 ], [ 75.88106, 36.64593 ], [ 75.88715, 36.63959 ], [ 75.89294, 36.63485 ], [ 75.89693, 36.63308 ], [ 75.90134, 36.6309 ], [ 75.9097, 36.62583 ], [ 75.91452, 36.62115 ], [ 75.92109, 36.61466 ], [ 75.92811, 36.60853 ], [ 75.93334, 36.60374 ], [ 75.93965, 36.60083 ], [ 75.94334, 36.60088 ], [ 75.93791, 36.59765 ], [ 75.9343, 36.59058 ], [ 75.9307, 36.58048 ], [ 75.93061, 36.57377 ], [ 75.93248, 36.56963 ], [ 75.93842, 36.56466 ], [ 75.94321, 36.55872 ], [ 75.94817, 36.55463 ], [ 75.95203, 36.54834 ], [ 75.95637, 36.53799 ], [ 75.95756, 36.53128 ], [ 75.96012, 36.52427 ], [ 75.97518, 36.51 ], [ 75.98401, 36.50217 ], [ 75.99235, 36.49851 ], [ 75.99674, 36.49489 ], [ 75.99865, 36.49049 ], [ 75.99607, 36.48136 ], [ 75.99653, 36.47897 ], [ 76.01077, 36.47446 ], [ 76.01123, 36.47207 ], [ 76.01167, 36.46769 ], [ 76.00715, 36.46135 ], [ 76.00755, 36.45498 ], [ 76.01395, 36.44831 ], [ 76.01765, 36.44228 ], [ 76.02149, 36.43727 ], [ 76.02534, 36.43012 ], [ 76.02735, 36.42454 ], [ 76.03179, 36.40969 ], [ 76.02897, 36.39864 ], [ 76.02444, 36.39112 ], [ 76.01306, 36.38763 ], [ 76.00809, 36.38409 ], [ 75.98906, 36.3536 ], [ 75.98817, 36.35257 ], [ 75.98668, 36.34075 ], [ 75.98834, 36.33252 ], [ 75.99167, 36.32273 ], [ 75.99604, 36.31283 ], [ 76.00695, 36.30377 ], [ 76.01355, 36.30157 ], [ 76.02007, 36.29437 ], [ 76.02571, 36.28681 ], [ 76.02813, 36.27035 ], [ 76.04102, 36.26006 ], [ 76.05222, 36.25329 ], [ 76.05884, 36.24313 ], [ 76.06204, 36.23094 ], [ 76.05796, 36.22578 ], [ 76.05267, 36.22547 ], [ 76.04477, 36.22876 ], [ 76.02807, 36.23319 ], [ 76.01796, 36.23578 ], [ 76.00862, 36.22979 ], [ 76.00926, 36.21731 ], [ 76.01107, 36.20651 ], [ 76.01151, 36.19826 ], [ 76.01305, 36.1893 ], [ 76.0129, 36.17945 ], [ 76.01359, 36.17257 ], [ 76.01351, 36.16614 ], [ 75.9923, 36.16202 ], [ 75.97446, 36.16272 ], [ 75.96517, 36.15959 ], [ 75.97209, 36.14916 ], [ 75.96054, 36.1414 ], [ 75.94024, 36.13871 ], [ 75.93359, 36.13555 ], [ 75.93173, 36.12734 ], [ 75.94003, 36.12227 ], [ 75.94614, 36.11722 ], [ 75.94499, 36.11254 ], [ 75.94121, 36.10502 ], [ 75.94321, 36.09366 ], [ 75.94666, 36.08791 ], [ 75.95448, 36.07963 ], [ 75.95159, 36.0764 ], [ 75.94932, 36.07386 ], [ 75.94689, 36.07112 ], [ 75.95478, 36.06891 ], [ 75.9551, 36.05926 ], [ 75.95854, 36.05244 ], [ 75.96587, 36.04293 ], [ 75.97984, 36.03226 ], [ 75.99017, 36.02691 ], [ 76.00074, 36.02274 ], [ 76.0116, 36.01881 ], [ 76.02073, 36.01705 ], [ 76.02517, 36.01773 ], [ 76.03797, 36.02601 ], [ 76.04153, 36.02741 ], [ 76.05509, 36.02681 ], [ 76.06365, 36.02625 ], [ 76.07515, 36.02567 ], [ 76.08628, 36.02388 ], [ 76.0943, 36.02309 ], [ 76.10107, 36.01938 ], [ 76.10142, 36.0133 ], [ 76.1, 36.0 ], [ 76.10259, 35.99517 ], [ 76.10441, 35.98918 ], [ 76.10989, 35.98207 ], [ 76.11402, 35.97571 ], [ 76.11996, 35.96896 ], [ 76.12852, 35.96219 ], [ 76.13319, 35.9558 ], [ 76.13873, 35.95012 ], [ 76.14488, 35.94072 ], [ 76.1502, 35.93522 ], [ 76.15394, 35.92751 ], [ 76.15988, 35.91753 ], [ 76.16181, 35.90954 ], [ 76.1608, 35.90365 ], [ 76.15865, 35.8971 ], [ 76.154, 35.8878 ], [ 76.15388, 35.87799 ], [ 76.15545, 35.87074 ], [ 76.15712, 35.86449 ], [ 76.15179, 35.85408 ], [ 76.14739, 35.84884 ], [ 76.14381, 35.84078 ], [ 76.14414, 35.83409 ], [ 76.14971, 35.83051 ], [ 76.15377, 35.82768 ], [ 76.15741, 35.82516 ], [ 76.16947, 35.82292 ], [ 76.1859, 35.82346 ], [ 76.20054, 35.82463 ], [ 76.2132, 35.82383 ], [ 76.21876, 35.82418 ], [ 76.22308, 35.82692 ], [ 76.22494, 35.83256 ], [ 76.22589, 35.83783 ], [ 76.23153, 35.83882 ], [ 76.23975, 35.83909 ], [ 76.24666, 35.83901 ], [ 76.25226, 35.8379 ], [ 76.26224, 35.83765 ], [ 76.27477, 35.83965 ], [ 76.28367, 35.84226 ], [ 76.296, 35.84234 ], [ 76.30499, 35.83767 ], [ 76.31032, 35.83585 ], [ 76.32734, 35.83002 ], [ 76.3364, 35.82886 ], [ 76.3489, 35.82696 ], [ 76.36301, 35.82487 ], [ 76.36404, 35.82783 ], [ 76.35892, 35.84204 ], [ 76.35548, 35.84998 ], [ 76.35743, 35.85839 ], [ 76.36681, 35.86395 ], [ 76.38108, 35.85783 ], [ 76.40027, 35.85277 ], [ 76.41073, 35.8512 ], [ 76.41979, 35.85074 ], [ 76.42889, 35.85239 ], [ 76.44073, 35.86044 ], [ 76.44661, 35.86604 ], [ 76.45512, 35.87567 ], [ 76.4617, 35.88196 ], [ 76.4689, 35.88659 ], [ 76.47933, 35.88983 ], [ 76.48907, 35.88982 ], [ 76.5127, 35.88177 ], [ 76.53724, 35.89729 ], [ 76.54299, 35.9039 ], [ 76.54636, 35.92007 ], [ 76.55553, 35.9241 ], [ 76.57357, 35.92177 ], [ 76.58511, 35.91498 ], [ 76.58994, 35.90719 ], [ 76.59498, 35.89668 ], [ 76.58781, 35.88481 ], [ 76.57907, 35.87401 ], [ 76.57722, 35.86745 ], [ 76.5838, 35.85009 ], [ 76.58407, 35.84917 ], [ 76.58523, 35.84132 ], [ 76.58229, 35.83754 ], [ 76.56992, 35.82731 ], [ 76.5638, 35.82024 ], [ 76.56886, 35.8074 ], [ 76.5722, 35.80243 ], [ 76.57805, 35.79735 ], [ 76.58636, 35.78363 ], [ 76.59112, 35.77302 ], [ 76.60278, 35.76759 ], [ 76.619, 35.76176 ], [ 76.62688, 35.76532 ], [ 76.63864, 35.76612 ], [ 76.64274, 35.76559 ], [ 76.64739, 35.76264 ], [ 76.6521, 35.75684 ], [ 76.66367, 35.7528 ], [ 76.67311, 35.75021 ], [ 76.68167, 35.75091 ], [ 76.69051, 35.74844 ], [ 76.6947, 35.74056 ], [ 76.69556, 35.73318 ], [ 76.69584, 35.72312 ], [ 76.70072, 35.72067 ], [ 76.70731, 35.7183 ], [ 76.71604, 35.71423 ], [ 76.72318, 35.70748 ], [ 76.73003, 35.69883 ], [ 76.74216, 35.6887 ], [ 76.74896, 35.68127 ], [ 76.7521, 35.67379 ], [ 76.75862, 35.65671 ], [ 76.76669, 35.65491 ], [ 76.77823, 35.65624 ], [ 76.78834, 35.65673 ], [ 76.79633, 35.65843 ], [ 76.81266, 35.66139 ], [ 76.82503, 35.66263 ], [ 76.83424, 35.66293 ], [ 76.84219, 35.66763 ], [ 76.84634, 35.66901 ], [ 76.85196, 35.6644 ], [ 76.85721, 35.65685 ], [ 76.86085, 35.65174 ], [ 76.86455, 35.64872 ], [ 76.8707, 35.6437 ], [ 76.87656, 35.63907 ], [ 76.89205, 35.62755 ], [ 76.89552, 35.62379 ], [ 76.89854, 35.62052 ], [ 76.90022, 35.6191 ], [ 76.90403, 35.61586 ], [ 76.91078, 35.61201 ], [ 76.91524, 35.60946 ], [ 76.92362, 35.60638 ], [ 76.93134, 35.60484 ], [ 76.93891, 35.60237 ], [ 76.94924, 35.5968 ], [ 76.95544, 35.59355 ], [ 76.96409, 35.59267 ], [ 76.97669, 35.59597 ], [ 76.98661, 35.60056 ], [ 76.99023, 35.60719 ], [ 76.99531, 35.61185 ], [ 77.00621, 35.61155 ], [ 77.01319, 35.6073 ], [ 77.01645, 35.60531 ], [ 77.0271, 35.6009 ], [ 77.03829, 35.60013 ], [ 77.04613, 35.59975 ], [ 77.05208, 35.59846 ], [ 77.06149, 35.59643 ], [ 77.06955, 35.59171 ], [ 77.0769, 35.58218 ], [ 77.09037, 35.57028 ], [ 77.10366, 35.56366 ], [ 77.11951, 35.55912 ], [ 77.12804, 35.55615 ], [ 77.13459, 35.55163 ], [ 77.14282, 35.54567 ], [ 77.15029, 35.54047 ], [ 77.15184, 35.53986 ], [ 77.15958, 35.5368 ], [ 77.17405, 35.53047 ], [ 77.18269, 35.5238 ], [ 77.19292, 35.52008 ], [ 77.20928, 35.52012 ], [ 77.22726, 35.52494 ], [ 77.24505, 35.52876 ], [ 77.26539, 35.5352 ], [ 77.27888, 35.53689 ], [ 77.29188, 35.53945 ], [ 77.30485, 35.5413 ], [ 77.31611, 35.537 ], [ 77.32862, 35.53154 ], [ 77.33536, 35.52485 ], [ 77.34103, 35.51002 ], [ 77.34458, 35.50112 ], [ 77.35225, 35.49498 ], [ 77.35834, 35.49499 ], [ 77.36483, 35.49591 ], [ 77.36957, 35.49616 ], [ 77.37276, 35.49508 ], [ 77.3755, 35.49287 ], [ 77.37465, 35.48638 ], [ 77.37697, 35.47789 ], [ 77.38532, 35.47194 ], [ 77.39413, 35.46855 ], [ 77.40703, 35.46944 ], [ 77.41717, 35.47 ], [ 77.42142, 35.46816 ], [ 77.43034, 35.46445 ], [ 77.43843, 35.46181 ], [ 77.44908, 35.4613 ], [ 77.45676, 35.46618 ], [ 77.47423, 35.47423 ], [ 77.48427, 35.47693 ], [ 77.49973, 35.48127 ], [ 77.51614, 35.48302 ], [ 77.52788, 35.47744 ], [ 77.53684, 35.48252 ], [ 77.55477, 35.48006 ], [ 77.57575, 35.47677 ], [ 77.57986, 35.47467 ], [ 77.58286, 35.47063 ], [ 77.58351, 35.46428 ], [ 77.58556, 35.46142 ], [ 77.58814, 35.46136 ], [ 77.59298, 35.46442 ], [ 77.60119, 35.46529 ], [ 77.61448, 35.46393 ], [ 77.62566, 35.46076 ], [ 77.62642, 35.46044 ], [ 77.63702, 35.45602 ], [ 77.64098, 35.45875 ], [ 77.63939, 35.47498 ], [ 77.64599, 35.4794 ], [ 77.655, 35.47849 ], [ 77.66468, 35.47228 ], [ 77.67229, 35.46603 ], [ 77.68138, 35.45766 ], [ 77.68797, 35.44921 ], [ 77.69186, 35.44947 ], [ 77.69505, 35.45468 ], [ 77.70036, 35.45745 ], [ 77.7083, 35.4584 ], [ 77.72547, 35.45886 ], [ 77.7301, 35.46019 ], [ 77.73319, 35.46258 ], [ 77.73043, 35.46968 ], [ 77.73197, 35.47669 ], [ 77.73742, 35.48466 ], [ 77.74692, 35.49146 ], [ 77.75088, 35.49402 ], [ 77.75504, 35.49814 ], [ 77.76228, 35.49729 ], [ 77.7744, 35.49433 ], [ 77.78613, 35.49347 ], [ 77.79117, 35.49279 ], [ 77.79475, 35.4923 ], [ 77.80017, 35.49406 ], [ 77.8028, 35.50702 ], [ 77.80565, 35.51434 ], [ 77.81405, 35.51947 ], [ 77.81919, 35.51551 ], [ 77.82738, 35.50818 ], [ 77.83397, 35.50214 ], [ 77.12598, 35.04299 ], [ 77.07684, 35.02456 ], [ 77.05226, 35.02456 ], [ 77.03691, 35.03378 ], [ 77.02692, 35.0408 ], [ 77.0181, 35.03846 ], [ 77.01379, 35.03512 ], [ 77.01096, 35.02758 ], [ 77.0103, 35.01618 ], [ 77.01067, 35.0 ], [ 77.01131, 34.97272 ], [ 77.01145, 34.96672 ], [ 77.01014, 34.95629 ], [ 77.00658, 34.95147 ], [ 76.99749, 34.93915 ], [ 76.98875, 34.93522 ], [ 76.98072, 34.93537 ], [ 76.97036, 34.93558 ], [ 76.95034, 34.94094 ], [ 76.90843, 34.96168 ], [ 76.9014, 34.96307 ], [ 76.89847, 34.96426 ], [ 76.88351, 34.97032 ], [ 76.87004, 34.97243 ], [ 76.86315, 34.97084 ], [ 76.85316, 34.96387 ], [ 76.84815, 34.95797 ], [ 76.82552, 34.94165 ], [ 76.81105, 34.93545 ], [ 76.80442, 34.93433 ], [ 76.79934, 34.93577 ], [ 76.77491, 34.93393 ], [ 76.77057, 34.9336 ], [ 76.76331, 34.93305 ], [ 76.76084, 34.93191 ], [ 76.74937, 34.9266 ], [ 76.74337, 34.91814 ], [ 76.73886, 34.90193 ], [ 76.74344, 34.86489 ], [ 76.74469, 34.84473 ], [ 76.74324, 34.84009 ], [ 76.73785, 34.83074 ], [ 76.72729, 34.8209 ], [ 76.70619, 34.80125 ], [ 76.6967, 34.77913 ], [ 76.68719, 34.76321 ], [ 76.68182, 34.75959 ], [ 76.67164, 34.75742 ], [ 76.6525, 34.75656 ], [ 76.61804, 34.75607 ], [ 76.58002, 34.75552 ], [ 76.57098, 34.75842 ], [ 76.56181, 34.75834 ], [ 76.54532, 34.76559 ], [ 76.51409, 34.7838 ], [ 76.48974, 34.79238 ], [ 76.48392, 34.79313 ], [ 76.47733, 34.79399 ], [ 76.47434, 34.79437 ], [ 76.4692, 34.79167 ], [ 76.44829, 34.77396 ], [ 76.43697, 34.76438 ], [ 76.42762, 34.76244 ], [ 76.40954, 34.75217 ], [ 76.39415, 34.7416 ], [ 76.38593, 34.73596 ], [ 76.35074, 34.7347 ], [ 76.33989, 34.73432 ], [ 76.31614, 34.73163 ], [ 76.30151, 34.72444 ], [ 76.28995, 34.71232 ], [ 76.2833, 34.70151 ], [ 76.27569, 34.69442 ], [ 76.27512, 34.69364 ], [ 76.26006, 34.68437 ], [ 76.2343, 34.67309 ], [ 76.22738, 34.67214 ], [ 76.19785, 34.65913 ], [ 76.19279, 34.65527 ], [ 76.15791, 34.64341 ], [ 76.13909, 34.64247 ], [ 76.13075, 34.64352 ], [ 76.12192, 34.64665 ], [ 76.09296, 34.66656 ], [ 76.08582, 34.67146 ], [ 76.07444, 34.67631 ], [ 76.05502, 34.67603 ], [ 76.03646, 34.67027 ], [ 76.02543, 34.6641 ], [ 76.01925, 34.65822 ], [ 76.01437, 34.65357 ], [ 76.00039, 34.63581 ], [ 75.99184, 34.62997 ], [ 75.98328, 34.62941 ], [ 75.96771, 34.63347 ], [ 75.94625, 34.63118 ], [ 75.93221, 34.62443 ], [ 75.91865, 34.60483 ], [ 75.91193, 34.60113 ], [ 75.88146, 34.59074 ], [ 75.84218, 34.57386 ], [ 75.82065, 34.55891 ], [ 75.81048, 34.54817 ], [ 75.79303, 34.53392 ], [ 75.76878, 34.52214 ], [ 75.74921, 34.51583 ], [ 75.72923, 34.51616 ], [ 75.71384, 34.5184 ], [ 75.69231, 34.52153 ], [ 75.64415, 34.53354 ], [ 75.61556, 34.53854 ], [ 75.59189, 34.54006 ], [ 75.56463, 34.53876 ], [ 75.5518, 34.53814 ], [ 75.5212, 34.53959 ], [ 75.51688, 34.53779 ], [ 75.5061, 34.53733 ], [ 75.47851, 34.53936 ], [ 75.46494, 34.54337 ], [ 75.41395, 34.54734 ], [ 75.39497, 34.54881 ], [ 75.37781, 34.55242 ], [ 75.35055, 34.56224 ], [ 75.3352, 34.57213 ], [ 75.27915, 34.60175 ], [ 75.26186, 34.61088 ], [ 75.25808, 34.6176 ], [ 75.26694, 34.63454 ], [ 75.26606, 34.63955 ], [ 75.25964, 34.64409 ], [ 75.24971, 34.64731 ], [ 75.24262, 34.64781 ], [ 75.23576, 34.64829 ], [ 75.20735, 34.64633 ], [ 75.20673, 34.64629 ], [ 75.20508, 34.64692 ], [ 75.1779, 34.65732 ], [ 75.16466, 34.66045 ], [ 75.1423, 34.66241 ], [ 75.11121, 34.65799 ], [ 75.10555, 34.65566 ], [ 75.08473, 34.65538 ], [ 75.0545, 34.64662 ], [ 75.0508, 34.64392 ], [ 75.0418, 34.64143 ], [ 75.02992, 34.64147 ], [ 75.01874, 34.6415 ], [ 75.00365, 34.64676 ], [ 74.9989, 34.65027 ], [ 74.94672, 34.66635 ], [ 74.92781, 34.67831 ], [ 74.91051, 34.68322 ], [ 74.89375, 34.68449 ], [ 74.88982, 34.68387 ], [ 74.86488, 34.67993 ], [ 74.85677, 34.68863 ], [ 74.82656, 34.7265 ], [ 74.79949, 34.75262 ], [ 74.79539, 34.75416 ], [ 74.79142, 34.75592 ], [ 74.78868, 34.75791 ], [ 74.78554, 34.76067 ], [ 74.78239, 34.76397 ], [ 74.78008, 34.76761 ], [ 74.77831, 34.77058 ], [ 74.7764, 34.77399 ], [ 74.77531, 34.77697 ], [ 74.77271, 34.77929 ], [ 74.77121, 34.78215 ], [ 74.76958, 34.78633 ], [ 74.76836, 34.79118 ], [ 74.76659, 34.79536 ], [ 74.76639, 34.79858 ], [ 74.76633, 34.80241 ], [ 74.76621, 34.80616 ], [ 74.7654, 34.80957 ], [ 74.76445, 34.81287 ], [ 74.76185, 34.81596 ], [ 74.75912, 34.81794 ], [ 74.75556, 34.81993 ], [ 74.75255, 34.82147 ], [ 74.74995, 34.82401 ], [ 74.74763, 34.8272 ], [ 74.7473, 34.82753 ], [ 74.7449, 34.82996 ], [ 74.74258, 34.8326 ], [ 74.7395, 34.83512 ], [ 74.7373, 34.83708 ], [ 74.73566, 34.83854 ], [ 74.73267, 34.84024 ], [ 74.72893, 34.84193 ], [ 74.72588, 34.8433 ], [ 74.72823, 34.84759 ], [ 74.72822, 34.85012 ], [ 74.7281, 34.85276 ], [ 74.72623, 34.85618 ], [ 74.72449, 34.85857 ], [ 74.72277, 34.86094 ], [ 74.72012, 34.86124 ], [ 74.71741, 34.8609 ], [ 74.7137, 34.85747 ], [ 74.71095, 34.85651 ], [ 74.70772, 34.85683 ], [ 74.70567, 34.85757 ], [ 74.70389, 34.8594 ], [ 74.70251, 34.8638 ], [ 74.70221, 34.86579 ], [ 74.70184, 34.8682 ], [ 74.70091, 34.87015 ], [ 74.70007, 34.87194 ], [ 74.69884, 34.87503 ], [ 74.69561, 34.87535 ], [ 74.69194, 34.87492 ], [ 74.68743, 34.87357 ], [ 74.68503, 34.87465 ], [ 74.68175, 34.87687 ], [ 74.68016, 34.87868 ], [ 74.6774, 34.88009 ], [ 74.67636, 34.88157 ], [ 74.67506, 34.88463 ], [ 74.67437, 34.88814 ], [ 74.67336, 34.89245 ], [ 74.67133, 34.89603 ], [ 74.66917, 34.89772 ], [ 74.66652, 34.89817 ], [ 74.66624, 34.90213 ], [ 74.66527, 34.90439 ], [ 74.66416, 34.90745 ], [ 74.66199, 34.90661 ], [ 74.65916, 34.90471 ], [ 74.65691, 34.90277 ], [ 74.65353, 34.90121 ], [ 74.64951, 34.90126 ], [ 74.64515, 34.9018 ], [ 74.64137, 34.90294 ], [ 74.63918, 34.90385 ], [ 74.63702, 34.9057 ], [ 74.63493, 34.90734 ], [ 74.6332, 34.90842 ], [ 74.62962, 34.90923 ], [ 74.62659, 34.91099 ], [ 74.62446, 34.91187 ], [ 74.61999, 34.91352 ], [ 74.617, 34.91462 ], [ 74.61317, 34.91628 ], [ 74.60979, 34.91724 ], [ 74.60645, 34.91852 ], [ 74.60325, 34.91932 ], [ 74.59999, 34.91933 ], [ 74.59442, 34.91661 ], [ 74.59049, 34.914 ], [ 74.58566, 34.91093 ], [ 74.58289, 34.90911 ], [ 74.57922, 34.90669 ], [ 74.57401, 34.90364 ], [ 74.57188, 34.90468 ], [ 74.57099, 34.90494 ], [ 74.56795, 34.90583 ], [ 74.56596, 34.90751 ], [ 74.56576, 34.90989 ], [ 74.56699, 34.91345 ], [ 74.56956, 34.91711 ], [ 74.57114, 34.92034 ], [ 74.57177, 34.92362 ], [ 74.57195, 34.92598 ], [ 74.57055, 34.92779 ], [ 74.56851, 34.92868 ], [ 74.56644, 34.9291 ], [ 74.56338, 34.92926 ], [ 74.56481, 34.93045 ], [ 74.56785, 34.93266 ], [ 74.57033, 34.93505 ], [ 74.57035, 34.9379 ], [ 74.57042, 34.94136 ], [ 74.57197, 34.9437 ], [ 74.57355, 34.94579 ], [ 74.5747, 34.9473 ], [ 74.57269, 34.94867 ], [ 74.56914, 34.94979 ], [ 74.5657, 34.95336 ], [ 74.56271, 34.95698 ], [ 74.56275, 34.96014 ], [ 74.56466, 34.96256 ], [ 74.56599, 34.9634 ], [ 74.56768, 34.96446 ], [ 74.56726, 34.96653 ], [ 74.56642, 34.96815 ], [ 74.56487, 34.97044 ], [ 74.56469, 34.97314 ], [ 74.56757, 34.97583 ], [ 74.57062, 34.97804 ], [ 74.57278, 34.98124 ], [ 74.57302, 34.98454 ], [ 74.57185, 34.98859 ], [ 74.57132, 34.99183 ], [ 74.57219, 34.9939 ], [ 74.57412, 34.99505 ], [ 74.57668, 34.9963 ], [ 74.57904, 34.9971 ], [ 74.58059, 34.99859 ], [ 74.58216, 35.0001 ], [ 74.5835, 35.00164 ], [ 74.58186, 35.00294 ], [ 74.57988, 35.00451 ], [ 74.57785, 35.00809 ], [ 74.57634, 35.01101 ], [ 74.57548, 35.01484 ], [ 74.57544, 35.01689 ], [ 74.57462, 35.01867 ], [ 74.57255, 35.01925 ], [ 74.57063, 35.01918 ], [ 74.56788, 35.01838 ], [ 74.56548, 35.01708 ], [ 74.56363, 35.01544 ], [ 74.56227, 35.01267 ], [ 74.55804, 35.01241 ], [ 74.55426, 35.01323 ], [ 74.55103, 35.01624 ], [ 74.54848, 35.01795 ], [ 74.54665, 35.01915 ], [ 74.54314, 35.02106 ], [ 74.53986, 35.02328 ], [ 74.53808, 35.0251 ], [ 74.53786, 35.02732 ], [ 74.53651, 35.02976 ], [ 74.53413, 35.0313 ], [ 74.53123, 35.0335 ], [ 74.52853, 35.036 ], [ 74.52837, 35.03885 ], [ 74.52904, 35.04276 ], [ 74.52995, 35.04729 ], [ 74.53119, 35.05101 ], [ 74.53298, 35.05299 ], [ 74.53521, 35.05462 ], [ 74.53761, 35.05591 ], [ 74.53777, 35.05796 ], [ 74.53748, 35.06191 ], [ 74.53699, 35.06557 ], [ 74.53466, 35.06774 ], [ 74.53239, 35.07085 ], [ 74.52929, 35.0729 ], [ 74.52509, 35.07579 ], [ 74.51913, 35.07785 ], [ 74.51534, 35.08104 ], [ 74.51102, 35.08489 ], [ 74.5086, 35.08848 ], [ 74.50771, 35.092 ], [ 74.50797, 35.09546 ], [ 74.50978, 35.09915 ], [ 74.50681, 35.10056 ], [ 74.50403, 35.10181 ], [ 74.50114, 35.10432 ], [ 74.49766, 35.10655 ], [ 74.49435, 35.10845 ], [ 74.49161, 35.10952 ], [ 74.49079, 35.10973 ], [ 74.48941, 35.11086 ], [ 74.48714, 35.11129 ], [ 74.48472, 35.11236 ], [ 74.48188, 35.11297 ], [ 74.47783, 35.1127 ], [ 74.47451, 35.11192 ], [ 74.4694, 35.11029 ], [ 74.46635, 35.1106 ], [ 74.46227, 35.11506 ], [ 74.45931, 35.11931 ], [ 74.45714, 35.12368 ], [ 74.45522, 35.12815 ], [ 74.4537, 35.13151 ], [ 74.45194, 35.13377 ], [ 74.44962, 35.13439 ], [ 74.44641, 35.13447 ], [ 74.4425, 35.13466 ], [ 74.43947, 35.13411 ], [ 74.43763, 35.1312 ], [ 74.43598, 35.12859 ], [ 74.43463, 35.12578 ], [ 74.43172, 35.11955 ], [ 74.43095, 35.11733 ], [ 74.43019, 35.11394 ], [ 74.4294, 35.11036 ], [ 74.42492, 35.10683 ], [ 74.41993, 35.10495 ], [ 74.41358, 35.10202 ], [ 74.40947, 35.09971 ], [ 74.40495, 35.09777 ], [ 74.40205, 35.09396 ], [ 74.3987, 35.09017 ], [ 74.39677, 35.08775 ], [ 74.39082, 35.08361 ], [ 74.38675, 35.07637 ], [ 74.37965, 35.06876 ], [ 74.37577, 35.06269 ], [ 74.37508, 35.06126 ], [ 74.36661, 35.05913 ], [ 74.35767, 35.05928 ], [ 74.35068, 35.05898 ], [ 74.34151, 35.06041 ], [ 74.33785, 35.06097 ], [ 74.33127, 35.06032 ], [ 74.32098, 35.06378 ], [ 74.3158, 35.06573 ], [ 74.30566, 35.06662 ], [ 74.29949, 35.06739 ], [ 74.29579, 35.06607 ], [ 74.29125, 35.06179 ], [ 74.28883, 35.05954 ], [ 74.28574, 35.054 ], [ 74.28382, 35.04979 ], [ 74.28163, 35.04692 ], [ 74.27959, 35.04514 ], [ 74.27426, 35.04173 ], [ 74.27035, 35.04073 ], [ 74.26624, 35.03988 ], [ 74.26009, 35.03939 ], [ 74.25391, 35.03902 ], [ 74.24857, 35.03936 ], [ 74.24502, 35.04222 ], [ 74.24324, 35.04509 ], [ 74.23927, 35.04876 ], [ 74.23763, 35.05109 ], [ 74.2371, 35.05445 ], [ 74.23739, 35.0582 ], [ 74.23808, 35.06293 ], [ 74.23795, 35.06601 ], [ 74.23605, 35.06998 ], [ 74.23427, 35.06921 ], [ 74.23115, 35.06667 ], [ 74.22708, 35.06544 ], [ 74.22225, 35.06553 ], [ 74.21885, 35.06627 ], [ 74.21579, 35.06698 ], [ 74.21586, 35.07039 ], [ 74.21565, 35.0748 ], [ 74.2158, 35.0792 ], [ 74.21624, 35.08302 ], [ 74.21626, 35.08571 ], [ 74.21619, 35.08714 ], [ 74.21384, 35.0881 ], [ 74.21112, 35.0888 ], [ 74.20729, 35.09092 ], [ 74.20619, 35.09245 ], [ 74.20504, 35.0908 ], [ 74.20503, 35.08824 ], [ 74.20396, 35.08545 ], [ 74.20182, 35.08442 ], [ 74.19855, 35.08472 ], [ 74.19512, 35.08503 ], [ 74.1899, 35.08442 ], [ 74.18672, 35.08358 ], [ 74.18253, 35.08307 ], [ 74.17954, 35.08222 ], [ 74.17726, 35.08176 ], [ 74.17545, 35.08057 ], [ 74.17179, 35.08018 ], [ 74.16818, 35.08049 ], [ 74.1647, 35.08023 ], [ 74.16074, 35.08042 ], [ 74.15967, 35.08232 ], [ 74.15756, 35.08427 ], [ 74.15514, 35.08665 ], [ 74.15249, 35.08834 ], [ 74.14912, 35.0895 ], [ 74.1462, 35.08992 ], [ 74.14279, 35.09051 ], [ 74.1429, 35.09449 ], [ 74.14224, 35.0975 ], [ 74.1414, 35.10024 ], [ 74.13843, 35.10133 ], [ 74.12967, 35.10979 ], [ 74.13195, 35.11929 ], [ 74.11687, 35.1232 ], [ 74.11686, 35.1232 ], [ 74.12743, 35.12475 ], [ 74.12442, 35.12749 ], [ 74.11341, 35.13449 ], [ 74.11325, 35.1346 ], [ 74.1165, 35.14543 ], [ 74.11234, 35.15315 ], [ 74.09689, 35.14602 ], [ 74.08026, 35.15613 ], [ 74.066, 35.15256 ], [ 74.05471, 35.15256 ], [ 74.0357, 35.14959 ], [ 74.01847, 35.16741 ], [ 74.00777, 35.17098 ], [ 74.00302, 35.18465 ], [ 73.99173, 35.18167 ], [ 73.98256, 35.17775 ], [ 73.97124, 35.17902 ], [ 73.96748, 35.17944 ], [ 73.95974, 35.1819 ], [ 73.95676, 35.18285 ], [ 73.95526, 35.18333 ], [ 73.94386, 35.1911 ], [ 73.93898, 35.19539 ], [ 73.92578, 35.21019 ], [ 73.90082, 35.21198 ], [ 73.89925, 35.21147 ], [ 73.89288, 35.21162 ], [ 73.8911, 35.21166 ], [ 73.8736, 35.20972 ], [ 73.86782, 35.20856 ], [ 73.86592, 35.20818 ], [ 73.8628, 35.21019 ], [ 73.84735, 35.22624 ], [ 73.8325, 35.22742 ], [ 73.82002, 35.23812 ], [ 73.80932, 35.24287 ], [ 73.8015, 35.23701 ], [ 73.79387, 35.23916 ], [ 73.7811, 35.24055 ], [ 73.76999, 35.23833 ], [ 73.76637, 35.23718 ], [ 73.76471, 35.23666 ], [ 73.75694, 35.23277 ], [ 73.75278, 35.22943 ], [ 73.75108, 35.22851 ], [ 73.74991, 35.22786 ], [ 73.74991, 35.23099 ], [ 73.73565, 35.25773 ], [ 73.73486, 35.26009 ], [ 73.73406, 35.2625 ], [ 73.7303, 35.27377 ], [ 73.71188, 35.27971 ], [ 73.7114, 35.28134 ], [ 73.70891, 35.28981 ], [ 73.70967, 35.2981 ], [ 73.7101, 35.30288 ], [ 73.70842, 35.30466 ], [ 73.69941, 35.31417 ], [ 73.69814, 35.31774 ], [ 73.69914, 35.33277 ], [ 73.69793, 35.35156 ], [ 73.70059, 35.35279 ], [ 73.6983, 35.37059 ], [ 73.69843, 35.37152 ], [ 73.70713, 35.38428 ], [ 73.7099, 35.39015 ], [ 73.71723, 35.40567 ], [ 73.72733, 35.41934 ], [ 73.74645, 35.42912 ], [ 73.75288, 35.43241 ], [ 73.75447, 35.44197 ], [ 73.75711, 35.44369 ], [ 73.76714, 35.44607 ], [ 73.79447, 35.44904 ], [ 73.78556, 35.4633 ], [ 73.7859, 35.47214 ], [ 73.78615, 35.47875 ], [ 73.78581, 35.4808 ], [ 73.78879, 35.48353 ], [ 73.79082, 35.48749 ], [ 73.80304, 35.50305 ], [ 73.80678, 35.50411 ], [ 73.79205, 35.51433 ], [ 73.7884, 35.51686 ], [ 73.7851, 35.51914 ], [ 73.78512, 35.51939 ], [ 73.78556, 35.5245 ], [ 73.77368, 35.52391 ], [ 73.7511, 35.52391 ], [ 73.74669, 35.52603 ], [ 73.73506, 35.53163 ], [ 73.71188, 35.53282 ], [ 73.70173, 35.53181 ], [ 73.70168, 35.53181 ], [ 73.69331, 35.5325 ], [ 73.68225, 35.53264 ], [ 73.67304, 35.53277 ], [ 73.66636, 35.53364 ], [ 73.66026, 35.53444 ], [ 73.65444, 35.53583 ], [ 73.64927, 35.53862 ], [ 73.64616, 35.5403 ], [ 73.64415, 35.54138 ], [ 73.63248, 35.54388 ], [ 73.61986, 35.54552 ], [ 73.61234, 35.54642 ], [ 73.60793, 35.54697 ], [ 73.59637, 35.55055 ], [ 73.59554, 35.5507 ], [ 73.57981, 35.55361 ], [ 73.57083, 35.55527 ], [ 73.55224, 35.5535 ], [ 73.54748, 35.55305 ], [ 73.5419, 35.55317 ], [ 73.53472, 35.55332 ], [ 73.5286, 35.55471 ], [ 73.52642, 35.55556 ], [ 73.5186, 35.5586 ], [ 73.51482, 35.56105 ], [ 73.51388, 35.56166 ], [ 73.50539, 35.56449 ], [ 73.49304, 35.5686 ], [ 73.4887, 35.56911 ], [ 73.47887, 35.57028 ], [ 73.47583, 35.56997 ], [ 73.47331, 35.56972 ], [ 73.44301, 35.57157 ], [ 73.41443, 35.57333 ], [ 73.40749, 35.57472 ], [ 73.39795, 35.5771 ], [ 73.3952, 35.58689 ], [ 73.3851, 35.59343 ], [ 73.37551, 35.59671 ], [ 73.3643, 35.60055 ], [ 73.3607, 35.60442 ], [ 73.35598, 35.60947 ], [ 73.35301, 35.62194 ], [ 73.34885, 35.62967 ], [ 73.34629, 35.63294 ], [ 73.33816, 35.64333 ], [ 73.33526, 35.64913 ], [ 73.33281, 35.65403 ], [ 73.33103, 35.66294 ], [ 73.32531, 35.66398 ], [ 73.32449, 35.66413 ], [ 73.32044, 35.66297 ], [ 73.31202, 35.66056 ], [ 73.29657, 35.66235 ], [ 73.29063, 35.67067 ], [ 73.27518, 35.66948 ], [ 73.26596, 35.66656 ], [ 73.26389, 35.66591 ], [ 73.2526, 35.66175 ], [ 73.24752, 35.66006 ], [ 73.24012, 35.65759 ], [ 73.2397, 35.65863 ], [ 73.23596, 35.66769 ], [ 73.21873, 35.66888 ], [ 73.21682, 35.66945 ], [ 73.20269, 35.67364 ], [ 73.192, 35.6772 ], [ 73.18308, 35.68968 ], [ 73.18277, 35.68987 ], [ 73.1617, 35.70275 ], [ 73.14862, 35.71285 ], [ 73.13496, 35.71523 ], [ 73.12834, 35.71964 ], [ 73.12608, 35.72276 ], [ 73.1247, 35.72638 ], [ 73.12164, 35.73027 ], [ 73.12104, 35.73208 ], [ 73.12025, 35.73444 ], [ 73.1172, 35.73833 ], [ 73.11304, 35.75111 ], [ 73.11304, 35.755 ], [ 73.11186, 35.75924 ], [ 73.11752, 35.76329 ], [ 73.1201, 35.76514 ], [ 73.13021, 35.76514 ], [ 73.14149, 35.76454 ], [ 73.14669, 35.76361 ], [ 73.15813, 35.76157 ], [ 73.16401, 35.76488 ], [ 73.16764, 35.76692 ], [ 73.17417, 35.77345 ], [ 73.17649, 35.77578 ], [ 73.1819, 35.78118 ], [ 73.1849, 35.78328 ], [ 73.18784, 35.78534 ], [ 73.20032, 35.78712 ], [ 73.19834, 35.80094 ], [ 73.19734, 35.80792 ], [ 73.19884, 35.81134 ], [ 73.2015, 35.81742 ], [ 73.20032, 35.82693 ], [ 73.19793, 35.8305 ], [ 73.19413, 35.8362 ], [ 73.19319, 35.83762 ], [ 73.18962, 35.84594 ], [ 73.17833, 35.8602 ], [ 73.16942, 35.85782 ], [ 73.1611, 35.8501 ], [ 73.14981, 35.84357 ], [ 73.13383, 35.84539 ], [ 73.12902, 35.84594 ], [ 73.11654, 35.85367 ], [ 73.11448, 35.85526 ], [ 73.10347, 35.86377 ], [ 73.09218, 35.87565 ], [ 73.08683, 35.87327 ], [ 73.07688, 35.86418 ], [ 73.07471, 35.86444 ], [ 73.0636, 35.86277 ], [ 73.06184, 35.86198 ], [ 73.05594, 35.86198 ], [ 73.05386, 35.85907 ], [ 73.05315, 35.85808 ], [ 73.03638, 35.85055 ], [ 73.03161, 35.8488 ], [ 73.02805, 35.84749 ], [ 73.02222, 35.84638 ], [ 73.01928, 35.84483 ], [ 73.01613, 35.84594 ], [ 73.01467, 35.84853 ], [ 73.01078, 35.85545 ], [ 73.00347, 35.85983 ], [ 72.9989, 35.86258 ], [ 72.99134, 35.86206 ], [ 72.98167, 35.86139 ], [ 72.97572, 35.85485 ], [ 72.96755, 35.85171 ], [ 72.96028, 35.84891 ], [ 72.94721, 35.84891 ], [ 72.93794, 35.84599 ], [ 72.92463, 35.84178 ], [ 72.90383, 35.84178 ], [ 72.89195, 35.84951 ], [ 72.89123, 35.8531 ], [ 72.89076, 35.85545 ], [ 72.89611, 35.86555 ], [ 72.89076, 35.87743 ], [ 72.87412, 35.87565 ], [ 72.83669, 35.87327 ], [ 72.82719, 35.87921 ], [ 72.82026, 35.8872 ], [ 72.81946, 35.88813 ], [ 72.81766, 35.88467 ], [ 72.81233, 35.87446 ], [ 72.8113, 35.87033 ], [ 72.80936, 35.86258 ], [ 72.79748, 35.86614 ], [ 72.7964, 35.86483 ], [ 72.79213, 35.85961 ], [ 72.78975, 35.85246 ], [ 72.78898, 35.85015 ], [ 72.78887, 35.84982 ], [ 72.78594, 35.84851 ], [ 72.7755, 35.84383 ], [ 72.77483, 35.84354 ], [ 72.72712, 35.83049 ], [ 72.71832, 35.82833 ], [ 72.7153, 35.82734 ], [ 72.68459, 35.8198 ], [ 72.67152, 35.82158 ], [ 72.64894, 35.83109 ], [ 72.62814, 35.83881 ], [ 72.6121, 35.84297 ], [ 72.59606, 35.84416 ], [ 72.58002, 35.84594 ], [ 72.56873, 35.85129 ], [ 72.5685, 35.8518 ], [ 72.56846, 35.85189 ], [ 72.56529, 35.85903 ], [ 72.56397, 35.86198 ], [ 72.56377, 35.86228 ], [ 72.55209, 35.87981 ], [ 72.52833, 35.89704 ], [ 72.52191, 35.8989 ], [ 72.51291, 35.90152 ], [ 72.51388, 35.91055 ], [ 72.51582, 35.91499 ], [ 72.52361, 35.92694 ], [ 72.52499, 35.93083 ], [ 72.52829, 35.9366 ], [ 72.53334, 35.94543 ], [ 72.53545, 35.94814 ], [ 72.54971, 35.9725 ], [ 72.55129, 35.97711 ], [ 72.55721, 35.98472 ], [ 72.56456, 36.0 ], [ 72.56694, 36.00751 ], [ 72.56694, 36.01048 ], [ 72.56812, 36.0123 ], [ 72.56577, 36.02877 ], [ 72.56576, 36.02894 ], [ 72.55447, 36.04261 ], [ 72.54327, 36.04765 ], [ 72.54195, 36.04859 ], [ 72.54188, 36.04866 ], [ 72.53144, 36.0591 ], [ 72.52985, 36.06096 ], [ 72.52121, 36.07882 ], [ 72.5212, 36.07885 ], [ 72.52179, 36.0943 ], [ 72.52326, 36.10852 ], [ 72.52692, 36.11584 ], [ 72.52867, 36.11838 ], [ 72.53996, 36.13472 ], [ 72.54225, 36.1406 ], [ 72.54385, 36.14471 ], [ 72.54412, 36.14799 ], [ 72.54469, 36.15499 ], [ 72.54278, 36.16398 ], [ 72.54259, 36.16489 ], [ 72.54259, 36.1762 ], [ 72.54258, 36.17629 ], [ 72.54171, 36.18194 ], [ 72.54169, 36.18211 ], [ 72.54055, 36.18953 ], [ 72.54053, 36.18969 ], [ 72.54038, 36.19063 ], [ 72.54021, 36.19174 ], [ 72.54096, 36.19878 ], [ 72.54171, 36.20573 ], [ 72.54274, 36.20803 ], [ 72.54358, 36.21304 ], [ 72.54656, 36.22128 ], [ 72.5472, 36.22302 ], [ 72.55277, 36.23135 ], [ 72.5568, 36.23646 ], [ 72.56109, 36.24191 ], [ 72.56721, 36.2483 ], [ 72.58333, 36.25885 ], [ 72.58421, 36.25922 ], [ 72.58467, 36.25942 ], [ 72.59637, 36.26441 ], [ 72.60537, 36.26581 ], [ 72.61415, 36.26717 ], [ 72.63944, 36.26329 ], [ 72.65027, 36.25912 ], [ 72.66331, 36.2594 ], [ 72.67691, 36.2644 ], [ 72.68636, 36.27328 ], [ 72.68941, 36.27828 ], [ 72.69273, 36.28133 ], [ 72.69319, 36.28224 ], [ 72.69469, 36.28522 ], [ 72.69709, 36.28762 ], [ 72.6983, 36.28883 ], [ 72.69968, 36.29157 ], [ 72.70026, 36.29271 ], [ 72.70274, 36.29566 ], [ 72.7076, 36.30143 ], [ 72.71094, 36.30428 ], [ 72.71803, 36.30826 ], [ 72.72173, 36.30981 ], [ 72.72664, 36.31187 ], [ 72.73924, 36.31613 ], [ 72.74635, 36.31853 ], [ 72.75068, 36.3204 ], [ 72.7547, 36.32214 ], [ 72.75998, 36.32269 ], [ 72.76231, 36.324 ], [ 72.7733, 36.3302 ], [ 72.78566, 36.33934 ], [ 72.7883, 36.34129 ], [ 72.80025, 36.34851 ], [ 72.80655, 36.35337 ], [ 72.80746, 36.35407 ], [ 72.80839, 36.35453 ], [ 72.82886, 36.36462 ], [ 72.83803, 36.36822 ], [ 72.84663, 36.37266 ], [ 72.8508, 36.37571 ], [ 72.8527, 36.37803 ], [ 72.8533, 36.37876 ], [ 72.8558, 36.38377 ], [ 72.85654, 36.38715 ], [ 72.85749, 36.38841 ], [ 72.86105, 36.40445 ], [ 72.86149, 36.40975 ], [ 72.86163, 36.41041 ], [ 72.86297, 36.42344 ], [ 72.86386, 36.43207 ], [ 72.86615, 36.43978 ], [ 72.86928, 36.44694 ], [ 72.87221, 36.44986 ], [ 72.87524, 36.4529 ], [ 72.88387, 36.45789 ], [ 72.88831, 36.459 ], [ 72.89084, 36.46009 ], [ 72.90692, 36.46704 ], [ 72.91119, 36.46805 ], [ 72.91164, 36.46815 ], [ 72.91696, 36.46883 ], [ 72.92914, 36.47037 ], [ 72.95497, 36.46925 ], [ 72.9597, 36.47119 ], [ 72.96232, 36.47316 ], [ 72.96303, 36.47369 ], [ 72.96364, 36.47505 ], [ 72.96715, 36.47681 ], [ 72.96741, 36.47694 ], [ 72.96622, 36.49536 ], [ 72.96802, 36.50128 ], [ 72.96928, 36.50222 ], [ 72.97163, 36.50396 ], [ 72.97966, 36.50633 ], [ 72.99135, 36.50978 ], [ 73.00062, 36.5144 ], [ 73.00278, 36.51548 ], [ 73.00859, 36.51838 ], [ 73.02081, 36.52587 ], [ 73.02445, 36.52876 ], [ 73.03552, 36.53753 ], [ 73.03822, 36.5405 ], [ 73.04274, 36.55003 ], [ 73.04341, 36.55212 ], [ 73.04881, 36.56249 ], [ 73.0508, 36.57065 ], [ 73.05298, 36.57759 ], [ 73.0533, 36.57862 ], [ 73.05635, 36.58279 ], [ 73.0583, 36.58723 ], [ 73.07088, 36.59988 ], [ 73.07303, 36.60528 ], [ 73.07268, 36.6069 ], [ 73.07495, 36.60943 ], [ 73.07139, 36.62429 ], [ 73.05772, 36.64627 ], [ 73.0494, 36.67301 ], [ 73.0494, 36.67945 ], [ 73.04997, 36.68192 ], [ 73.05275, 36.6858 ], [ 73.05997, 36.6908 ], [ 73.06127, 36.69115 ], [ 73.06607, 36.69246 ], [ 73.07192, 36.69218 ], [ 73.08441, 36.6933 ], [ 73.1058, 36.69662 ], [ 73.11525, 36.70023 ], [ 73.11969, 36.70273 ], [ 73.14192, 36.71883 ], [ 73.1572, 36.72298 ], [ 73.16528, 36.72211 ], [ 73.16997, 36.7216 ], [ 73.17282, 36.72062 ], [ 73.19191, 36.71409 ], [ 73.19919, 36.71253 ], [ 73.20358, 36.71159 ], [ 73.21654, 36.71064 ], [ 73.23026, 36.70963 ], [ 73.24774, 36.7113 ], [ 73.26575, 36.71579 ], [ 73.26886, 36.71656 ], [ 73.27414, 36.71712 ], [ 73.28514, 36.72061 ], [ 73.30385, 36.72655 ], [ 73.31441, 36.72877 ], [ 73.31656, 36.72965 ], [ 73.31914, 36.73071 ], [ 73.32414, 36.73127 ], [ 73.32886, 36.73377 ], [ 73.33083, 36.73423 ], [ 73.33359, 36.73487 ], [ 73.34552, 36.74293 ], [ 73.35553, 36.74626 ], [ 73.3674, 36.74855 ], [ 73.37137, 36.74932 ], [ 73.37488, 36.74886 ], [ 73.37776, 36.74847 ], [ 73.38448, 36.74917 ], [ 73.40721, 36.75153 ], [ 73.41277, 36.75098 ], [ 73.41778, 36.74953 ], [ 73.42526, 36.74737 ], [ 73.43163, 36.74366 ], [ 73.43387, 36.74236 ], [ 73.43858, 36.7407 ], [ 73.44045, 36.73975 ], [ 73.45776, 36.73096 ], [ 73.47165, 36.72853 ], [ 73.48303, 36.72653 ], [ 73.49592, 36.72502 ], [ 73.50443, 36.72403 ], [ 73.52386, 36.7232 ], [ 73.5508, 36.72876 ], [ 73.55181, 36.72878 ], [ 73.56302, 36.72903 ], [ 73.56859, 36.72737 ], [ 73.57915, 36.71349 ], [ 73.58209, 36.71089 ], [ 73.58609, 36.70738 ], [ 73.60314, 36.70609 ], [ 73.61687, 36.70506 ], [ 73.63386, 36.70377 ], [ 73.64343, 36.70337 ], [ 73.66025, 36.70266 ], [ 73.66749, 36.70381 ], [ 73.67081, 36.70433 ], [ 73.67552, 36.70628 ], [ 73.67599, 36.70648 ], [ 73.67941, 36.70795 ], [ 73.68303, 36.71183 ], [ 73.6882, 36.71523 ], [ 73.69107, 36.71711 ], [ 73.70108, 36.72016 ], [ 73.70266, 36.72031 ], [ 73.70692, 36.72072 ], [ 73.73663, 36.71323 ], [ 73.74262, 36.71432 ], [ 73.75665, 36.71961 ], [ 73.76026, 36.72016 ], [ 73.76776, 36.72129 ], [ 73.78137, 36.72101 ], [ 73.79414, 36.71851 ], [ 73.81259, 36.71221 ], [ 73.81526, 36.7113 ], [ 73.816, 36.71097 ], [ 73.82527, 36.70685 ], [ 73.83076, 36.70548 ], [ 73.84305, 36.70574 ], [ 73.84615, 36.70702 ], [ 73.84792, 36.70783 ], [ 73.8547, 36.7138 ], [ 73.85805, 36.72141 ], [ 73.85875, 36.72301 ], [ 73.86101, 36.7247 ], [ 73.86696, 36.73896 ], [ 73.86814, 36.755 ], [ 73.86161, 36.76392 ], [ 73.85686, 36.77996 ], [ 73.83903, 36.80135 ], [ 73.82655, 36.80848 ], [ 73.80457, 36.80848 ], [ 73.79328, 36.81204 ], [ 73.79091, 36.82274 ], [ 73.78496, 36.83462 ], [ 73.76595, 36.83997 ], [ 73.74813, 36.84234 ], [ 73.7208, 36.84234 ], [ 73.69703, 36.85482 ], [ 73.68396, 36.86552 ], [ 73.67624, 36.88096 ], [ 73.66257, 36.89641 ], [ 73.65503, 36.90857 ], [ 73.65492, 36.90854 ] ] ], [ [ [ 73.65492, 36.90854 ], [ 73.63955, 36.90325 ], [ 73.65474, 36.90848 ], [ 73.65492, 36.90854 ] ] ] ] } },
{ "type": "Feature", "properties": { "adm1_name": "Islamabad" }, "geometry": { "type": "MultiPolygon", "coordinates": [ [ [ [ 73.19828, 33.79771 ], [ 73.22183, 33.79422 ], [ 73.22969, 33.79597 ], [ 73.24801, 33.78026 ], [ 73.2672, 33.76979 ], [ 73.28378, 33.7602 ], [ 73.30973, 33.7424 ], [ 73.31432, 33.73926 ], [ 73.33962, 33.73141 ], [ 73.3466, 33.71221 ], [ 73.36317, 33.70436 ], [ 73.39633, 33.70436 ], [ 73.39246, 33.70063 ], [ 73.3719, 33.6808 ], [ 73.35968, 33.66684 ], [ 73.34311, 33.66422 ], [ 73.32304, 33.66597 ], [ 73.30385, 33.65288 ], [ 73.30297, 33.60751 ], [ 73.29338, 33.5761 ], [ 73.29301, 33.5758 ], [ 73.24016, 33.53248 ], [ 73.21485, 33.50194 ], [ 73.19915, 33.48886 ], [ 73.15204, 33.51329 ], [ 73.09445, 33.53335 ], [ 73.08922, 33.54382 ], [ 73.11365, 33.55255 ], [ 73.14506, 33.57262 ], [ 73.13982, 33.60053 ], [ 73.11888, 33.62584 ], [ 73.09358, 33.66161 ], [ 73.06653, 33.65201 ], [ 73.02553, 33.6302 ], [ 73.00009, 33.62107 ], [ 72.98796, 33.63397 ], [ 72.98407, 33.63131 ], [ 72.97517, 33.62733 ], [ 72.96864, 33.63137 ], [ 72.96664, 33.62675 ], [ 72.97573, 33.62274 ], [ 72.98362, 33.61357 ], [ 72.94788, 33.59355 ], [ 72.90949, 33.57698 ], [ 72.87546, 33.62584 ], [ 72.87317, 33.62951 ], [ 72.85103, 33.6651 ], [ 72.82486, 33.69389 ], [ 72.84493, 33.71396 ], [ 72.86063, 33.72181 ], [ 72.87721, 33.72181 ], [ 72.89291, 33.72268 ], [ 72.91472, 33.73228 ], [ 72.92458, 33.7365 ], [ 72.92468, 33.73596 ], [ 72.93661, 33.73298 ], [ 72.94854, 33.72999 ], [ 72.97372, 33.73927 ], [ 72.97735, 33.74128 ], [ 72.99804, 33.75274 ], [ 73.01083, 33.75981 ], [ 73.01417, 33.76506 ], [ 73.0201, 33.77439 ], [ 73.02133, 33.77473 ], [ 73.02819, 33.77662 ], [ 73.03932, 33.77969 ], [ 73.04081, 33.78048 ], [ 73.05058, 33.78566 ], [ 73.05522, 33.78168 ], [ 73.0694, 33.78532 ], [ 73.07423, 33.78655 ], [ 73.08107, 33.78831 ], [ 73.09118, 33.78943 ], [ 73.09299, 33.78963 ], [ 73.10823, 33.78301 ], [ 73.11005, 33.78366 ], [ 73.11881, 33.78678 ], [ 73.12898, 33.79042 ], [ 73.13, 33.79078 ], [ 73.13119, 33.7912 ], [ 73.13607, 33.79295 ], [ 73.14081, 33.79453 ], [ 73.15907, 33.80061 ], [ 73.16881, 33.80386 ], [ 73.17549, 33.80609 ], [ 73.18315, 33.80864 ], [ 73.19828, 33.79771 ] ] ] ] } },
{ "type": "Feature", "properties": { "adm1_name": "Khyber Pakhtunkhwa" }, "geometry": { "type": "MultiPolygon", "coordinates": [ [ [ [ 70.41522, 31.22413 ], [ 70.40419, 31.20943 ], [ 70.40419, 31.19839 ], [ 70.39946, 31.19577 ], [ 70.39316, 31.19227 ], [ 70.36925, 31.18981 ], [ 70.3331, 31.17817 ], [ 70.28908, 31.16249 ], [ 70.27936, 31.17438 ], [ 70.26913, 31.18461 ], [ 70.26612, 31.19725 ], [ 70.26853, 31.20146 ], [ 70.26492, 31.21169 ], [ 70.26011, 31.22192 ], [ 70.2595, 31.23455 ], [ 70.27334, 31.24117 ], [ 70.27214, 31.25621 ], [ 70.26973, 31.28449 ], [ 70.26733, 31.31759 ], [ 70.27094, 31.34165 ], [ 70.27154, 31.36692 ], [ 70.27816, 31.37354 ], [ 70.27876, 31.3946 ], [ 70.27936, 31.42168 ], [ 70.27274, 31.44575 ], [ 70.26733, 31.46199 ], [ 70.26612, 31.48847 ], [ 70.25589, 31.50532 ], [ 70.24326, 31.49809 ], [ 70.2228, 31.48065 ], [ 70.20355, 31.47643 ], [ 70.1873, 31.45658 ], [ 70.17226, 31.43913 ], [ 70.15782, 31.43913 ], [ 70.15361, 31.43191 ], [ 70.13315, 31.4295 ], [ 70.1169, 31.42529 ], [ 70.1169, 31.44274 ], [ 70.10366, 31.44936 ], [ 70.09404, 31.44214 ], [ 70.09644, 31.42048 ], [ 70.08862, 31.40965 ], [ 70.0808, 31.39881 ], [ 70.07177, 31.38437 ], [ 70.05613, 31.38498 ], [ 70.05608, 31.38517 ], [ 70.05071, 31.40603 ], [ 70.0459, 31.4301 ], [ 70.02304, 31.49208 ], [ 70.011, 31.51073 ], [ 69.98393, 31.51254 ], [ 69.97069, 31.50953 ], [ 69.95504, 31.52216 ], [ 69.94482, 31.54021 ], [ 69.94421, 31.5697 ], [ 69.94963, 31.65574 ], [ 69.95023, 31.70568 ], [ 69.95204, 31.72794 ], [ 69.94662, 31.76645 ], [ 69.95504, 31.76886 ], [ 69.95745, 31.7827 ], [ 69.94121, 31.79894 ], [ 69.94421, 31.80917 ], [ 69.9394, 31.83204 ], [ 69.9388, 31.85069 ], [ 69.94903, 31.85731 ], [ 69.95685, 31.87295 ], [ 69.95866, 31.89341 ], [ 69.95955, 31.89623 ], [ 69.96287, 31.90665 ], [ 69.96287, 31.9247 ], [ 69.96287, 31.93192 ], [ 69.95685, 31.93493 ], [ 69.9388, 31.93132 ], [ 69.92376, 31.92109 ], [ 69.91894, 31.90785 ], [ 69.90751, 31.89281 ], [ 69.89488, 31.88499 ], [ 69.88104, 31.88017 ], [ 69.86599, 31.8892 ], [ 69.85396, 31.88438 ], [ 69.85095, 31.92049 ], [ 69.85817, 31.92711 ], [ 69.87382, 31.94636 ], [ 69.87863, 31.9602 ], [ 69.87983, 31.97885 ], [ 69.86419, 31.98427 ], [ 69.84433, 31.99209 ], [ 69.82327, 32.00232 ], [ 69.80582, 32.01134 ], [ 69.80221, 32.02157 ], [ 69.82026, 32.03541 ], [ 69.82628, 32.04985 ], [ 69.83711, 32.06971 ], [ 69.85095, 32.09137 ], [ 69.84915, 32.09859 ], [ 69.78898, 32.08956 ], [ 69.7619, 32.08475 ], [ 69.75252, 32.08022 ], [ 69.74764, 32.07787 ], [ 69.74445, 32.07633 ], [ 69.71737, 32.07211 ], [ 69.6909, 32.0685 ], [ 69.65781, 32.05647 ], [ 69.64457, 32.03 ], [ 69.62832, 32.00111 ], [ 69.61809, 31.9975 ], [ 69.60305, 31.99028 ], [ 69.58741, 31.97223 ], [ 69.57237, 31.97043 ], [ 69.56214, 31.95779 ], [ 69.55328, 31.95447 ], [ 69.5477, 31.95238 ], [ 69.53566, 31.95779 ], [ 69.52303, 31.97223 ], [ 69.49234, 31.96381 ], [ 69.45503, 31.9608 ], [ 69.42254, 31.95839 ], [ 69.40389, 31.95839 ], [ 69.38704, 31.9614 ], [ 69.37501, 31.962 ], [ 69.35696, 31.95358 ], [ 69.34312, 31.94997 ], [ 69.32325, 31.94713 ], [ 69.32092, 31.95189 ], [ 69.31937, 31.95654 ], [ 69.31527, 31.96878 ], [ 69.31272, 31.97607 ], [ 69.31253, 31.97869 ], [ 69.312, 31.98613 ], [ 69.312, 31.98614 ], [ 69.30618, 31.98903 ], [ 69.30035, 31.99193 ], [ 69.29846, 32.0 ], [ 69.29678, 32.00971 ], [ 69.28804, 32.06026 ], [ 69.28611, 32.0714 ], [ 69.28859, 32.08723 ], [ 69.28865, 32.08724 ], [ 69.28861, 32.08731 ], [ 69.28946, 32.09272 ], [ 69.27284, 32.15101 ], [ 69.27367, 32.1724 ], [ 69.27476, 32.18345 ], [ 69.27577, 32.19375 ], [ 69.27387, 32.20987 ], [ 69.27291, 32.22532 ], [ 69.27105, 32.25491 ], [ 69.27112, 32.25489 ], [ 69.27105, 32.25499 ], [ 69.26998, 32.27209 ], [ 69.27707, 32.2869 ], [ 69.27959, 32.29216 ], [ 69.28084, 32.35639 ], [ 69.28006, 32.35782 ], [ 69.27142, 32.37378 ], [ 69.25551, 32.40399 ], [ 69.25024, 32.414 ], [ 69.23878, 32.4443 ], [ 69.2407, 32.46139 ], [ 69.24811, 32.47248 ], [ 69.27023, 32.50555 ], [ 69.28521, 32.53298 ], [ 69.30071, 32.54111 ], [ 69.32607, 32.54254 ], [ 69.33291, 32.54541 ], [ 69.3428, 32.54956 ], [ 69.36824, 32.55975 ], [ 69.38524, 32.56655 ], [ 69.4001, 32.58969 ], [ 69.40587, 32.59902 ], [ 69.41013, 32.60591 ], [ 69.41038, 32.60631 ], [ 69.4104, 32.60634 ], [ 69.41355, 32.61145 ], [ 69.41633, 32.61593 ], [ 69.41637, 32.61599 ], [ 69.42179, 32.62254 ], [ 69.42417, 32.62542 ], [ 69.43369, 32.63691 ], [ 69.43833, 32.64326 ], [ 69.44187, 32.64811 ], [ 69.44442, 32.6516 ], [ 69.45123, 32.66318 ], [ 69.44774, 32.67078 ], [ 69.44519, 32.67429 ], [ 69.44295, 32.67735 ], [ 69.43697, 32.6861 ], [ 69.43698, 32.68635 ], [ 69.43704, 32.68795 ], [ 69.43728, 32.69358 ], [ 69.4388, 32.69997 ], [ 69.43953, 32.70414 ], [ 69.44004, 32.7071 ], [ 69.44047, 32.70957 ], [ 69.44218, 32.72023 ], [ 69.44158, 32.72493 ], [ 69.44122, 32.72775 ], [ 69.43457, 32.73081 ], [ 69.43126, 32.73233 ], [ 69.42624, 32.73481 ], [ 69.4151, 32.7403 ], [ 69.41096, 32.7433 ], [ 69.40591, 32.74696 ], [ 69.40278, 32.74923 ], [ 69.39761, 32.75569 ], [ 69.39779, 32.75575 ], [ 69.39731, 32.75606 ], [ 69.39487, 32.75911 ], [ 69.39312, 32.76129 ], [ 69.39237, 32.77417 ], [ 69.3947, 32.78026 ], [ 69.39521, 32.78159 ], [ 69.41217, 32.79289 ], [ 69.41616, 32.79588 ], [ 69.42153, 32.79992 ], [ 69.43018, 32.80642 ], [ 69.44098, 32.81455 ], [ 69.45826, 32.83332 ], [ 69.46049, 32.83875 ], [ 69.46246, 32.84357 ], [ 69.46391, 32.84708 ], [ 69.47424, 32.85106 ], [ 69.50079, 32.84813 ], [ 69.50681, 32.85127 ], [ 69.51247, 32.85422 ], [ 69.53054, 32.86117 ], [ 69.53406, 32.86574 ], [ 69.53458, 32.8664 ], [ 69.53458, 32.86641 ], [ 69.53243, 32.87108 ], [ 69.53109, 32.87401 ], [ 69.51509, 32.88628 ], [ 69.5122, 32.89336 ], [ 69.50963, 32.89965 ], [ 69.50799, 32.90364 ], [ 69.50686, 32.90641 ], [ 69.5068, 32.90656 ], [ 69.49864, 32.92653 ], [ 69.49203, 32.94269 ], [ 69.49207, 32.94363 ], [ 69.49302, 32.96623 ], [ 69.49588, 32.98194 ], [ 69.49754, 32.991 ], [ 69.49963, 33.00247 ], [ 69.504, 33.01802 ], [ 69.5065, 33.02689 ], [ 69.5071, 33.02904 ], [ 69.51096, 33.03229 ], [ 69.5119, 33.03308 ], [ 69.51207, 33.03322 ], [ 69.53515, 33.05265 ], [ 69.54275, 33.05905 ], [ 69.55224, 33.06812 ], [ 69.55256, 33.06843 ], [ 69.55287, 33.06873 ], [ 69.56027, 33.0758 ], [ 69.56664, 33.0819 ], [ 69.57353, 33.08995 ], [ 69.57769, 33.09481 ], [ 69.58005, 33.09757 ], [ 69.58185, 33.09757 ], [ 69.617, 33.09751 ], [ 69.63337, 33.09654 ], [ 69.64419, 33.0959 ], [ 69.65511, 33.09526 ], [ 69.65518, 33.09528 ], [ 69.66282, 33.09716 ], [ 69.66671, 33.09812 ], [ 69.66872, 33.09805 ], [ 69.67154, 33.09797 ], [ 69.67513, 33.09785 ], [ 69.67943, 33.09772 ], [ 69.68389, 33.09615 ], [ 69.6877, 33.09481 ], [ 69.68946, 33.09419 ], [ 69.69767, 33.09219 ], [ 69.70459, 33.0905 ], [ 69.70761, 33.09094 ], [ 69.71233, 33.09164 ], [ 69.72024, 33.09281 ], [ 69.72172, 33.09303 ], [ 69.72404, 33.09451 ], [ 69.72886, 33.0989 ], [ 69.73051, 33.10039 ], [ 69.7327, 33.10344 ], [ 69.73626, 33.10837 ], [ 69.7373, 33.10982 ], [ 69.7464, 33.11382 ], [ 69.75611, 33.11402 ], [ 69.76681, 33.11424 ], [ 69.77346, 33.12046 ], [ 69.77905, 33.12349 ], [ 69.78653, 33.12754 ], [ 69.78808, 33.1271 ], [ 69.7991, 33.12393 ], [ 69.8017, 33.12225 ], [ 69.80643, 33.1192 ], [ 69.81537, 33.11342 ], [ 69.82881, 33.10474 ], [ 69.8379, 33.10198 ], [ 69.85019, 33.09824 ], [ 69.85428, 33.09699 ], [ 69.85645, 33.09633 ], [ 69.86718, 33.09598 ], [ 69.87142, 33.09584 ], [ 69.87553, 33.0957 ], [ 69.88344, 33.09846 ], [ 69.89086, 33.10105 ], [ 69.89237, 33.10158 ], [ 69.89843, 33.10138 ], [ 69.90127, 33.10128 ], [ 69.9167, 33.10399 ], [ 69.91842, 33.10591 ], [ 69.92231, 33.11027 ], [ 69.92236, 33.11032 ], [ 69.92644, 33.11488 ], [ 69.92662, 33.11508 ], [ 69.92806, 33.11669 ], [ 69.92879, 33.11751 ], [ 69.92879, 33.11752 ], [ 69.93052, 33.11865 ], [ 69.93159, 33.11935 ], [ 69.93322, 33.12042 ], [ 69.93734, 33.12312 ], [ 69.93998, 33.12486 ], [ 69.94028, 33.12505 ], [ 69.94249, 33.1265 ], [ 69.9459, 33.12874 ], [ 69.96514, 33.1313 ], [ 69.96645, 33.13186 ], [ 69.96799, 33.13251 ], [ 69.97455, 33.13529 ], [ 69.97589, 33.13586 ], [ 69.97685, 33.13627 ], [ 69.98157, 33.13709 ], [ 69.98713, 33.13806 ], [ 70.0, 33.13977 ], [ 70.00638, 33.14062 ], [ 70.00732, 33.14077 ], [ 70.01142, 33.14142 ], [ 70.01381, 33.1418 ], [ 70.02308, 33.14327 ], [ 70.05834, 33.1993 ], [ 70.06444, 33.20899 ], [ 70.06509, 33.21003 ], [ 70.06725, 33.21347 ], [ 70.06731, 33.21357 ], [ 70.06859, 33.21387 ], [ 70.07894, 33.21638 ], [ 70.08707, 33.21201 ], [ 70.0889, 33.21102 ], [ 70.09385, 33.20836 ], [ 70.10415, 33.21014 ], [ 70.114, 33.21136 ], [ 70.11628, 33.21165 ], [ 70.129, 33.21322 ], [ 70.12981, 33.21332 ], [ 70.13111, 33.21348 ], [ 70.14334, 33.21731 ], [ 70.14599, 33.21814 ], [ 70.15178, 33.21996 ], [ 70.15574, 33.2212 ], [ 70.16149, 33.22923 ], [ 70.16397, 33.2327 ], [ 70.16807, 33.23791 ], [ 70.16919, 33.23809 ], [ 70.17063, 33.23832 ], [ 70.1719, 33.23852 ], [ 70.17251, 33.23862 ], [ 70.18516, 33.24065 ], [ 70.187, 33.24095 ], [ 70.18994, 33.24142 ], [ 70.19965, 33.24619 ], [ 70.20078, 33.24674 ], [ 70.20257, 33.24762 ], [ 70.20632, 33.24946 ], [ 70.20694, 33.24976 ], [ 70.20747, 33.25002 ], [ 70.20827, 33.25042 ], [ 70.21345, 33.2542 ], [ 70.23346, 33.2688 ], [ 70.25652, 33.29098 ], [ 70.25885, 33.29321 ], [ 70.2607, 33.295 ], [ 70.26434, 33.2985 ], [ 70.26613, 33.30021 ], [ 70.26811, 33.30212 ], [ 70.27108, 33.30497 ], [ 70.2781, 33.31286 ], [ 70.29047, 33.32674 ], [ 70.29143, 33.32782 ], [ 70.29238, 33.32797 ], [ 70.2934, 33.32813 ], [ 70.29426, 33.32826 ], [ 70.30817, 33.33043 ], [ 70.32353, 33.33093 ], [ 70.32416, 33.33289 ], [ 70.32473, 33.33468 ], [ 70.32591, 33.33834 ], [ 70.32608, 33.33887 ], [ 70.32659, 33.34047 ], [ 70.32585, 33.34248 ], [ 70.32262, 33.35127 ], [ 70.32099, 33.35569 ], [ 70.3193, 33.35907 ], [ 70.31918, 33.35932 ], [ 70.31173, 33.37426 ], [ 70.3126, 33.37769 ], [ 70.31322, 33.38015 ], [ 70.31496, 33.38701 ], [ 70.3154, 33.39556 ], [ 70.30963, 33.40264 ], [ 70.30844, 33.4041 ], [ 70.30097, 33.41325 ], [ 70.29781, 33.42623 ], [ 70.29727, 33.42654 ], [ 70.29693, 33.42674 ], [ 70.28787, 33.43195 ], [ 70.27522, 33.43241 ], [ 70.27318, 33.43249 ], [ 70.26603, 33.43275 ], [ 70.26457, 33.4328 ], [ 70.26066, 33.43294 ], [ 70.2585, 33.43302 ], [ 70.2557, 33.43558 ], [ 70.25239, 33.4386 ], [ 70.25196, 33.43981 ], [ 70.25149, 33.44116 ], [ 70.25045, 33.44407 ], [ 70.24989, 33.44567 ], [ 70.24887, 33.44853 ], [ 70.24845, 33.44975 ], [ 70.24685, 33.45426 ], [ 70.24635, 33.45567 ], [ 70.24555, 33.45792 ], [ 70.24532, 33.45857 ], [ 70.24507, 33.4593 ], [ 70.24067, 33.47171 ], [ 70.24024, 33.47293 ], [ 70.24009, 33.47336 ], [ 70.23867, 33.47376 ], [ 70.23711, 33.47419 ], [ 70.23524, 33.47471 ], [ 70.23401, 33.47505 ], [ 70.23153, 33.47574 ], [ 70.23126, 33.47582 ], [ 70.22919, 33.4763 ], [ 70.22026, 33.47837 ], [ 70.21905, 33.47865 ], [ 70.21481, 33.47963 ], [ 70.21259, 33.4827 ], [ 70.21188, 33.48368 ], [ 70.20763, 33.48953 ], [ 70.20679, 33.49097 ], [ 70.2058, 33.49266 ], [ 70.20549, 33.49318 ], [ 70.20056, 33.50158 ], [ 70.19035, 33.50782 ], [ 70.18193, 33.51297 ], [ 70.18082, 33.51458 ], [ 70.18003, 33.51571 ], [ 70.17687, 33.52029 ], [ 70.17633, 33.52106 ], [ 70.17537, 33.52246 ], [ 70.17358, 33.52506 ], [ 70.1736, 33.52552 ], [ 70.17367, 33.52683 ], [ 70.17408, 33.53499 ], [ 70.17449, 33.54307 ], [ 70.1747, 33.5472 ], [ 70.17471, 33.54754 ], [ 70.17614, 33.55269 ], [ 70.17941, 33.56452 ], [ 70.1801, 33.56704 ], [ 70.19359, 33.61656 ], [ 70.19589, 33.628 ], [ 70.19601, 33.62859 ], [ 70.19613, 33.6292 ], [ 70.19647, 33.63088 ], [ 70.19702, 33.6336 ], [ 70.19568, 33.63482 ], [ 70.18967, 33.64029 ], [ 70.18063, 33.64204 ], [ 70.17991, 33.64218 ], [ 70.17862, 33.64243 ], [ 70.17746, 33.64266 ], [ 70.16934, 33.64423 ], [ 70.15455, 33.65108 ], [ 70.14928, 33.65351 ], [ 70.14842, 33.65755 ], [ 70.14817, 33.65872 ], [ 70.1472, 33.66324 ], [ 70.14754, 33.6651 ], [ 70.14775, 33.66623 ], [ 70.14843, 33.66992 ], [ 70.14857, 33.67065 ], [ 70.14951, 33.67578 ], [ 70.14972, 33.67691 ], [ 70.15073, 33.68242 ], [ 70.15053, 33.68653 ], [ 70.1501, 33.69531 ], [ 70.14864, 33.69751 ], [ 70.14803, 33.69843 ], [ 70.14624, 33.70112 ], [ 70.14576, 33.70184 ], [ 70.14517, 33.70273 ], [ 70.13697, 33.71507 ], [ 70.136, 33.7156 ], [ 70.12447, 33.72194 ], [ 70.11874, 33.72214 ], [ 70.11679, 33.72221 ], [ 70.10836, 33.71998 ], [ 70.10695, 33.7196 ], [ 70.10682, 33.71957 ], [ 70.10248, 33.71842 ], [ 70.10106, 33.71817 ], [ 70.09991, 33.71798 ], [ 70.09982, 33.71808 ], [ 70.09981, 33.71796 ], [ 70.09212, 33.71663 ], [ 70.08867, 33.71753 ], [ 70.08837, 33.71761 ], [ 70.08817, 33.71766 ], [ 70.0868, 33.71802 ], [ 70.08663, 33.71806 ], [ 70.08642, 33.71811 ], [ 70.05592, 33.72604 ], [ 70.03506, 33.73146 ], [ 70.02604, 33.73069 ], [ 70.01663, 33.732 ], [ 70.0165, 33.73202 ], [ 70.01419, 33.73234 ], [ 70.00564, 33.73353 ], [ 70.00221, 33.73525 ], [ 70.00146, 33.73562 ], [ 70.0, 33.73635 ], [ 69.99853, 33.73709 ], [ 69.99805, 33.73733 ], [ 69.99621, 33.73825 ], [ 69.99185, 33.74043 ], [ 69.98737, 33.74494 ], [ 69.97376, 33.75863 ], [ 69.97333, 33.75906 ], [ 69.97196, 33.76044 ], [ 69.97166, 33.76075 ], [ 69.9698, 33.76262 ], [ 69.96874, 33.76568 ], [ 69.96842, 33.76661 ], [ 69.96365, 33.78036 ], [ 69.96311, 33.7819 ], [ 69.96303, 33.78215 ], [ 69.9575, 33.80819 ], [ 69.95569, 33.81671 ], [ 69.94594, 33.82775 ], [ 69.93489, 33.83465 ], [ 69.92597, 33.84022 ], [ 69.91955, 33.84897 ], [ 69.91829, 33.85069 ], [ 69.91751, 33.85176 ], [ 69.91688, 33.85262 ], [ 69.91631, 33.8534 ], [ 69.91576, 33.85627 ], [ 69.91554, 33.85741 ], [ 69.91517, 33.85937 ], [ 69.91441, 33.86332 ], [ 69.91413, 33.8648 ], [ 69.91218, 33.87498 ], [ 69.90605, 33.8863 ], [ 69.9039, 33.89027 ], [ 69.89292, 33.90076 ], [ 69.88297, 33.91026 ], [ 69.87097, 33.92185 ], [ 69.87049, 33.92232 ], [ 69.86991, 33.92288 ], [ 69.86574, 33.92691 ], [ 69.86162, 33.93874 ], [ 69.86142, 33.93931 ], [ 69.86121, 33.93993 ], [ 69.86136, 33.94046 ], [ 69.86147, 33.94083 ], [ 69.86316, 33.94669 ], [ 69.86582, 33.95586 ], [ 69.87666, 33.96832 ], [ 69.8767, 33.96837 ], [ 69.88604, 33.97295 ], [ 69.89516, 33.97742 ], [ 69.89631, 33.97896 ], [ 69.8978, 33.98094 ], [ 69.89827, 33.98157 ], [ 69.90066, 33.98475 ], [ 69.90097, 33.99135 ], [ 69.90103, 33.99268 ], [ 69.90104, 33.99286 ], [ 69.90106, 33.99331 ], [ 69.89667, 34.00955 ], [ 69.89694, 34.01505 ], [ 69.897, 34.0163 ], [ 69.89754, 34.02774 ], [ 69.90688, 34.03372 ], [ 69.91346, 34.03793 ], [ 69.91349, 34.03795 ], [ 69.93033, 34.03807 ], [ 69.93129, 34.03808 ], [ 69.93776, 34.03813 ], [ 69.9515, 34.03823 ], [ 69.95223, 34.03823 ], [ 69.96118, 34.0383 ], [ 69.96203, 34.03831 ], [ 69.96636, 34.03834 ], [ 69.98091, 34.04011 ], [ 69.98177, 34.04021 ], [ 69.9871, 34.04086 ], [ 69.98888, 34.04185 ], [ 70.0, 34.04802 ], [ 70.00112, 34.04865 ], [ 70.00167, 34.04895 ], [ 70.01196, 34.0486 ], [ 70.01814, 34.04114 ], [ 70.01926, 34.03978 ], [ 70.02124, 34.03971 ], [ 70.02441, 34.0396 ], [ 70.04618, 34.03672 ], [ 70.06748, 34.02419 ], [ 70.06841, 34.02351 ], [ 70.0697, 34.02258 ], [ 70.07663, 34.01756 ], [ 70.07815, 34.01647 ], [ 70.07992, 34.01518 ], [ 70.08247, 34.01428 ], [ 70.08399, 34.01375 ], [ 70.09442, 34.01007 ], [ 70.0965, 34.00934 ], [ 70.10017, 34.00805 ], [ 70.10244, 34.00859 ], [ 70.11192, 34.01086 ], [ 70.11749, 34.01115 ], [ 70.11936, 34.01125 ], [ 70.12994, 34.01181 ], [ 70.13236, 34.01194 ], [ 70.13646, 34.01215 ], [ 70.15117, 34.00899 ], [ 70.15323, 34.00854 ], [ 70.1543, 34.00831 ], [ 70.15528, 34.00772 ], [ 70.16904, 33.99937 ], [ 70.16931, 33.99921 ], [ 70.16975, 33.999 ], [ 70.17141, 33.9982 ], [ 70.18556, 33.9914 ], [ 70.18715, 33.99064 ], [ 70.19823, 33.98531 ], [ 70.19844, 33.98528 ], [ 70.20585, 33.98408 ], [ 70.20782, 33.98377 ], [ 70.22378, 33.98119 ], [ 70.23882, 33.97314 ], [ 70.24012, 33.97341 ], [ 70.26096, 33.97771 ], [ 70.27912, 33.98028 ], [ 70.29068, 33.9757 ], [ 70.29784, 33.97286 ], [ 70.29794, 33.97457 ], [ 70.30279, 33.97262 ], [ 70.30439, 33.97199 ], [ 70.31003, 33.96972 ], [ 70.31203, 33.96892 ], [ 70.32626, 33.96322 ], [ 70.35668, 33.96311 ], [ 70.35934, 33.9631 ], [ 70.36926, 33.96307 ], [ 70.37131, 33.96306 ], [ 70.38878, 33.963 ], [ 70.39065, 33.96299 ], [ 70.4013, 33.96295 ], [ 70.40372, 33.96294 ], [ 70.42631, 33.96038 ], [ 70.42745, 33.95981 ], [ 70.42917, 33.95895 ], [ 70.43031, 33.95839 ], [ 70.4325, 33.9573 ], [ 70.43938, 33.95387 ], [ 70.44438, 33.95201 ], [ 70.44796, 33.95068 ], [ 70.45263, 33.94895 ], [ 70.45325, 33.94872 ], [ 70.45372, 33.94854 ], [ 70.45483, 33.94813 ], [ 70.46345, 33.94493 ], [ 70.46441, 33.94458 ], [ 70.46773, 33.94334 ], [ 70.49114, 33.94363 ], [ 70.49173, 33.94364 ], [ 70.50152, 33.94376 ], [ 70.50185, 33.94377 ], [ 70.50618, 33.94595 ], [ 70.5114, 33.94857 ], [ 70.51544, 33.94969 ], [ 70.51668, 33.95003 ], [ 70.51962, 33.95085 ], [ 70.5202, 33.95101 ], [ 70.522, 33.9515 ], [ 70.5236, 33.95195 ], [ 70.52504, 33.95235 ], [ 70.53914, 33.94578 ], [ 70.53986, 33.94627 ], [ 70.54771, 33.95148 ], [ 70.55732, 33.95629 ], [ 70.56046, 33.95787 ], [ 70.57947, 33.96154 ], [ 70.58131, 33.96189 ], [ 70.58356, 33.96233 ], [ 70.58519, 33.96264 ], [ 70.58537, 33.96268 ], [ 70.59388, 33.96432 ], [ 70.60867, 33.96132 ], [ 70.61242, 33.96056 ], [ 70.62217, 33.95859 ], [ 70.63065, 33.95687 ], [ 70.63741, 33.95604 ], [ 70.64052, 33.95565 ], [ 70.65117, 33.95434 ], [ 70.65139, 33.95439 ], [ 70.65413, 33.95504 ], [ 70.66746, 33.95816 ], [ 70.66926, 33.95859 ], [ 70.66943, 33.95863 ], [ 70.6763, 33.96024 ], [ 70.68523, 33.9605 ], [ 70.68762, 33.96057 ], [ 70.69112, 33.96068 ], [ 70.69507, 33.96079 ], [ 70.70113, 33.96097 ], [ 70.71385, 33.96074 ], [ 70.71878, 33.96066 ], [ 70.74036, 33.96027 ], [ 70.74132, 33.96031 ], [ 70.75072, 33.96071 ], [ 70.75915, 33.95784 ], [ 70.76794, 33.95486 ], [ 70.77947, 33.95783 ], [ 70.78059, 33.95909 ], [ 70.7855, 33.96462 ], [ 70.78754, 33.96692 ], [ 70.78832, 33.9678 ], [ 70.80939, 33.97469 ], [ 70.81653, 33.97811 ], [ 70.82396, 33.98167 ], [ 70.82428, 33.98183 ], [ 70.82713, 33.98171 ], [ 70.83533, 33.98138 ], [ 70.83792, 33.98127 ], [ 70.85108, 33.98073 ], [ 70.86043, 33.97942 ], [ 70.86247, 33.97914 ], [ 70.86399, 33.97893 ], [ 70.86851, 33.97829 ], [ 70.87302, 33.97787 ], [ 70.87359, 33.97782 ], [ 70.88495, 33.97676 ], [ 70.8863, 33.97729 ], [ 70.88724, 33.97767 ], [ 70.89871, 33.98221 ], [ 70.90274, 33.98656 ], [ 70.90406, 33.98798 ], [ 70.91145, 33.99595 ], [ 70.91639, 34.00127 ], [ 70.91666, 34.00274 ], [ 70.91705, 34.00491 ], [ 70.91794, 34.00981 ], [ 70.91968, 34.01035 ], [ 70.92221, 34.01113 ], [ 70.9228, 34.01131 ], [ 70.92531, 34.01209 ], [ 70.93508, 34.01168 ], [ 70.93562, 34.01166 ], [ 70.94288, 34.01431 ], [ 70.94712, 34.01586 ], [ 70.95, 34.01691 ], [ 70.95465, 34.01861 ], [ 70.95488, 34.01869 ], [ 70.95689, 34.01939 ], [ 70.96716, 34.02299 ], [ 70.98318, 34.0286 ], [ 70.99522, 34.02876 ], [ 70.99798, 34.0288 ], [ 70.9987, 34.0288 ], [ 71.00167, 34.03002 ], [ 71.01559, 34.0357 ], [ 71.01714, 34.03633 ], [ 71.01779, 34.0366 ], [ 71.02239, 34.04052 ], [ 71.02261, 34.04061 ], [ 71.02354, 34.04144 ], [ 71.02355, 34.04151 ], [ 71.02822, 34.04548 ], [ 71.03416, 34.05054 ], [ 71.03983, 34.0497 ], [ 71.04237, 34.04933 ], [ 71.04316, 34.04941 ], [ 71.04578, 34.04969 ], [ 71.05392, 34.05057 ], [ 71.06389, 34.05164 ], [ 71.06528, 34.05179 ], [ 71.06544, 34.05195 ], [ 71.06614, 34.05264 ], [ 71.07629, 34.06251 ], [ 71.07728, 34.07866 ], [ 71.07735, 34.07967 ], [ 71.07697, 34.08184 ], [ 71.0767, 34.08336 ], [ 71.07505, 34.09267 ], [ 71.07475, 34.0944 ], [ 71.07438, 34.09649 ], [ 71.07275, 34.10569 ], [ 71.07966, 34.11345 ], [ 71.08006, 34.11392 ], [ 71.08068, 34.11467 ], [ 71.08214, 34.11642 ], [ 71.09106, 34.12711 ], [ 71.09322, 34.12971 ], [ 71.10676, 34.14594 ], [ 71.10743, 34.14675 ], [ 71.10938, 34.14908 ], [ 71.12427, 34.16098 ], [ 71.12608, 34.16243 ], [ 71.12607, 34.1724 ], [ 71.12607, 34.17565 ], [ 71.12607, 34.17768 ], [ 71.12607, 34.17817 ], [ 71.12607, 34.17913 ], [ 71.12547, 34.18822 ], [ 71.12444, 34.20381 ], [ 71.12599, 34.20803 ], [ 71.12663, 34.20975 ], [ 71.1274, 34.21185 ], [ 71.12826, 34.2142 ], [ 71.13531, 34.22532 ], [ 71.13458, 34.2263 ], [ 71.13352, 34.22773 ], [ 71.1325, 34.2291 ], [ 71.12653, 34.23712 ], [ 71.12505, 34.24214 ], [ 71.1236, 34.24709 ], [ 71.12322, 34.24836 ], [ 71.12129, 34.25493 ], [ 71.12206, 34.26721 ], [ 71.13033, 34.28091 ], [ 71.13178, 34.28268 ], [ 71.13287, 34.28402 ], [ 71.13362, 34.28492 ], [ 71.15178, 34.30712 ], [ 71.15281, 34.30837 ], [ 71.15391, 34.30972 ], [ 71.15452, 34.31046 ], [ 71.15674, 34.31317 ], [ 71.1577, 34.31871 ], [ 71.15791, 34.31988 ], [ 71.15838, 34.32259 ], [ 71.15841, 34.32277 ], [ 71.15971, 34.32444 ], [ 71.16109, 34.32619 ], [ 71.16168, 34.32694 ], [ 71.16911, 34.3364 ], [ 71.16912, 34.33639 ], [ 71.16916, 34.33647 ], [ 71.17109, 34.33893 ], [ 71.17116, 34.34662 ], [ 71.17117, 34.34812 ], [ 71.17126, 34.35826 ], [ 71.16947, 34.36361 ], [ 71.16581, 34.36501 ], [ 71.16581, 34.36502 ], [ 71.1658, 34.36502 ], [ 71.16458, 34.36548 ], [ 71.16333, 34.36596 ], [ 71.15394, 34.36956 ], [ 71.13863, 34.37364 ], [ 71.13818, 34.37394 ], [ 71.13693, 34.37419 ], [ 71.13613, 34.3743 ], [ 71.11847, 34.379 ], [ 71.11138, 34.38131 ], [ 71.10745, 34.38258 ], [ 71.09419, 34.38689 ], [ 71.08964, 34.38837 ], [ 71.08727, 34.38914 ], [ 71.08353, 34.39134 ], [ 71.07602, 34.39577 ], [ 71.07461, 34.39792 ], [ 71.06694, 34.40962 ], [ 71.06535, 34.41205 ], [ 71.05357, 34.4275 ], [ 71.023, 34.44813 ], [ 71.02128, 34.44951 ], [ 71.02067, 34.45 ], [ 71.0175, 34.45255 ], [ 71.01683, 34.45308 ], [ 71.01624, 34.45355 ], [ 71.0091, 34.45928 ], [ 71.00681, 34.46112 ], [ 71.00512, 34.46541 ], [ 71.00475, 34.46637 ], [ 71.00112, 34.47562 ], [ 70.99487, 34.49151 ], [ 70.99284, 34.52764 ], [ 70.99432, 34.54244 ], [ 70.99556, 34.55477 ], [ 70.99659, 34.55628 ], [ 70.99688, 34.5567 ], [ 71.00374, 34.56674 ], [ 71.00581, 34.56768 ], [ 71.01731, 34.57287 ], [ 71.01796, 34.57317 ], [ 71.05434, 34.57691 ], [ 71.06758, 34.58053 ], [ 71.07381, 34.58223 ], [ 71.0808, 34.58656 ], [ 71.08709, 34.59046 ], [ 71.09045, 34.5955 ], [ 71.09086, 34.5961 ], [ 71.10091, 34.61117 ], [ 71.1013, 34.61176 ], [ 71.10705, 34.62037 ], [ 71.10945, 34.62691 ], [ 71.11057, 34.62998 ], [ 71.10579, 34.6421 ], [ 71.10389, 34.64569 ], [ 71.10359, 34.64626 ], [ 71.10131, 34.65056 ], [ 71.10106, 34.65103 ], [ 71.09586, 34.66085 ], [ 71.09586, 34.66086 ], [ 71.09576, 34.66849 ], [ 71.09576, 34.66859 ], [ 71.09574, 34.67053 ], [ 71.09573, 34.67089 ], [ 71.09567, 34.67552 ], [ 71.09817, 34.68117 ], [ 71.09971, 34.68464 ], [ 71.10012, 34.68556 ], [ 71.10377, 34.69383 ], [ 71.10501, 34.69662 ], [ 71.10525, 34.69717 ], [ 71.10603, 34.69891 ], [ 71.10814, 34.70179 ], [ 71.11262, 34.70787 ], [ 71.11341, 34.70895 ], [ 71.11453, 34.71046 ], [ 71.13667, 34.70951 ], [ 71.13704, 34.70983 ], [ 71.13911, 34.71162 ], [ 71.13964, 34.71209 ], [ 71.14372, 34.71562 ], [ 71.1541, 34.72419 ], [ 71.15427, 34.72433 ], [ 71.16001, 34.72625 ], [ 71.16125, 34.72666 ], [ 71.16217, 34.72697 ], [ 71.16256, 34.7271 ], [ 71.16974, 34.72949 ], [ 71.17129, 34.73001 ], [ 71.17278, 34.73099 ], [ 71.18173, 34.73689 ], [ 71.1843, 34.7388 ], [ 71.18464, 34.73906 ], [ 71.1852, 34.73947 ], [ 71.19476, 34.74657 ], [ 71.19572, 34.74728 ], [ 71.2191, 34.74809 ], [ 71.21986, 34.74877 ], [ 71.22067, 34.74949 ], [ 71.22499, 34.75334 ], [ 71.225, 34.75335 ], [ 71.22647, 34.75549 ], [ 71.22677, 34.75592 ], [ 71.22798, 34.75767 ], [ 71.2299, 34.76045 ], [ 71.23147, 34.76338 ], [ 71.2461, 34.79051 ], [ 71.24631, 34.79089 ], [ 71.24782, 34.79133 ], [ 71.25503, 34.7934 ], [ 71.25622, 34.79374 ], [ 71.25742, 34.79408 ], [ 71.27122, 34.79805 ], [ 71.27253, 34.79915 ], [ 71.2729, 34.79947 ], [ 71.27436, 34.8007 ], [ 71.27946, 34.80501 ], [ 71.28507, 34.81743 ], [ 71.29245, 34.83377 ], [ 71.29259, 34.83444 ], [ 71.29461, 34.84446 ], [ 71.29575, 34.85012 ], [ 71.29817, 34.85695 ], [ 71.29857, 34.85807 ], [ 71.3012, 34.86546 ], [ 71.30455, 34.87063 ], [ 71.30986, 34.87882 ], [ 71.31596, 34.88248 ], [ 71.31906, 34.88433 ], [ 71.32839, 34.88992 ], [ 71.34132, 34.90093 ], [ 71.34373, 34.90298 ], [ 71.35432, 34.91167 ], [ 71.35594, 34.91207 ], [ 71.37016, 34.91555 ], [ 71.38471, 34.91673 ], [ 71.3856, 34.91699 ], [ 71.40062, 34.92151 ], [ 71.40875, 34.92491 ], [ 71.42239, 34.93061 ], [ 71.42486, 34.93243 ], [ 71.42749, 34.93437 ], [ 71.42865, 34.93305 ], [ 71.4275, 34.93438 ], [ 71.42866, 34.93523 ], [ 71.43171, 34.93748 ], [ 71.43176, 34.93751 ], [ 71.43293, 34.93838 ], [ 71.4454, 34.94501 ], [ 71.44564, 34.94513 ], [ 71.44604, 34.94523 ], [ 71.44604, 34.94524 ], [ 71.44606, 34.94524 ], [ 71.4549, 34.94748 ], [ 71.47623, 34.9529 ], [ 71.47731, 34.95389 ], [ 71.47748, 34.95404 ], [ 71.47896, 34.95541 ], [ 71.48145, 34.95769 ], [ 71.48269, 34.95883 ], [ 71.4827, 34.95884 ], [ 71.48574, 34.96163 ], [ 71.49406, 34.96294 ], [ 71.49925, 34.96376 ], [ 71.50648, 34.97168 ], [ 71.50701, 34.97288 ], [ 71.5094, 34.97833 ], [ 71.5097, 34.97902 ], [ 71.51005, 34.97979 ], [ 71.51043, 34.98066 ], [ 71.51013, 34.9926 ], [ 71.51492, 35.0 ], [ 71.5164, 35.00229 ], [ 71.51761, 35.00417 ], [ 71.5349, 35.01254 ], [ 71.53504, 35.01259 ], [ 71.55207, 35.01907 ], [ 71.55215, 35.01925 ], [ 71.55493, 35.02557 ], [ 71.55603, 35.02806 ], [ 71.55452, 35.0296 ], [ 71.55239, 35.03178 ], [ 71.54665, 35.03766 ], [ 71.54657, 35.03782 ], [ 71.54001, 35.05119 ], [ 71.53883, 35.05361 ], [ 71.53842, 35.05447 ], [ 71.53462, 35.06251 ], [ 71.53396, 35.06392 ], [ 71.53007, 35.07235 ], [ 71.532, 35.07848 ], [ 71.53383, 35.08428 ], [ 71.53521, 35.08867 ], [ 71.53577, 35.09042 ], [ 71.53751, 35.09223 ], [ 71.5526, 35.10797 ], [ 71.57124, 35.12016 ], [ 71.57988, 35.12581 ], [ 71.58533, 35.12937 ], [ 71.58757, 35.13016 ], [ 71.60083, 35.13486 ], [ 71.60365, 35.13585 ], [ 71.61273, 35.13847 ], [ 71.61732, 35.13979 ], [ 71.62883, 35.14888 ], [ 71.63895, 35.16501 ], [ 71.64297, 35.16854 ], [ 71.64311, 35.16865 ], [ 71.65686, 35.18072 ], [ 71.66004, 35.18351 ], [ 71.6729, 35.19479 ], [ 71.67358, 35.19539 ], [ 71.6749, 35.19654 ], [ 71.67558, 35.20032 ], [ 71.67673, 35.2066 ], [ 71.67571, 35.20922 ], [ 71.67197, 35.21883 ], [ 71.66746, 35.2202 ], [ 71.65765, 35.22319 ], [ 71.63541, 35.22701 ], [ 71.62253, 35.23592 ], [ 71.59595, 35.25839 ], [ 71.58037, 35.26799 ], [ 71.57004, 35.27436 ], [ 71.55945, 35.28408 ], [ 71.55706, 35.28904 ], [ 71.55354, 35.29635 ], [ 71.55482, 35.3057 ], [ 71.5558, 35.31285 ], [ 71.56876, 35.33137 ], [ 71.59224, 35.36491 ], [ 71.62337, 35.40937 ], [ 71.62804, 35.41232 ], [ 71.6366, 35.41773 ], [ 71.64107, 35.42054 ], [ 71.64324, 35.42532 ], [ 71.6464, 35.43229 ], [ 71.65028, 35.44381 ], [ 71.65068, 35.44501 ], [ 71.65004, 35.44776 ], [ 71.65003, 35.4478 ], [ 71.64895, 35.45247 ], [ 71.64725, 35.4539 ], [ 71.63924, 35.46063 ], [ 71.63616, 35.46322 ], [ 71.61109, 35.48131 ], [ 71.60607, 35.48493 ], [ 71.60347, 35.48752 ], [ 71.5934, 35.49752 ], [ 71.59344, 35.50057 ], [ 71.59356, 35.50875 ], [ 71.59368, 35.5178 ], [ 71.5992, 35.53303 ], [ 71.59927, 35.53324 ], [ 71.60135, 35.53694 ], [ 71.60351, 35.54078 ], [ 71.61089, 35.55392 ], [ 71.6128, 35.56246 ], [ 71.61399, 35.56777 ], [ 71.61417, 35.56853 ], [ 71.61391, 35.56915 ], [ 71.61388, 35.56923 ], [ 71.61368, 35.56971 ], [ 71.61224, 35.57324 ], [ 71.6112, 35.57363 ], [ 71.60123, 35.57744 ], [ 71.58102, 35.58237 ], [ 71.57789, 35.58313 ], [ 71.57431, 35.5845 ], [ 71.55586, 35.59154 ], [ 71.52627, 35.60489 ], [ 71.51587, 35.61188 ], [ 71.51006, 35.61578 ], [ 71.50411, 35.62176 ], [ 71.49948, 35.62642 ], [ 71.49957, 35.62773 ], [ 71.4999, 35.63258 ], [ 71.50042, 35.64022 ], [ 71.50958, 35.65826 ], [ 71.52289, 35.67194 ], [ 71.53761, 35.68706 ], [ 71.53808, 35.68755 ], [ 71.5388, 35.68829 ], [ 71.53948, 35.68976 ], [ 71.54678, 35.70546 ], [ 71.54671, 35.71454 ], [ 71.54667, 35.72023 ], [ 71.5328, 35.72949 ], [ 71.52216, 35.73354 ], [ 71.51542, 35.73656 ], [ 71.50493, 35.74125 ], [ 71.49782, 35.74443 ], [ 71.48538, 35.75388 ], [ 71.48055, 35.763 ], [ 71.48133, 35.77452 ], [ 71.48937, 35.79637 ], [ 71.48946, 35.79767 ], [ 71.48986, 35.80347 ], [ 71.4892, 35.80415 ], [ 71.46742, 35.82671 ], [ 71.465, 35.83258 ], [ 71.4618, 35.8403 ], [ 71.42966, 35.88175 ], [ 71.41821, 35.89026 ], [ 71.41246, 35.89052 ], [ 71.40731, 35.89076 ], [ 71.39904, 35.89164 ], [ 71.3932, 35.89227 ], [ 71.38844, 35.89587 ], [ 71.38072, 35.90172 ], [ 71.38114, 35.90793 ], [ 71.3841, 35.91935 ], [ 71.38178, 35.94081 ], [ 71.3814, 35.94436 ], [ 71.37909, 35.95017 ], [ 71.37673, 35.95612 ], [ 71.36169, 35.96035 ], [ 71.3543, 35.96013 ], [ 71.34963, 35.95999 ], [ 71.33225, 35.96165 ], [ 71.31933, 35.96488 ], [ 71.31028, 35.97308 ], [ 71.30282, 35.97983 ], [ 71.28977, 35.98685 ], [ 71.28485, 35.9895 ], [ 71.26108, 35.9941 ], [ 71.25624, 35.99603 ], [ 71.25362, 35.99709 ], [ 71.24805, 36.00211 ], [ 71.22881, 36.01949 ], [ 71.21503, 36.02631 ], [ 71.21133, 36.02888 ], [ 71.20706, 36.03185 ], [ 71.20142, 36.03578 ], [ 71.19901, 36.04922 ], [ 71.20098, 36.05396 ], [ 71.20809, 36.07105 ], [ 71.20937, 36.07231 ], [ 71.228, 36.09063 ], [ 71.23983, 36.09232 ], [ 71.24237, 36.09268 ], [ 71.24309, 36.09531 ], [ 71.24369, 36.09752 ], [ 71.24381, 36.09795 ], [ 71.24268, 36.114 ], [ 71.24408, 36.11845 ], [ 71.24544, 36.12277 ], [ 71.24644, 36.1234 ], [ 71.24692, 36.12371 ], [ 71.2546, 36.1286 ], [ 71.28024, 36.14289 ], [ 71.28419, 36.14509 ], [ 71.29078, 36.14839 ], [ 71.31028, 36.15817 ], [ 71.32866, 36.16438 ], [ 71.34058, 36.1684 ], [ 71.34504, 36.17109 ], [ 71.34744, 36.17255 ], [ 71.34745, 36.17258 ], [ 71.35241, 36.18121 ], [ 71.35483, 36.18757 ], [ 71.35756, 36.19472 ], [ 71.35907, 36.1987 ], [ 71.3603, 36.19919 ], [ 71.36434, 36.2008 ], [ 71.36685, 36.20179 ], [ 71.36759, 36.20191 ], [ 71.38457, 36.20456 ], [ 71.40048, 36.21274 ], [ 71.40968, 36.22024 ], [ 71.41167, 36.22186 ], [ 71.41906, 36.2279 ], [ 71.42442, 36.2394 ], [ 71.42608, 36.24295 ], [ 71.43447, 36.26095 ], [ 71.43994, 36.26748 ], [ 71.44164, 36.26952 ], [ 71.44648, 36.2704 ], [ 71.4572, 36.27237 ], [ 71.46142, 36.27603 ], [ 71.46887, 36.28251 ], [ 71.47394, 36.2867 ], [ 71.47412, 36.28685 ], [ 71.48516, 36.29598 ], [ 71.52055, 36.29971 ], [ 71.52062, 36.30069 ], [ 71.52116, 36.30856 ], [ 71.52272, 36.31485 ], [ 71.52421, 36.32086 ], [ 71.52895, 36.32287 ], [ 71.53553, 36.32567 ], [ 71.56874, 36.32949 ], [ 71.56954, 36.33357 ], [ 71.57137, 36.34296 ], [ 71.57217, 36.34709 ], [ 71.55952, 36.35478 ], [ 71.55698, 36.36556 ], [ 71.55668, 36.36685 ], [ 71.55644, 36.36787 ], [ 71.55614, 36.36914 ], [ 71.55761, 36.3702 ], [ 71.56539, 36.37582 ], [ 71.59281, 36.39056 ], [ 71.6139, 36.40912 ], [ 71.61926, 36.42303 ], [ 71.61972, 36.42422 ], [ 71.62015, 36.42533 ], [ 71.62198, 36.43007 ], [ 71.62202, 36.43067 ], [ 71.62258, 36.43855 ], [ 71.62361, 36.45309 ], [ 71.62544, 36.45591 ], [ 71.63162, 36.46539 ], [ 71.63596, 36.47205 ], [ 71.64175, 36.47382 ], [ 71.6562, 36.47822 ], [ 71.67337, 36.4721 ], [ 71.68796, 36.46075 ], [ 71.70744, 36.45629 ], [ 71.71682, 36.45194 ], [ 71.72447, 36.44838 ], [ 71.73916, 36.43754 ], [ 71.74054, 36.43652 ], [ 71.74217, 36.43531 ], [ 71.75789, 36.42371 ], [ 71.76877, 36.41708 ], [ 71.79579, 36.4006 ], [ 71.81151, 36.39726 ], [ 71.81744, 36.39601 ], [ 71.82518, 36.39564 ], [ 71.84373, 36.39475 ], [ 71.85433, 36.39841 ], [ 71.85727, 36.39943 ], [ 71.86019, 36.40531 ], [ 71.86075, 36.40643 ], [ 71.86412, 36.41322 ], [ 71.86502, 36.41504 ], [ 71.86488, 36.41564 ], [ 71.86168, 36.42942 ], [ 71.84824, 36.43153 ], [ 71.82906, 36.43454 ], [ 71.81862, 36.44214 ], [ 71.81806, 36.45649 ], [ 71.81786, 36.46172 ], [ 71.81828, 36.46436 ], [ 71.82187, 36.4864 ], [ 71.83207, 36.50546 ], [ 71.83524, 36.50541 ], [ 71.88486, 36.50469 ], [ 71.89667, 36.50499 ], [ 71.90913, 36.5053 ], [ 71.91344, 36.51224 ], [ 71.91662, 36.51737 ], [ 71.91716, 36.52445 ], [ 71.92779, 36.5488 ], [ 71.93114, 36.55419 ], [ 71.9353, 36.56088 ], [ 71.96438, 36.56657 ], [ 71.97199, 36.56675 ], [ 72.01295, 36.56773 ], [ 72.05916, 36.59564 ], [ 72.0813, 36.59663 ], [ 72.08134, 36.59664 ], [ 72.09676, 36.59732 ], [ 72.10623, 36.60574 ], [ 72.10578, 36.60711 ], [ 72.09729, 36.63284 ], [ 72.09958, 36.63923 ], [ 72.10291, 36.64855 ], [ 72.10417, 36.64865 ], [ 72.11624, 36.64966 ], [ 72.12804, 36.65078 ], [ 72.14069, 36.65198 ], [ 72.15316, 36.65581 ], [ 72.16555, 36.65961 ], [ 72.17994, 36.65692 ], [ 72.19165, 36.65473 ], [ 72.19834, 36.65752 ], [ 72.21446, 36.66424 ], [ 72.21186, 36.6676 ], [ 72.20795, 36.67265 ], [ 72.20444, 36.67718 ], [ 72.20293, 36.68046 ], [ 72.1969, 36.69356 ], [ 72.21793, 36.72486 ], [ 72.22691, 36.73823 ], [ 72.23411, 36.74582 ], [ 72.24136, 36.75348 ], [ 72.26517, 36.75019 ], [ 72.30255, 36.74501 ], [ 72.31369, 36.74621 ], [ 72.32381, 36.7519 ], [ 72.32655, 36.75344 ], [ 72.33683, 36.75923 ], [ 72.35862, 36.75809 ], [ 72.36763, 36.75762 ], [ 72.39007, 36.76178 ], [ 72.41116, 36.77667 ], [ 72.45799, 36.77716 ], [ 72.49522, 36.77756 ], [ 72.4966, 36.77828 ], [ 72.50446, 36.7824 ], [ 72.50754, 36.7929 ], [ 72.52607, 36.80756 ], [ 72.5454, 36.82286 ], [ 72.55341, 36.82656 ], [ 72.5661, 36.83241 ], [ 72.62659, 36.84159 ], [ 72.6316, 36.84843 ], [ 72.65617, 36.84984 ], [ 72.66234, 36.84856 ], [ 72.68525, 36.8438 ], [ 72.7024, 36.84286 ], [ 72.71846, 36.84198 ], [ 72.73578, 36.84668 ], [ 72.74999, 36.85055 ], [ 72.75632, 36.84968 ], [ 72.76267, 36.84882 ], [ 72.77688, 36.8457 ], [ 72.78157, 36.84467 ], [ 72.79433, 36.84707 ], [ 72.79852, 36.84785 ], [ 72.82508, 36.84328 ], [ 72.82769, 36.84313 ], [ 72.86241, 36.84119 ], [ 72.86252, 36.84118 ], [ 72.87106, 36.8407 ], [ 72.87801, 36.84093 ], [ 72.88264, 36.84108 ], [ 72.89709, 36.84445 ], [ 72.90753, 36.84689 ], [ 72.91186, 36.84665 ], [ 72.92413, 36.84595 ], [ 72.92759, 36.84775 ], [ 72.92951, 36.84874 ], [ 72.94677, 36.86564 ], [ 72.95339, 36.87212 ], [ 72.9689, 36.8733 ], [ 72.97462, 36.87112 ], [ 72.99747, 36.86239 ], [ 73.02684, 36.8607 ], [ 73.02895, 36.86207 ], [ 73.04729, 36.87396 ], [ 73.06006, 36.88183 ], [ 73.07175, 36.88904 ], [ 73.07957, 36.88859 ], [ 73.08836, 36.88808 ], [ 73.1081, 36.88754 ], [ 73.12167, 36.88717 ], [ 73.1337, 36.89089 ], [ 73.14413, 36.89411 ], [ 73.16077, 36.88994 ], [ 73.18181, 36.88468 ], [ 73.18603, 36.88385 ], [ 73.18938, 36.8832 ], [ 73.19964, 36.88582 ], [ 73.21568, 36.8899 ], [ 73.23111, 36.88719 ], [ 73.23338, 36.88679 ], [ 73.26195, 36.89025 ], [ 73.27335, 36.88854 ], [ 73.2892, 36.87935 ], [ 73.29766, 36.87368 ], [ 73.3066, 36.87315 ], [ 73.31739, 36.87946 ], [ 73.31771, 36.87965 ], [ 73.33623, 36.88533 ], [ 73.3478, 36.88464 ], [ 73.35696, 36.88069 ], [ 73.3651, 36.88337 ], [ 73.37224, 36.88571 ], [ 73.38905, 36.89574 ], [ 73.39945, 36.89824 ], [ 73.40313, 36.89913 ], [ 73.41665, 36.89661 ], [ 73.41999, 36.89606 ], [ 73.44061, 36.89261 ], [ 73.4574, 36.89503 ], [ 73.46958, 36.89678 ], [ 73.48451, 36.89587 ], [ 73.50641, 36.89452 ], [ 73.51298, 36.89292 ], [ 73.51571, 36.89225 ], [ 73.52315, 36.88813 ], [ 73.52777, 36.88556 ], [ 73.55035, 36.88926 ], [ 73.55915, 36.89174 ], [ 73.57754, 36.89692 ], [ 73.58556, 36.90322 ], [ 73.59763, 36.90757 ], [ 73.61851, 36.90457 ], [ 73.63955, 36.90325 ], [ 73.65474, 36.90848 ], [ 73.65503, 36.90857 ], [ 73.66257, 36.89641 ], [ 73.67624, 36.88096 ], [ 73.68396, 36.86552 ], [ 73.69703, 36.85482 ], [ 73.7208, 36.84234 ], [ 73.74813, 36.84234 ], [ 73.76595, 36.83997 ], [ 73.78496, 36.83462 ], [ 73.79091, 36.82274 ], [ 73.79328, 36.81204 ], [ 73.80457, 36.80848 ], [ 73.82655, 36.80848 ], [ 73.83903, 36.80135 ], [ 73.85686, 36.77996 ], [ 73.86161, 36.76392 ], [ 73.86814, 36.755 ], [ 73.86696, 36.73896 ], [ 73.86101, 36.7247 ], [ 73.85875, 36.72301 ], [ 73.85151, 36.71757 ], [ 73.85124, 36.71744 ], [ 73.84438, 36.71401 ], [ 73.84432, 36.71398 ], [ 73.83428, 36.70985 ], [ 73.80992, 36.71579 ], [ 73.78972, 36.7247 ], [ 73.77546, 36.72827 ], [ 73.75347, 36.72411 ], [ 73.73446, 36.71876 ], [ 73.71545, 36.7247 ], [ 73.70475, 36.7247 ], [ 73.68752, 36.72292 ], [ 73.6874, 36.72281 ], [ 73.67326, 36.70985 ], [ 73.67311, 36.70982 ], [ 73.65663, 36.70688 ], [ 73.60669, 36.70968 ], [ 73.60375, 36.70985 ], [ 73.57879, 36.71876 ], [ 73.56869, 36.73599 ], [ 73.53601, 36.73124 ], [ 73.5069, 36.73005 ], [ 73.476, 36.73361 ], [ 73.44927, 36.74134 ], [ 73.42966, 36.75144 ], [ 73.40887, 36.75857 ], [ 73.3744, 36.75797 ], [ 73.3548, 36.75322 ], [ 73.32687, 36.74015 ], [ 73.29301, 36.72886 ], [ 73.26805, 36.72113 ], [ 73.23953, 36.71698 ], [ 73.21398, 36.71757 ], [ 73.19378, 36.72351 ], [ 73.17952, 36.72648 ], [ 73.16526, 36.72886 ], [ 73.15219, 36.73005 ], [ 73.15199, 36.72991 ], [ 73.12486, 36.71103 ], [ 73.12471, 36.71098 ], [ 73.10822, 36.70509 ], [ 73.08149, 36.69856 ], [ 73.06188, 36.69737 ], [ 73.06176, 36.69724 ], [ 73.0494, 36.68489 ], [ 73.0494, 36.67945 ], [ 73.0494, 36.67301 ], [ 73.05772, 36.64627 ], [ 73.07139, 36.62429 ], [ 73.07495, 36.60943 ], [ 73.07268, 36.6069 ], [ 73.05475, 36.58686 ], [ 73.0508, 36.57065 ], [ 73.04881, 36.56249 ], [ 73.04341, 36.55212 ], [ 73.04108, 36.54764 ], [ 73.03098, 36.53813 ], [ 73.01019, 36.52447 ], [ 73.00995, 36.52436 ], [ 72.97929, 36.50961 ], [ 72.97038, 36.50902 ], [ 72.97034, 36.5089 ], [ 72.96802, 36.50128 ], [ 72.96622, 36.49536 ], [ 72.96741, 36.47694 ], [ 72.96715, 36.47681 ], [ 72.96364, 36.47505 ], [ 72.95909, 36.47278 ], [ 72.93821, 36.47349 ], [ 72.92404, 36.47397 ], [ 72.88839, 36.46327 ], [ 72.88823, 36.46317 ], [ 72.87175, 36.45258 ], [ 72.86928, 36.44694 ], [ 72.86615, 36.43978 ], [ 72.86343, 36.43356 ], [ 72.86149, 36.40975 ], [ 72.86105, 36.40445 ], [ 72.85749, 36.38841 ], [ 72.85654, 36.38715 ], [ 72.84858, 36.37652 ], [ 72.84834, 36.37643 ], [ 72.81827, 36.36464 ], [ 72.81815, 36.36456 ], [ 72.79391, 36.34979 ], [ 72.75945, 36.32721 ], [ 72.75924, 36.32711 ], [ 72.75003, 36.32286 ], [ 72.74959, 36.32266 ], [ 72.74401, 36.32008 ], [ 72.73947, 36.31873 ], [ 72.72836, 36.31543 ], [ 72.72176, 36.31346 ], [ 72.71094, 36.30428 ], [ 72.7076, 36.30143 ], [ 72.70717, 36.30107 ], [ 72.70022, 36.29349 ], [ 72.6941, 36.28681 ], [ 72.68637, 36.27552 ], [ 72.66974, 36.2666 ], [ 72.66766, 36.26625 ], [ 72.65861, 36.26469 ], [ 72.65249, 36.26364 ], [ 72.6222, 36.26898 ], [ 72.59368, 36.26958 ], [ 72.59217, 36.26861 ], [ 72.59215, 36.26859 ], [ 72.57229, 36.25591 ], [ 72.57033, 36.25395 ], [ 72.54912, 36.23274 ], [ 72.54909, 36.23262 ], [ 72.54199, 36.20838 ], [ 72.5418, 36.20661 ], [ 72.54171, 36.20573 ], [ 72.54096, 36.19878 ], [ 72.54021, 36.19174 ], [ 72.54038, 36.19063 ], [ 72.54053, 36.18969 ], [ 72.54055, 36.18953 ], [ 72.54169, 36.18211 ], [ 72.54171, 36.18194 ], [ 72.54258, 36.17629 ], [ 72.54259, 36.1762 ], [ 72.54259, 36.16489 ], [ 72.54259, 36.16025 ], [ 72.54259, 36.14896 ], [ 72.54021, 36.13648 ], [ 72.53189, 36.1252 ], [ 72.52357, 36.11153 ], [ 72.52326, 36.10852 ], [ 72.52179, 36.0943 ], [ 72.5212, 36.07885 ], [ 72.52121, 36.07882 ], [ 72.52985, 36.06096 ], [ 72.53011, 36.06043 ], [ 72.53144, 36.0591 ], [ 72.54188, 36.04866 ], [ 72.54195, 36.04859 ], [ 72.54258, 36.04796 ], [ 72.54327, 36.04765 ], [ 72.55447, 36.04261 ], [ 72.56576, 36.02894 ], [ 72.56577, 36.02877 ], [ 72.56812, 36.0123 ], [ 72.56694, 36.01048 ], [ 72.55803, 35.99686 ], [ 72.55129, 35.97711 ], [ 72.54971, 35.9725 ], [ 72.53545, 35.94814 ], [ 72.53334, 35.94543 ], [ 72.52476, 35.93447 ], [ 72.51822, 35.92437 ], [ 72.50991, 35.90239 ], [ 72.50997, 35.90237 ], [ 72.51068, 35.90216 ], [ 72.51291, 35.90152 ], [ 72.52191, 35.8989 ], [ 72.52833, 35.89704 ], [ 72.55209, 35.87981 ], [ 72.56377, 35.86228 ], [ 72.56397, 35.86198 ], [ 72.56529, 35.85903 ], [ 72.56846, 35.85189 ], [ 72.5685, 35.8518 ], [ 72.56873, 35.85129 ], [ 72.58002, 35.84594 ], [ 72.59606, 35.84416 ], [ 72.6121, 35.84297 ], [ 72.62814, 35.83881 ], [ 72.64894, 35.83109 ], [ 72.67152, 35.82158 ], [ 72.68459, 35.8198 ], [ 72.7153, 35.82734 ], [ 72.71846, 35.82812 ], [ 72.72712, 35.83049 ], [ 72.77483, 35.84354 ], [ 72.78797, 35.84713 ], [ 72.78887, 35.84982 ], [ 72.78898, 35.85015 ], [ 72.78975, 35.85246 ], [ 72.79213, 35.85961 ], [ 72.7964, 35.86483 ], [ 72.79748, 35.86614 ], [ 72.80936, 35.86258 ], [ 72.8113, 35.87033 ], [ 72.81233, 35.87446 ], [ 72.81766, 35.88467 ], [ 72.81946, 35.88813 ], [ 72.82026, 35.8872 ], [ 72.82719, 35.87921 ], [ 72.83669, 35.87327 ], [ 72.87412, 35.87565 ], [ 72.89076, 35.87743 ], [ 72.89611, 35.86555 ], [ 72.89076, 35.85545 ], [ 72.89123, 35.8531 ], [ 72.89195, 35.84951 ], [ 72.90383, 35.84178 ], [ 72.92463, 35.84178 ], [ 72.93794, 35.84599 ], [ 72.94721, 35.84891 ], [ 72.96028, 35.84891 ], [ 72.96755, 35.85171 ], [ 72.97572, 35.85485 ], [ 72.98167, 35.86139 ], [ 72.99134, 35.86206 ], [ 72.9989, 35.86258 ], [ 73.00347, 35.85983 ], [ 73.01078, 35.85545 ], [ 73.01467, 35.84853 ], [ 73.01613, 35.84594 ], [ 73.02623, 35.84238 ], [ 73.03231, 35.84716 ], [ 73.03455, 35.84891 ], [ 73.04762, 35.8501 ], [ 73.05296, 35.85782 ], [ 73.05386, 35.85907 ], [ 73.05594, 35.86198 ], [ 73.06184, 35.86198 ], [ 73.06663, 35.86198 ], [ 73.07317, 35.8608 ], [ 73.07603, 35.86341 ], [ 73.07688, 35.86418 ], [ 73.08683, 35.87327 ], [ 73.09218, 35.87565 ], [ 73.10347, 35.86377 ], [ 73.11448, 35.85526 ], [ 73.11654, 35.85367 ], [ 73.12902, 35.84594 ], [ 73.13383, 35.84539 ], [ 73.14981, 35.84357 ], [ 73.1611, 35.8501 ], [ 73.16942, 35.85782 ], [ 73.17833, 35.8602 ], [ 73.18962, 35.84594 ], [ 73.19319, 35.83762 ], [ 73.19413, 35.8362 ], [ 73.19793, 35.8305 ], [ 73.20032, 35.82693 ], [ 73.2015, 35.81742 ], [ 73.19884, 35.81134 ], [ 73.19734, 35.80792 ], [ 73.19834, 35.80094 ], [ 73.20032, 35.78712 ], [ 73.18784, 35.78534 ], [ 73.1849, 35.78328 ], [ 73.1819, 35.78118 ], [ 73.17649, 35.77578 ], [ 73.17417, 35.77345 ], [ 73.16764, 35.76692 ], [ 73.16401, 35.76488 ], [ 73.15813, 35.76157 ], [ 73.14669, 35.76361 ], [ 73.14149, 35.76454 ], [ 73.13021, 35.76514 ], [ 73.1201, 35.76514 ], [ 73.11752, 35.76329 ], [ 73.11186, 35.75924 ], [ 73.11179, 35.75919 ], [ 73.11, 35.74909 ], [ 73.11318, 35.74274 ], [ 73.11476, 35.73959 ], [ 73.11764, 35.73489 ], [ 73.12605, 35.72117 ], [ 73.12834, 35.71964 ], [ 73.13496, 35.71523 ], [ 73.14862, 35.71285 ], [ 73.1617, 35.70275 ], [ 73.18277, 35.68987 ], [ 73.18308, 35.68968 ], [ 73.192, 35.6772 ], [ 73.20269, 35.67364 ], [ 73.21682, 35.66945 ], [ 73.21873, 35.66888 ], [ 73.23596, 35.66769 ], [ 73.2397, 35.65863 ], [ 73.24012, 35.65759 ], [ 73.24752, 35.66006 ], [ 73.2526, 35.66175 ], [ 73.26389, 35.66591 ], [ 73.26596, 35.66656 ], [ 73.27518, 35.66948 ], [ 73.29063, 35.67067 ], [ 73.29657, 35.66235 ], [ 73.31202, 35.66056 ], [ 73.32044, 35.66297 ], [ 73.32449, 35.66413 ], [ 73.32531, 35.66398 ], [ 73.33103, 35.66294 ], [ 73.33281, 35.65403 ], [ 73.33526, 35.64913 ], [ 73.33816, 35.64333 ], [ 73.34629, 35.63294 ], [ 73.34885, 35.62967 ], [ 73.35301, 35.62194 ], [ 73.35598, 35.60947 ], [ 73.3607, 35.60442 ], [ 73.3643, 35.60055 ], [ 73.37551, 35.59671 ], [ 73.3851, 35.59343 ], [ 73.3952, 35.58689 ], [ 73.39795, 35.5771 ], [ 73.40055, 35.56788 ], [ 73.4018, 35.55453 ], [ 73.40233, 35.54886 ], [ 73.40159, 35.54117 ], [ 73.40157, 35.54089 ], [ 73.40114, 35.53639 ], [ 73.40506, 35.52967 ], [ 73.4053, 35.52926 ], [ 73.41778, 35.5251 ], [ 73.41996, 35.52553 ], [ 73.43006, 35.52755 ], [ 73.44451, 35.53044 ], [ 73.47159, 35.53818 ], [ 73.48194, 35.54114 ], [ 73.49977, 35.54292 ], [ 73.51407, 35.54225 ], [ 73.52947, 35.54153 ], [ 73.5378, 35.54114 ], [ 73.54205, 35.54107 ], [ 73.55151, 35.5409 ], [ 73.55203, 35.54089 ], [ 73.57226, 35.54055 ], [ 73.58557, 35.54104 ], [ 73.5883, 35.54114 ], [ 73.61682, 35.54114 ], [ 73.63167, 35.53771 ], [ 73.63461, 35.53703 ], [ 73.64771, 35.53401 ], [ 73.66494, 35.53104 ], [ 73.66627, 35.53095 ], [ 73.68218, 35.52985 ], [ 73.70168, 35.5318 ], [ 73.71188, 35.53282 ], [ 73.73506, 35.53163 ], [ 73.74669, 35.52603 ], [ 73.7511, 35.52391 ], [ 73.77368, 35.52391 ], [ 73.78556, 35.5245 ], [ 73.78512, 35.51939 ], [ 73.7851, 35.51914 ], [ 73.78318, 35.49658 ], [ 73.78549, 35.48273 ], [ 73.78615, 35.47875 ], [ 73.7859, 35.47214 ], [ 73.78556, 35.4633 ], [ 73.79447, 35.44904 ], [ 73.76714, 35.44607 ], [ 73.75711, 35.44369 ], [ 73.75466, 35.4431 ], [ 73.75447, 35.44197 ], [ 73.75288, 35.43241 ], [ 73.74645, 35.42912 ], [ 73.72733, 35.41934 ], [ 73.71723, 35.40567 ], [ 73.7099, 35.39015 ], [ 73.70713, 35.38428 ], [ 73.69843, 35.37152 ], [ 73.69822, 35.37121 ], [ 73.6983, 35.37059 ], [ 73.70059, 35.35279 ], [ 73.69287, 35.34923 ], [ 73.69287, 35.33919 ], [ 73.69287, 35.33259 ], [ 73.69814, 35.31774 ], [ 73.69941, 35.31417 ], [ 73.70842, 35.30466 ], [ 73.7101, 35.30288 ], [ 73.70967, 35.2981 ], [ 73.70891, 35.28981 ], [ 73.7114, 35.28134 ], [ 73.71188, 35.27971 ], [ 73.7303, 35.27377 ], [ 73.73406, 35.2625 ], [ 73.73486, 35.26009 ], [ 73.73565, 35.25773 ], [ 73.74991, 35.23099 ], [ 73.74991, 35.22089 ], [ 73.76536, 35.22089 ], [ 73.78496, 35.23396 ], [ 73.79982, 35.23574 ], [ 73.80932, 35.24287 ], [ 73.82002, 35.23812 ], [ 73.8325, 35.22742 ], [ 73.84735, 35.22624 ], [ 73.8628, 35.21019 ], [ 73.86592, 35.20818 ], [ 73.87112, 35.20485 ], [ 73.88241, 35.20603 ], [ 73.89925, 35.21147 ], [ 73.90082, 35.21198 ], [ 73.92578, 35.21019 ], [ 73.93898, 35.19539 ], [ 73.94539, 35.18821 ], [ 73.95775, 35.16525 ], [ 73.95786, 35.16504 ], [ 73.97509, 35.17454 ], [ 73.98256, 35.17775 ], [ 73.99173, 35.18167 ], [ 74.00302, 35.18465 ], [ 74.00777, 35.17098 ], [ 74.01847, 35.16741 ], [ 74.0357, 35.14959 ], [ 74.05471, 35.15256 ], [ 74.066, 35.15256 ], [ 74.08026, 35.15613 ], [ 74.09689, 35.14602 ], [ 74.11234, 35.15315 ], [ 74.1165, 35.14543 ], [ 74.11325, 35.1346 ], [ 74.11294, 35.13355 ], [ 74.11591, 35.12345 ], [ 74.11687, 35.1232 ], [ 74.13195, 35.11929 ], [ 74.12858, 35.10523 ], [ 74.11856, 35.10123 ], [ 74.09482, 35.09105 ], [ 74.08747, 35.08257 ], [ 74.08126, 35.06279 ], [ 74.07673, 35.04753 ], [ 74.08295, 35.03735 ], [ 74.09539, 35.0317 ], [ 74.10782, 35.02605 ], [ 74.11121, 35.01757 ], [ 74.10669, 35.01022 ], [ 74.09708, 35.00061 ], [ 74.08747, 34.99892 ], [ 74.0756, 34.99779 ], [ 74.06938, 34.99665 ], [ 74.06091, 34.98874 ], [ 74.06034, 34.98196 ], [ 74.06183, 34.97637 ], [ 74.06184, 34.97634 ], [ 74.06712, 34.95652 ], [ 74.07165, 34.93787 ], [ 74.0643, 34.93052 ], [ 74.04847, 34.92204 ], [ 74.03886, 34.91413 ], [ 74.03999, 34.89943 ], [ 74.04508, 34.89039 ], [ 74.02869, 34.87739 ], [ 74.0219, 34.87399 ], [ 74.00777, 34.87456 ], [ 74.00382, 34.86947 ], [ 73.99477, 34.86495 ], [ 73.98994, 34.86527 ], [ 73.98053, 34.8659 ], [ 73.97781, 34.86608 ], [ 73.97648, 34.86268 ], [ 73.9716, 34.85025 ], [ 73.9682, 34.83556 ], [ 73.94559, 34.83499 ], [ 73.93429, 34.8316 ], [ 73.93429, 34.81747 ], [ 73.92751, 34.81125 ], [ 73.89811, 34.81973 ], [ 73.88737, 34.81464 ], [ 73.87098, 34.81408 ], [ 73.86533, 34.80899 ], [ 73.86081, 34.81182 ], [ 73.85289, 34.81464 ], [ 73.8382, 34.81408 ], [ 73.83763, 34.80221 ], [ 73.83085, 34.79147 ], [ 73.8156, 34.79293 ], [ 73.80145, 34.79429 ], [ 73.79524, 34.79034 ], [ 73.77771, 34.79486 ], [ 73.75058, 34.77677 ], [ 73.7438, 34.77338 ], [ 73.72797, 34.76433 ], [ 73.72797, 34.75416 ], [ 73.72345, 34.74681 ], [ 73.71554, 34.74455 ], [ 73.71554, 34.73607 ], [ 73.70367, 34.71911 ], [ 73.69632, 34.71346 ], [ 73.68558, 34.70555 ], [ 73.68671, 34.69198 ], [ 73.67314, 34.68237 ], [ 73.66767, 34.67434 ], [ 73.66466, 34.66994 ], [ 73.66353, 34.66259 ], [ 73.67012, 34.66061 ], [ 73.67015, 34.6606 ], [ 73.67418, 34.65939 ], [ 73.68614, 34.65581 ], [ 73.69971, 34.64789 ], [ 73.69349, 34.63941 ], [ 73.66634, 34.60781 ], [ 73.65901, 34.59928 ], [ 73.6624, 34.59363 ], [ 73.66579, 34.58006 ], [ 73.66353, 34.57158 ], [ 73.65675, 34.56254 ], [ 73.65527, 34.5624 ], [ 73.64431, 34.56141 ], [ 73.6364, 34.5648 ], [ 73.63637, 34.56484 ], [ 73.62792, 34.57723 ], [ 73.61775, 34.58232 ], [ 73.61436, 34.58313 ], [ 73.60588, 34.58515 ], [ 73.59146, 34.58515 ], [ 73.59061, 34.58515 ], [ 73.57422, 34.58402 ], [ 73.57052, 34.58608 ], [ 73.56773, 34.58763 ], [ 73.56405, 34.58967 ], [ 73.5567, 34.58797 ], [ 73.55146, 34.58161 ], [ 73.54879, 34.57837 ], [ 73.53748, 34.57158 ], [ 73.52335, 34.56989 ], [ 73.50945, 34.57256 ], [ 73.50865, 34.57271 ], [ 73.49565, 34.57723 ], [ 73.48416, 34.57272 ], [ 73.47982, 34.57102 ], [ 73.47733, 34.57276 ], [ 73.47417, 34.57497 ], [ 73.46569, 34.57497 ], [ 73.45326, 34.56932 ], [ 73.4515, 34.56537 ], [ 73.44874, 34.55915 ], [ 73.44829, 34.54102 ], [ 73.44817, 34.53597 ], [ 73.43843, 34.52888 ], [ 73.43821, 34.52873 ], [ 73.43574, 34.52693 ], [ 73.43812, 34.52089 ], [ 73.44421, 34.50545 ], [ 73.44252, 34.49471 ], [ 73.43574, 34.48001 ], [ 73.42895, 34.46927 ], [ 73.43192, 34.44384 ], [ 73.43192, 34.44381 ], [ 73.43291, 34.43536 ], [ 73.42885, 34.42047 ], [ 73.42882, 34.42038 ], [ 73.42782, 34.4167 ], [ 73.42422, 34.4071 ], [ 73.42104, 34.39861 ], [ 73.41256, 34.38561 ], [ 73.39843, 34.37826 ], [ 73.4013, 34.37074 ], [ 73.40295, 34.36639 ], [ 73.40763, 34.36171 ], [ 73.41652, 34.35283 ], [ 73.425, 34.34333 ], [ 73.42605, 34.34215 ], [ 73.43979, 34.32678 ], [ 73.44026, 34.32626 ], [ 73.4493, 34.32117 ], [ 73.45101, 34.30538 ], [ 73.45156, 34.30026 ], [ 73.45944, 34.29114 ], [ 73.4623, 34.28782 ], [ 73.46271, 34.28738 ], [ 73.46965, 34.27991 ], [ 73.47926, 34.28387 ], [ 73.48039, 34.29122 ], [ 73.4883, 34.27934 ], [ 73.48495, 34.27138 ], [ 73.48378, 34.2686 ], [ 73.47361, 34.25617 ], [ 73.48981, 34.23024 ], [ 73.49057, 34.22904 ], [ 73.49904, 34.20756 ], [ 73.49509, 34.18721 ], [ 73.49509, 34.17302 ], [ 73.49509, 34.13602 ], [ 73.49509, 34.1352 ], [ 73.5008, 34.10718 ], [ 73.5013, 34.10468 ], [ 73.50141, 34.10371 ], [ 73.503, 34.08942 ], [ 73.503, 34.07774 ], [ 73.503, 34.06907 ], [ 73.50518, 34.06642 ], [ 73.50879, 34.06203 ], [ 73.51091, 34.05946 ], [ 73.51487, 34.03685 ], [ 73.51123, 34.02021 ], [ 73.51091, 34.01876 ], [ 73.51103, 34.01871 ], [ 73.49047, 34.0172 ], [ 73.4866, 34.01692 ], [ 73.47269, 34.00632 ], [ 73.46662, 34.00041 ], [ 73.4475, 33.9818 ], [ 73.43558, 33.96788 ], [ 73.4273, 33.96525 ], [ 73.421, 33.96324 ], [ 73.41349, 33.97038 ], [ 73.40841, 33.97521 ], [ 73.40775, 33.97583 ], [ 73.39913, 33.97583 ], [ 73.39889, 33.97559 ], [ 73.38853, 33.96523 ], [ 73.38757, 33.95801 ], [ 73.3872, 33.95529 ], [ 73.3833, 33.94228 ], [ 73.38323, 33.94204 ], [ 73.37528, 33.93475 ], [ 73.37396, 33.93398 ], [ 73.35937, 33.92547 ], [ 73.3501, 33.92084 ], [ 73.34745, 33.90891 ], [ 73.33419, 33.89035 ], [ 73.33398, 33.8866 ], [ 73.33353, 33.87843 ], [ 73.32909, 33.87176 ], [ 73.32558, 33.8665 ], [ 73.31431, 33.86054 ], [ 73.30795, 33.85162 ], [ 73.30437, 33.84662 ], [ 73.28251, 33.84529 ], [ 73.27762, 33.84227 ], [ 73.26859, 33.83668 ], [ 73.26064, 33.84861 ], [ 73.24805, 33.84198 ], [ 73.24518, 33.83481 ], [ 73.24142, 33.82542 ], [ 73.22221, 33.81813 ], [ 73.21983, 33.81755 ], [ 73.21065, 33.81534 ], [ 73.20067, 33.81293 ], [ 73.19515, 33.81159 ], [ 73.1901, 33.81038 ], [ 73.18735, 33.80971 ], [ 73.18733, 33.80971 ], [ 73.18377, 33.80885 ], [ 73.18354, 33.80877 ], [ 73.18315, 33.80864 ], [ 73.17549, 33.80609 ], [ 73.16881, 33.80386 ], [ 73.15907, 33.80061 ], [ 73.14081, 33.79453 ], [ 73.13607, 33.79295 ], [ 73.13119, 33.7912 ], [ 73.13, 33.79078 ], [ 73.12898, 33.79042 ], [ 73.11881, 33.78678 ], [ 73.11005, 33.78366 ], [ 73.10823, 33.78301 ], [ 73.09299, 33.78963 ], [ 73.09118, 33.78943 ], [ 73.08107, 33.78831 ], [ 73.07423, 33.78655 ], [ 73.0694, 33.78532 ], [ 73.05522, 33.78168 ], [ 73.05058, 33.78566 ], [ 73.04081, 33.78048 ], [ 73.03932, 33.77969 ], [ 73.02819, 33.77662 ], [ 73.02133, 33.77473 ], [ 73.0201, 33.77439 ], [ 73.01417, 33.76506 ], [ 73.01083, 33.75981 ], [ 72.99804, 33.75274 ], [ 72.97735, 33.74128 ], [ 72.97372, 33.73927 ], [ 72.94854, 33.72999 ], [ 72.93661, 33.73298 ], [ 72.92468, 33.73596 ], [ 72.92458, 33.7365 ], [ 72.92372, 33.74111 ], [ 72.92269, 33.74656 ], [ 72.9153, 33.74831 ], [ 72.90716, 33.75024 ], [ 72.89751, 33.75252 ], [ 72.88319, 33.75872 ], [ 72.88271, 33.75893 ], [ 72.88196, 33.75925 ], [ 72.873, 33.76313 ], [ 72.86306, 33.76561 ], [ 72.86096, 33.76614 ], [ 72.85974, 33.76644 ], [ 72.85139, 33.76614 ], [ 72.84518, 33.76592 ], [ 72.84119, 33.76578 ], [ 72.838, 33.76631 ], [ 72.82926, 33.76777 ], [ 72.8272, 33.77293 ], [ 72.81999, 33.79096 ], [ 72.82262, 33.79596 ], [ 72.82283, 33.79636 ], [ 72.82295, 33.7966 ], [ 72.82345, 33.79754 ], [ 72.82612, 33.80261 ], [ 72.82661, 33.80355 ], [ 72.8297, 33.80344 ], [ 72.83444, 33.80329 ], [ 72.84649, 33.80289 ], [ 72.85055, 33.80104 ], [ 72.85378, 33.79957 ], [ 72.86306, 33.80421 ], [ 72.87035, 33.81481 ], [ 72.86721, 33.82421 ], [ 72.86703, 33.82475 ], [ 72.86591, 33.82535 ], [ 72.85577, 33.83072 ], [ 72.84879, 33.83377 ], [ 72.84517, 33.83535 ], [ 72.83721, 33.83469 ], [ 72.83304, 33.83235 ], [ 72.82863, 33.82989 ], [ 72.82361, 33.82707 ], [ 72.82065, 33.82542 ], [ 72.81866, 33.83602 ], [ 72.8233, 33.84397 ], [ 72.83324, 33.84397 ], [ 72.8392, 33.85258 ], [ 72.84119, 33.87114 ], [ 72.83748, 33.88225 ], [ 72.83589, 33.88704 ], [ 72.83242, 33.88754 ], [ 72.82197, 33.88903 ], [ 72.80408, 33.88638 ], [ 72.80045, 33.88695 ], [ 72.79577, 33.88769 ], [ 72.79149, 33.88837 ], [ 72.78818, 33.89963 ], [ 72.78619, 33.94005 ], [ 72.77095, 33.95132 ], [ 72.7674, 33.9505 ], [ 72.76234, 33.94933 ], [ 72.75806, 33.94475 ], [ 72.75306, 33.93939 ], [ 72.74844, 33.93699 ], [ 72.74828, 33.93691 ], [ 72.74211, 33.9337 ], [ 72.74172, 33.93349 ], [ 72.73649, 33.93078 ], [ 72.72589, 33.9215 ], [ 72.73384, 33.91355 ], [ 72.73583, 33.90758 ], [ 72.71993, 33.90626 ], [ 72.708, 33.90228 ], [ 72.70999, 33.89367 ], [ 72.70955, 33.88583 ], [ 72.70932, 33.88174 ], [ 72.70336, 33.88108 ], [ 72.69938, 33.8718 ], [ 72.6854, 33.86911 ], [ 72.6826, 33.86857 ], [ 72.68216, 33.86849 ], [ 72.67491, 33.86728 ], [ 72.66625, 33.86584 ], [ 72.66456, 33.86572 ], [ 72.65983, 33.86541 ], [ 72.65375, 33.865 ], [ 72.64637, 33.86451 ], [ 72.64041, 33.86716 ], [ 72.63842, 33.87843 ], [ 72.62805, 33.87744 ], [ 72.62451, 33.8771 ], [ 72.60662, 33.87445 ], [ 72.60685, 33.87537 ], [ 72.60706, 33.87623 ], [ 72.60854, 33.88217 ], [ 72.6086, 33.8824 ], [ 72.61192, 33.89367 ], [ 72.61921, 33.89831 ], [ 72.62848, 33.90361 ], [ 72.62914, 33.9162 ], [ 72.63975, 33.91686 ], [ 72.64834, 33.92233 ], [ 72.65275, 33.92513 ], [ 72.65433, 33.92614 ], [ 72.64505, 33.93939 ], [ 72.62782, 33.94734 ], [ 72.59933, 33.95397 ], [ 72.58077, 33.95264 ], [ 72.56752, 33.95993 ], [ 72.55162, 33.96126 ], [ 72.54749, 33.99013 ], [ 72.54698, 33.99373 ], [ 72.54503, 33.99632 ], [ 72.543, 33.99903 ], [ 72.5324, 34.00102 ], [ 72.52246, 33.9977 ], [ 72.51773, 33.9977 ], [ 72.49595, 33.9977 ], [ 72.47075, 33.99586 ], [ 72.46879, 33.99571 ], [ 72.44692, 33.99373 ], [ 72.44029, 34.00367 ], [ 72.43969, 34.00347 ], [ 72.4056, 33.99271 ], [ 72.40557, 33.9927 ], [ 72.40252, 33.99174 ], [ 72.40385, 33.97451 ], [ 72.38714, 33.97303 ], [ 72.38132, 33.97252 ], [ 72.38132, 33.95794 ], [ 72.37772, 33.95732 ], [ 72.37759, 33.9573 ], [ 72.36608, 33.95529 ], [ 72.36072, 33.95311 ], [ 72.34487, 33.94668 ], [ 72.3239, 33.94799 ], [ 72.32367, 33.948 ], [ 72.31108, 33.94005 ], [ 72.31056, 33.93979 ], [ 72.26538, 33.91693 ], [ 72.25637, 33.91237 ], [ 72.25608, 33.91222 ], [ 72.23851, 33.8994 ], [ 72.23156, 33.89433 ], [ 72.23951, 33.86716 ], [ 72.23944, 33.865 ], [ 72.23911, 33.85454 ], [ 72.23743, 33.80097 ], [ 72.23689, 33.78393 ], [ 72.23686, 33.78301 ], [ 72.24353, 33.77092 ], [ 72.24746, 33.76379 ], [ 72.22018, 33.77158 ], [ 72.21963, 33.77174 ], [ 72.20969, 33.76114 ], [ 72.19936, 33.76073 ], [ 72.19313, 33.76048 ], [ 72.18385, 33.76379 ], [ 72.1653, 33.76975 ], [ 72.15912, 33.77118 ], [ 72.15299, 33.77259 ], [ 72.14807, 33.77373 ], [ 72.12753, 33.77572 ], [ 72.11295, 33.77969 ], [ 72.10367, 33.78566 ], [ 72.08512, 33.78698 ], [ 72.07186, 33.78367 ], [ 72.07665, 33.77607 ], [ 72.08313, 33.76578 ], [ 72.06921, 33.75849 ], [ 72.05729, 33.75849 ], [ 72.04006, 33.75319 ], [ 72.03476, 33.73795 ], [ 72.0215, 33.72138 ], [ 72.01737, 33.71886 ], [ 72.01705, 33.71867 ], [ 72.01581, 33.71791 ], [ 72.00774, 33.713 ], [ 72.00626, 33.7121 ], [ 71.99699, 33.69156 ], [ 71.98834, 33.67275 ], [ 71.98572, 33.66704 ], [ 71.98539, 33.66167 ], [ 71.9844, 33.64584 ], [ 71.98365, 33.63675 ], [ 71.98365, 33.63666 ], [ 71.98214, 33.61818 ], [ 71.98212, 33.61799 ], [ 71.98195, 33.61587 ], [ 71.98175, 33.61337 ], [ 71.97711, 33.58289 ], [ 71.95922, 33.57427 ], [ 71.95458, 33.565 ], [ 71.969, 33.54073 ], [ 71.96916, 33.54048 ], [ 71.96187, 33.52325 ], [ 71.94861, 33.50801 ], [ 71.93536, 33.49741 ], [ 71.92784, 33.49239 ], [ 71.90554, 33.47753 ], [ 71.90506, 33.477 ], [ 71.90501, 33.47695 ], [ 71.8903, 33.46096 ], [ 71.8744, 33.45434 ], [ 71.86711, 33.44771 ], [ 71.86733, 33.4427 ], [ 71.86733, 33.44254 ], [ 71.86777, 33.43247 ], [ 71.87241, 33.42385 ], [ 71.87108, 33.4106 ], [ 71.85584, 33.40398 ], [ 71.84524, 33.4053 ], [ 71.83133, 33.40928 ], [ 71.81609, 33.39934 ], [ 71.79952, 33.39139 ], [ 71.79572, 33.38981 ], [ 71.79569, 33.3898 ], [ 71.77875, 33.38277 ], [ 71.7787, 33.38275 ], [ 71.77235, 33.38012 ], [ 71.73326, 33.36422 ], [ 71.72464, 33.35229 ], [ 71.71993, 33.34629 ], [ 71.71735, 33.34301 ], [ 71.72597, 33.33241 ], [ 71.73193, 33.31982 ], [ 71.72901, 33.30813 ], [ 71.72897, 33.30799 ], [ 71.72795, 33.30392 ], [ 71.71735, 33.29663 ], [ 71.7094, 33.28669 ], [ 71.71006, 33.27476 ], [ 71.71205, 33.26151 ], [ 71.71271, 33.24627 ], [ 71.72795, 33.23103 ], [ 71.74187, 33.22109 ], [ 71.74372, 33.21902 ], [ 71.75976, 33.20121 ], [ 71.76109, 33.18265 ], [ 71.75976, 33.16874 ], [ 71.7538, 33.1535 ], [ 71.75095, 33.15037 ], [ 71.75078, 33.15017 ], [ 71.72729, 33.12434 ], [ 71.71338, 33.11175 ], [ 71.71336, 33.11111 ], [ 71.71336, 33.11108 ], [ 71.71324, 33.10719 ], [ 71.71324, 33.10715 ], [ 71.71271, 33.08988 ], [ 71.71864, 33.06569 ], [ 71.71927, 33.06311 ], [ 71.72019, 33.05935 ], [ 71.72066, 33.05741 ], [ 71.71308, 33.05868 ], [ 71.70476, 33.06006 ], [ 71.68687, 33.06205 ], [ 71.67163, 33.07332 ], [ 71.65241, 33.07398 ], [ 71.63518, 33.08922 ], [ 71.63505, 33.08956 ], [ 71.63502, 33.08963 ], [ 71.63121, 33.09916 ], [ 71.62326, 33.10844 ], [ 71.60271, 33.13296 ], [ 71.60247, 33.13468 ], [ 71.59874, 33.16145 ], [ 71.5994, 33.18795 ], [ 71.57952, 33.19922 ], [ 71.5729, 33.20982 ], [ 71.55699, 33.2191 ], [ 71.55567, 33.22705 ], [ 71.54705, 33.2297 ], [ 71.53579, 33.22307 ], [ 71.53193, 33.22189 ], [ 71.51856, 33.21777 ], [ 71.5179, 33.21048 ], [ 71.52519, 33.19856 ], [ 71.50666, 33.19979 ], [ 71.50531, 33.19988 ], [ 71.50229, 33.2035 ], [ 71.50199, 33.20386 ], [ 71.48874, 33.21512 ], [ 71.48207, 33.21655 ], [ 71.48201, 33.21656 ], [ 71.47946, 33.21711 ], [ 71.45495, 33.2191 ], [ 71.44766, 33.22572 ], [ 71.44567, 33.23434 ], [ 71.44332, 33.23626 ], [ 71.43838, 33.2403 ], [ 71.4185, 33.22771 ], [ 71.4132, 33.21711 ], [ 71.41121, 33.20651 ], [ 71.40804, 33.19511 ], [ 71.4079, 33.19458 ], [ 71.4132, 33.18862 ], [ 71.42977, 33.18332 ], [ 71.43507, 33.17735 ], [ 71.43043, 33.16874 ], [ 71.43772, 33.15681 ], [ 71.44302, 33.15085 ], [ 71.44103, 33.13958 ], [ 71.44832, 33.12964 ], [ 71.44236, 33.12302 ], [ 71.43109, 33.10645 ], [ 71.42423, 33.09387 ], [ 71.42314, 33.09187 ], [ 71.42711, 33.08259 ], [ 71.42861, 33.08092 ], [ 71.43772, 33.07067 ], [ 71.44766, 33.06868 ], [ 71.45892, 33.06934 ], [ 71.46091, 33.06272 ], [ 71.47217, 33.05741 ], [ 71.47748, 33.0488 ], [ 71.46356, 33.03952 ], [ 71.46157, 33.02561 ], [ 71.45163, 33.01302 ], [ 71.43639, 33.00705 ], [ 71.42314, 33.00374 ], [ 71.41585, 33.00904 ], [ 71.40061, 33.00573 ], [ 71.38537, 32.99844 ], [ 71.37808, 33.0044 ], [ 71.36549, 32.99645 ], [ 71.35687, 32.99049 ], [ 71.35504, 32.99049 ], [ 71.337, 32.99049 ], [ 71.32242, 32.9991 ], [ 71.31447, 33.015 ], [ 71.30386, 33.01037 ], [ 71.28332, 33.00705 ], [ 71.26609, 32.9991 ], [ 71.25218, 32.9991 ], [ 71.23561, 32.99314 ], [ 71.22037, 32.97988 ], [ 71.21043, 32.97723 ], [ 71.1932, 32.97657 ], [ 71.18843, 32.97354 ], [ 71.18591, 32.97193 ], [ 71.17067, 32.96199 ], [ 71.15875, 32.94742 ], [ 71.15941, 32.93814 ], [ 71.15411, 32.93615 ], [ 71.14152, 32.9229 ], [ 71.14085, 32.90832 ], [ 71.14218, 32.89374 ], [ 71.14549, 32.87452 ], [ 71.13887, 32.86724 ], [ 71.13555, 32.84669 ], [ 71.13356, 32.8235 ], [ 71.13356, 32.80892 ], [ 71.12561, 32.80495 ], [ 71.11501, 32.80694 ], [ 71.10706, 32.80694 ], [ 71.10889, 32.80262 ], [ 71.12492, 32.76484 ], [ 71.12493, 32.76481 ], [ 71.12561, 32.7632 ], [ 71.12548, 32.76226 ], [ 71.12529, 32.76091 ], [ 71.12475, 32.75716 ], [ 71.12429, 32.75392 ], [ 71.12871, 32.74729 ], [ 71.13754, 32.73404 ], [ 71.14218, 32.72278 ], [ 71.14085, 32.70555 ], [ 71.13423, 32.69296 ], [ 71.13953, 32.68037 ], [ 71.14337, 32.67694 ], [ 71.15212, 32.66911 ], [ 71.15013, 32.65254 ], [ 71.16073, 32.62736 ], [ 71.16315, 32.6177 ], [ 71.16537, 32.60881 ], [ 71.16206, 32.59489 ], [ 71.17227, 32.58978 ], [ 71.19519, 32.57832 ], [ 71.22368, 32.55911 ], [ 71.24158, 32.54851 ], [ 71.24621, 32.53592 ], [ 71.22965, 32.51206 ], [ 71.23081, 32.51026 ], [ 71.23694, 32.5008 ], [ 71.24173, 32.49796 ], [ 71.25152, 32.49218 ], [ 71.26278, 32.48887 ], [ 71.27272, 32.49351 ], [ 71.27073, 32.50278 ], [ 71.27736, 32.51206 ], [ 71.28862, 32.50808 ], [ 71.2979, 32.51007 ], [ 71.29989, 32.53326 ], [ 71.31233, 32.5322 ], [ 71.32308, 32.53128 ], [ 71.32838, 32.52001 ], [ 71.33247, 32.51455 ], [ 71.34031, 32.50411 ], [ 71.34462, 32.50087 ], [ 71.35091, 32.49616 ], [ 71.34884, 32.4806 ], [ 71.34694, 32.46634 ], [ 71.34458, 32.46096 ], [ 71.34077, 32.45225 ], [ 71.33766, 32.44513 ], [ 71.33683, 32.44154 ], [ 71.33368, 32.4279 ], [ 71.34428, 32.41531 ], [ 71.33951, 32.41358 ], [ 71.337, 32.41266 ], [ 71.33407, 32.4123 ], [ 71.33404, 32.41229 ], [ 71.32639, 32.41134 ], [ 71.32573, 32.39941 ], [ 71.32838, 32.38881 ], [ 71.33898, 32.38218 ], [ 71.34141, 32.3754 ], [ 71.3423, 32.37291 ], [ 71.33807, 32.36938 ], [ 71.33435, 32.36628 ], [ 71.31844, 32.36297 ], [ 71.29608, 32.36297 ], [ 71.29377, 32.36297 ], [ 71.29373, 32.36297 ], [ 71.28891, 32.36297 ], [ 71.28332, 32.36297 ], [ 71.27993, 32.35979 ], [ 71.27569, 32.35581 ], [ 71.2719, 32.35225 ], [ 71.25827, 32.33948 ], [ 71.25152, 32.33315 ], [ 71.23694, 32.32211 ], [ 71.22965, 32.31658 ], [ 71.21507, 32.302 ], [ 71.20977, 32.28279 ], [ 71.20049, 32.27351 ], [ 71.19119, 32.26928 ], [ 71.18591, 32.26688 ], [ 71.1773, 32.25363 ], [ 71.16471, 32.23375 ], [ 71.1671, 32.22478 ], [ 71.16833, 32.22017 ], [ 71.17001, 32.21387 ], [ 71.17597, 32.20062 ], [ 71.1749, 32.19785 ], [ 71.17311, 32.19325 ], [ 71.17134, 32.18869 ], [ 71.16261, 32.17718 ], [ 71.15723, 32.17007 ], [ 71.15477, 32.16682 ], [ 71.1382, 32.15887 ], [ 71.13639, 32.15909 ], [ 71.12641, 32.16026 ], [ 71.12124, 32.16087 ], [ 71.11567, 32.16152 ], [ 71.11238, 32.14981 ], [ 71.10986, 32.14086 ], [ 71.10971, 32.14032 ], [ 71.10573, 32.12375 ], [ 71.1067, 32.11798 ], [ 71.10687, 32.11696 ], [ 71.10689, 32.11679 ], [ 71.10905, 32.10387 ], [ 71.10845, 32.10205 ], [ 71.10701, 32.09759 ], [ 71.10599, 32.09446 ], [ 71.10043, 32.07737 ], [ 71.09485, 32.06135 ], [ 71.09478, 32.06117 ], [ 71.09243, 32.05443 ], [ 71.09123, 32.051 ], [ 71.09049, 32.04887 ], [ 71.09035, 32.04839 ], [ 71.0898, 32.04658 ], [ 71.08967, 32.04612 ], [ 71.08652, 32.03562 ], [ 71.07326, 32.03032 ], [ 71.06531, 32.02502 ], [ 71.06919, 32.01038 ], [ 71.07128, 32.00249 ], [ 71.07099, 31.9934 ], [ 71.07083, 31.98835 ], [ 71.07061, 31.98128 ], [ 71.06878, 31.97322 ], [ 71.0673, 31.96671 ], [ 71.0726, 31.95875 ], [ 71.07203, 31.95276 ], [ 71.07128, 31.94484 ], [ 71.06598, 31.92231 ], [ 71.06929, 31.91369 ], [ 71.062, 31.90177 ], [ 71.06252, 31.89625 ], [ 71.06399, 31.88056 ], [ 71.04411, 31.87394 ], [ 71.04291, 31.87255 ], [ 71.03549, 31.864 ], [ 71.0327, 31.84948 ], [ 71.03218, 31.84677 ], [ 71.02555, 31.83086 ], [ 71.02224, 31.81562 ], [ 71.0123, 31.79906 ], [ 71.00626, 31.79162 ], [ 71.00369, 31.78846 ], [ 70.99905, 31.7752 ], [ 70.99224, 31.77588 ], [ 70.98807, 31.7763 ], [ 70.9858, 31.77653 ], [ 70.98049, 31.76195 ], [ 70.97056, 31.75731 ], [ 70.96825, 31.75501 ], [ 70.96062, 31.74737 ], [ 70.95664, 31.73743 ], [ 70.94869, 31.72882 ], [ 70.94814, 31.7282 ], [ 70.93809, 31.71689 ], [ 70.93727, 31.71498 ], [ 70.93013, 31.69834 ], [ 70.94272, 31.68575 ], [ 70.93742, 31.68376 ], [ 70.9192, 31.68671 ], [ 70.91291, 31.68773 ], [ 70.91258, 31.68735 ], [ 70.897, 31.66918 ], [ 70.891, 31.65178 ], [ 70.89038, 31.64996 ], [ 70.88543, 31.63699 ], [ 70.88507, 31.63605 ], [ 70.89501, 31.63008 ], [ 70.89496, 31.62967 ], [ 70.89369, 31.62014 ], [ 70.88952, 31.61534 ], [ 70.88507, 31.61021 ], [ 70.89038, 31.59762 ], [ 70.90032, 31.58635 ], [ 70.89369, 31.5837 ], [ 70.88905, 31.56912 ], [ 70.88044, 31.56846 ], [ 70.87845, 31.55587 ], [ 70.87845, 31.55138 ], [ 70.87845, 31.54725 ], [ 70.88773, 31.53466 ], [ 70.88816, 31.53433 ], [ 70.9023, 31.5234 ], [ 70.90032, 31.5128 ], [ 70.88905, 31.50948 ], [ 70.8705, 31.5128 ], [ 70.87292, 31.50795 ], [ 70.87845, 31.49689 ], [ 70.88176, 31.48629 ], [ 70.88235, 31.48603 ], [ 70.89501, 31.48033 ], [ 70.88839, 31.45846 ], [ 70.88724, 31.45041 ], [ 70.8864, 31.44454 ], [ 70.89568, 31.43792 ], [ 70.88706, 31.43195 ], [ 70.87182, 31.42732 ], [ 70.85261, 31.42732 ], [ 70.84262, 31.4217 ], [ 70.842, 31.42135 ], [ 70.84134, 31.41316 ], [ 70.84134, 31.41313 ], [ 70.84001, 31.39683 ], [ 70.83538, 31.39418 ], [ 70.82411, 31.39087 ], [ 70.83471, 31.38292 ], [ 70.83008, 31.37629 ], [ 70.81947, 31.37563 ], [ 70.81152, 31.36702 ], [ 70.80847, 31.36243 ], [ 70.80711, 31.36041 ], [ 70.80224, 31.3531 ], [ 70.78634, 31.3478 ], [ 70.78608, 31.34469 ], [ 70.78608, 31.34466 ], [ 70.78568, 31.33985 ], [ 70.78568, 31.32063 ], [ 70.78369, 31.31003 ], [ 70.76779, 31.30539 ], [ 70.76658, 31.30586 ], [ 70.74725, 31.31334 ], [ 70.73863, 31.3319 ], [ 70.71689, 31.33483 ], [ 70.71411, 31.33521 ], [ 70.70825, 31.33412 ], [ 70.69622, 31.3319 ], [ 70.67767, 31.314 ], [ 70.63062, 31.31599 ], [ 70.61936, 31.32394 ], [ 70.61207, 31.31798 ], [ 70.60411, 31.32394 ], [ 70.57827, 31.33123 ], [ 70.56303, 31.33852 ], [ 70.54448, 31.32858 ], [ 70.54415, 31.32727 ], [ 70.54183, 31.31798 ], [ 70.53321, 31.30937 ], [ 70.51201, 31.29967 ], [ 70.51002, 31.29876 ], [ 70.49014, 31.29678 ], [ 70.46761, 31.29413 ], [ 70.45977, 31.29067 ], [ 70.45104, 31.28684 ], [ 70.44133, 31.27375 ], [ 70.44131, 31.27372 ], [ 70.4358, 31.26629 ], [ 70.42719, 31.2431 ], [ 70.42561, 31.2437 ], [ 70.41522, 31.22413 ] ] ] ] } },
{ "type": "Feature", "properties": { "adm1_name": "Punjab" }, "geometry": { "type": "MultiPolygon", "coordinates": [ [ [ [ 69.52269, 28.1589 ], [ 69.52081, 28.17782 ], [ 69.48872, 28.20374 ], [ 69.47756, 28.20503 ], [ 69.46575, 28.21736 ], [ 69.47602, 28.23173 ], [ 69.47551, 28.26819 ], [ 69.50375, 28.25073 ], [ 69.51504, 28.24252 ], [ 69.52048, 28.23059 ], [ 69.52577, 28.22172 ], [ 69.53604, 28.21395 ], [ 69.55268, 28.2139 ], [ 69.56038, 28.20613 ], [ 69.57832, 28.20092 ], [ 69.57197, 28.18673 ], [ 69.56051, 28.16997 ], [ 69.5606, 28.14414 ], [ 69.55326, 28.13298 ], [ 69.55127, 28.12996 ], [ 69.53761, 28.13 ], [ 69.52479, 28.13778 ], [ 69.52269, 28.1589 ] ] ], [ [ [ 69.71273, 28.29335 ], [ 69.73789, 28.3144 ], [ 69.74763, 28.31388 ], [ 69.74433, 28.29603 ], [ 69.74185, 28.27537 ], [ 69.74192, 28.25342 ], [ 69.72533, 28.24184 ], [ 69.70868, 28.24835 ], [ 69.69327, 28.26389 ], [ 69.68551, 28.2621 ], [ 69.66899, 28.25233 ], [ 69.66265, 28.23814 ], [ 69.64225, 28.23024 ], [ 69.62812, 28.23178 ], [ 69.6038, 28.23184 ], [ 69.59412, 28.25638 ], [ 69.59258, 28.28822 ], [ 69.57666, 28.31235 ], [ 69.5669, 28.32981 ], [ 69.55818, 28.34932 ], [ 69.54226, 28.37037 ], [ 69.53199, 28.38937 ], [ 69.54482, 28.39913 ], [ 69.55663, 28.39913 ], [ 69.56947, 28.38321 ], [ 69.58025, 28.36524 ], [ 69.58231, 28.35548 ], [ 69.6049, 28.35753 ], [ 69.63725, 28.35394 ], [ 69.64701, 28.34727 ], [ 69.66857, 28.33546 ], [ 69.68244, 28.3144 ], [ 69.69476, 28.30054 ], [ 69.71273, 28.29335 ] ] ], [ [ [ 73.59231, 33.86275 ], [ 73.5844, 33.84749 ], [ 73.57422, 33.82092 ], [ 73.57344, 33.81844 ], [ 73.56688, 33.79775 ], [ 73.5714, 33.78475 ], [ 73.58379, 33.76424 ], [ 73.58609, 33.76044 ], [ 73.59853, 33.73953 ], [ 73.60136, 33.7237 ], [ 73.60079, 33.69883 ], [ 73.59638, 33.68316 ], [ 73.5957, 33.68074 ], [ 73.58383, 33.67282 ], [ 73.57705, 33.66661 ], [ 73.57705, 33.65135 ], [ 73.57553, 33.64511 ], [ 73.57415, 33.63944 ], [ 73.57196, 33.63043 ], [ 73.57931, 33.62365 ], [ 73.59344, 33.61404 ], [ 73.60192, 33.60612 ], [ 73.60814, 33.59482 ], [ 73.6217, 33.57843 ], [ 73.62849, 33.56769 ], [ 73.62623, 33.55977 ], [ 73.62566, 33.54508 ], [ 73.63301, 33.53999 ], [ 73.63358, 33.52642 ], [ 73.63011, 33.52573 ], [ 73.62792, 33.52529 ], [ 73.62613, 33.52405 ], [ 73.62057, 33.52021 ], [ 73.6121, 33.50834 ], [ 73.61174, 33.49813 ], [ 73.61153, 33.49194 ], [ 73.62566, 33.47159 ], [ 73.62975, 33.45779 ], [ 73.63018, 33.45633 ], [ 73.62338, 33.45252 ], [ 73.61605, 33.44842 ], [ 73.61568, 33.44806 ], [ 73.60192, 33.43485 ], [ 73.5955, 33.4205 ], [ 73.59294, 33.41478 ], [ 73.59231, 33.41337 ], [ 73.5827, 33.40263 ], [ 73.57592, 33.3772 ], [ 73.57931, 33.35798 ], [ 73.58892, 33.34158 ], [ 73.59909, 33.34102 ], [ 73.60626, 33.33609 ], [ 73.60814, 33.3348 ], [ 73.60362, 33.31897 ], [ 73.60644, 33.31203 ], [ 73.60887, 33.30604 ], [ 73.61097, 33.30089 ], [ 73.61831, 33.28902 ], [ 73.61436, 33.27884 ], [ 73.62284, 33.26471 ], [ 73.62468, 33.25525 ], [ 73.62736, 33.24153 ], [ 73.64488, 33.23419 ], [ 73.64714, 33.22288 ], [ 73.64959, 33.2226 ], [ 73.64979, 33.22258 ], [ 73.65537, 33.22193 ], [ 73.66184, 33.22119 ], [ 73.66656, 33.21552 ], [ 73.66712, 33.21485 ], [ 73.66946, 33.21204 ], [ 73.67032, 33.21101 ], [ 73.67145, 33.16296 ], [ 73.67032, 33.15222 ], [ 73.65675, 33.14544 ], [ 73.64006, 33.13988 ], [ 73.63979, 33.13979 ], [ 73.63779, 33.13871 ], [ 73.6376, 33.13861 ], [ 73.63133, 33.13523 ], [ 73.6251, 33.13187 ], [ 73.62397, 33.11435 ], [ 73.62554, 33.11111 ], [ 73.63414, 33.09344 ], [ 73.64717, 33.08462 ], [ 73.65336, 33.08044 ], [ 73.67434, 33.07738 ], [ 73.68049, 33.07648 ], [ 73.69581, 33.07275 ], [ 73.69597, 33.07272 ], [ 73.70141, 33.07139 ], [ 73.72662, 33.06484 ], [ 73.72967, 33.06404 ], [ 73.74606, 33.05613 ], [ 73.74877, 33.05359 ], [ 73.75511, 33.04765 ], [ 73.76471, 33.03352 ], [ 73.77385, 33.02347 ], [ 73.77399, 33.02332 ], [ 73.77602, 33.02108 ], [ 73.78288, 33.01886 ], [ 73.79497, 33.01495 ], [ 73.79524, 33.01487 ], [ 73.81615, 33.01034 ], [ 73.81827, 33.01061 ], [ 73.82972, 33.01204 ], [ 73.85528, 33.02482 ], [ 73.85685, 33.02561 ], [ 73.87764, 33.0346 ], [ 73.87777, 33.03465 ], [ 73.88287, 33.03552 ], [ 73.88758, 33.03632 ], [ 73.89558, 33.03768 ], [ 73.90433, 33.03917 ], [ 73.92581, 33.03409 ], [ 73.94503, 33.01995 ], [ 73.94784, 33.01574 ], [ 73.95062, 33.01158 ], [ 73.9517, 33.00995 ], [ 73.95594, 33.00359 ], [ 73.9586, 32.99961 ], [ 73.98403, 32.96682 ], [ 74.00099, 32.95438 ], [ 74.02756, 32.94195 ], [ 74.03454, 32.93884 ], [ 74.03547, 32.93843 ], [ 74.05299, 32.93064 ], [ 74.06686, 32.93029 ], [ 74.07504, 32.93008 ], [ 74.09256, 32.92216 ], [ 74.1163, 32.90916 ], [ 74.14711, 32.89663 ], [ 74.16491, 32.88938 ], [ 74.16959, 32.88537 ], [ 74.17283, 32.8826 ], [ 74.18493, 32.87985 ], [ 74.18526, 32.87977 ], [ 74.18561, 32.8796 ], [ 74.20163, 32.87175 ], [ 74.21296, 32.8662 ], [ 74.23666, 32.85575 ], [ 74.2514, 32.84925 ], [ 74.26967, 32.84023 ], [ 74.27804, 32.8361 ], [ 74.29379, 32.82833 ], [ 74.31498, 32.81887 ], [ 74.32545, 32.8142 ], [ 74.33405, 32.81174 ], [ 74.34127, 32.80968 ], [ 74.3458, 32.79329 ], [ 74.34862, 32.78481 ], [ 74.35993, 32.77576 ], [ 74.35999, 32.77573 ], [ 74.3718, 32.76955 ], [ 74.38875, 32.76728 ], [ 74.40741, 32.77124 ], [ 74.42267, 32.77916 ], [ 74.43011, 32.78312 ], [ 74.43952, 32.78814 ], [ 74.46025, 32.78883 ], [ 74.46146, 32.78827 ], [ 74.46375, 32.7868 ], [ 74.48207, 32.77503 ], [ 74.48749, 32.76835 ], [ 74.49205, 32.76274 ], [ 74.51508, 32.74585 ], [ 74.5234, 32.74613 ], [ 74.53811, 32.74662 ], [ 74.55259, 32.7493 ], [ 74.55884, 32.75046 ], [ 74.5811, 32.75353 ], [ 74.61258, 32.75583 ], [ 74.61459, 32.75767 ], [ 74.61527, 32.7583 ], [ 74.631, 32.77272 ], [ 74.64252, 32.79191 ], [ 74.64022, 32.80957 ], [ 74.64596, 32.82394 ], [ 74.64789, 32.82876 ], [ 74.66141, 32.82801 ], [ 74.66146, 32.82801 ], [ 74.6617, 32.828 ], [ 74.66698, 32.83092 ], [ 74.67553, 32.83567 ], [ 74.67607, 32.8357 ], [ 74.69088, 32.83644 ], [ 74.69849, 32.83416 ], [ 74.69856, 32.83414 ], [ 74.69855, 32.83396 ], [ 74.69779, 32.82262 ], [ 74.69779, 32.8192 ], [ 74.69779, 32.8065 ], [ 74.68858, 32.78808 ], [ 74.67399, 32.76812 ], [ 74.66325, 32.7543 ], [ 74.65787, 32.73434 ], [ 74.65096, 32.71361 ], [ 74.65151, 32.7096 ], [ 74.65403, 32.69135 ], [ 74.66632, 32.67292 ], [ 74.67476, 32.66524 ], [ 74.66555, 32.64682 ], [ 74.66117, 32.63953 ], [ 74.65403, 32.62763 ], [ 74.64405, 32.60306 ], [ 74.64405, 32.59209 ], [ 74.64405, 32.58847 ], [ 74.64866, 32.56698 ], [ 74.65126, 32.5632 ], [ 74.65494, 32.55784 ], [ 74.6571, 32.55469 ], [ 74.66175, 32.55166 ], [ 74.67706, 32.54164 ], [ 74.67802, 32.53997 ], [ 74.68206, 32.5329 ], [ 74.68321, 32.5309 ], [ 74.68321, 32.50863 ], [ 74.68321, 32.50013 ], [ 74.68321, 32.49328 ], [ 74.68796, 32.4898 ], [ 74.70009, 32.481 ], [ 74.72205, 32.48173 ], [ 74.72312, 32.48176 ], [ 74.7239, 32.48171 ], [ 74.74598, 32.48016 ], [ 74.75361, 32.47962 ], [ 74.76687, 32.47869 ], [ 74.80219, 32.4833 ], [ 74.82292, 32.49328 ], [ 74.85593, 32.49251 ], [ 74.85857, 32.49132 ], [ 74.86416, 32.48881 ], [ 74.88431, 32.47974 ], [ 74.88664, 32.47869 ], [ 74.88854, 32.47362 ], [ 74.89124, 32.46641 ], [ 74.91427, 32.46334 ], [ 74.9368, 32.46539 ], [ 74.93961, 32.46564 ], [ 74.94848, 32.45943 ], [ 74.95496, 32.45489 ], [ 74.96339, 32.45258 ], [ 74.96425, 32.45234 ], [ 74.98021, 32.44795 ], [ 74.98316, 32.44714 ], [ 74.98567, 32.44645 ], [ 74.99872, 32.45643 ], [ 75.02482, 32.48253 ], [ 75.03797, 32.49153 ], [ 75.03941, 32.49251 ], [ 75.05706, 32.48407 ], [ 75.07242, 32.4833 ], [ 75.07475, 32.48213 ], [ 75.08713, 32.47594 ], [ 75.09391, 32.47255 ], [ 75.12078, 32.44261 ], [ 75.12297, 32.43552 ], [ 75.12693, 32.42265 ], [ 75.1276, 32.42213 ], [ 75.1313, 32.41925 ], [ 75.13384, 32.41728 ], [ 75.13555, 32.41683 ], [ 75.14815, 32.41351 ], [ 75.14842, 32.41344 ], [ 75.16915, 32.41728 ], [ 75.18911, 32.42342 ], [ 75.19358, 32.41411 ], [ 75.19832, 32.40422 ], [ 75.20222, 32.40212 ], [ 75.2083, 32.39885 ], [ 75.22596, 32.39885 ], [ 75.23747, 32.39424 ], [ 75.24185, 32.3912 ], [ 75.25513, 32.38196 ], [ 75.25852, 32.37755 ], [ 75.26281, 32.37198 ], [ 75.27284, 32.3708 ], [ 75.27585, 32.37044 ], [ 75.27732, 32.36868 ], [ 75.28738, 32.35663 ], [ 75.31271, 32.34127 ], [ 75.32455, 32.33578 ], [ 75.3395, 32.32885 ], [ 75.33941, 32.3277 ], [ 75.33394, 32.32658 ], [ 75.33667, 32.32259 ], [ 75.33579, 32.31574 ], [ 75.33433, 32.30437 ], [ 75.33512, 32.30076 ], [ 75.33551, 32.29901 ], [ 75.33623, 32.29574 ], [ 75.33685, 32.29452 ], [ 75.33813, 32.29205 ], [ 75.33992, 32.28857 ], [ 75.34623, 32.28549 ], [ 75.34939, 32.28395 ], [ 75.35233, 32.27955 ], [ 75.35595, 32.27416 ], [ 75.37018, 32.27359 ], [ 75.37218, 32.27352 ], [ 75.37515, 32.27197 ], [ 75.37664, 32.27119 ], [ 75.37681, 32.27094 ], [ 75.37939, 32.26709 ], [ 75.38081, 32.26496 ], [ 75.38117, 32.26365 ], [ 75.38187, 32.26111 ], [ 75.3754, 32.25256 ], [ 75.37487, 32.22914 ], [ 75.37479, 32.22567 ], [ 75.37476, 32.22432 ], [ 75.36394, 32.21627 ], [ 75.36042, 32.21452 ], [ 75.3548, 32.21172 ], [ 75.32285, 32.20132 ], [ 75.32034, 32.19754 ], [ 75.31856, 32.19487 ], [ 75.31719, 32.19281 ], [ 75.31722, 32.19196 ], [ 75.31779, 32.17082 ], [ 75.31423, 32.15919 ], [ 75.3094, 32.15461 ], [ 75.29896, 32.14964 ], [ 75.28803, 32.14443 ], [ 75.28327, 32.14217 ], [ 75.27771, 32.13577 ], [ 75.27725, 32.13524 ], [ 75.27564, 32.1244 ], [ 75.27481, 32.11885 ], [ 75.27197, 32.11275 ], [ 75.26529, 32.10754 ], [ 75.23917, 32.08715 ], [ 75.23787, 32.08652 ], [ 75.23343, 32.08436 ], [ 75.22776, 32.08456 ], [ 75.22613, 32.08706 ], [ 75.22357, 32.09101 ], [ 75.22466, 32.10353 ], [ 75.22496, 32.1069 ], [ 75.22317, 32.11138 ], [ 75.22271, 32.11253 ], [ 75.21204, 32.11914 ], [ 75.21181, 32.11902 ], [ 75.21166, 32.11895 ], [ 75.21144, 32.11884 ], [ 75.21128, 32.11876 ], [ 75.20872, 32.11747 ], [ 75.20501, 32.1156 ], [ 75.20137, 32.10534 ], [ 75.20126, 32.09777 ], [ 75.20118, 32.0918 ], [ 75.19996, 32.08985 ], [ 75.19435, 32.08093 ], [ 75.18946, 32.0777 ], [ 75.1719, 32.06612 ], [ 75.15195, 32.06678 ], [ 75.12669, 32.0743 ], [ 75.11596, 32.06472 ], [ 75.11115, 32.06044 ], [ 75.11111, 32.0604 ], [ 75.11105, 32.06034 ], [ 75.11098, 32.06028 ], [ 75.11094, 32.06025 ], [ 75.10038, 32.05974 ], [ 75.09592, 32.05953 ], [ 75.09051, 32.05652 ], [ 75.08736, 32.05476 ], [ 75.08599, 32.05502 ], [ 75.08274, 32.05565 ], [ 75.08163, 32.05586 ], [ 75.07363, 32.06282 ], [ 75.05428, 32.04454 ], [ 75.05085, 32.04131 ], [ 75.04756, 32.03993 ], [ 75.04588, 32.03924 ], [ 75.03752, 32.03999 ], [ 75.03099, 32.04058 ], [ 75.02303, 32.03905 ], [ 75.01776, 32.03538 ], [ 75.0117, 32.03116 ], [ 75.01061, 32.0304 ], [ 75.00493, 32.02875 ], [ 75.0, 32.02869 ], [ 74.99948, 32.02868 ], [ 74.99921, 32.02868 ], [ 74.99893, 32.02867 ], [ 74.99841, 32.02867 ], [ 74.99558, 32.03021 ], [ 74.99141, 32.03248 ], [ 74.98742, 32.03465 ], [ 74.98737, 32.03469 ], [ 74.98717, 32.03484 ], [ 74.98709, 32.0349 ], [ 74.98692, 32.03503 ], [ 74.96613, 32.05066 ], [ 74.96032, 32.05503 ], [ 74.95374, 32.05707 ], [ 74.9463, 32.05939 ], [ 74.9325, 32.06031 ], [ 74.93196, 32.06014 ], [ 74.92014, 32.05627 ], [ 74.91083, 32.05042 ], [ 74.90904, 32.04929 ], [ 74.90888, 32.04916 ], [ 74.90068, 32.04255 ], [ 74.88177, 32.0273 ], [ 74.87931, 32.02562 ], [ 74.86694, 32.01718 ], [ 74.86649, 32.01688 ], [ 74.85095, 32.00627 ], [ 74.84805, 32.00253 ], [ 74.84724, 32.00149 ], [ 74.83806, 32.00061 ], [ 74.83568, 32.00038 ], [ 74.83168, 32.0 ], [ 74.83096, 31.99865 ], [ 74.83039, 31.99758 ], [ 74.82458, 31.98666 ], [ 74.82345, 31.98294 ], [ 74.82245, 31.97962 ], [ 74.8194, 31.97325 ], [ 74.81087, 31.95541 ], [ 74.80914, 31.95227 ], [ 74.80825, 31.95065 ], [ 74.8078, 31.94983 ], [ 74.80688, 31.94902 ], [ 74.80449, 31.94691 ], [ 74.79839, 31.94405 ], [ 74.78455, 31.9396 ], [ 74.77672, 31.93845 ], [ 74.76189, 31.93627 ], [ 74.75074, 31.93665 ], [ 74.73642, 31.93713 ], [ 74.73388, 31.93844 ], [ 74.72665, 31.94218 ], [ 74.72574, 31.94379 ], [ 74.7183, 31.95683 ], [ 74.71779, 31.95774 ], [ 74.71465, 31.95781 ], [ 74.7092, 31.95795 ], [ 74.70506, 31.93058 ], [ 74.70435, 31.92833 ], [ 74.70326, 31.9249 ], [ 74.69608, 31.92028 ], [ 74.68614, 31.91388 ], [ 74.67857, 31.90902 ], [ 74.64772, 31.88481 ], [ 74.64511, 31.88217 ], [ 74.63884, 31.87586 ], [ 74.62252, 31.86366 ], [ 74.61986, 31.86167 ], [ 74.61038, 31.85747 ], [ 74.58993, 31.84841 ], [ 74.58849, 31.84721 ], [ 74.58356, 31.84311 ], [ 74.58286, 31.84253 ], [ 74.58138, 31.84129 ], [ 74.58011, 31.83878 ], [ 74.57623, 31.83111 ], [ 74.57613, 31.82791 ], [ 74.57515, 31.82637 ], [ 74.57302, 31.82302 ], [ 74.57124, 31.82235 ], [ 74.56936, 31.82165 ], [ 74.56728, 31.82087 ], [ 74.5652, 31.82106 ], [ 74.5582, 31.82169 ], [ 74.54454, 31.82227 ], [ 74.54382, 31.8223 ], [ 74.54184, 31.81878 ], [ 74.54168, 31.81297 ], [ 74.54147, 31.80553 ], [ 74.5401, 31.79805 ], [ 74.53792, 31.78621 ], [ 74.53995, 31.77744 ], [ 74.54067, 31.77397 ], [ 74.54163, 31.76932 ], [ 74.54316, 31.76713 ], [ 74.546, 31.76309 ], [ 74.54547, 31.75761 ], [ 74.5429, 31.75657 ], [ 74.54164, 31.75606 ], [ 74.53371, 31.75687 ], [ 74.53344, 31.75702 ], [ 74.52551, 31.76155 ], [ 74.5206, 31.76197 ], [ 74.52042, 31.76189 ], [ 74.5179, 31.76076 ], [ 74.51715, 31.76042 ], [ 74.51775, 31.75427 ], [ 74.51807, 31.74423 ], [ 74.51816, 31.74165 ], [ 74.51816, 31.74162 ], [ 74.51728, 31.72291 ], [ 74.51978, 31.71769 ], [ 74.53023, 31.69809 ], [ 74.53558, 31.68984 ], [ 74.54149, 31.68073 ], [ 74.55711, 31.65714 ], [ 74.57182, 31.63395 ], [ 74.5758, 31.62765 ], [ 74.5785, 31.6234 ], [ 74.58347, 31.61266 ], [ 74.58635, 31.60643 ], [ 74.59261, 31.59231 ], [ 74.60086, 31.56799 ], [ 74.60091, 31.56784 ], [ 74.60207, 31.56061 ], [ 74.6058, 31.53748 ], [ 74.60585, 31.53697 ], [ 74.60734, 31.51889 ], [ 74.6099, 31.5115 ], [ 74.61174, 31.50619 ], [ 74.61968, 31.49824 ], [ 74.63057, 31.48735 ], [ 74.63425, 31.48366 ], [ 74.63631, 31.47901 ], [ 74.63948, 31.47184 ], [ 74.64111, 31.4647 ], [ 74.63065, 31.43744 ], [ 74.62534, 31.42362 ], [ 74.62457, 31.42299 ], [ 74.6012, 31.40403 ], [ 74.59457, 31.39709 ], [ 74.58611, 31.37803 ], [ 74.57277, 31.34801 ], [ 74.57212, 31.34654 ], [ 74.56966, 31.34087 ], [ 74.56847, 31.33814 ], [ 74.56809, 31.33724 ], [ 74.56793, 31.33657 ], [ 74.5678, 31.33602 ], [ 74.56752, 31.33481 ], [ 74.5675, 31.33475 ], [ 74.55794, 31.31255 ], [ 74.55187, 31.29845 ], [ 74.55025, 31.2947 ], [ 74.55036, 31.2925 ], [ 74.55167, 31.26637 ], [ 74.5526, 31.26309 ], [ 74.55312, 31.26129 ], [ 74.55206, 31.25307 ], [ 74.53721, 31.20553 ], [ 74.53364, 31.19393 ], [ 74.53313, 31.16942 ], [ 74.53375, 31.166 ], [ 74.53585, 31.15423 ], [ 74.54417, 31.1361 ], [ 74.54475, 31.13486 ], [ 74.54499, 31.13433 ], [ 74.54532, 31.13361 ], [ 74.55617, 31.12327 ], [ 74.55964, 31.11991 ], [ 74.5598, 31.11976 ], [ 74.56133, 31.11829 ], [ 74.56419, 31.11552 ], [ 74.57413, 31.11001 ], [ 74.57985, 31.10845 ], [ 74.58152, 31.108 ], [ 74.58582, 31.10863 ], [ 74.59088, 31.10938 ], [ 74.59184, 31.11009 ], [ 74.60426, 31.11937 ], [ 74.6139, 31.11914 ], [ 74.61756, 31.11905 ], [ 74.63687, 31.11491 ], [ 74.65068, 31.11246 ], [ 74.66444, 31.10667 ], [ 74.66622, 31.10506 ], [ 74.67042, 31.10128 ], [ 74.67178, 31.10005 ], [ 74.6722, 31.09926 ], [ 74.67892, 31.08663 ], [ 74.67903, 31.08637 ], [ 74.68081, 31.08214 ], [ 74.68225, 31.07871 ], [ 74.68385, 31.07488 ], [ 74.68596, 31.06863 ], [ 74.68715, 31.06509 ], [ 74.6857, 31.06146 ], [ 74.68247, 31.05884 ], [ 74.67995, 31.05679 ], [ 74.66904, 31.05664 ], [ 74.66212, 31.05654 ], [ 74.65902, 31.05463 ], [ 74.65641, 31.05302 ], [ 74.65442, 31.04955 ], [ 74.65161, 31.04465 ], [ 74.64916, 31.02684 ], [ 74.63913, 31.02112 ], [ 74.63316, 31.02171 ], [ 74.62693, 31.02233 ], [ 74.61778, 31.02737 ], [ 74.60711, 31.03709 ], [ 74.60512, 31.0389 ], [ 74.60154, 31.04227 ], [ 74.59737, 31.0462 ], [ 74.59489, 31.04918 ], [ 74.5925, 31.05204 ], [ 74.58113, 31.06046 ], [ 74.57792, 31.06283 ], [ 74.5717, 31.06744 ], [ 74.56914, 31.06746 ], [ 74.55966, 31.06752 ], [ 74.55839, 31.06753 ], [ 74.55537, 31.06452 ], [ 74.55344, 31.0626 ], [ 74.54422, 31.01515 ], [ 74.54434, 31.01298 ], [ 74.54455, 31.00895 ], [ 74.54848, 30.99284 ], [ 74.54173, 30.98724 ], [ 74.53602, 30.98399 ], [ 74.53361, 30.98262 ], [ 74.51758, 30.97177 ], [ 74.51469, 30.97046 ], [ 74.51103, 30.9688 ], [ 74.5022, 30.96479 ], [ 74.49888, 30.96621 ], [ 74.49144, 30.9694 ], [ 74.48509, 30.97047 ], [ 74.47059, 30.96599 ], [ 74.46933, 30.96445 ], [ 74.46783, 30.96261 ], [ 74.4654, 30.96187 ], [ 74.46434, 30.96155 ], [ 74.46363, 30.96104 ], [ 74.46042, 30.95878 ], [ 74.44639, 30.9489 ], [ 74.42867, 30.93441 ], [ 74.4207, 30.92588 ], [ 74.41989, 30.91816 ], [ 74.41921, 30.9117 ], [ 74.41611, 30.90604 ], [ 74.41293, 30.90634 ], [ 74.39504, 30.90354 ], [ 74.38272, 30.89167 ], [ 74.37834, 30.89021 ], [ 74.37627, 30.88952 ], [ 74.37412, 30.8887 ], [ 74.36553, 30.88541 ], [ 74.3626, 30.8805 ], [ 74.36188, 30.8793 ], [ 74.36221, 30.87242 ], [ 74.36919, 30.86295 ], [ 74.37115, 30.86029 ], [ 74.37129, 30.85908 ], [ 74.37199, 30.85294 ], [ 74.37056, 30.85181 ], [ 74.36365, 30.84632 ], [ 74.36301, 30.84581 ], [ 74.35876, 30.8459 ], [ 74.35303, 30.84898 ], [ 74.35131, 30.8499 ], [ 74.35118, 30.84997 ], [ 74.34408, 30.85242 ], [ 74.33649, 30.84732 ], [ 74.32533, 30.84734 ], [ 74.32347, 30.8461 ], [ 74.31964, 30.84357 ], [ 74.31812, 30.82779 ], [ 74.3065, 30.81398 ], [ 74.30051, 30.80685 ], [ 74.29826, 30.80222 ], [ 74.29457, 30.7946 ], [ 74.2996, 30.78509 ], [ 74.29623, 30.77852 ], [ 74.29267, 30.77615 ], [ 74.28756, 30.77275 ], [ 74.28025, 30.77276 ], [ 74.265, 30.77278 ], [ 74.26221, 30.76803 ], [ 74.26526, 30.76385 ], [ 74.26629, 30.76244 ], [ 74.2737, 30.74325 ], [ 74.28246, 30.73458 ], [ 74.28232, 30.73364 ], [ 74.28181, 30.73023 ], [ 74.28093, 30.72988 ], [ 74.28074, 30.7298 ], [ 74.28067, 30.72977 ], [ 74.27966, 30.72936 ], [ 74.27244, 30.73069 ], [ 74.26831, 30.73145 ], [ 74.25401, 30.72304 ], [ 74.24344, 30.72234 ], [ 74.24098, 30.72218 ], [ 74.23216, 30.71962 ], [ 74.22837, 30.71535 ], [ 74.22201, 30.70815 ], [ 74.20818, 30.68827 ], [ 74.19684, 30.67177 ], [ 74.19071, 30.66467 ], [ 74.18615, 30.65939 ], [ 74.18324, 30.65945 ], [ 74.176, 30.65344 ], [ 74.16841, 30.64714 ], [ 74.15093, 30.63262 ], [ 74.14395, 30.6291 ], [ 74.13594, 30.62884 ], [ 74.13491, 30.6288 ], [ 74.13121, 30.62868 ], [ 74.1214, 30.62059 ], [ 74.11629, 30.61638 ], [ 74.10421, 30.61288 ], [ 74.10118, 30.60887 ], [ 74.10035, 30.60776 ], [ 74.10092, 30.59998 ], [ 74.09725, 30.58471 ], [ 74.09596, 30.57935 ], [ 74.09614, 30.57698 ], [ 74.09711, 30.56379 ], [ 74.08893, 30.56196 ], [ 74.08031, 30.56003 ], [ 74.07749, 30.55676 ], [ 74.07565, 30.55462 ], [ 74.07581, 30.55072 ], [ 74.0844, 30.54504 ], [ 74.08462, 30.5427 ], [ 74.08481, 30.54068 ], [ 74.07761, 30.52936 ], [ 74.06651, 30.52019 ], [ 74.0664, 30.52021 ], [ 74.06022, 30.52125 ], [ 74.0557, 30.52201 ], [ 74.04767, 30.52859 ], [ 74.04268, 30.5347 ], [ 74.04172, 30.53588 ], [ 74.04024, 30.53769 ], [ 74.03197, 30.53579 ], [ 74.02561, 30.52537 ], [ 74.00303, 30.5127 ], [ 73.98852, 30.50456 ], [ 73.98448, 30.50122 ], [ 73.98365, 30.50053 ], [ 73.97947, 30.49578 ], [ 73.97273, 30.48813 ], [ 73.96997, 30.48252 ], [ 73.96882, 30.48019 ], [ 73.96653, 30.46349 ], [ 73.96268, 30.45761 ], [ 73.95721, 30.45788 ], [ 73.95528, 30.45798 ], [ 73.95049, 30.46044 ], [ 73.94691, 30.46227 ], [ 73.93529, 30.46296 ], [ 73.93232, 30.45852 ], [ 73.93227, 30.45843 ], [ 73.93663, 30.44298 ], [ 73.93161, 30.43322 ], [ 73.93034, 30.42499 ], [ 73.92894, 30.42268 ], [ 73.92786, 30.42091 ], [ 73.92016, 30.42014 ], [ 73.90342, 30.4168 ], [ 73.9012, 30.41271 ], [ 73.8943, 30.40337 ], [ 73.89352, 30.40231 ], [ 73.88941, 30.39897 ], [ 73.8886, 30.39831 ], [ 73.88179, 30.39277 ], [ 73.87975, 30.39111 ], [ 73.87321, 30.38344 ], [ 73.8715, 30.37722 ], [ 73.87089, 30.375 ], [ 73.87126, 30.36857 ], [ 73.87441, 30.36298 ], [ 73.87531, 30.36138 ], [ 73.87976, 30.35992 ], [ 73.8933, 30.35187 ], [ 73.9098, 30.34135 ], [ 73.92113, 30.33413 ], [ 73.92137, 30.33363 ], [ 73.92152, 30.33332 ], [ 73.92189, 30.33251 ], [ 73.92694, 30.32634 ], [ 73.93089, 30.32153 ], [ 73.94366, 30.30594 ], [ 73.94623, 30.3005 ], [ 73.94793, 30.29692 ], [ 73.95317, 30.28526 ], [ 73.95667, 30.27748 ], [ 73.96453, 30.24453 ], [ 73.96662, 30.22422 ], [ 73.96686, 30.2219 ], [ 73.96896, 30.20155 ], [ 73.96664, 30.19512 ], [ 73.96526, 30.1913 ], [ 73.95763, 30.18549 ], [ 73.94658, 30.17707 ], [ 73.9456, 30.17632 ], [ 73.93191, 30.16719 ], [ 73.93084, 30.16656 ], [ 73.91342, 30.15631 ], [ 73.90587, 30.1498 ], [ 73.85136, 30.11163 ], [ 73.84854, 30.10832 ], [ 73.84809, 30.10779 ], [ 73.84709, 30.10732 ], [ 73.84249, 30.10515 ], [ 73.82149, 30.08788 ], [ 73.81444, 30.07999 ], [ 73.80391, 30.06986 ], [ 73.78795, 30.06396 ], [ 73.77681, 30.06118 ], [ 73.77041, 30.05809 ], [ 73.71658, 30.04508 ], [ 73.71156, 30.04448 ], [ 73.62924, 30.02418 ], [ 73.62913, 30.02415 ], [ 73.61802, 30.02251 ], [ 73.57822, 30.01012 ], [ 73.5583, 30.00288 ], [ 73.55344, 30.00109 ], [ 73.55049, 30.0 ], [ 73.46694, 29.96908 ], [ 73.40829, 29.94754 ], [ 73.39652, 29.93901 ], [ 73.39552, 29.93546 ], [ 73.39258, 29.92503 ], [ 73.39027, 29.91686 ], [ 73.3848, 29.90214 ], [ 73.38136, 29.89291 ], [ 73.381, 29.89061 ], [ 73.38015, 29.88513 ], [ 73.37909, 29.88446 ], [ 73.37802, 29.88379 ], [ 73.37782, 29.88097 ], [ 73.37765, 29.87852 ], [ 73.37004, 29.85363 ], [ 73.35411, 29.80107 ], [ 73.34665, 29.77646 ], [ 73.3427, 29.76276 ], [ 73.33603, 29.74496 ], [ 73.33613, 29.74003 ], [ 73.33616, 29.73831 ], [ 73.33452, 29.73601 ], [ 73.33292, 29.73377 ], [ 73.33067, 29.72647 ], [ 73.32615, 29.71246 ], [ 73.32367, 29.70478 ], [ 73.31699, 29.68274 ], [ 73.31018, 29.66025 ], [ 73.29928, 29.62648 ], [ 73.28586, 29.5849 ], [ 73.27791, 29.56422 ], [ 73.27481, 29.55616 ], [ 73.25823, 29.52612 ], [ 73.25504, 29.52388 ], [ 73.25172, 29.51521 ], [ 73.24836, 29.50938 ], [ 73.23844, 29.49223 ], [ 73.23718, 29.49087 ], [ 73.23399, 29.48744 ], [ 73.23255, 29.48589 ], [ 73.23033, 29.47927 ], [ 73.21834, 29.45895 ], [ 73.21436, 29.4522 ], [ 73.20972, 29.44476 ], [ 73.19733, 29.42491 ], [ 73.17598, 29.38942 ], [ 73.1757, 29.38897 ], [ 73.13201, 29.31868 ], [ 73.13088, 29.31433 ], [ 73.11771, 29.29284 ], [ 73.09827, 29.26109 ], [ 73.09702, 29.25681 ], [ 73.0966, 29.25538 ], [ 73.04434, 29.19803 ], [ 73.04401, 29.19764 ], [ 73.03366, 29.18532 ], [ 73.02612, 29.17761 ], [ 73.00574, 29.15677 ], [ 73.00093, 29.15086 ], [ 73.00034, 29.14855 ], [ 72.99982, 29.14652 ], [ 72.96522, 29.07721 ], [ 72.9638, 29.07292 ], [ 72.96248, 29.06898 ], [ 72.9512, 29.04719 ], [ 72.95052, 29.04587 ], [ 72.94442, 29.0341 ], [ 72.93622, 29.02755 ], [ 72.91862, 29.02065 ], [ 72.91496, 29.02024 ], [ 72.88593, 29.00913 ], [ 72.87137, 29.00356 ], [ 72.84722, 28.99491 ], [ 72.78109, 28.96975 ], [ 72.7737, 28.96674 ], [ 72.75642, 28.95969 ], [ 72.74585, 28.95584 ], [ 72.73019, 28.95012 ], [ 72.72342, 28.94522 ], [ 72.72176, 28.94402 ], [ 72.70678, 28.93569 ], [ 72.70472, 28.93487 ], [ 72.69891, 28.93257 ], [ 72.68603, 28.92582 ], [ 72.68229, 28.92305 ], [ 72.67655, 28.91881 ], [ 72.64379, 28.90035 ], [ 72.62295, 28.88862 ], [ 72.61978, 28.88521 ], [ 72.61929, 28.88525 ], [ 72.61613, 28.88548 ], [ 72.61192, 28.88162 ], [ 72.60045, 28.876 ], [ 72.58804, 28.86993 ], [ 72.57699, 28.86224 ], [ 72.55862, 28.85232 ], [ 72.55417, 28.85111 ], [ 72.55208, 28.85055 ], [ 72.54339, 28.84329 ], [ 72.53573, 28.83947 ], [ 72.53527, 28.83924 ], [ 72.52161, 28.83144 ], [ 72.50641, 28.82276 ], [ 72.49904, 28.819 ], [ 72.49474, 28.8168 ], [ 72.47286, 28.80563 ], [ 72.44088, 28.79537 ], [ 72.41795, 28.788 ], [ 72.41647, 28.78759 ], [ 72.41142, 28.78622 ], [ 72.39683, 28.77514 ], [ 72.39619, 28.77465 ], [ 72.32982, 28.70384 ], [ 72.30196, 28.66482 ], [ 72.29344, 28.64101 ], [ 72.28551, 28.61882 ], [ 72.28417, 28.61486 ], [ 72.28195, 28.6083 ], [ 72.27962, 28.60142 ], [ 72.25342, 28.52703 ], [ 72.25175, 28.52034 ], [ 72.24936, 28.51077 ], [ 72.24616, 28.50755 ], [ 72.24438, 28.50576 ], [ 72.24354, 28.49882 ], [ 72.24325, 28.49636 ], [ 72.23914, 28.48453 ], [ 72.23577, 28.47484 ], [ 72.2285, 28.45463 ], [ 72.20885, 28.39998 ], [ 72.19505, 28.37627 ], [ 72.18443, 28.358 ], [ 72.16383, 28.34263 ], [ 72.15668, 28.3373 ], [ 72.15143, 28.33337 ], [ 72.15069, 28.33003 ], [ 72.15062, 28.32971 ], [ 72.14067, 28.31876 ], [ 72.12421, 28.30395 ], [ 72.10071, 28.28657 ], [ 72.08821, 28.27734 ], [ 72.05902, 28.25732 ], [ 72.05662, 28.25553 ], [ 72.05573, 28.25486 ], [ 72.0208, 28.22874 ], [ 72.01914, 28.2275 ], [ 72.01774, 28.22626 ], [ 71.99203, 28.20356 ], [ 71.97908, 28.1882 ], [ 71.9693, 28.1766 ], [ 71.92227, 28.11397 ], [ 71.92195, 28.10714 ], [ 71.92166, 28.10089 ], [ 71.91633, 28.07128 ], [ 71.91093, 28.04126 ], [ 71.90568, 28.00562 ], [ 71.89957, 27.9642 ], [ 71.89875, 27.96367 ], [ 71.89023, 27.95828 ], [ 71.8858, 27.95701 ], [ 71.87929, 27.95514 ], [ 71.86823, 27.95196 ], [ 71.83327, 27.94157 ], [ 71.74888, 27.91118 ], [ 71.74816, 27.91094 ], [ 71.74591, 27.91019 ], [ 71.73433, 27.90633 ], [ 71.72508, 27.90324 ], [ 71.69635, 27.89187 ], [ 71.67488, 27.88552 ], [ 71.63505, 27.88166 ], [ 71.58549, 27.87685 ], [ 71.51136, 27.87361 ], [ 71.46106, 27.87132 ], [ 71.41967, 27.86943 ], [ 71.35252, 27.86608 ], [ 71.34323, 27.86495 ], [ 71.27157, 27.85289 ], [ 71.24949, 27.84918 ], [ 71.24407, 27.84941 ], [ 71.23393, 27.84648 ], [ 71.22108, 27.84276 ], [ 71.16869, 27.82095 ], [ 71.15488, 27.81485 ], [ 71.10863, 27.79438 ], [ 71.08664, 27.78465 ], [ 71.04728, 27.76824 ], [ 71.01599, 27.7552 ], [ 70.97224, 27.73721 ], [ 70.93249, 27.72086 ], [ 70.90583, 27.71076 ], [ 70.90571, 27.71071 ], [ 70.88535, 27.70584 ], [ 70.86549, 27.70511 ], [ 70.84614, 27.70897 ], [ 70.84413, 27.70913 ], [ 70.81829, 27.71119 ], [ 70.81533, 27.71151 ], [ 70.80384, 27.71276 ], [ 70.76721, 27.71495 ], [ 70.76233, 27.7161 ], [ 70.75767, 27.71721 ], [ 70.75525, 27.72086 ], [ 70.75491, 27.72136 ], [ 70.75144, 27.7266 ], [ 70.73989, 27.73993 ], [ 70.73795, 27.74217 ], [ 70.72575, 27.76026 ], [ 70.724, 27.76392 ], [ 70.72287, 27.7663 ], [ 70.72159, 27.76897 ], [ 70.71888, 27.77191 ], [ 70.716, 27.77504 ], [ 70.71484, 27.77629 ], [ 70.71459, 27.77786 ], [ 70.71432, 27.7795 ], [ 70.71166, 27.78372 ], [ 70.70521, 27.79393 ], [ 70.70453, 27.79602 ], [ 70.70386, 27.79809 ], [ 70.70312, 27.80035 ], [ 70.701, 27.80349 ], [ 70.69818, 27.80768 ], [ 70.69376, 27.81352 ], [ 70.68935, 27.81935 ], [ 70.68714, 27.82334 ], [ 70.67841, 27.83905 ], [ 70.67778, 27.84193 ], [ 70.677, 27.84544 ], [ 70.67577, 27.85098 ], [ 70.67452, 27.85904 ], [ 70.67285, 27.86979 ], [ 70.67211, 27.91432 ], [ 70.66137, 27.92954 ], [ 70.6607, 27.9305 ], [ 70.659, 27.93212 ], [ 70.64643, 27.94407 ], [ 70.62826, 27.96136 ], [ 70.59876, 27.98834 ], [ 70.56751, 28.01556 ], [ 70.56263, 28.0198 ], [ 70.55251, 28.02378 ], [ 70.53033, 28.03249 ], [ 70.52167, 28.03378 ], [ 70.50983, 28.03554 ], [ 70.48974, 28.03436 ], [ 70.47909, 28.03374 ], [ 70.45972, 28.0295 ], [ 70.44795, 28.02608 ], [ 70.43236, 28.02155 ], [ 70.4212, 28.01955 ], [ 70.4086, 28.01729 ], [ 70.36617, 28.00825 ], [ 70.33646, 27.98311 ], [ 70.33379, 27.97863 ], [ 70.33289, 27.97712 ], [ 70.32323, 27.96639 ], [ 70.32188, 27.96489 ], [ 70.30291, 27.94617 ], [ 70.30196, 27.94548 ], [ 70.28134, 27.93042 ], [ 70.2076, 27.88538 ], [ 70.20717, 27.8849 ], [ 70.19092, 27.8665 ], [ 70.18127, 27.85558 ], [ 70.17609, 27.8586 ], [ 70.16734, 27.8637 ], [ 70.16088, 27.86746 ], [ 70.14556, 27.87788 ], [ 70.1143, 27.88523 ], [ 70.09408, 27.88952 ], [ 70.07447, 27.89504 ], [ 70.05608, 27.90423 ], [ 70.04137, 27.92078 ], [ 70.0285, 27.93426 ], [ 70.00766, 27.93549 ], [ 69.99418, 27.93978 ], [ 69.98315, 27.9551 ], [ 69.97754, 27.96378 ], [ 69.97089, 27.9741 ], [ 69.96292, 27.98758 ], [ 69.93412, 28.01823 ], [ 69.90531, 28.0458 ], [ 69.88202, 28.07584 ], [ 69.86667, 28.09972 ], [ 69.85996, 28.11016 ], [ 69.84219, 28.14019 ], [ 69.84403, 28.16102 ], [ 69.83729, 28.17022 ], [ 69.83729, 28.18186 ], [ 69.85567, 28.19473 ], [ 69.84954, 28.20638 ], [ 69.83912, 28.22783 ], [ 69.82809, 28.2456 ], [ 69.83054, 28.27134 ], [ 69.81461, 28.27502 ], [ 69.81093, 28.2885 ], [ 69.80971, 28.31179 ], [ 69.81215, 28.32253 ], [ 69.81584, 28.33876 ], [ 69.81155, 28.36143 ], [ 69.7999, 28.36572 ], [ 69.78887, 28.37491 ], [ 69.7619, 28.39514 ], [ 69.75077, 28.40512 ], [ 69.74413, 28.41107 ], [ 69.72545, 28.42674 ], [ 69.72513, 28.42701 ], [ 69.70062, 28.42762 ], [ 69.65526, 28.43314 ], [ 69.62217, 28.43314 ], [ 69.59704, 28.44785 ], [ 69.61665, 28.46991 ], [ 69.60194, 28.47481 ], [ 69.54188, 28.48033 ], [ 69.51124, 28.48523 ], [ 69.47631, 28.48768 ], [ 69.45608, 28.48155 ], [ 69.4377, 28.47665 ], [ 69.42421, 28.46868 ], [ 69.4187, 28.45336 ], [ 69.40767, 28.4503 ], [ 69.39112, 28.44785 ], [ 69.3617, 28.44968 ], [ 69.36084, 28.45124 ], [ 69.35496, 28.46194 ], [ 69.34699, 28.48646 ], [ 69.33841, 28.5122 ], [ 69.33228, 28.52629 ], [ 69.32186, 28.53549 ], [ 69.3188, 28.55203 ], [ 69.32615, 28.55816 ], [ 69.34944, 28.57042 ], [ 69.37702, 28.579 ], [ 69.39847, 28.59003 ], [ 69.41625, 28.59739 ], [ 69.4806, 28.6979 ], [ 69.51798, 28.75121 ], [ 69.52963, 28.77205 ], [ 69.53882, 28.79289 ], [ 69.53392, 28.81373 ], [ 69.52288, 28.83211 ], [ 69.50205, 28.83824 ], [ 69.48121, 28.8505 ], [ 69.49347, 28.89953 ], [ 69.50695, 28.90933 ], [ 69.54066, 28.93201 ], [ 69.55537, 28.95469 ], [ 69.56456, 28.9553 ], [ 69.57743, 28.95898 ], [ 69.58295, 28.97185 ], [ 69.59091, 28.99514 ], [ 69.60133, 29.00739 ], [ 69.60655, 29.01559 ], [ 69.6142, 29.02762 ], [ 69.63075, 29.04171 ], [ 69.63994, 29.05826 ], [ 69.65281, 29.07113 ], [ 69.67794, 29.08032 ], [ 69.69755, 29.08829 ], [ 69.70797, 29.09871 ], [ 69.70858, 29.11036 ], [ 69.71532, 29.12752 ], [ 69.72636, 29.14713 ], [ 69.74536, 29.17287 ], [ 69.74903, 29.18758 ], [ 69.7429, 29.198 ], [ 69.73861, 29.22435 ], [ 69.74413, 29.24457 ], [ 69.75394, 29.26173 ], [ 69.76252, 29.27889 ], [ 69.76497, 29.29483 ], [ 69.75884, 29.30034 ], [ 69.74597, 29.29789 ], [ 69.72636, 29.28441 ], [ 69.7, 29.25989 ], [ 69.68407, 29.25806 ], [ 69.67917, 29.26909 ], [ 69.68039, 29.28809 ], [ 69.6761, 29.29851 ], [ 69.66323, 29.30831 ], [ 69.65404, 29.30831 ], [ 69.63627, 29.31199 ], [ 69.63688, 29.32547 ], [ 69.64914, 29.33528 ], [ 69.66507, 29.35244 ], [ 69.66997, 29.36531 ], [ 69.6571, 29.38798 ], [ 69.63872, 29.40392 ], [ 69.62952, 29.41618 ], [ 69.61236, 29.42292 ], [ 69.6044, 29.41924 ], [ 69.59459, 29.41066 ], [ 69.58172, 29.40331 ], [ 69.56701, 29.4076 ], [ 69.56395, 29.45172 ], [ 69.57375, 29.47808 ], [ 69.59336, 29.49585 ], [ 69.60072, 29.52588 ], [ 69.60194, 29.56326 ], [ 69.60623, 29.60004 ], [ 69.59888, 29.61168 ], [ 69.59275, 29.62761 ], [ 69.6044, 29.63558 ], [ 69.62278, 29.63926 ], [ 69.62768, 29.6601 ], [ 69.63197, 29.66568 ], [ 69.64178, 29.67848 ], [ 69.65136, 29.68458 ], [ 69.66201, 29.69135 ], [ 69.67454, 29.6943 ], [ 69.67457, 29.69431 ], [ 69.68284, 29.69626 ], [ 69.70491, 29.70913 ], [ 69.738, 29.72016 ], [ 69.75087, 29.73854 ], [ 69.77171, 29.7557 ], [ 69.78948, 29.76551 ], [ 69.79622, 29.77777 ], [ 69.79692, 29.77852 ], [ 69.80358, 29.78573 ], [ 69.81093, 29.80473 ], [ 69.81735, 29.81827 ], [ 69.83016, 29.84534 ], [ 69.833, 29.85131 ], [ 69.84587, 29.86663 ], [ 69.86793, 29.88502 ], [ 69.87883, 29.89528 ], [ 69.88765, 29.90358 ], [ 69.88877, 29.90463 ], [ 69.90348, 29.93589 ], [ 69.91267, 29.9604 ], [ 69.91386, 29.96516 ], [ 69.91843, 29.98344 ], [ 69.92063, 29.99224 ], [ 69.92134, 29.99508 ], [ 69.92186, 29.99717 ], [ 69.92468, 30.004 ], [ 69.92633, 30.00799 ], [ 69.92928, 30.01514 ], [ 69.93069, 30.01855 ], [ 69.93195, 30.02159 ], [ 69.93351, 30.02537 ], [ 69.93713, 30.02899 ], [ 69.95925, 30.05111 ], [ 69.97212, 30.0603 ], [ 69.97999, 30.07851 ], [ 69.98192, 30.08298 ], [ 69.98866, 30.10504 ], [ 69.98841, 30.11081 ], [ 69.98805, 30.11913 ], [ 69.98805, 30.12183 ], [ 69.98805, 30.12635 ], [ 69.98805, 30.13243 ], [ 69.98805, 30.13936 ], [ 69.99663, 30.15223 ], [ 70.00092, 30.17307 ], [ 70.00521, 30.18349 ], [ 70.01747, 30.18349 ], [ 70.01502, 30.20494 ], [ 70.02176, 30.21781 ], [ 70.03279, 30.22271 ], [ 70.04404, 30.22452 ], [ 70.04412, 30.22454 ], [ 70.05179, 30.22577 ], [ 70.06343, 30.23742 ], [ 70.07385, 30.25519 ], [ 70.07324, 30.27419 ], [ 70.04627, 30.27848 ], [ 70.01502, 30.27848 ], [ 69.99479, 30.2558 ], [ 69.99234, 30.25274 ], [ 69.97947, 30.24906 ], [ 69.97518, 30.25335 ], [ 69.97518, 30.26193 ], [ 69.9807, 30.27113 ], [ 69.98499, 30.27971 ], [ 69.98683, 30.29258 ], [ 69.98192, 30.29809 ], [ 69.97641, 30.2938 ], [ 69.96108, 30.29196 ], [ 69.96354, 30.31954 ], [ 69.96502, 30.32196 ], [ 69.98008, 30.34651 ], [ 69.99847, 30.38389 ], [ 69.9997, 30.40412 ], [ 69.99908, 30.43415 ], [ 70.0046, 30.45315 ], [ 70.0144, 30.46173 ], [ 70.04382, 30.49789 ], [ 70.05179, 30.51995 ], [ 70.07324, 30.56224 ], [ 70.08795, 30.58737 ], [ 70.09592, 30.62659 ], [ 70.09408, 30.65907 ], [ 70.08734, 30.6701 ], [ 70.08856, 30.6891 ], [ 70.09714, 30.70013 ], [ 70.10204, 30.70933 ], [ 70.10327, 30.72587 ], [ 70.11124, 30.73568 ], [ 70.12411, 30.73629 ], [ 70.15475, 30.73323 ], [ 70.16149, 30.74916 ], [ 70.16823, 30.77429 ], [ 70.20255, 30.77552 ], [ 70.21788, 30.78471 ], [ 70.21971, 30.80371 ], [ 70.22278, 30.82638 ], [ 70.22952, 30.83803 ], [ 70.26936, 30.84048 ], [ 70.27303, 30.8607 ], [ 70.25771, 30.86683 ], [ 70.25342, 30.87664 ], [ 70.26139, 30.9128 ], [ 70.26874, 30.9416 ], [ 70.26752, 30.98818 ], [ 70.26874, 31.03537 ], [ 70.28774, 31.06111 ], [ 70.29448, 31.08624 ], [ 70.29387, 31.10769 ], [ 70.29571, 31.14998 ], [ 70.28836, 31.16223 ], [ 70.28908, 31.16249 ], [ 70.3331, 31.17817 ], [ 70.36925, 31.18981 ], [ 70.39316, 31.19227 ], [ 70.39946, 31.19577 ], [ 70.40419, 31.19839 ], [ 70.40419, 31.20943 ], [ 70.41522, 31.22413 ], [ 70.42561, 31.2437 ], [ 70.42719, 31.2431 ], [ 70.4358, 31.26629 ], [ 70.44131, 31.27372 ], [ 70.44133, 31.27375 ], [ 70.45104, 31.28684 ], [ 70.45977, 31.29067 ], [ 70.46761, 31.29413 ], [ 70.49014, 31.29678 ], [ 70.51002, 31.29876 ], [ 70.51201, 31.29967 ], [ 70.53321, 31.30937 ], [ 70.54183, 31.31798 ], [ 70.54415, 31.32727 ], [ 70.54448, 31.32858 ], [ 70.56303, 31.33852 ], [ 70.57827, 31.33123 ], [ 70.60411, 31.32394 ], [ 70.61207, 31.31798 ], [ 70.61936, 31.32394 ], [ 70.63062, 31.31599 ], [ 70.67767, 31.314 ], [ 70.69622, 31.3319 ], [ 70.70825, 31.33412 ], [ 70.71411, 31.33521 ], [ 70.71689, 31.33483 ], [ 70.73863, 31.3319 ], [ 70.74725, 31.31334 ], [ 70.76658, 31.30586 ], [ 70.76779, 31.30539 ], [ 70.78369, 31.31003 ], [ 70.78568, 31.32063 ], [ 70.78568, 31.33985 ], [ 70.78608, 31.34466 ], [ 70.78608, 31.34469 ], [ 70.78634, 31.3478 ], [ 70.80224, 31.3531 ], [ 70.80711, 31.36041 ], [ 70.80847, 31.36243 ], [ 70.81152, 31.36702 ], [ 70.81947, 31.37563 ], [ 70.83008, 31.37629 ], [ 70.83471, 31.38292 ], [ 70.82411, 31.39087 ], [ 70.83538, 31.39418 ], [ 70.84001, 31.39683 ], [ 70.84134, 31.41313 ], [ 70.84134, 31.41316 ], [ 70.842, 31.42135 ], [ 70.84262, 31.4217 ], [ 70.85261, 31.42732 ], [ 70.87182, 31.42732 ], [ 70.88706, 31.43195 ], [ 70.89568, 31.43792 ], [ 70.8864, 31.44454 ], [ 70.88724, 31.45041 ], [ 70.88839, 31.45846 ], [ 70.89501, 31.48033 ], [ 70.88235, 31.48603 ], [ 70.88176, 31.48629 ], [ 70.87845, 31.49689 ], [ 70.87292, 31.50795 ], [ 70.8705, 31.5128 ], [ 70.88905, 31.50948 ], [ 70.90032, 31.5128 ], [ 70.9023, 31.5234 ], [ 70.88816, 31.53433 ], [ 70.88773, 31.53466 ], [ 70.87845, 31.54725 ], [ 70.87845, 31.55138 ], [ 70.87845, 31.55587 ], [ 70.88044, 31.56846 ], [ 70.88905, 31.56912 ], [ 70.89369, 31.5837 ], [ 70.90032, 31.58635 ], [ 70.89038, 31.59762 ], [ 70.88507, 31.61021 ], [ 70.88952, 31.61534 ], [ 70.89369, 31.62014 ], [ 70.89496, 31.62967 ], [ 70.89501, 31.63008 ], [ 70.88507, 31.63605 ], [ 70.88543, 31.63699 ], [ 70.89038, 31.64996 ], [ 70.891, 31.65178 ], [ 70.897, 31.66918 ], [ 70.91258, 31.68735 ], [ 70.91291, 31.68773 ], [ 70.9192, 31.68671 ], [ 70.93742, 31.68376 ], [ 70.94272, 31.68575 ], [ 70.93013, 31.69834 ], [ 70.93727, 31.71498 ], [ 70.93809, 31.71689 ], [ 70.94814, 31.7282 ], [ 70.94869, 31.72882 ], [ 70.95664, 31.73743 ], [ 70.96062, 31.74737 ], [ 70.96825, 31.75501 ], [ 70.97056, 31.75731 ], [ 70.98049, 31.76195 ], [ 70.9858, 31.77653 ], [ 70.98807, 31.7763 ], [ 70.99224, 31.77588 ], [ 70.99905, 31.7752 ], [ 71.00369, 31.78846 ], [ 71.00626, 31.79162 ], [ 71.0123, 31.79906 ], [ 71.02224, 31.81562 ], [ 71.02555, 31.83086 ], [ 71.03218, 31.84677 ], [ 71.0327, 31.84948 ], [ 71.03549, 31.864 ], [ 71.04291, 31.87255 ], [ 71.04411, 31.87394 ], [ 71.06399, 31.88056 ], [ 71.06252, 31.89625 ], [ 71.062, 31.90177 ], [ 71.06929, 31.91369 ], [ 71.06598, 31.92231 ], [ 71.07128, 31.94484 ], [ 71.07203, 31.95276 ], [ 71.0726, 31.95875 ], [ 71.0673, 31.96671 ], [ 71.06878, 31.97322 ], [ 71.07061, 31.98128 ], [ 71.07083, 31.98835 ], [ 71.07099, 31.9934 ], [ 71.07128, 32.00249 ], [ 71.06919, 32.01038 ], [ 71.06531, 32.02502 ], [ 71.07326, 32.03032 ], [ 71.08652, 32.03562 ], [ 71.08967, 32.04612 ], [ 71.0898, 32.04658 ], [ 71.09035, 32.04839 ], [ 71.09049, 32.04887 ], [ 71.09123, 32.051 ], [ 71.09243, 32.05443 ], [ 71.09478, 32.06117 ], [ 71.09485, 32.06135 ], [ 71.10043, 32.07737 ], [ 71.10599, 32.09446 ], [ 71.10701, 32.09759 ], [ 71.10845, 32.10205 ], [ 71.10905, 32.10387 ], [ 71.10689, 32.11679 ], [ 71.10687, 32.11696 ], [ 71.1067, 32.11798 ], [ 71.10573, 32.12375 ], [ 71.10971, 32.14032 ], [ 71.10986, 32.14086 ], [ 71.11238, 32.14981 ], [ 71.11567, 32.16152 ], [ 71.12124, 32.16087 ], [ 71.12641, 32.16026 ], [ 71.13639, 32.15909 ], [ 71.1382, 32.15887 ], [ 71.15477, 32.16682 ], [ 71.15723, 32.17007 ], [ 71.16261, 32.17718 ], [ 71.17134, 32.18869 ], [ 71.17311, 32.19325 ], [ 71.1749, 32.19785 ], [ 71.17597, 32.20062 ], [ 71.17001, 32.21387 ], [ 71.16833, 32.22017 ], [ 71.1671, 32.22478 ], [ 71.16471, 32.23375 ], [ 71.1773, 32.25363 ], [ 71.18591, 32.26688 ], [ 71.19119, 32.26928 ], [ 71.20049, 32.27351 ], [ 71.20977, 32.28279 ], [ 71.21507, 32.302 ], [ 71.22965, 32.31658 ], [ 71.23694, 32.32211 ], [ 71.25152, 32.33315 ], [ 71.25827, 32.33948 ], [ 71.2719, 32.35225 ], [ 71.27569, 32.35581 ], [ 71.27993, 32.35979 ], [ 71.28332, 32.36297 ], [ 71.28891, 32.36297 ], [ 71.29373, 32.36297 ], [ 71.29377, 32.36297 ], [ 71.29608, 32.36297 ], [ 71.31844, 32.36297 ], [ 71.33435, 32.36628 ], [ 71.33807, 32.36938 ], [ 71.3423, 32.37291 ], [ 71.34141, 32.3754 ], [ 71.33898, 32.38218 ], [ 71.32838, 32.38881 ], [ 71.32573, 32.39941 ], [ 71.32639, 32.41134 ], [ 71.33404, 32.41229 ], [ 71.33407, 32.4123 ], [ 71.337, 32.41266 ], [ 71.33951, 32.41358 ], [ 71.34428, 32.41531 ], [ 71.33368, 32.4279 ], [ 71.33683, 32.44154 ], [ 71.33766, 32.44513 ], [ 71.34077, 32.45225 ], [ 71.34458, 32.46096 ], [ 71.34694, 32.46634 ], [ 71.34884, 32.4806 ], [ 71.35091, 32.49616 ], [ 71.34462, 32.50087 ], [ 71.34031, 32.50411 ], [ 71.33247, 32.51455 ], [ 71.32838, 32.52001 ], [ 71.32308, 32.53128 ], [ 71.31233, 32.5322 ], [ 71.29989, 32.53326 ], [ 71.2979, 32.51007 ], [ 71.28862, 32.50808 ], [ 71.27736, 32.51206 ], [ 71.27073, 32.50278 ], [ 71.27272, 32.49351 ], [ 71.26278, 32.48887 ], [ 71.25152, 32.49218 ], [ 71.24173, 32.49796 ], [ 71.23694, 32.5008 ], [ 71.23081, 32.51026 ], [ 71.22965, 32.51206 ], [ 71.24621, 32.53592 ], [ 71.24158, 32.54851 ], [ 71.22368, 32.55911 ], [ 71.19519, 32.57832 ], [ 71.17227, 32.58978 ], [ 71.16206, 32.59489 ], [ 71.16537, 32.60881 ], [ 71.16315, 32.6177 ], [ 71.16073, 32.62736 ], [ 71.15013, 32.65254 ], [ 71.15212, 32.66911 ], [ 71.14337, 32.67694 ], [ 71.13953, 32.68037 ], [ 71.13423, 32.69296 ], [ 71.14085, 32.70555 ], [ 71.14218, 32.72278 ], [ 71.13754, 32.73404 ], [ 71.12871, 32.74729 ], [ 71.12429, 32.75392 ], [ 71.12475, 32.75716 ], [ 71.12529, 32.76091 ], [ 71.12548, 32.76226 ], [ 71.12561, 32.7632 ], [ 71.12493, 32.76481 ], [ 71.12492, 32.76484 ], [ 71.10889, 32.80262 ], [ 71.10706, 32.80694 ], [ 71.11501, 32.80694 ], [ 71.12561, 32.80495 ], [ 71.13356, 32.80892 ], [ 71.13356, 32.8235 ], [ 71.13555, 32.84669 ], [ 71.13887, 32.86724 ], [ 71.14549, 32.87452 ], [ 71.14218, 32.89374 ], [ 71.14085, 32.90832 ], [ 71.14152, 32.9229 ], [ 71.15411, 32.93615 ], [ 71.15941, 32.93814 ], [ 71.15875, 32.94742 ], [ 71.17067, 32.96199 ], [ 71.18591, 32.97193 ], [ 71.18843, 32.97354 ], [ 71.1932, 32.97657 ], [ 71.21043, 32.97723 ], [ 71.22037, 32.97988 ], [ 71.23561, 32.99314 ], [ 71.25218, 32.9991 ], [ 71.26609, 32.9991 ], [ 71.28332, 33.00705 ], [ 71.30386, 33.01037 ], [ 71.31447, 33.015 ], [ 71.32242, 32.9991 ], [ 71.337, 32.99049 ], [ 71.35504, 32.99049 ], [ 71.35687, 32.99049 ], [ 71.36549, 32.99645 ], [ 71.37808, 33.0044 ], [ 71.38537, 32.99844 ], [ 71.40061, 33.00573 ], [ 71.41585, 33.00904 ], [ 71.42314, 33.00374 ], [ 71.43639, 33.00705 ], [ 71.45163, 33.01302 ], [ 71.46157, 33.02561 ], [ 71.46356, 33.03952 ], [ 71.47748, 33.0488 ], [ 71.47217, 33.05741 ], [ 71.46091, 33.06272 ], [ 71.45892, 33.06934 ], [ 71.44766, 33.06868 ], [ 71.43772, 33.07067 ], [ 71.42861, 33.08092 ], [ 71.42711, 33.08259 ], [ 71.42314, 33.09187 ], [ 71.42423, 33.09387 ], [ 71.43109, 33.10645 ], [ 71.44236, 33.12302 ], [ 71.44832, 33.12964 ], [ 71.44103, 33.13958 ], [ 71.44302, 33.15085 ], [ 71.43772, 33.15681 ], [ 71.43043, 33.16874 ], [ 71.43507, 33.17735 ], [ 71.42977, 33.18332 ], [ 71.4132, 33.18862 ], [ 71.4079, 33.19458 ], [ 71.40804, 33.19511 ], [ 71.41121, 33.20651 ], [ 71.4132, 33.21711 ], [ 71.4185, 33.22771 ], [ 71.43838, 33.2403 ], [ 71.44332, 33.23626 ], [ 71.44567, 33.23434 ], [ 71.44766, 33.22572 ], [ 71.45495, 33.2191 ], [ 71.47946, 33.21711 ], [ 71.48201, 33.21656 ], [ 71.48207, 33.21655 ], [ 71.48874, 33.21512 ], [ 71.50199, 33.20386 ], [ 71.50229, 33.2035 ], [ 71.50531, 33.19988 ], [ 71.50666, 33.19979 ], [ 71.52519, 33.19856 ], [ 71.5179, 33.21048 ], [ 71.51856, 33.21777 ], [ 71.53193, 33.22189 ], [ 71.53579, 33.22307 ], [ 71.54705, 33.2297 ], [ 71.55567, 33.22705 ], [ 71.55699, 33.2191 ], [ 71.5729, 33.20982 ], [ 71.57952, 33.19922 ], [ 71.5994, 33.18795 ], [ 71.59874, 33.16145 ], [ 71.60247, 33.13468 ], [ 71.60271, 33.13296 ], [ 71.62326, 33.10844 ], [ 71.63121, 33.09916 ], [ 71.63502, 33.08963 ], [ 71.63505, 33.08956 ], [ 71.63518, 33.08922 ], [ 71.65241, 33.07398 ], [ 71.67163, 33.07332 ], [ 71.68687, 33.06205 ], [ 71.70476, 33.06006 ], [ 71.71308, 33.05868 ], [ 71.72066, 33.05741 ], [ 71.72019, 33.05935 ], [ 71.71927, 33.06311 ], [ 71.71864, 33.06569 ], [ 71.71271, 33.08988 ], [ 71.71324, 33.10715 ], [ 71.71324, 33.10719 ], [ 71.71336, 33.11108 ], [ 71.71336, 33.11111 ], [ 71.71338, 33.11175 ], [ 71.72729, 33.12434 ], [ 71.75078, 33.15017 ], [ 71.75095, 33.15037 ], [ 71.7538, 33.1535 ], [ 71.75976, 33.16874 ], [ 71.76109, 33.18265 ], [ 71.75976, 33.20121 ], [ 71.74372, 33.21902 ], [ 71.74187, 33.22109 ], [ 71.72795, 33.23103 ], [ 71.71271, 33.24627 ], [ 71.71205, 33.26151 ], [ 71.71006, 33.27476 ], [ 71.7094, 33.28669 ], [ 71.71735, 33.29663 ], [ 71.72795, 33.30392 ], [ 71.72897, 33.30799 ], [ 71.72901, 33.30813 ], [ 71.73193, 33.31982 ], [ 71.72597, 33.33241 ], [ 71.71735, 33.34301 ], [ 71.71993, 33.34629 ], [ 71.72464, 33.35229 ], [ 71.73326, 33.36422 ], [ 71.77235, 33.38012 ], [ 71.7787, 33.38275 ], [ 71.77875, 33.38277 ], [ 71.79569, 33.3898 ], [ 71.79572, 33.38981 ], [ 71.79952, 33.39139 ], [ 71.81609, 33.39934 ], [ 71.83133, 33.40928 ], [ 71.84524, 33.4053 ], [ 71.85584, 33.40398 ], [ 71.87108, 33.4106 ], [ 71.87241, 33.42385 ], [ 71.86777, 33.43247 ], [ 71.86733, 33.44254 ], [ 71.86733, 33.4427 ], [ 71.86711, 33.44771 ], [ 71.8744, 33.45434 ], [ 71.8903, 33.46096 ], [ 71.90501, 33.47695 ], [ 71.90506, 33.477 ], [ 71.90554, 33.47753 ], [ 71.92784, 33.49239 ], [ 71.93536, 33.49741 ], [ 71.94861, 33.50801 ], [ 71.96187, 33.52325 ], [ 71.96916, 33.54048 ], [ 71.969, 33.54073 ], [ 71.95458, 33.565 ], [ 71.95922, 33.57427 ], [ 71.97711, 33.58289 ], [ 71.98175, 33.61337 ], [ 71.98195, 33.61587 ], [ 71.98212, 33.61799 ], [ 71.98214, 33.61818 ], [ 71.98365, 33.63666 ], [ 71.98365, 33.63675 ], [ 71.9844, 33.64584 ], [ 71.98539, 33.66167 ], [ 71.98572, 33.66704 ], [ 71.98834, 33.67275 ], [ 71.99699, 33.69156 ], [ 72.00626, 33.7121 ], [ 72.00774, 33.713 ], [ 72.01581, 33.71791 ], [ 72.01705, 33.71867 ], [ 72.01737, 33.71886 ], [ 72.0215, 33.72138 ], [ 72.03476, 33.73795 ], [ 72.04006, 33.75319 ], [ 72.05729, 33.75849 ], [ 72.06921, 33.75849 ], [ 72.08313, 33.76578 ], [ 72.07665, 33.77607 ], [ 72.07186, 33.78367 ], [ 72.08512, 33.78698 ], [ 72.10367, 33.78566 ], [ 72.11295, 33.77969 ], [ 72.12753, 33.77572 ], [ 72.14807, 33.77373 ], [ 72.15299, 33.77259 ], [ 72.15912, 33.77118 ], [ 72.1653, 33.76975 ], [ 72.18385, 33.76379 ], [ 72.19313, 33.76048 ], [ 72.19936, 33.76073 ], [ 72.20969, 33.76114 ], [ 72.21963, 33.77174 ], [ 72.22018, 33.77158 ], [ 72.24746, 33.76379 ], [ 72.24353, 33.77092 ], [ 72.23686, 33.78301 ], [ 72.23689, 33.78393 ], [ 72.23743, 33.80097 ], [ 72.23911, 33.85454 ], [ 72.23944, 33.865 ], [ 72.23951, 33.86716 ], [ 72.23156, 33.89433 ], [ 72.23851, 33.8994 ], [ 72.25608, 33.91222 ], [ 72.25637, 33.91237 ], [ 72.26538, 33.91693 ], [ 72.31056, 33.93979 ], [ 72.31108, 33.94005 ], [ 72.32367, 33.948 ], [ 72.3239, 33.94799 ], [ 72.34487, 33.94668 ], [ 72.36072, 33.95311 ], [ 72.36608, 33.95529 ], [ 72.37759, 33.9573 ], [ 72.37772, 33.95732 ], [ 72.38132, 33.95794 ], [ 72.38132, 33.97252 ], [ 72.38714, 33.97303 ], [ 72.40385, 33.97451 ], [ 72.40252, 33.99174 ], [ 72.40557, 33.9927 ], [ 72.4056, 33.99271 ], [ 72.43969, 34.00347 ], [ 72.44029, 34.00367 ], [ 72.44692, 33.99373 ], [ 72.46879, 33.99571 ], [ 72.47075, 33.99586 ], [ 72.49595, 33.9977 ], [ 72.51773, 33.9977 ], [ 72.52246, 33.9977 ], [ 72.5324, 34.00102 ], [ 72.543, 33.99903 ], [ 72.54503, 33.99632 ], [ 72.54698, 33.99373 ], [ 72.54749, 33.99013 ], [ 72.55162, 33.96126 ], [ 72.56752, 33.95993 ], [ 72.58077, 33.95264 ], [ 72.59933, 33.95397 ], [ 72.62782, 33.94734 ], [ 72.64505, 33.93939 ], [ 72.65433, 33.92614 ], [ 72.65275, 33.92513 ], [ 72.64834, 33.92233 ], [ 72.63975, 33.91686 ], [ 72.62914, 33.9162 ], [ 72.62848, 33.90361 ], [ 72.61921, 33.89831 ], [ 72.61192, 33.89367 ], [ 72.6086, 33.8824 ], [ 72.60854, 33.88217 ], [ 72.60706, 33.87623 ], [ 72.60685, 33.87537 ], [ 72.60662, 33.87445 ], [ 72.62451, 33.8771 ], [ 72.62805, 33.87744 ], [ 72.63842, 33.87843 ], [ 72.64041, 33.86716 ], [ 72.64637, 33.86451 ], [ 72.65375, 33.865 ], [ 72.65983, 33.86541 ], [ 72.66456, 33.86572 ], [ 72.66625, 33.86584 ], [ 72.67491, 33.86728 ], [ 72.68216, 33.86849 ], [ 72.6826, 33.86857 ], [ 72.6854, 33.86911 ], [ 72.69938, 33.8718 ], [ 72.70336, 33.88108 ], [ 72.70932, 33.88174 ], [ 72.70955, 33.88583 ], [ 72.70999, 33.89367 ], [ 72.708, 33.90228 ], [ 72.71993, 33.90626 ], [ 72.73583, 33.90758 ], [ 72.73384, 33.91355 ], [ 72.72589, 33.9215 ], [ 72.73649, 33.93078 ], [ 72.74172, 33.93349 ], [ 72.74211, 33.9337 ], [ 72.74828, 33.93691 ], [ 72.74844, 33.93699 ], [ 72.75306, 33.93939 ], [ 72.75806, 33.94475 ], [ 72.76234, 33.94933 ], [ 72.7674, 33.9505 ], [ 72.77095, 33.95132 ], [ 72.78619, 33.94005 ], [ 72.78818, 33.89963 ], [ 72.79149, 33.88837 ], [ 72.79577, 33.88769 ], [ 72.80045, 33.88695 ], [ 72.80408, 33.88638 ], [ 72.82197, 33.88903 ], [ 72.83242, 33.88754 ], [ 72.83589, 33.88704 ], [ 72.83748, 33.88225 ], [ 72.84119, 33.87114 ], [ 72.8392, 33.85258 ], [ 72.83324, 33.84397 ], [ 72.8233, 33.84397 ], [ 72.81866, 33.83602 ], [ 72.82065, 33.82542 ], [ 72.82361, 33.82707 ], [ 72.82863, 33.82989 ], [ 72.83304, 33.83235 ], [ 72.83721, 33.83469 ], [ 72.84517, 33.83535 ], [ 72.84879, 33.83377 ], [ 72.85577, 33.83072 ], [ 72.86591, 33.82535 ], [ 72.86703, 33.82475 ], [ 72.86721, 33.82421 ], [ 72.87035, 33.81481 ], [ 72.86306, 33.80421 ], [ 72.85378, 33.79957 ], [ 72.85055, 33.80104 ], [ 72.84649, 33.80289 ], [ 72.83444, 33.80329 ], [ 72.8297, 33.80344 ], [ 72.82661, 33.80355 ], [ 72.82612, 33.80261 ], [ 72.82345, 33.79754 ], [ 72.82295, 33.7966 ], [ 72.82283, 33.79636 ], [ 72.82262, 33.79596 ], [ 72.81999, 33.79096 ], [ 72.8272, 33.77293 ], [ 72.82926, 33.76777 ], [ 72.838, 33.76631 ], [ 72.84119, 33.76578 ], [ 72.84518, 33.76592 ], [ 72.85139, 33.76614 ], [ 72.85974, 33.76644 ], [ 72.86096, 33.76614 ], [ 72.86306, 33.76561 ], [ 72.873, 33.76313 ], [ 72.88196, 33.75925 ], [ 72.88271, 33.75893 ], [ 72.88319, 33.75872 ], [ 72.89751, 33.75252 ], [ 72.90716, 33.75024 ], [ 72.9153, 33.74831 ], [ 72.92269, 33.74656 ], [ 72.92372, 33.74111 ], [ 72.92458, 33.7365 ], [ 72.91472, 33.73228 ], [ 72.89291, 33.72268 ], [ 72.87721, 33.72181 ], [ 72.86063, 33.72181 ], [ 72.84493, 33.71396 ], [ 72.82486, 33.69389 ], [ 72.85103, 33.6651 ], [ 72.87317, 33.62951 ], [ 72.87546, 33.62584 ], [ 72.90949, 33.57698 ], [ 72.94788, 33.59355 ], [ 72.98362, 33.61357 ], [ 72.97573, 33.62274 ], [ 72.96664, 33.62675 ], [ 72.96864, 33.63137 ], [ 72.97517, 33.62733 ], [ 72.98407, 33.63131 ], [ 72.98796, 33.63397 ], [ 73.00009, 33.62107 ], [ 73.02553, 33.6302 ], [ 73.06653, 33.65201 ], [ 73.09358, 33.66161 ], [ 73.11888, 33.62584 ], [ 73.13982, 33.60053 ], [ 73.14506, 33.57262 ], [ 73.11365, 33.55255 ], [ 73.08922, 33.54382 ], [ 73.09445, 33.53335 ], [ 73.15204, 33.51329 ], [ 73.19915, 33.48886 ], [ 73.21485, 33.50194 ], [ 73.24016, 33.53248 ], [ 73.29301, 33.5758 ], [ 73.29338, 33.5761 ], [ 73.30297, 33.60751 ], [ 73.30385, 33.65288 ], [ 73.32304, 33.66597 ], [ 73.34311, 33.66422 ], [ 73.35968, 33.66684 ], [ 73.3719, 33.6808 ], [ 73.39246, 33.70063 ], [ 73.39633, 33.70436 ], [ 73.36317, 33.70436 ], [ 73.3466, 33.71221 ], [ 73.33962, 33.73141 ], [ 73.31432, 33.73926 ], [ 73.30973, 33.7424 ], [ 73.28378, 33.7602 ], [ 73.2672, 33.76979 ], [ 73.24801, 33.78026 ], [ 73.22969, 33.79597 ], [ 73.22183, 33.79422 ], [ 73.19828, 33.79771 ], [ 73.18315, 33.80864 ], [ 73.18354, 33.80877 ], [ 73.18377, 33.80885 ], [ 73.18733, 33.80971 ], [ 73.18735, 33.80971 ], [ 73.1901, 33.81038 ], [ 73.19515, 33.81159 ], [ 73.20067, 33.81293 ], [ 73.21065, 33.81534 ], [ 73.21983, 33.81755 ], [ 73.22221, 33.81813 ], [ 73.24142, 33.82542 ], [ 73.24518, 33.83481 ], [ 73.24805, 33.84198 ], [ 73.26064, 33.84861 ], [ 73.26859, 33.83668 ], [ 73.27762, 33.84227 ], [ 73.28251, 33.84529 ], [ 73.30437, 33.84662 ], [ 73.30795, 33.85162 ], [ 73.31431, 33.86054 ], [ 73.32558, 33.8665 ], [ 73.32909, 33.87176 ], [ 73.33353, 33.87843 ], [ 73.33398, 33.8866 ], [ 73.33419, 33.89035 ], [ 73.34745, 33.90891 ], [ 73.3501, 33.92084 ], [ 73.35937, 33.92547 ], [ 73.37396, 33.93398 ], [ 73.37528, 33.93475 ], [ 73.38323, 33.94204 ], [ 73.3833, 33.94228 ], [ 73.3872, 33.95529 ], [ 73.38757, 33.95801 ], [ 73.38853, 33.96523 ], [ 73.39889, 33.97559 ], [ 73.39913, 33.97583 ], [ 73.40775, 33.97583 ], [ 73.40841, 33.97521 ], [ 73.41349, 33.97038 ], [ 73.421, 33.96324 ], [ 73.4273, 33.96525 ], [ 73.43558, 33.96788 ], [ 73.4475, 33.9818 ], [ 73.46662, 34.00041 ], [ 73.47269, 34.00632 ], [ 73.4866, 34.01692 ], [ 73.49047, 34.0172 ], [ 73.51103, 34.01871 ], [ 73.5118, 34.01836 ], [ 73.52448, 34.01254 ], [ 73.51939, 34.00011 ], [ 73.53466, 33.98824 ], [ 73.53635, 33.97354 ], [ 73.5437, 33.95432 ], [ 73.54537, 33.95209 ], [ 73.56914, 33.92041 ], [ 73.58551, 33.90933 ], [ 73.58835, 33.90741 ], [ 73.59457, 33.89158 ], [ 73.59344, 33.87858 ], [ 73.59231, 33.86275 ] ] ] ] } },
{ "type": "Feature", "properties": { "adm1_name": "Sindh" }, "geometry": { "type": "MultiPolygon", "coordinates": [ [ [ [ 67.30968, 24.47454 ], [ 67.31003, 24.4829 ], [ 67.31976, 24.49596 ], [ 67.3236, 24.49692 ], [ 67.32903, 24.4923 ], [ 67.3238, 24.48628 ], [ 67.32253, 24.47226 ], [ 67.32104, 24.4697 ], [ 67.31626, 24.46954 ], [ 67.30968, 24.47454 ] ] ], [ [ [ 67.26933, 24.51974 ], [ 67.27943, 24.51799 ], [ 67.28373, 24.52461 ], [ 67.288, 24.52621 ], [ 67.29256, 24.52052 ], [ 67.3062, 24.51033 ], [ 67.31277, 24.4999 ], [ 67.31028, 24.49377 ], [ 67.30557, 24.49173 ], [ 67.30328, 24.48059 ], [ 67.3049, 24.47417 ], [ 67.30275, 24.47097 ], [ 67.27509, 24.46733 ], [ 67.27185, 24.46848 ], [ 67.26753, 24.47376 ], [ 67.26068, 24.47415 ], [ 67.25669, 24.47694 ], [ 67.25356, 24.48665 ], [ 67.25616, 24.49007 ], [ 67.26614, 24.49145 ], [ 67.27355, 24.49421 ], [ 67.27461, 24.49612 ], [ 67.26746, 24.49839 ], [ 67.26755, 24.51864 ], [ 67.26933, 24.51974 ] ] ], [ [ [ 67.24533, 24.53793 ], [ 67.24297, 24.52867 ], [ 67.24047, 24.52837 ], [ 67.23862, 24.54021 ], [ 67.23647, 24.54264 ], [ 67.21783, 24.55224 ], [ 67.21629, 24.55657 ], [ 67.21748, 24.56079 ], [ 67.22351, 24.56391 ], [ 67.22471, 24.56813 ], [ 67.22247, 24.57265 ], [ 67.22416, 24.57604 ], [ 67.22754, 24.5772 ], [ 67.23287, 24.57508 ], [ 67.23866, 24.57883 ], [ 67.25304, 24.57869 ], [ 67.25866, 24.58055 ], [ 67.26991, 24.57905 ], [ 67.2858, 24.58104 ], [ 67.2916, 24.57873 ], [ 67.29585, 24.57491 ], [ 67.29932, 24.56813 ], [ 67.30497, 24.56373 ], [ 67.30576, 24.56104 ], [ 67.29967, 24.55938 ], [ 67.29894, 24.55476 ], [ 67.30287, 24.54779 ], [ 67.30009, 24.54332 ], [ 67.29565, 24.54025 ], [ 67.28706, 24.53808 ], [ 67.28386, 24.53275 ], [ 67.27647, 24.52938 ], [ 67.27322, 24.52488 ], [ 67.27048, 24.525 ], [ 67.26669, 24.52863 ], [ 67.26027, 24.52946 ], [ 67.25335, 24.53695 ], [ 67.24988, 24.53829 ], [ 67.24533, 24.53793 ] ] ], [ [ [ 67.3093, 24.59247 ], [ 67.30787, 24.58825 ], [ 67.30493, 24.58753 ], [ 67.30062, 24.5926 ], [ 67.30172, 24.59932 ], [ 67.30499, 24.60319 ], [ 67.30862, 24.60393 ], [ 67.3093, 24.59247 ] ] ], [ [ [ 67.29196, 24.6207 ], [ 67.29607, 24.62648 ], [ 67.30431, 24.63176 ], [ 67.31239, 24.63495 ], [ 67.31654, 24.63405 ], [ 67.32055, 24.63084 ], [ 67.32668, 24.62019 ], [ 67.3345, 24.61293 ], [ 67.33527, 24.61066 ], [ 67.33265, 24.60786 ], [ 67.33501, 24.60021 ], [ 67.33357, 24.5962 ], [ 67.32239, 24.59625 ], [ 67.31969, 24.59511 ], [ 67.31783, 24.59046 ], [ 67.31767, 24.58273 ], [ 67.3147, 24.58305 ], [ 67.31364, 24.58656 ], [ 67.31672, 24.60107 ], [ 67.31534, 24.60708 ], [ 67.31432, 24.60976 ], [ 67.30804, 24.61268 ], [ 67.30463, 24.61215 ], [ 67.29887, 24.60215 ], [ 67.29333, 24.58651 ], [ 67.29135, 24.59041 ], [ 67.29018, 24.61396 ], [ 67.29196, 24.6207 ] ] ], [ [ [ 67.22169, 24.63671 ], [ 67.22, 24.63895 ], [ 67.21454, 24.63856 ], [ 67.20323, 24.6246 ], [ 67.19552, 24.62914 ], [ 67.19196, 24.62672 ], [ 67.18201, 24.62429 ], [ 67.17934, 24.62838 ], [ 67.18196, 24.63682 ], [ 67.17509, 24.64827 ], [ 67.17554, 24.65413 ], [ 67.1715, 24.66339 ], [ 67.17207, 24.66633 ], [ 67.18307, 24.67652 ], [ 67.19341, 24.68064 ], [ 67.19818, 24.68101 ], [ 67.20305, 24.67929 ], [ 67.20873, 24.67448 ], [ 67.21603, 24.66345 ], [ 67.23705, 24.66333 ], [ 67.24306, 24.66144 ], [ 67.25352, 24.66242 ], [ 67.25655, 24.66106 ], [ 67.25824, 24.65318 ], [ 67.26587, 24.65073 ], [ 67.26944, 24.64709 ], [ 67.2771, 24.63273 ], [ 67.28176, 24.63038 ], [ 67.28304, 24.62709 ], [ 67.2806, 24.61385 ], [ 67.27281, 24.60315 ], [ 67.26547, 24.59831 ], [ 67.25616, 24.59717 ], [ 67.24615, 24.60225 ], [ 67.242, 24.6088 ], [ 67.23801, 24.61138 ], [ 67.22573, 24.61597 ], [ 67.2196, 24.62077 ], [ 67.21711, 24.62591 ], [ 67.22169, 24.63671 ] ] ], [ [ [ 67.28386, 24.63484 ], [ 67.28055, 24.63786 ], [ 67.27938, 24.64408 ], [ 67.28321, 24.6511 ], [ 67.28018, 24.65831 ], [ 67.28097, 24.66146 ], [ 67.2834, 24.66342 ], [ 67.29075, 24.66242 ], [ 67.29858, 24.66623 ], [ 67.30331, 24.66221 ], [ 67.30265, 24.65592 ], [ 67.30701, 24.64396 ], [ 67.30536, 24.63973 ], [ 67.29323, 24.63473 ], [ 67.28386, 24.63484 ] ] ], [ [ [ 67.29111, 24.68748 ], [ 67.29611, 24.68807 ], [ 67.30099, 24.68593 ], [ 67.30814, 24.67845 ], [ 67.32082, 24.66968 ], [ 67.31605, 24.66347 ], [ 67.29111, 24.68748 ] ] ], [ [ [ 67.13345, 24.67795 ], [ 67.13356, 24.67524 ], [ 67.13134, 24.6737 ], [ 67.12542, 24.67329 ], [ 67.12061, 24.67375 ], [ 67.1159, 24.67692 ], [ 67.11417, 24.68 ], [ 67.11349, 24.6854 ], [ 67.11579, 24.69049 ], [ 67.12112, 24.6888 ], [ 67.12572, 24.68228 ], [ 67.13345, 24.67795 ] ] ], [ [ [ 67.24567, 24.6703 ], [ 67.24487, 24.66756 ], [ 67.24124, 24.66681 ], [ 67.23159, 24.66836 ], [ 67.22224, 24.66784 ], [ 67.21826, 24.67042 ], [ 67.21373, 24.6807 ], [ 67.18886, 24.69113 ], [ 67.18781, 24.69464 ], [ 67.18955, 24.69658 ], [ 67.19523, 24.6974 ], [ 67.1997, 24.70528 ], [ 67.20284, 24.70664 ], [ 67.20954, 24.71605 ], [ 67.21225, 24.71677 ], [ 67.21993, 24.69093 ], [ 67.22183, 24.68912 ], [ 67.23148, 24.68777 ], [ 67.23879, 24.68218 ], [ 67.24339, 24.67565 ], [ 67.24567, 24.6703 ] ] ], [ [ [ 67.32716, 24.67699 ], [ 67.32201, 24.67995 ], [ 67.31725, 24.67937 ], [ 67.31236, 24.68151 ], [ 67.30469, 24.69065 ], [ 67.29295, 24.69297 ], [ 67.28728, 24.69174 ], [ 67.28605, 24.68836 ], [ 67.2874, 24.68318 ], [ 67.29551, 24.67468 ], [ 67.29497, 24.67112 ], [ 67.29227, 24.66998 ], [ 67.27559, 24.67026 ], [ 67.27248, 24.66807 ], [ 67.27171, 24.66429 ], [ 67.27486, 24.65437 ], [ 67.271, 24.65361 ], [ 67.26563, 24.65656 ], [ 67.26295, 24.66086 ], [ 67.2655, 24.67118 ], [ 67.27323, 24.6777 ], [ 67.27227, 24.67892 ], [ 67.26882, 24.67943 ], [ 67.26592, 24.67766 ], [ 67.25995, 24.6785 ], [ 67.25323, 24.67536 ], [ 67.24814, 24.67706 ], [ 67.24593, 24.68075 ], [ 67.24286, 24.68711 ], [ 67.23969, 24.69369 ], [ 67.23636, 24.69713 ], [ 67.22722, 24.69724 ], [ 67.22371, 24.6992 ], [ 67.21731, 24.71611 ], [ 67.21715, 24.72007 ], [ 67.22, 24.72288 ], [ 67.22572, 24.72266 ], [ 67.23344, 24.71592 ], [ 67.24301, 24.70758 ], [ 67.24788, 24.70587 ], [ 67.25449, 24.7063 ], [ 67.26118, 24.71028 ], [ 67.27495, 24.72577 ], [ 67.285, 24.73133 ], [ 67.29487, 24.73605 ], [ 67.30305, 24.73715 ], [ 67.31276, 24.73434 ], [ 67.32535, 24.72808 ], [ 67.32972, 24.72739 ], [ 67.33214, 24.72977 ], [ 67.33785, 24.73538 ], [ 67.34653, 24.73546 ], [ 67.35324, 24.72775 ], [ 67.36137, 24.72447 ], [ 67.36852, 24.71698 ], [ 67.37486, 24.71844 ], [ 67.38129, 24.71176 ], [ 67.38497, 24.71104 ], [ 67.3857, 24.70397 ], [ 67.39087, 24.70038 ], [ 67.39147, 24.69664 ], [ 67.38269, 24.69343 ], [ 67.37214, 24.69455 ], [ 67.34955, 24.69401 ], [ 67.34026, 24.69225 ], [ 67.33338, 24.68701 ], [ 67.33009, 24.67813 ], [ 67.32716, 24.67699 ] ] ], [ [ [ 67.14781, 24.71164 ], [ 67.144, 24.69314 ], [ 67.14139, 24.69012 ], [ 67.13287, 24.69171 ], [ 67.12325, 24.70349 ], [ 67.11603, 24.72307 ], [ 67.11577, 24.72455 ], [ 67.11304, 24.73988 ], [ 67.11343, 24.74699 ], [ 67.11685, 24.75275 ], [ 67.12074, 24.75247 ], [ 67.12435, 24.74821 ], [ 67.12821, 24.74876 ], [ 67.13068, 24.75532 ], [ 67.13708, 24.75533 ], [ 67.15146, 24.73933 ], [ 67.15253, 24.7354 ], [ 67.14781, 24.71164 ] ] ], [ [ [ 67.17393, 24.72653 ], [ 67.1788, 24.73567 ], [ 67.18613, 24.74073 ], [ 67.20376, 24.74571 ], [ 67.2075, 24.74776 ], [ 67.23058, 24.7604 ], [ 67.23836, 24.76025 ], [ 67.24144, 24.75764 ], [ 67.24447, 24.75043 ], [ 67.24972, 24.74497 ], [ 67.24822, 24.74242 ], [ 67.2345, 24.73715 ], [ 67.218, 24.72699 ], [ 67.19915, 24.72426 ], [ 67.19285, 24.70525 ], [ 67.189, 24.70429 ], [ 67.17874, 24.715 ], [ 67.17393, 24.72653 ] ] ], [ [ [ 67.23799, 24.72996 ], [ 67.24349, 24.72952 ], [ 67.24939, 24.73619 ], [ 67.26755, 24.74495 ], [ 67.27219, 24.74886 ], [ 67.2758, 24.75566 ], [ 67.28566, 24.76622 ], [ 67.29665, 24.7716 ], [ 67.30272, 24.77389 ], [ 67.3105, 24.77373 ], [ 67.31741, 24.76665 ], [ 67.32417, 24.76333 ], [ 67.33533, 24.76432 ], [ 67.34122, 24.76013 ], [ 67.34105, 24.75846 ], [ 67.34185, 24.75556 ], [ 67.33743, 24.74602 ], [ 67.33221, 24.73937 ], [ 67.32598, 24.7352 ], [ 67.32047, 24.73606 ], [ 67.31649, 24.74407 ], [ 67.31067, 24.74659 ], [ 67.28779, 24.74166 ], [ 67.27863, 24.73634 ], [ 67.26282, 24.72057 ], [ 67.25035, 24.71263 ], [ 67.24422, 24.71159 ], [ 67.2403, 24.71562 ], [ 67.23516, 24.72089 ], [ 67.23372, 24.72836 ], [ 67.23799, 24.72996 ] ] ], [ [ [ 67.28593, 24.78231 ], [ 67.28885, 24.77781 ], [ 67.28624, 24.77459 ], [ 67.2795, 24.77165 ], [ 67.27247, 24.76453 ], [ 67.26741, 24.75392 ], [ 67.26433, 24.7511 ], [ 67.25703, 24.75085 ], [ 67.25053, 24.75335 ], [ 67.24875, 24.75768 ], [ 67.24947, 24.76229 ], [ 67.2517, 24.76383 ], [ 67.23985, 24.77429 ], [ 67.23666, 24.77961 ], [ 67.24485, 24.78051 ], [ 67.24834, 24.77896 ], [ 67.25208, 24.78284 ], [ 67.26065, 24.78543 ], [ 67.27114, 24.7862 ], [ 67.28033, 24.78484 ], [ 67.28593, 24.78231 ] ] ], [ [ [ 67.20423, 24.78999 ], [ 67.20951, 24.78934 ], [ 67.21507, 24.79329 ], [ 67.22775, 24.78515 ], [ 67.22924, 24.78207 ], [ 67.22697, 24.77615 ], [ 67.19719, 24.76658 ], [ 67.19049, 24.76259 ], [ 67.18851, 24.75521 ], [ 67.1825, 24.75125 ], [ 67.16904, 24.75643 ], [ 67.16452, 24.76066 ], [ 67.1624, 24.77311 ], [ 67.16524, 24.77634 ], [ 67.16908, 24.77752 ], [ 67.17162, 24.77585 ], [ 67.17754, 24.77196 ], [ 67.18178, 24.7744 ], [ 67.18778, 24.77294 ], [ 67.19159, 24.77495 ], [ 67.19386, 24.78087 ], [ 67.19833, 24.78332 ], [ 67.20423, 24.78999 ] ] ], [ [ [ 67.21172, 24.80236 ], [ 67.21183, 24.80529 ], [ 67.21568, 24.80625 ], [ 67.22643, 24.80077 ], [ 67.23291, 24.79305 ], [ 67.23182, 24.79176 ], [ 67.22509, 24.79425 ], [ 67.22187, 24.8002 ], [ 67.21172, 24.80236 ] ] ], [ [ [ 68.09481, 23.71371 ], [ 68.1107, 23.70603 ], [ 68.11378, 23.70266 ], [ 68.11064, 23.69869 ], [ 68.10743, 23.69771 ], [ 68.05714, 23.71655 ], [ 68.04866, 23.71728 ], [ 68.04371, 23.71626 ], [ 68.04029, 23.71343 ], [ 68.04012, 23.71067 ], [ 68.04756, 23.71153 ], [ 68.04985, 23.70997 ], [ 68.04475, 23.70527 ], [ 68.03602, 23.70554 ], [ 68.03397, 23.70756 ], [ 68.03284, 23.71304 ], [ 68.0351, 23.72134 ], [ 68.06177, 23.74898 ], [ 68.06457, 23.74628 ], [ 68.06808, 23.74545 ], [ 68.07051, 23.7478 ], [ 68.06891, 23.75212 ], [ 68.06606, 23.75641 ], [ 68.074, 23.79533 ], [ 68.07714, 23.79907 ], [ 68.08456, 23.80087 ], [ 68.08983, 23.80811 ], [ 68.091, 23.81175 ], [ 68.11765, 23.83136 ], [ 68.1204, 23.83119 ], [ 68.13235, 23.82159 ], [ 68.14466, 23.81796 ], [ 68.15514, 23.81727 ], [ 68.16107, 23.819 ], [ 68.1674, 23.82487 ], [ 68.17294, 23.82292 ], [ 68.17336, 23.82591 ], [ 68.16673, 23.84136 ], [ 68.1674, 23.84435 ], [ 68.18364, 23.84264 ], [ 68.18577, 23.83741 ], [ 68.19128, 23.78755 ], [ 68.18996, 23.78065 ], [ 68.1787, 23.76321 ], [ 68.15892, 23.73803 ], [ 68.14844, 23.72468 ], [ 68.15733, 23.7224 ], [ 68.15889, 23.71991 ], [ 68.15914, 23.71029 ], [ 68.15462, 23.70217 ], [ 68.14998, 23.69863 ], [ 68.13713, 23.69468 ], [ 68.13091, 23.69501 ], [ 68.12508, 23.69855 ], [ 68.12016, 23.70502 ], [ 68.10343, 23.72697 ], [ 68.10194, 23.71754 ], [ 68.09327, 23.72514 ], [ 68.09138, 23.72299 ], [ 68.09145, 23.71845 ], [ 68.09481, 23.71371 ] ] ], [ [ [ 67.40608, 23.95851 ], [ 67.39098, 23.97944 ], [ 67.39288, 23.98247 ], [ 67.39713, 23.98212 ], [ 67.40456, 23.97544 ], [ 67.40682, 23.97503 ], [ 67.42212, 23.98047 ], [ 67.42395, 23.97776 ], [ 67.42059, 23.97355 ], [ 67.4125, 23.96876 ], [ 67.41058, 23.96619 ], [ 67.40936, 23.95722 ], [ 67.40608, 23.95851 ] ] ], [ [ [ 67.41304, 24.0806 ], [ 67.41515, 24.07879 ], [ 67.41676, 24.07237 ], [ 67.42309, 24.06757 ], [ 67.42226, 24.06525 ], [ 67.41296, 24.05931 ], [ 67.40988, 24.06255 ], [ 67.41042, 24.06632 ], [ 67.40515, 24.07037 ], [ 67.40944, 24.0738 ], [ 67.40865, 24.0767 ], [ 67.41055, 24.08051 ], [ 67.41304, 24.0806 ] ] ], [ [ [ 67.35579, 24.3692 ], [ 67.3591, 24.36034 ], [ 67.35785, 24.35737 ], [ 67.35284, 24.35721 ], [ 67.33858, 24.36091 ], [ 67.33708, 24.3642 ], [ 67.33765, 24.36714 ], [ 67.34117, 24.37018 ], [ 67.34609, 24.37827 ], [ 67.35567, 24.38381 ], [ 67.35734, 24.38178 ], [ 67.35579, 24.3692 ] ] ], [ [ [ 67.31571, 24.38603 ], [ 67.33037, 24.38422 ], [ 67.33318, 24.38202 ], [ 67.33473, 24.37748 ], [ 67.33376, 24.37328 ], [ 67.31542, 24.36473 ], [ 67.30872, 24.3785 ], [ 67.31036, 24.38314 ], [ 67.31571, 24.38603 ] ] ], [ [ [ 67.30861, 24.41564 ], [ 67.31612, 24.41589 ], [ 67.32212, 24.41964 ], [ 67.33283, 24.41958 ], [ 67.33997, 24.41773 ], [ 67.33543, 24.42321 ], [ 67.32869, 24.42633 ], [ 67.32205, 24.42715 ], [ 67.31493, 24.42274 ], [ 67.31062, 24.42239 ], [ 67.30647, 24.42371 ], [ 67.3073, 24.42562 ], [ 67.31039, 24.42802 ], [ 67.3206, 24.42919 ], [ 67.33522, 24.43406 ], [ 67.34586, 24.43587 ], [ 67.35289, 24.43673 ], [ 67.35987, 24.43436 ], [ 67.36074, 24.43407 ], [ 67.36526, 24.42942 ], [ 67.36709, 24.42343 ], [ 67.366, 24.41629 ], [ 67.36322, 24.41182 ], [ 67.35757, 24.41038 ], [ 67.3441, 24.41703 ], [ 67.34164, 24.41591 ], [ 67.3438, 24.41306 ], [ 67.34393, 24.40993 ], [ 67.33866, 24.40475 ], [ 67.33817, 24.40014 ], [ 67.34001, 24.39373 ], [ 67.33875, 24.39118 ], [ 67.3317, 24.39074 ], [ 67.32729, 24.39268 ], [ 67.32182, 24.39292 ], [ 67.30801, 24.39058 ], [ 67.30537, 24.39425 ], [ 67.30967, 24.40629 ], [ 67.31014, 24.41152 ], [ 67.30861, 24.41564 ] ] ], [ [ [ 67.39451, 24.42725 ], [ 67.39144, 24.42422 ], [ 67.38605, 24.42196 ], [ 67.37901, 24.42152 ], [ 67.37416, 24.42324 ], [ 67.37132, 24.42607 ], [ 67.37186, 24.42943 ], [ 67.37739, 24.43378 ], [ 67.38646, 24.43491 ], [ 67.39269, 24.43282 ], [ 67.3951, 24.42956 ], [ 67.39451, 24.42725 ] ] ], [ [ [ 67.37064, 24.45485 ], [ 67.37276, 24.45283 ], [ 67.37173, 24.45009 ], [ 67.35953, 24.44175 ], [ 67.35275, 24.44049 ], [ 67.34786, 24.44283 ], [ 67.34269, 24.4412 ], [ 67.3372, 24.44164 ], [ 67.30591, 24.43204 ], [ 67.30103, 24.43418 ], [ 67.29663, 24.44175 ], [ 67.30177, 24.45007 ], [ 67.30853, 24.45175 ], [ 67.31611, 24.45054 ], [ 67.33386, 24.4532 ], [ 67.33582, 24.45349 ], [ 67.34608, 24.45321 ], [ 67.35011, 24.45522 ], [ 67.36234, 24.45729 ], [ 67.36906, 24.45532 ], [ 67.37064, 24.45485 ] ] ], [ [ [ 67.32627, 24.51016 ], [ 67.33497, 24.50356 ], [ 67.34658, 24.49831 ], [ 67.34803, 24.49627 ], [ 67.34677, 24.49352 ], [ 67.34482, 24.49095 ], [ 67.34076, 24.48977 ], [ 67.33643, 24.48962 ], [ 67.33558, 24.49398 ], [ 67.31428, 24.50788 ], [ 67.31303, 24.51035 ], [ 67.31618, 24.51713 ], [ 67.31905, 24.51953 ], [ 67.32627, 24.51016 ] ] ], [ [ [ 67.33337, 24.5438 ], [ 67.34754, 24.54301 ], [ 67.3595, 24.53485 ], [ 67.3618, 24.52866 ], [ 67.36149, 24.52489 ], [ 67.35698, 24.51786 ], [ 67.35052, 24.50241 ], [ 67.3329, 24.50976 ], [ 67.32773, 24.51355 ], [ 67.32588, 24.51926 ], [ 67.32539, 24.52078 ], [ 67.32178, 24.52546 ], [ 67.31535, 24.52671 ], [ 67.312, 24.52472 ], [ 67.30748, 24.5181 ], [ 67.30431, 24.51757 ], [ 67.2944, 24.5258 ], [ 67.29335, 24.52931 ], [ 67.29617, 24.53275 ], [ 67.30401, 24.53656 ], [ 67.30827, 24.54401 ], [ 67.31207, 24.54601 ], [ 67.32002, 24.54669 ], [ 67.33337, 24.5438 ] ] ], [ [ [ 67.34796, 24.61317 ], [ 67.34627, 24.60977 ], [ 67.34241, 24.60923 ], [ 67.3398, 24.61749 ], [ 67.34332, 24.62095 ], [ 67.34786, 24.62131 ], [ 67.34914, 24.6178 ], [ 67.34796, 24.61317 ] ] ], [ [ [ 67.34755, 24.62923 ], [ 67.33219, 24.62517 ], [ 67.32894, 24.62653 ], [ 67.32674, 24.63 ], [ 67.32821, 24.63339 ], [ 67.33318, 24.6346 ], [ 67.33957, 24.64045 ], [ 67.34766, 24.64385 ], [ 67.35562, 24.64453 ], [ 67.37248, 24.63381 ], [ 67.37401, 24.62989 ], [ 67.3683, 24.61822 ], [ 67.36224, 24.61552 ], [ 67.35709, 24.6189 ], [ 67.35316, 24.62607 ], [ 67.34755, 24.62923 ] ] ], [ [ [ 67.35212, 24.66383 ], [ 67.3584, 24.66675 ], [ 67.36707, 24.66703 ], [ 67.36879, 24.66375 ], [ 67.36491, 24.65214 ], [ 67.34468, 24.6498 ], [ 67.34335, 24.65477 ], [ 67.34671, 24.65613 ], [ 67.35212, 24.66383 ] ] ], [ [ [ 67.33276, 24.64544 ], [ 67.32926, 24.64136 ], [ 67.32427, 24.64057 ], [ 67.3126, 24.64707 ], [ 67.30662, 24.65961 ], [ 67.30879, 24.66218 ], [ 67.31177, 24.66207 ], [ 67.31625, 24.65867 ], [ 67.3199, 24.65859 ], [ 67.32529, 24.66649 ], [ 67.33134, 24.66961 ], [ 67.33425, 24.6766 ], [ 67.3379, 24.67108 ], [ 67.34283, 24.66749 ], [ 67.34487, 24.66233 ], [ 67.34296, 24.655 ], [ 67.33415, 24.6505 ], [ 67.33276, 24.64544 ] ] ], [ [ [ 67.38561, 24.68893 ], [ 67.40565, 24.69648 ], [ 67.42087, 24.69843 ], [ 67.42573, 24.69692 ], [ 67.42893, 24.69076 ], [ 67.42202, 24.68073 ], [ 67.41518, 24.67445 ], [ 67.41582, 24.66988 ], [ 67.42621, 24.66103 ], [ 67.43697, 24.64843 ], [ 67.43573, 24.64526 ], [ 67.43209, 24.64493 ], [ 67.41984, 24.65425 ], [ 67.41627, 24.65697 ], [ 67.41196, 24.65743 ], [ 67.40996, 24.65632 ], [ 67.40687, 24.64767 ], [ 67.40188, 24.64688 ], [ 67.39852, 24.65094 ], [ 67.39507, 24.65146 ], [ 67.38992, 24.6492 ], [ 67.38689, 24.65056 ], [ 67.37724, 24.66382 ], [ 67.36989, 24.67067 ], [ 67.36663, 24.67224 ], [ 67.34746, 24.67182 ], [ 67.34183, 24.6756 ], [ 67.33929, 24.68198 ], [ 67.34052, 24.68578 ], [ 67.35181, 24.68887 ], [ 67.38561, 24.68893 ] ] ], [ [ [ 69.88202, 28.07584 ], [ 69.90531, 28.0458 ], [ 69.93412, 28.01823 ], [ 69.96292, 27.98758 ], [ 69.97089, 27.9741 ], [ 69.97754, 27.96378 ], [ 69.98315, 27.9551 ], [ 69.99418, 27.93978 ], [ 70.00766, 27.93549 ], [ 70.0285, 27.93426 ], [ 70.04137, 27.92078 ], [ 70.05608, 27.90423 ], [ 70.07447, 27.89504 ], [ 70.09408, 27.88952 ], [ 70.1143, 27.88523 ], [ 70.14556, 27.87788 ], [ 70.16088, 27.86746 ], [ 70.16734, 27.8637 ], [ 70.17609, 27.8586 ], [ 70.18127, 27.85558 ], [ 70.16839, 27.84418 ], [ 70.15695, 27.83405 ], [ 70.11352, 27.77468 ], [ 70.10781, 27.76687 ], [ 70.08313, 27.70837 ], [ 70.05142, 27.63534 ], [ 70.0415, 27.61109 ], [ 70.02457, 27.56969 ], [ 70.01627, 27.55599 ], [ 70.00382, 27.54762 ], [ 70.0, 27.54505 ], [ 69.95254, 27.51308 ], [ 69.93625, 27.50211 ], [ 69.92114, 27.4794 ], [ 69.90762, 27.45958 ], [ 69.88517, 27.43165 ], [ 69.86197, 27.40278 ], [ 69.84955, 27.39348 ], [ 69.84882, 27.39293 ], [ 69.84859, 27.39273 ], [ 69.83253, 27.37876 ], [ 69.81254, 27.35961 ], [ 69.80452, 27.35396 ], [ 69.79388, 27.34646 ], [ 69.77193, 27.33007 ], [ 69.72468, 27.29478 ], [ 69.69871, 27.27774 ], [ 69.68563, 27.26724 ], [ 69.66595, 27.25144 ], [ 69.63958, 27.22676 ], [ 69.63898, 27.2262 ], [ 69.60363, 27.19311 ], [ 69.60175, 27.1908 ], [ 69.60061, 27.1894 ], [ 69.58666, 27.17798 ], [ 69.57813, 27.16549 ], [ 69.56519, 27.13847 ], [ 69.56484, 27.13759 ], [ 69.56149, 27.12913 ], [ 69.55679, 27.11726 ], [ 69.54934, 27.09943 ], [ 69.54021, 27.07757 ], [ 69.53845, 27.07261 ], [ 69.53726, 27.06927 ], [ 69.52997, 27.05338 ], [ 69.51321, 27.01687 ], [ 69.51305, 27.01573 ], [ 69.51304, 27.01563 ], [ 69.51301, 27.01542 ], [ 69.51288, 27.01438 ], [ 69.50359, 26.94329 ], [ 69.50139, 26.90758 ], [ 69.50094, 26.90033 ], [ 69.49981, 26.89427 ], [ 69.49574, 26.87249 ], [ 69.48987, 26.84435 ], [ 69.48861, 26.83834 ], [ 69.48551, 26.82347 ], [ 69.4842, 26.81078 ], [ 69.48373, 26.80623 ], [ 69.4857, 26.7997 ], [ 69.48751, 26.79365 ], [ 69.49885, 26.7682 ], [ 69.50765, 26.74845 ], [ 69.51545, 26.74006 ], [ 69.51941, 26.73775 ], [ 69.52242, 26.73601 ], [ 69.5436, 26.72742 ], [ 69.55045, 26.72464 ], [ 69.55415, 26.72325 ], [ 69.57461, 26.71552 ], [ 69.58054, 26.71192 ], [ 69.59066, 26.70782 ], [ 69.5921, 26.70723 ], [ 69.60037, 26.70538 ], [ 69.60184, 26.70505 ], [ 69.6026, 26.7045 ], [ 69.60598, 26.70202 ], [ 69.60831, 26.70031 ], [ 69.67666, 26.67263 ], [ 69.68246, 26.67056 ], [ 69.68975, 26.66795 ], [ 69.69898, 26.66507 ], [ 69.72187, 26.65384 ], [ 69.74327, 26.63846 ], [ 69.77194, 26.61375 ], [ 69.77326, 26.61295 ], [ 69.79484, 26.59998 ], [ 69.79539, 26.59977 ], [ 69.79588, 26.59959 ], [ 69.81536, 26.59216 ], [ 69.83176, 26.58773 ], [ 69.85555, 26.58292 ], [ 69.8724, 26.58162 ], [ 69.87931, 26.58109 ], [ 69.91094, 26.58231 ], [ 69.91834, 26.58261 ], [ 69.93292, 26.58448 ], [ 69.95478, 26.5873 ], [ 69.99631, 26.59387 ], [ 69.99802, 26.59416 ], [ 70.0, 26.5945 ], [ 70.00948, 26.59611 ], [ 70.01469, 26.59699 ], [ 70.02485, 26.59871 ], [ 70.03209, 26.59909 ], [ 70.04041, 26.59953 ], [ 70.04299, 26.5994 ], [ 70.04782, 26.59914 ], [ 70.06325, 26.59927 ], [ 70.06619, 26.59929 ], [ 70.06905, 26.59881 ], [ 70.08844, 26.59557 ], [ 70.10688, 26.58952 ], [ 70.10974, 26.58817 ], [ 70.13893, 26.57439 ], [ 70.14337, 26.572 ], [ 70.15022, 26.56829 ], [ 70.15803, 26.56121 ], [ 70.15821, 26.56104 ], [ 70.16051, 26.55895 ], [ 70.16325, 26.55584 ], [ 70.16774, 26.55075 ], [ 70.16811, 26.54956 ], [ 70.17274, 26.53495 ], [ 70.17425, 26.52953 ], [ 70.17854, 26.5141 ], [ 70.18066, 26.50523 ], [ 70.18226, 26.49852 ], [ 70.1839, 26.48683 ], [ 70.181, 26.4696 ], [ 70.17807, 26.44832 ], [ 70.17665, 26.43802 ], [ 70.17599, 26.4333 ], [ 70.17805, 26.40416 ], [ 70.17849, 26.38443 ], [ 70.1785, 26.38431 ], [ 70.17902, 26.37871 ], [ 70.17934, 26.37526 ], [ 70.17815, 26.36748 ], [ 70.1779, 26.36584 ], [ 70.17793, 26.36462 ], [ 70.17828, 26.35098 ], [ 70.17831, 26.34977 ], [ 70.17619, 26.34194 ], [ 70.17586, 26.34071 ], [ 70.17155, 26.32479 ], [ 70.16674, 26.307 ], [ 70.1648, 26.29242 ], [ 70.1646, 26.29092 ], [ 70.16468, 26.28932 ], [ 70.16476, 26.28754 ], [ 70.16525, 26.27715 ], [ 70.16682, 26.27257 ], [ 70.16737, 26.27069 ], [ 70.17076, 26.25906 ], [ 70.17256, 26.24587 ], [ 70.17267, 26.24508 ], [ 70.17046, 26.23643 ], [ 70.16726, 26.22387 ], [ 70.16164, 26.20185 ], [ 70.15942, 26.19449 ], [ 70.14955, 26.17482 ], [ 70.14519, 26.16615 ], [ 70.12902, 26.14313 ], [ 70.12851, 26.14241 ], [ 70.12639, 26.13938 ], [ 70.09428, 26.09736 ], [ 70.08715, 26.08419 ], [ 70.08604, 26.08215 ], [ 70.08257, 26.07386 ], [ 70.08133, 26.06469 ], [ 70.08045, 26.05824 ], [ 70.084, 26.04254 ], [ 70.08472, 26.03937 ], [ 70.08656, 26.03121 ], [ 70.09098, 25.99682 ], [ 70.09122, 25.97279 ], [ 70.0913, 25.96516 ], [ 70.09273, 25.95891 ], [ 70.09434, 25.9519 ], [ 70.09606, 25.94437 ], [ 70.09608, 25.94432 ], [ 70.10668, 25.92421 ], [ 70.11822, 25.90811 ], [ 70.13536, 25.88417 ], [ 70.14166, 25.87538 ], [ 70.14232, 25.87403 ], [ 70.14502, 25.86852 ], [ 70.17267, 25.84291 ], [ 70.19155, 25.82542 ], [ 70.20767, 25.81048 ], [ 70.21126, 25.80546 ], [ 70.21845, 25.79871 ], [ 70.22271, 25.7947 ], [ 70.22507, 25.79248 ], [ 70.2425, 25.76989 ], [ 70.25432, 25.75047 ], [ 70.266, 25.72204 ], [ 70.26745, 25.7185 ], [ 70.27539, 25.71132 ], [ 70.29593, 25.70597 ], [ 70.30866, 25.70266 ], [ 70.32822, 25.69544 ], [ 70.37465, 25.68128 ], [ 70.38968, 25.68105 ], [ 70.39617, 25.68095 ], [ 70.39755, 25.68132 ], [ 70.40652, 25.68376 ], [ 70.40984, 25.68125 ], [ 70.4149, 25.68197 ], [ 70.43311, 25.68368 ], [ 70.48421, 25.68947 ], [ 70.49054, 25.68904 ], [ 70.52649, 25.68853 ], [ 70.53672, 25.69188 ], [ 70.54215, 25.69366 ], [ 70.56008, 25.70086 ], [ 70.56242, 25.70122 ], [ 70.56312, 25.70133 ], [ 70.5636, 25.70177 ], [ 70.56866, 25.7064 ], [ 70.59392, 25.7157 ], [ 70.60349, 25.71816 ], [ 70.6048, 25.71849 ], [ 70.60552, 25.71837 ], [ 70.61291, 25.71715 ], [ 70.62506, 25.7172 ], [ 70.64002, 25.71543 ], [ 70.64941, 25.71111 ], [ 70.65388, 25.70678 ], [ 70.65933, 25.70151 ], [ 70.66618, 25.69039 ], [ 70.66877, 25.68618 ], [ 70.66998, 25.68125 ], [ 70.67048, 25.67924 ], [ 70.67239, 25.67151 ], [ 70.67243, 25.66142 ], [ 70.66598, 25.61113 ], [ 70.66537, 25.60632 ], [ 70.66522, 25.59981 ], [ 70.66521, 25.5992 ], [ 70.66474, 25.57833 ], [ 70.66462, 25.56903 ], [ 70.66437, 25.55035 ], [ 70.66908, 25.51209 ], [ 70.67043, 25.50105 ], [ 70.6684, 25.47324 ], [ 70.6662, 25.44304 ], [ 70.66499, 25.42647 ], [ 70.66438, 25.41229 ], [ 70.66408, 25.40536 ], [ 70.66488, 25.40119 ], [ 70.66589, 25.39596 ], [ 70.70418, 25.36147 ], [ 70.72209, 25.34208 ], [ 70.73718, 25.32573 ], [ 70.73789, 25.32321 ], [ 70.74432, 25.30037 ], [ 70.74471, 25.29725 ], [ 70.74483, 25.29624 ], [ 70.74959, 25.28102 ], [ 70.7497, 25.28067 ], [ 70.7525, 25.27172 ], [ 70.77286, 25.25201 ], [ 70.79123, 25.23423 ], [ 70.85204, 25.17696 ], [ 70.86385, 25.16517 ], [ 70.87669, 25.15234 ], [ 70.88125, 25.14593 ], [ 70.88717, 25.12392 ], [ 70.88914, 25.1166 ], [ 70.88891, 25.10925 ], [ 70.89376, 25.08564 ], [ 70.89624, 25.07428 ], [ 70.90167, 25.04943 ], [ 70.90169, 25.0414 ], [ 70.90776, 25.02084 ], [ 70.91392, 25.0 ], [ 70.91794, 24.98639 ], [ 70.95564, 24.90167 ], [ 70.96251, 24.88732 ], [ 70.98618, 24.85696 ], [ 70.99619, 24.84413 ], [ 70.99997, 24.83831 ], [ 71.02088, 24.8061 ], [ 71.03297, 24.7864 ], [ 71.03386, 24.7828 ], [ 71.03524, 24.77723 ], [ 71.04392, 24.75618 ], [ 71.04507, 24.75339 ], [ 71.04832, 24.74729 ], [ 71.05584, 24.73318 ], [ 71.05715, 24.73071 ], [ 71.06745, 24.71765 ], [ 71.07423, 24.7133 ], [ 71.07902, 24.70368 ], [ 71.08231, 24.69885 ], [ 71.08605, 24.69336 ], [ 71.08581, 24.68763 ], [ 71.08375, 24.68343 ], [ 71.08125, 24.67832 ], [ 71.0793, 24.67433 ], [ 71.06502, 24.66262 ], [ 71.06441, 24.66228 ], [ 71.0585, 24.65895 ], [ 71.04346, 24.65412 ], [ 71.0209, 24.64515 ], [ 71.00813, 24.63574 ], [ 71.00319, 24.62917 ], [ 71.00069, 24.62584 ], [ 70.99812, 24.62243 ], [ 70.98939, 24.60315 ], [ 70.98849, 24.5502 ], [ 70.9968, 24.52706 ], [ 70.99884, 24.51056 ], [ 70.99387, 24.48717 ], [ 70.99399, 24.48459 ], [ 70.9944, 24.47342 ], [ 70.99793, 24.45967 ], [ 70.99893, 24.45967 ], [ 71.00071, 24.4489 ], [ 71.00253, 24.4457 ], [ 71.00398, 24.44317 ], [ 71.0063, 24.44247 ], [ 71.00999, 24.44135 ], [ 71.0183, 24.43487 ], [ 71.02026, 24.43334 ], [ 71.04973, 24.43349 ], [ 71.07558, 24.43363 ], [ 71.08118, 24.43437 ], [ 71.09309, 24.43594 ], [ 71.09983, 24.43464 ], [ 71.10737, 24.43319 ], [ 71.11405, 24.42941 ], [ 71.11788, 24.42724 ], [ 71.1234, 24.4206 ], [ 71.12394, 24.41458 ], [ 71.1244, 24.40937 ], [ 71.1116, 24.39872 ], [ 71.08066, 24.39137 ], [ 71.06774, 24.37897 ], [ 71.05688, 24.36855 ], [ 71.05015, 24.36209 ], [ 71.04853, 24.36128 ], [ 71.03972, 24.35689 ], [ 71.03816, 24.35612 ], [ 71.03506, 24.35539 ], [ 71.02925, 24.35402 ], [ 71.0274, 24.35358 ], [ 71.01571, 24.35258 ], [ 71.01389, 24.35242 ], [ 71.00602, 24.35539 ], [ 71.00238, 24.35676 ], [ 71.00216, 24.35688 ], [ 70.99136, 24.3627 ], [ 70.98255, 24.36326 ], [ 70.98086, 24.36337 ], [ 70.97637, 24.36001 ], [ 70.96755, 24.35339 ], [ 70.9559, 24.34465 ], [ 70.94516, 24.34177 ], [ 70.93139, 24.33808 ], [ 70.92212, 24.3298 ], [ 70.91855, 24.32661 ], [ 70.91467, 24.32314 ], [ 70.90594, 24.31877 ], [ 70.90417, 24.31792 ], [ 70.8972, 24.31453 ], [ 70.89645, 24.31417 ], [ 70.89551, 24.3138 ], [ 70.87696, 24.30659 ], [ 70.87272, 24.30495 ], [ 70.87122, 24.30345 ], [ 70.86649, 24.29874 ], [ 70.86452, 24.29168 ], [ 70.86451, 24.29163 ], [ 70.86578, 24.2843 ], [ 70.87255, 24.27813 ], [ 70.87576, 24.27741 ], [ 70.89281, 24.2736 ], [ 70.8952, 24.2718 ], [ 70.90408, 24.26514 ], [ 70.90007, 24.26191 ], [ 70.8941, 24.2571 ], [ 70.88287, 24.25363 ], [ 70.86564, 24.25084 ], [ 70.86113, 24.24954 ], [ 70.85887, 24.24888 ], [ 70.85365, 24.24738 ], [ 70.84736, 24.2437 ], [ 70.84617, 24.243 ], [ 70.84356, 24.24006 ], [ 70.84179, 24.23806 ], [ 70.84169, 24.23795 ], [ 70.84054, 24.23706 ], [ 70.83719, 24.2345 ], [ 70.83434, 24.23318 ], [ 70.83371, 24.23288 ], [ 70.81676, 24.22528 ], [ 70.81625, 24.22505 ], [ 70.80576, 24.22272 ], [ 70.80061, 24.22247 ], [ 70.79102, 24.22199 ], [ 70.7638, 24.22076 ], [ 70.76301, 24.22077 ], [ 70.74709, 24.22081 ], [ 70.72582, 24.22086 ], [ 70.68983, 24.22325 ], [ 70.68602, 24.22346 ], [ 70.68206, 24.22367 ], [ 70.65881, 24.2249 ], [ 70.65531, 24.22509 ], [ 70.65275, 24.22598 ], [ 70.63873, 24.23086 ], [ 70.63357, 24.23266 ], [ 70.62509, 24.23557 ], [ 70.61462, 24.23916 ], [ 70.6138, 24.23945 ], [ 70.59887, 24.24006 ], [ 70.59355, 24.24027 ], [ 70.58949, 24.24196 ], [ 70.58429, 24.24413 ], [ 70.57733, 24.24982 ], [ 70.57629, 24.25067 ], [ 70.57425, 24.25233 ], [ 70.57363, 24.25441 ], [ 70.5722, 24.2592 ], [ 70.57238, 24.26362 ], [ 70.57243, 24.26493 ], [ 70.57549, 24.27049 ], [ 70.57737, 24.27389 ], [ 70.57945, 24.27572 ], [ 70.58285, 24.27873 ], [ 70.58309, 24.27905 ], [ 70.58668, 24.28388 ], [ 70.58747, 24.28494 ], [ 70.58781, 24.2854 ], [ 70.58477, 24.28634 ], [ 70.57432, 24.2896 ], [ 70.57404, 24.28969 ], [ 70.57226, 24.29358 ], [ 70.57269, 24.29519 ], [ 70.57329, 24.29743 ], [ 70.57349, 24.29817 ], [ 70.57357, 24.29824 ], [ 70.57753, 24.30165 ], [ 70.58742, 24.31015 ], [ 70.58703, 24.31051 ], [ 70.57761, 24.31927 ], [ 70.57155, 24.33116 ], [ 70.56192, 24.3522 ], [ 70.56139, 24.35839 ], [ 70.5688, 24.36101 ], [ 70.57387, 24.3628 ], [ 70.58159, 24.36834 ], [ 70.58275, 24.37013 ], [ 70.58401, 24.37207 ], [ 70.5848, 24.37328 ], [ 70.58531, 24.37408 ], [ 70.59472, 24.39223 ], [ 70.59592, 24.40026 ], [ 70.59319, 24.41173 ], [ 70.58308, 24.41647 ], [ 70.57487, 24.42031 ], [ 70.5697, 24.41971 ], [ 70.56013, 24.4186 ], [ 70.53752, 24.41183 ], [ 70.53155, 24.41004 ], [ 70.52544, 24.40761 ], [ 70.51719, 24.40433 ], [ 70.50288, 24.39863 ], [ 70.49563, 24.39574 ], [ 70.48313, 24.39077 ], [ 70.47779, 24.38952 ], [ 70.47447, 24.38873 ], [ 70.47412, 24.38866 ], [ 70.46614, 24.38678 ], [ 70.46425, 24.38684 ], [ 70.46128, 24.38693 ], [ 70.45963, 24.38698 ], [ 70.45445, 24.38503 ], [ 70.39177, 24.3615 ], [ 70.37031, 24.35345 ], [ 70.35901, 24.35216 ], [ 70.35757, 24.352 ], [ 70.34974, 24.35088 ], [ 70.32559, 24.34744 ], [ 70.31307, 24.34378 ], [ 70.30968, 24.34279 ], [ 70.30873, 24.34251 ], [ 70.30712, 24.34205 ], [ 70.30671, 24.34196 ], [ 70.29689, 24.33991 ], [ 70.27071, 24.32988 ], [ 70.25705, 24.32479 ], [ 70.24753, 24.32124 ], [ 70.23706, 24.31727 ], [ 70.23081, 24.31653 ], [ 70.2145, 24.31314 ], [ 70.19088, 24.30822 ], [ 70.16705, 24.30371 ], [ 70.15045, 24.30057 ], [ 70.14397, 24.298 ], [ 70.12856, 24.29349 ], [ 70.11904, 24.2907 ], [ 70.11064, 24.28525 ], [ 70.1101, 24.2849 ], [ 70.10728, 24.27788 ], [ 70.10401, 24.26972 ], [ 70.09203, 24.24333 ], [ 70.08884, 24.23629 ], [ 70.08835, 24.23522 ], [ 70.07731, 24.21564 ], [ 70.07203, 24.20895 ], [ 70.0593, 24.1928 ], [ 70.05919, 24.1927 ], [ 70.05393, 24.18802 ], [ 70.05191, 24.18622 ], [ 70.0489, 24.18355 ], [ 70.04828, 24.18316 ], [ 70.03204, 24.17309 ], [ 70.02513, 24.16984 ], [ 70.02409, 24.16935 ], [ 70.02177, 24.16953 ], [ 70.01859, 24.16976 ], [ 70.01628, 24.16904 ], [ 70.01616, 24.169 ], [ 70.01186, 24.16764 ], [ 70.00138, 24.16648 ], [ 70.00064, 24.1664 ], [ 70.0, 24.16636 ], [ 69.99176, 24.16585 ], [ 69.97868, 24.16505 ], [ 69.95225, 24.16471 ], [ 69.91226, 24.1642 ], [ 69.90714, 24.16584 ], [ 69.90669, 24.16598 ], [ 69.906, 24.1662 ], [ 69.90449, 24.166 ], [ 69.89877, 24.16522 ], [ 69.87379, 24.16612 ], [ 69.87031, 24.16471 ], [ 69.86697, 24.16518 ], [ 69.86581, 24.16535 ], [ 69.85805, 24.16642 ], [ 69.8571, 24.16646 ], [ 69.83481, 24.16756 ], [ 69.82993, 24.16751 ], [ 69.82532, 24.16746 ], [ 69.79472, 24.16965 ], [ 69.76658, 24.17166 ], [ 69.76017, 24.17261 ], [ 69.75082, 24.17401 ], [ 69.74132, 24.17414 ], [ 69.72458, 24.1751 ], [ 69.71653, 24.17959 ], [ 69.71464, 24.18183 ], [ 69.71009, 24.18721 ], [ 69.70866, 24.1889 ], [ 69.70585, 24.18959 ], [ 69.70489, 24.18983 ], [ 69.7024, 24.19043 ], [ 69.69305, 24.19789 ], [ 69.68121, 24.20509 ], [ 69.67512, 24.21236 ], [ 69.67016, 24.21618 ], [ 69.66956, 24.21665 ], [ 69.6668, 24.21896 ], [ 69.61748, 24.26028 ], [ 69.61315, 24.26712 ], [ 69.61288, 24.26755 ], [ 69.60794, 24.27172 ], [ 69.60566, 24.27364 ], [ 69.5901, 24.28676 ], [ 69.58671, 24.28679 ], [ 69.5791, 24.28686 ], [ 69.55974, 24.27746 ], [ 69.54254, 24.27404 ], [ 69.53033, 24.27052 ], [ 69.5296, 24.27032 ], [ 69.50421, 24.26301 ], [ 69.4941, 24.26271 ], [ 69.48972, 24.26258 ], [ 69.47773, 24.26222 ], [ 69.47773, 24.26234 ], [ 69.47771, 24.26336 ], [ 69.47266, 24.26391 ], [ 69.47027, 24.26416 ], [ 69.46913, 24.26428 ], [ 69.4682, 24.26438 ], [ 69.44285, 24.27093 ], [ 69.43833, 24.2727 ], [ 69.43654, 24.27296 ], [ 69.43158, 24.27365 ], [ 69.42118, 24.27376 ], [ 69.41163, 24.27385 ], [ 69.40784, 24.27287 ], [ 69.40509, 24.27215 ], [ 69.40037, 24.27093 ], [ 69.39514, 24.26869 ], [ 69.39188, 24.26911 ], [ 69.38331, 24.26636 ], [ 69.38219, 24.266 ], [ 69.38113, 24.26601 ], [ 69.36965, 24.26611 ], [ 69.36769, 24.26612 ], [ 69.36194, 24.26618 ], [ 69.35532, 24.26784 ], [ 69.33081, 24.274 ], [ 69.31027, 24.27669 ], [ 69.29608, 24.27447 ], [ 69.29257, 24.27392 ], [ 69.28271, 24.27109 ], [ 69.27491, 24.26885 ], [ 69.27212, 24.26715 ], [ 69.27145, 24.26674 ], [ 69.27124, 24.26601 ], [ 69.27115, 24.26567 ], [ 69.27074, 24.2642 ], [ 69.26775, 24.2637 ], [ 69.26471, 24.26266 ], [ 69.2434, 24.25533 ], [ 69.23643, 24.25184 ], [ 69.23302, 24.25156 ], [ 69.22897, 24.25122 ], [ 69.22831, 24.25085 ], [ 69.22229, 24.24745 ], [ 69.19977, 24.2352 ], [ 69.19877, 24.23525 ], [ 69.19657, 24.23538 ], [ 69.19002, 24.23574 ], [ 69.15809, 24.24626 ], [ 69.15553, 24.24897 ], [ 69.15538, 24.24897 ], [ 69.14829, 24.24909 ], [ 69.14828, 24.24925 ], [ 69.14827, 24.24993 ], [ 69.14827, 24.25 ], [ 69.14537, 24.25084 ], [ 69.14325, 24.25145 ], [ 69.13696, 24.25327 ], [ 69.12509, 24.25906 ], [ 69.11829, 24.26238 ], [ 69.10548, 24.26607 ], [ 69.0952, 24.26854 ], [ 69.09293, 24.26908 ], [ 69.09061, 24.26883 ], [ 69.09034, 24.26881 ], [ 69.08801, 24.26855 ], [ 69.08544, 24.26828 ], [ 69.0844, 24.26777 ], [ 69.08125, 24.26623 ], [ 69.07928, 24.26528 ], [ 69.07009, 24.26024 ], [ 69.05797, 24.25306 ], [ 69.03945, 24.2421 ], [ 69.01372, 24.22908 ], [ 69.00415, 24.22676 ], [ 69.00053, 24.22588 ], [ 68.9955, 24.22604 ], [ 68.98628, 24.22633 ], [ 68.98149, 24.22855 ], [ 68.97057, 24.23753 ], [ 68.96, 24.25363 ], [ 68.95734, 24.26138 ], [ 68.95309, 24.26775 ], [ 68.94781, 24.27565 ], [ 68.94445, 24.28146 ], [ 68.939, 24.29087 ], [ 68.93563, 24.29264 ], [ 68.93394, 24.29353 ], [ 68.93072, 24.29368 ], [ 68.9284, 24.29379 ], [ 68.92668, 24.29387 ], [ 68.92555, 24.29334 ], [ 68.92211, 24.29173 ], [ 68.92048, 24.29098 ], [ 68.91034, 24.28625 ], [ 68.89728, 24.27686 ], [ 68.88902, 24.26548 ], [ 68.88795, 24.26199 ], [ 68.88106, 24.23945 ], [ 68.881, 24.2337 ], [ 68.88097, 24.23142 ], [ 68.8791, 24.22543 ], [ 68.87359, 24.21433 ], [ 68.86751, 24.2062 ], [ 68.86408, 24.20524 ], [ 68.86404, 24.20522 ], [ 68.85365, 24.20566 ], [ 68.85253, 24.20571 ], [ 68.85169, 24.20618 ], [ 68.84773, 24.20838 ], [ 68.84477, 24.21628 ], [ 68.84031, 24.22819 ], [ 68.83941, 24.23259 ], [ 68.83585, 24.24988 ], [ 68.83105, 24.28785 ], [ 68.83154, 24.29343 ], [ 68.83205, 24.29933 ], [ 68.82735, 24.30681 ], [ 68.82635, 24.3084 ], [ 68.80897, 24.30413 ], [ 68.80521, 24.30321 ], [ 68.79228, 24.29999 ], [ 68.78374, 24.29745 ], [ 68.77265, 24.29414 ], [ 68.7675, 24.28969 ], [ 68.76412, 24.28412 ], [ 68.76413, 24.2771 ], [ 68.76417, 24.23599 ], [ 68.76307, 24.20663 ], [ 68.76216, 24.19103 ], [ 68.76197, 24.17465 ], [ 68.76181, 24.16123 ], [ 68.76161, 24.13092 ], [ 68.76142, 24.10293 ], [ 68.7614, 24.10002 ], [ 68.7611, 24.08962 ], [ 68.75956, 24.03582 ], [ 68.75092, 24.0 ], [ 68.7499, 23.97697 ], [ 68.74931, 23.9636 ], [ 68.74924, 23.96205 ], [ 68.56797, 23.9631 ], [ 68.38492, 23.96417 ], [ 68.38416, 23.96502 ], [ 68.38209, 23.96732 ], [ 68.38066, 23.97049 ], [ 68.37918, 23.97684 ], [ 68.37805, 23.97886 ], [ 68.37633, 23.98191 ], [ 68.37423, 23.98316 ], [ 68.37175, 23.98221 ], [ 68.37078, 23.98184 ], [ 68.36943, 23.9811 ], [ 68.36596, 23.97923 ], [ 68.36476, 23.97858 ], [ 68.36382, 23.97806 ], [ 68.36115, 23.97661 ], [ 68.3598, 23.97341 ], [ 68.35748, 23.97252 ], [ 68.3571, 23.97237 ], [ 68.3529, 23.97077 ], [ 68.35101, 23.97025 ], [ 68.34807, 23.96943 ], [ 68.34321, 23.96938 ], [ 68.33907, 23.96741 ], [ 68.33694, 23.96639 ], [ 68.33631, 23.96609 ], [ 68.33494, 23.96544 ], [ 68.33316, 23.96171 ], [ 68.33158, 23.95838 ], [ 68.3317, 23.95001 ], [ 68.33171, 23.94946 ], [ 68.33182, 23.94245 ], [ 68.33269, 23.93905 ], [ 68.33329, 23.93673 ], [ 68.33256, 23.93273 ], [ 68.33201, 23.9297 ], [ 68.33125, 23.92775 ], [ 68.33006, 23.9247 ], [ 68.33001, 23.92458 ], [ 68.32995, 23.92454 ], [ 68.32781, 23.92319 ], [ 68.32588, 23.92197 ], [ 68.32188, 23.92074 ], [ 68.31957, 23.92003 ], [ 68.31877, 23.92358 ], [ 68.31523, 23.92242 ], [ 68.30697, 23.92385 ], [ 68.28616, 23.93832 ], [ 68.27893, 23.93863 ], [ 68.27448, 23.93716 ], [ 68.26372, 23.92868 ], [ 68.24731, 23.90679 ], [ 68.23776, 23.90018 ], [ 68.21336, 23.88889 ], [ 68.20905, 23.88773 ], [ 68.20041, 23.88542 ], [ 68.18562, 23.8863 ], [ 68.19287, 23.87149 ], [ 68.19189, 23.86377 ], [ 68.19038, 23.85195 ], [ 68.18893, 23.85009 ], [ 68.17812, 23.85421 ], [ 68.17321, 23.85113 ], [ 68.16784, 23.85651 ], [ 68.1599, 23.85474 ], [ 68.1435, 23.86965 ], [ 68.13672, 23.86955 ], [ 68.13605, 23.86954 ], [ 68.1347, 23.86589 ], [ 68.13694, 23.85631 ], [ 68.13705, 23.85606 ], [ 68.1433, 23.84155 ], [ 68.14211, 23.83969 ], [ 68.1241, 23.84228 ], [ 68.11954, 23.8447 ], [ 68.11687, 23.85175 ], [ 68.11166, 23.85353 ], [ 68.1097, 23.85401 ], [ 68.10353, 23.85554 ], [ 68.10494, 23.85214 ], [ 68.10756, 23.84582 ], [ 68.10439, 23.84322 ], [ 68.08394, 23.8343 ], [ 68.07599, 23.83321 ], [ 68.07296, 23.83474 ], [ 68.07005, 23.8411 ], [ 68.06339, 23.84806 ], [ 68.0556, 23.85087 ], [ 68.05302, 23.85379 ], [ 68.04706, 23.8814 ], [ 68.04783, 23.8899 ], [ 68.05038, 23.89706 ], [ 68.05534, 23.903 ], [ 68.04848, 23.90518 ], [ 68.04564, 23.91102 ], [ 68.04196, 23.91185 ], [ 68.02983, 23.90321 ], [ 68.03275, 23.89461 ], [ 68.02816, 23.8796 ], [ 68.02769, 23.86928 ], [ 68.04218, 23.83017 ], [ 68.04017, 23.82164 ], [ 68.0427, 23.81069 ], [ 68.04017, 23.80284 ], [ 68.04372, 23.80017 ], [ 68.04461, 23.79492 ], [ 68.04274, 23.79029 ], [ 68.03523, 23.78843 ], [ 68.03358, 23.78802 ], [ 67.99625, 23.78673 ], [ 67.98105, 23.79648 ], [ 67.97862, 23.8033 ], [ 67.97018, 23.81137 ], [ 67.9631, 23.81534 ], [ 67.9581, 23.81591 ], [ 67.95524, 23.81126 ], [ 67.95197, 23.81211 ], [ 67.93633, 23.83788 ], [ 67.92644, 23.84408 ], [ 67.92233, 23.8488 ], [ 67.92093, 23.85077 ], [ 67.92025, 23.85173 ], [ 67.91956, 23.8493 ], [ 67.91934, 23.8485 ], [ 67.92204, 23.841 ], [ 67.92984, 23.82903 ], [ 67.92434, 23.82959 ], [ 67.89417, 23.84839 ], [ 67.87196, 23.85865 ], [ 67.86505, 23.89219 ], [ 67.86529, 23.90159 ], [ 67.87091, 23.92373 ], [ 67.87299, 23.92951 ], [ 67.88622, 23.94746 ], [ 67.90269, 23.96472 ], [ 67.89394, 23.97507 ], [ 67.89202, 23.97212 ], [ 67.88069, 23.96705 ], [ 67.87205, 23.95493 ], [ 67.86356, 23.94625 ], [ 67.85452, 23.92152 ], [ 67.84563, 23.90916 ], [ 67.83784, 23.87551 ], [ 67.83891, 23.87302 ], [ 67.83623, 23.85301 ], [ 67.83497, 23.8445 ], [ 67.83602, 23.82458 ], [ 67.83418, 23.81949 ], [ 67.83108, 23.81681 ], [ 67.82736, 23.8136 ], [ 67.82095, 23.81139 ], [ 67.80765, 23.81475 ], [ 67.8007, 23.81367 ], [ 67.79066, 23.81641 ], [ 67.78228, 23.82195 ], [ 67.77168, 23.82651 ], [ 67.75313, 23.83066 ], [ 67.73499, 23.83779 ], [ 67.71187, 23.85306 ], [ 67.70904, 23.8562 ], [ 67.70506, 23.85565 ], [ 67.70922, 23.84922 ], [ 67.71732, 23.83668 ], [ 67.7485, 23.80946 ], [ 67.75112, 23.8047 ], [ 67.75022, 23.80147 ], [ 67.74654, 23.79955 ], [ 67.72562, 23.79928 ], [ 67.71755, 23.80253 ], [ 67.70695, 23.79838 ], [ 67.69285, 23.804 ], [ 67.68509, 23.80519 ], [ 67.67686, 23.79696 ], [ 67.67156, 23.7989 ], [ 67.66336, 23.79824 ], [ 67.65599, 23.79463 ], [ 67.65201, 23.79453 ], [ 67.63824, 23.80543 ], [ 67.62693, 23.80882 ], [ 67.62608, 23.81224 ], [ 67.63268, 23.83372 ], [ 67.63185, 23.83669 ], [ 67.62677, 23.84165 ], [ 67.62543, 23.84295 ], [ 67.61751, 23.84138 ], [ 67.60108, 23.84923 ], [ 67.60034, 23.8405 ], [ 67.59792, 23.83815 ], [ 67.5847, 23.83828 ], [ 67.58343, 23.8394 ], [ 67.57899, 23.85442 ], [ 67.58052, 23.87028 ], [ 67.57912, 23.88377 ], [ 67.57623, 23.88897 ], [ 67.57217, 23.88314 ], [ 67.57343, 23.87423 ], [ 67.57256, 23.86962 ], [ 67.57037, 23.86819 ], [ 67.56512, 23.86829 ], [ 67.54877, 23.87339 ], [ 67.5492, 23.87569 ], [ 67.55465, 23.87697 ], [ 67.5461, 23.88799 ], [ 67.53548, 23.893 ], [ 67.53075, 23.89289 ], [ 67.53403, 23.88311 ], [ 67.53499, 23.87603 ], [ 67.53353, 23.87461 ], [ 67.51917, 23.87976 ], [ 67.50954, 23.88525 ], [ 67.49567, 23.89865 ], [ 67.49364, 23.89998 ], [ 67.4696, 23.90327 ], [ 67.46552, 23.90661 ], [ 67.46172, 23.91683 ], [ 67.4626, 23.92052 ], [ 67.46606, 23.92152 ], [ 67.46834, 23.92043 ], [ 67.4728, 23.91298 ], [ 67.47997, 23.90697 ], [ 67.48347, 23.9066 ], [ 67.48837, 23.90948 ], [ 67.49097, 23.9139 ], [ 67.48673, 23.92227 ], [ 67.48848, 23.93034 ], [ 67.48553, 23.93737 ], [ 67.4812, 23.94024 ], [ 67.46951, 23.93926 ], [ 67.46598, 23.94213 ], [ 67.46609, 23.94536 ], [ 67.46902, 23.94704 ], [ 67.47901, 23.94684 ], [ 67.48888, 23.95855 ], [ 67.49429, 23.9612 ], [ 67.50148, 23.96253 ], [ 67.50437, 23.96604 ], [ 67.50076, 23.96985 ], [ 67.49268, 23.97331 ], [ 67.48642, 23.97407 ], [ 67.47754, 23.97087 ], [ 67.42798, 23.94371 ], [ 67.42245, 23.94495 ], [ 67.41982, 23.94969 ], [ 67.42122, 23.96096 ], [ 67.42739, 23.9712 ], [ 67.42824, 23.97627 ], [ 67.43477, 23.98285 ], [ 67.43652, 23.99069 ], [ 67.43572, 23.9925 ], [ 67.4329, 23.99518 ], [ 67.4157, 23.99475 ], [ 67.41013, 23.99758 ], [ 67.40831, 24.0 ], [ 67.42175, 24.00243 ], [ 67.40919, 24.03373 ], [ 67.4092, 24.03916 ], [ 67.41, 24.0421 ], [ 67.42434, 24.05864 ], [ 67.43202, 24.06042 ], [ 67.43534, 24.06118 ], [ 67.43673, 24.06245 ], [ 67.43803, 24.06363 ], [ 67.43093, 24.07752 ], [ 67.43014, 24.07907 ], [ 67.42089, 24.08315 ], [ 67.41805, 24.08618 ], [ 67.41842, 24.08828 ], [ 67.42829, 24.09152 ], [ 67.43311, 24.09627 ], [ 67.43367, 24.09872 ], [ 67.43525, 24.10552 ], [ 67.43762, 24.10873 ], [ 67.44197, 24.1107 ], [ 67.44656, 24.11277 ], [ 67.4489, 24.11681 ], [ 67.44649, 24.12028 ], [ 67.44308, 24.12017 ], [ 67.43807, 24.11489 ], [ 67.4337, 24.11027 ], [ 67.42315, 24.09532 ], [ 67.40882, 24.08401 ], [ 67.40503, 24.07637 ], [ 67.40457, 24.07051 ], [ 67.40142, 24.04642 ], [ 67.3969, 24.04606 ], [ 67.39206, 24.04778 ], [ 67.38139, 24.05911 ], [ 67.37796, 24.06568 ], [ 67.37852, 24.06861 ], [ 67.38148, 24.06871 ], [ 67.38969, 24.0621 ], [ 67.39379, 24.06161 ], [ 67.39554, 24.06333 ], [ 67.39497, 24.06623 ], [ 67.38792, 24.07247 ], [ 67.38488, 24.0803 ], [ 67.37937, 24.08179 ], [ 67.37592, 24.08293 ], [ 67.37098, 24.08735 ], [ 67.36896, 24.0925 ], [ 67.36905, 24.10169 ], [ 67.36475, 24.10718 ], [ 67.36533, 24.1097 ], [ 67.36595, 24.11118 ], [ 67.3625, 24.11796 ], [ 67.36262, 24.13236 ], [ 67.37217, 24.13225 ], [ 67.41183, 24.12333 ], [ 67.42068, 24.12383 ], [ 67.42506, 24.12814 ], [ 67.42451, 24.13021 ], [ 67.42286, 24.13204 ], [ 67.41457, 24.12885 ], [ 67.39909, 24.12938 ], [ 67.38284, 24.1326 ], [ 67.36947, 24.13738 ], [ 67.36063, 24.14252 ], [ 67.35635, 24.14717 ], [ 67.35516, 24.15444 ], [ 67.35172, 24.15537 ], [ 67.34533, 24.15578 ], [ 67.33817, 24.16452 ], [ 67.33443, 24.17253 ], [ 67.33474, 24.1763 ], [ 67.33685, 24.18054 ], [ 67.3402, 24.18191 ], [ 67.34126, 24.18176 ], [ 67.35118, 24.18039 ], [ 67.35449, 24.1828 ], [ 67.35091, 24.18706 ], [ 67.34969, 24.18754 ], [ 67.34352, 24.18995 ], [ 67.33944, 24.19544 ], [ 67.33753, 24.20352 ], [ 67.33437, 24.20884 ], [ 67.33461, 24.21407 ], [ 67.33633, 24.21642 ], [ 67.34333, 24.21441 ], [ 67.34416, 24.21417 ], [ 67.34567, 24.2161 ], [ 67.34559, 24.21653 ], [ 67.34511, 24.219 ], [ 67.3388, 24.22318 ], [ 67.33707, 24.22646 ], [ 67.34196, 24.23518 ], [ 67.35057, 24.23609 ], [ 67.35187, 24.23552 ], [ 67.36122, 24.23143 ], [ 67.35985, 24.23688 ], [ 67.3596, 24.23785 ], [ 67.36253, 24.23857 ], [ 67.38834, 24.23587 ], [ 67.40163, 24.23339 ], [ 67.40701, 24.2296 ], [ 67.41248, 24.22956 ], [ 67.41516, 24.22485 ], [ 67.41516, 24.22001 ], [ 67.41517, 24.21296 ], [ 67.41684, 24.21093 ], [ 67.42075, 24.2098 ], [ 67.42815, 24.21255 ], [ 67.42859, 24.21382 ], [ 67.43121, 24.22141 ], [ 67.43295, 24.24129 ], [ 67.43166, 24.24718 ], [ 67.42727, 24.24695 ], [ 67.42645, 24.23878 ], [ 67.42828, 24.22653 ], [ 67.42501, 24.21704 ], [ 67.42116, 24.2167 ], [ 67.41975, 24.21791 ], [ 67.41915, 24.22749 ], [ 67.41434, 24.23401 ], [ 67.4091, 24.23425 ], [ 67.3972, 24.242 ], [ 67.38559, 24.24225 ], [ 67.37395, 24.24333 ], [ 67.35008, 24.25423 ], [ 67.34894, 24.26024 ], [ 67.35102, 24.26511 ], [ 67.3613, 24.27568 ], [ 67.36178, 24.27578 ], [ 67.36852, 24.27717 ], [ 67.3755, 24.27343 ], [ 67.38142, 24.27321 ], [ 67.39811, 24.28273 ], [ 67.39568, 24.28662 ], [ 67.39338, 24.28737 ], [ 67.37897, 24.27772 ], [ 67.37506, 24.27863 ], [ 67.36935, 24.28512 ], [ 67.36317, 24.28576 ], [ 67.35847, 24.28372 ], [ 67.35189, 24.27766 ], [ 67.3434, 24.26215 ], [ 67.33796, 24.25591 ], [ 67.33411, 24.25537 ], [ 67.33038, 24.2527 ], [ 67.33013, 24.25252 ], [ 67.3305, 24.25057 ], [ 67.33099, 24.24796 ], [ 67.32886, 24.24434 ], [ 67.32588, 24.24487 ], [ 67.31282, 24.25863 ], [ 67.30843, 24.2662 ], [ 67.30521, 24.27841 ], [ 67.29992, 24.28553 ], [ 67.2998, 24.28845 ], [ 67.30377, 24.29151 ], [ 67.30632, 24.30182 ], [ 67.30441, 24.30426 ], [ 67.30189, 24.30459 ], [ 67.29736, 24.29818 ], [ 67.29543, 24.30104 ], [ 67.29723, 24.30736 ], [ 67.30181, 24.3121 ], [ 67.30671, 24.31498 ], [ 67.31626, 24.31509 ], [ 67.32056, 24.31882 ], [ 67.32176, 24.31986 ], [ 67.32259, 24.32219 ], [ 67.32088, 24.32484 ], [ 67.32056, 24.32487 ], [ 67.3154, 24.32529 ], [ 67.31444, 24.32672 ], [ 67.31637, 24.3297 ], [ 67.32532, 24.33355 ], [ 67.32755, 24.33372 ], [ 67.32986, 24.33391 ], [ 67.3341, 24.33029 ], [ 67.3385, 24.32272 ], [ 67.34019, 24.30879 ], [ 67.34311, 24.30408 ], [ 67.3547, 24.29299 ], [ 67.35957, 24.29065 ], [ 67.36214, 24.29449 ], [ 67.35938, 24.30128 ], [ 67.34133, 24.3282 ], [ 67.33857, 24.33232 ], [ 67.33881, 24.33732 ], [ 67.33882, 24.33754 ], [ 67.34393, 24.34084 ], [ 67.34658, 24.34281 ], [ 67.3509, 24.34295 ], [ 67.37373, 24.33577 ], [ 67.40047, 24.32141 ], [ 67.40354, 24.31657 ], [ 67.4063, 24.31221 ], [ 67.41088, 24.31132 ], [ 67.4146, 24.31595 ], [ 67.41501, 24.31646 ], [ 67.42013, 24.31934 ], [ 67.42685, 24.31956 ], [ 67.42809, 24.3196 ], [ 67.4348, 24.31669 ], [ 67.44096, 24.31618 ], [ 67.44211, 24.31609 ], [ 67.44643, 24.32207 ], [ 67.449, 24.33217 ], [ 67.45239, 24.3327 ], [ 67.45715, 24.32894 ], [ 67.45873, 24.32769 ], [ 67.46093, 24.32776 ], [ 67.46624, 24.32793 ], [ 67.47256, 24.32269 ], [ 67.47376, 24.3217 ], [ 67.47408, 24.32174 ], [ 67.48214, 24.32281 ], [ 67.48577, 24.32238 ], [ 67.4906, 24.32183 ], [ 67.49303, 24.32622 ], [ 67.49635, 24.33223 ], [ 67.50509, 24.33606 ], [ 67.51463, 24.34242 ], [ 67.51809, 24.34127 ], [ 67.52401, 24.33164 ], [ 67.52513, 24.32981 ], [ 67.5257, 24.33049 ], [ 67.52905, 24.33453 ], [ 67.52546, 24.33921 ], [ 67.51633, 24.35186 ], [ 67.5152, 24.35207 ], [ 67.51243, 24.35257 ], [ 67.51168, 24.35129 ], [ 67.50858, 24.34598 ], [ 67.50634, 24.34487 ], [ 67.49998, 24.33861 ], [ 67.49388, 24.33737 ], [ 67.48724, 24.32631 ], [ 67.47565, 24.32573 ], [ 67.46647, 24.33378 ], [ 67.46091, 24.33611 ], [ 67.45798, 24.34123 ], [ 67.45658, 24.34223 ], [ 67.44846, 24.34009 ], [ 67.438, 24.32243 ], [ 67.43434, 24.32273 ], [ 67.43187, 24.32765 ], [ 67.42738, 24.32626 ], [ 67.42461, 24.32721 ], [ 67.42593, 24.33414 ], [ 67.42096, 24.33314 ], [ 67.41899, 24.33109 ], [ 67.41724, 24.32927 ], [ 67.41112, 24.32865 ], [ 67.40337, 24.32881 ], [ 67.39668, 24.3311 ], [ 67.36961, 24.34774 ], [ 67.36652, 24.35098 ], [ 67.36858, 24.35603 ], [ 67.36902, 24.35712 ], [ 67.36463, 24.36428 ], [ 67.36202, 24.37275 ], [ 67.36361, 24.37864 ], [ 67.36903, 24.38571 ], [ 67.37636, 24.39054 ], [ 67.38743, 24.39278 ], [ 67.39791, 24.39271 ], [ 67.40546, 24.39191 ], [ 67.41775, 24.38647 ], [ 67.42222, 24.38265 ], [ 67.42317, 24.37579 ], [ 67.41814, 24.36457 ], [ 67.41939, 24.36189 ], [ 67.42286, 24.36034 ], [ 67.42831, 24.36093 ], [ 67.42955, 24.36995 ], [ 67.42876, 24.37848 ], [ 67.42779, 24.3918 ], [ 67.41964, 24.3905 ], [ 67.41755, 24.39147 ], [ 67.41891, 24.39757 ], [ 67.41579, 24.40143 ], [ 67.40944, 24.39496 ], [ 67.40627, 24.39444 ], [ 67.40137, 24.39713 ], [ 67.39836, 24.39878 ], [ 67.3874, 24.39946 ], [ 67.37562, 24.39782 ], [ 67.36263, 24.39218 ], [ 67.36052, 24.38773 ], [ 67.35065, 24.3897 ], [ 67.34778, 24.39315 ], [ 67.3469, 24.39813 ], [ 67.34908, 24.4005 ], [ 67.35705, 24.40076 ], [ 67.36569, 24.40689 ], [ 67.37346, 24.40631 ], [ 67.38591, 24.41402 ], [ 67.39029, 24.41855 ], [ 67.39838, 24.42153 ], [ 67.40022, 24.42702 ], [ 67.40305, 24.43024 ], [ 67.40614, 24.43284 ], [ 67.41692, 24.43674 ], [ 67.42464, 24.43762 ], [ 67.43333, 24.43686 ], [ 67.44469, 24.4318 ], [ 67.45197, 24.4264 ], [ 67.45657, 24.42509 ], [ 67.46461, 24.42347 ], [ 67.4705, 24.42449 ], [ 67.47268, 24.42686 ], [ 67.47209, 24.43039 ], [ 67.46927, 24.43259 ], [ 67.45982, 24.42937 ], [ 67.45345, 24.42937 ], [ 67.44546, 24.43558 ], [ 67.44042, 24.43604 ], [ 67.43449, 24.44232 ], [ 67.40883, 24.43982 ], [ 67.39836, 24.43948 ], [ 67.39581, 24.44065 ], [ 67.39523, 24.44397 ], [ 67.39317, 24.44975 ], [ 67.3902, 24.45007 ], [ 67.38866, 24.44855 ], [ 67.38822, 24.44228 ], [ 67.38127, 24.43934 ], [ 67.37533, 24.43413 ], [ 67.37067, 24.43669 ], [ 67.37167, 24.44007 ], [ 67.38186, 24.4477 ], [ 67.38422, 24.45154 ], [ 67.38342, 24.45444 ], [ 67.37615, 24.45942 ], [ 67.3695, 24.46066 ], [ 67.36497, 24.46006 ], [ 67.36111, 24.45955 ], [ 67.36054, 24.46049 ], [ 67.36037, 24.46078 ], [ 67.38011, 24.46894 ], [ 67.38744, 24.47982 ], [ 67.39504, 24.48341 ], [ 67.40093, 24.48444 ], [ 67.40779, 24.48404 ], [ 67.41319, 24.47983 ], [ 67.41849, 24.46685 ], [ 67.42178, 24.46445 ], [ 67.42702, 24.4642 ], [ 67.43148, 24.46685 ], [ 67.43513, 24.46676 ], [ 67.44336, 24.46035 ], [ 67.45043, 24.46016 ], [ 67.454, 24.46216 ], [ 67.45501, 24.46553 ], [ 67.4446, 24.46373 ], [ 67.44065, 24.46548 ], [ 67.43496, 24.47114 ], [ 67.43504, 24.47511 ], [ 67.43721, 24.47789 ], [ 67.436, 24.47973 ], [ 67.42803, 24.47927 ], [ 67.42646, 24.47295 ], [ 67.4213, 24.4707 ], [ 67.41769, 24.4758 ], [ 67.41547, 24.48596 ], [ 67.40791, 24.4926 ], [ 67.40395, 24.50645 ], [ 67.40532, 24.51213 ], [ 67.41312, 24.51698 ], [ 67.41203, 24.52154 ], [ 67.4025, 24.51413 ], [ 67.3982, 24.51336 ], [ 67.39581, 24.51642 ], [ 67.39194, 24.51608 ], [ 67.39111, 24.51418 ], [ 67.39487, 24.50532 ], [ 67.39994, 24.50403 ], [ 67.4021, 24.50117 ], [ 67.40219, 24.49304 ], [ 67.39957, 24.49003 ], [ 67.38866, 24.48926 ], [ 67.38249, 24.48384 ], [ 67.37429, 24.47209 ], [ 67.35904, 24.46574 ], [ 67.35314, 24.46492 ], [ 67.35083, 24.46367 ], [ 67.34734, 24.46179 ], [ 67.34243, 24.45914 ], [ 67.32852, 24.4593 ], [ 67.3227, 24.45661 ], [ 67.31748, 24.45602 ], [ 67.3122, 24.45688 ], [ 67.30939, 24.45888 ], [ 67.30994, 24.46224 ], [ 67.31308, 24.46359 ], [ 67.32152, 24.46346 ], [ 67.32578, 24.46527 ], [ 67.32658, 24.46716 ], [ 67.32828, 24.4712 ], [ 67.32632, 24.4801 ], [ 67.32818, 24.48518 ], [ 67.33065, 24.48609 ], [ 67.33576, 24.48355 ], [ 67.33961, 24.47282 ], [ 67.34685, 24.47431 ], [ 67.35233, 24.47971 ], [ 67.35139, 24.48636 ], [ 67.35548, 24.49124 ], [ 67.35661, 24.49259 ], [ 67.35529, 24.50277 ], [ 67.37017, 24.5304 ], [ 67.376, 24.53288 ], [ 67.38015, 24.53177 ], [ 67.39095, 24.52398 ], [ 67.39532, 24.52287 ], [ 67.39754, 24.52461 ], [ 67.40134, 24.53246 ], [ 67.40198, 24.53937 ], [ 67.40157, 24.54395 ], [ 67.39872, 24.54678 ], [ 67.39528, 24.54729 ], [ 67.39151, 24.54446 ], [ 67.38913, 24.54709 ], [ 67.38387, 24.54149 ], [ 67.38001, 24.54116 ], [ 67.37666, 24.54502 ], [ 67.37393, 24.54493 ], [ 67.37352, 24.54436 ], [ 67.37285, 24.54343 ], [ 67.37486, 24.53869 ], [ 67.37359, 24.53615 ], [ 67.36835, 24.53597 ], [ 67.35843, 24.54157 ], [ 67.35786, 24.54189 ], [ 67.35519, 24.54598 ], [ 67.35706, 24.55042 ], [ 67.38066, 24.57103 ], [ 67.39787, 24.58015 ], [ 67.40896, 24.5826 ], [ 67.41363, 24.58567 ], [ 67.41821, 24.58541 ], [ 67.43236, 24.57334 ], [ 67.43858, 24.57187 ], [ 67.43961, 24.57462 ], [ 67.43719, 24.57809 ], [ 67.41711, 24.59017 ], [ 67.40709, 24.58943 ], [ 67.40044, 24.58441 ], [ 67.38338, 24.57738 ], [ 67.36749, 24.56371 ], [ 67.36391, 24.56198 ], [ 67.36099, 24.56057 ], [ 67.35209, 24.55506 ], [ 67.33609, 24.54994 ], [ 67.33453, 24.54984 ], [ 67.32335, 24.5491 ], [ 67.31519, 24.55363 ], [ 67.30911, 24.55155 ], [ 67.30547, 24.55143 ], [ 67.30416, 24.55308 ], [ 67.30402, 24.55326 ], [ 67.30553, 24.5556 ], [ 67.3059, 24.55566 ], [ 67.3146, 24.55695 ], [ 67.31521, 24.55885 ], [ 67.31185, 24.5628 ], [ 67.30165, 24.57477 ], [ 67.29964, 24.57712 ], [ 67.29901, 24.58148 ], [ 67.30055, 24.583 ], [ 67.30509, 24.58356 ], [ 67.31395, 24.57654 ], [ 67.31546, 24.57535 ], [ 67.32024, 24.57572 ], [ 67.32331, 24.57874 ], [ 67.32333, 24.57883 ], [ 67.32348, 24.57955 ], [ 67.32389, 24.58148 ], [ 67.32157, 24.58808 ], [ 67.32307, 24.59063 ], [ 67.32743, 24.58961 ], [ 67.3332, 24.58825 ], [ 67.33683, 24.58879 ], [ 67.33813, 24.59051 ], [ 67.34099, 24.59895 ], [ 67.34637, 24.60398 ], [ 67.34979, 24.60717 ], [ 67.35118, 24.60755 ], [ 67.35434, 24.60841 ], [ 67.35589, 24.60884 ], [ 67.36605, 24.60583 ], [ 67.37099, 24.60808 ], [ 67.37671, 24.61349 ], [ 67.3799, 24.61944 ], [ 67.38088, 24.63492 ], [ 67.38374, 24.63772 ], [ 67.39012, 24.63814 ], [ 67.39889, 24.63571 ], [ 67.40688, 24.63577 ], [ 67.41218, 24.64032 ], [ 67.41434, 24.64937 ], [ 67.41939, 24.6487 ], [ 67.43408, 24.64061 ], [ 67.44048, 24.6404 ], [ 67.44653, 24.64331 ], [ 67.45321, 24.65376 ], [ 67.4523, 24.65957 ], [ 67.4504, 24.65688 ], [ 67.44386, 24.64761 ], [ 67.44156, 24.64795 ], [ 67.43805, 24.65598 ], [ 67.4315, 24.66015 ], [ 67.42027, 24.67274 ], [ 67.43439, 24.68572 ], [ 67.43628, 24.68995 ], [ 67.43587, 24.69432 ], [ 67.43379, 24.69673 ], [ 67.43253, 24.69818 ], [ 67.42883, 24.69953 ], [ 67.41547, 24.70201 ], [ 67.40411, 24.7006 ], [ 67.39322, 24.70463 ], [ 67.39146, 24.70854 ], [ 67.39279, 24.71548 ], [ 67.39136, 24.7171 ], [ 67.39004, 24.71725 ], [ 67.38722, 24.71759 ], [ 67.38558, 24.7222 ], [ 67.38517, 24.72337 ], [ 67.38213, 24.72536 ], [ 67.38142, 24.72528 ], [ 67.37143, 24.72417 ], [ 67.36839, 24.72616 ], [ 67.36517, 24.73211 ], [ 67.35771, 24.73604 ], [ 67.35593, 24.74057 ], [ 67.35152, 24.74231 ], [ 67.34956, 24.74579 ], [ 67.35089, 24.75231 ], [ 67.34933, 24.76291 ], [ 67.35461, 24.7683 ], [ 67.35537, 24.76842 ], [ 67.36483, 24.76989 ], [ 67.37016, 24.77331 ], [ 67.37441, 24.77605 ], [ 67.38057, 24.77646 ], [ 67.38388, 24.77505 ], [ 67.39336, 24.77103 ], [ 67.39793, 24.77097 ], [ 67.40971, 24.77365 ], [ 67.42657, 24.76898 ], [ 67.43356, 24.7715 ], [ 67.43353, 24.77254 ], [ 67.43574, 24.77336 ], [ 67.44276, 24.77597 ], [ 67.45281, 24.77608 ], [ 67.4542, 24.77482 ], [ 67.45613, 24.77306 ], [ 67.45625, 24.76993 ], [ 67.46059, 24.76402 ], [ 67.46201, 24.75696 ], [ 67.46576, 24.75458 ], [ 67.46807, 24.75382 ], [ 67.47086, 24.7585 ], [ 67.46937, 24.76179 ], [ 67.4597, 24.76942 ], [ 67.45935, 24.77254 ], [ 67.46315, 24.77475 ], [ 67.46323, 24.77511 ], [ 67.46329, 24.77538 ], [ 67.46373, 24.77748 ], [ 67.46088, 24.7801 ], [ 67.46017, 24.78023 ], [ 67.45489, 24.78117 ], [ 67.44914, 24.78223 ], [ 67.4439, 24.78185 ], [ 67.42822, 24.77362 ], [ 67.42368, 24.77306 ], [ 67.40858, 24.77925 ], [ 67.40018, 24.77772 ], [ 67.39762, 24.77645 ], [ 67.39659, 24.77594 ], [ 67.39106, 24.77672 ], [ 67.39061, 24.77678 ], [ 67.38054, 24.78293 ], [ 67.3755, 24.78339 ], [ 67.36452, 24.7776 ], [ 67.35026, 24.77985 ], [ 67.34526, 24.77906 ], [ 67.3355, 24.77164 ], [ 67.32957, 24.77123 ], [ 67.32492, 24.77316 ], [ 67.32459, 24.77566 ], [ 67.29916, 24.78296 ], [ 67.27464, 24.79028 ], [ 67.26186, 24.78964 ], [ 67.24859, 24.78419 ], [ 67.24558, 24.78492 ], [ 67.24496, 24.78908 ], [ 67.24644, 24.79184 ], [ 67.24499, 24.79409 ], [ 67.23959, 24.79745 ], [ 67.23804, 24.80179 ], [ 67.236, 24.80352 ], [ 67.23544, 24.804 ], [ 67.23474, 24.80407 ], [ 67.22648, 24.80495 ], [ 67.22365, 24.80715 ], [ 67.22357, 24.80897 ], [ 67.22345, 24.81194 ], [ 67.21993, 24.81412 ], [ 67.21378, 24.8137 ], [ 67.21334, 24.81345 ], [ 67.20998, 24.81149 ], [ 67.20284, 24.80164 ], [ 67.19498, 24.79803 ], [ 67.1916, 24.79144 ], [ 67.1889, 24.7901 ], [ 67.1857, 24.78477 ], [ 67.18304, 24.7828 ], [ 67.17754, 24.78282 ], [ 67.17562, 24.78185 ], [ 67.17397, 24.78103 ], [ 67.16873, 24.78043 ], [ 67.16304, 24.79088 ], [ 67.16158, 24.79202 ], [ 67.15997, 24.79328 ], [ 67.15469, 24.79373 ], [ 67.15171, 24.79263 ], [ 67.14906, 24.79165 ], [ 67.1384, 24.78398 ], [ 67.13385, 24.78361 ], [ 67.12921, 24.7797 ], [ 67.12239, 24.77883 ], [ 67.11793, 24.7816 ], [ 67.10882, 24.79716 ], [ 67.10491, 24.79765 ], [ 67.10294, 24.79549 ], [ 67.10444, 24.78719 ], [ 67.1023, 24.77814 ], [ 67.09903, 24.7799 ], [ 67.09328, 24.79139 ], [ 67.09074, 24.79214 ], [ 67.09143, 24.78653 ], [ 67.08783, 24.77972 ], [ 67.0899, 24.77415 ], [ 67.09901, 24.76925 ], [ 67.10104, 24.76452 ], [ 67.09988, 24.75968 ], [ 67.09657, 24.75664 ], [ 67.09313, 24.75694 ], [ 67.08707, 24.76002 ], [ 67.06131, 24.77315 ], [ 67.05669, 24.7755 ], [ 67.04961, 24.78068 ], [ 67.02994, 24.80178 ], [ 67.02757, 24.80432 ], [ 67.02662, 24.80534 ], [ 67.02169, 24.8083 ], [ 66.99229, 24.81665 ], [ 66.98611, 24.81685 ], [ 66.98232, 24.81463 ], [ 66.98154, 24.8129 ], [ 66.98002, 24.80953 ], [ 66.97585, 24.81085 ], [ 66.97215, 24.81698 ], [ 66.97322, 24.82026 ], [ 66.97498, 24.82564 ], [ 66.97363, 24.8306 ], [ 66.96959, 24.82858 ], [ 66.96821, 24.82647 ], [ 66.96771, 24.82571 ], [ 66.96637, 24.82366 ], [ 66.96344, 24.82272 ], [ 66.96265, 24.82499 ], [ 66.96392, 24.83259 ], [ 66.96538, 24.84138 ], [ 66.96866, 24.84484 ], [ 66.97894, 24.85063 ], [ 66.97959, 24.85128 ], [ 66.98311, 24.85475 ], [ 66.98251, 24.85786 ], [ 66.9794, 24.85838 ], [ 66.97836, 24.85855 ], [ 66.97529, 24.85572 ], [ 66.97142, 24.85517 ], [ 66.96909, 24.85091 ], [ 66.964, 24.85198 ], [ 66.96101, 24.85793 ], [ 66.95792, 24.86053 ], [ 66.95378, 24.86101 ], [ 66.94119, 24.85777 ], [ 66.93771, 24.85688 ], [ 66.93035, 24.85612 ], [ 66.91904, 24.85496 ], [ 66.91254, 24.85201 ], [ 66.91196, 24.84948 ], [ 66.91205, 24.84729 ], [ 66.91216, 24.84468 ], [ 66.9186, 24.83865 ], [ 66.92348, 24.83695 ], [ 66.9342, 24.83775 ], [ 66.936, 24.8372 ], [ 66.93906, 24.83626 ], [ 66.95782, 24.82586 ], [ 66.96838, 24.80891 ], [ 66.98157, 24.79476 ], [ 66.97918, 24.79175 ], [ 66.92467, 24.8276 ], [ 66.91986, 24.83076 ], [ 66.89632, 24.84098 ], [ 66.87032, 24.85486 ], [ 66.86199, 24.85685 ], [ 66.8515, 24.85605 ], [ 66.83463, 24.84958 ], [ 66.82889, 24.84499 ], [ 66.82241, 24.83619 ], [ 66.81906, 24.83439 ], [ 66.81082, 24.83451 ], [ 66.80373, 24.83597 ], [ 66.78935, 24.83893 ], [ 66.77299, 24.83644 ], [ 66.76792, 24.8373 ], [ 66.7562, 24.84375 ], [ 66.7514, 24.84357 ], [ 66.73423, 24.83875 ], [ 66.72881, 24.83228 ], [ 66.71622, 24.83244 ], [ 66.69261, 24.8234 ], [ 66.68333, 24.82138 ], [ 66.67472, 24.82121 ], [ 66.67167, 24.82115 ], [ 66.65754, 24.82499 ], [ 66.65139, 24.82935 ], [ 66.65191, 24.83313 ], [ 66.65406, 24.83549 ], [ 66.65822, 24.84006 ], [ 66.65956, 24.85076 ], [ 66.67722, 24.8686 ], [ 66.68427, 24.87572 ], [ 66.68992, 24.87739 ], [ 66.69473, 24.88217 ], [ 66.69952, 24.88044 ], [ 66.70311, 24.87914 ], [ 66.71176, 24.88009 ], [ 66.71372, 24.88232 ], [ 66.7174, 24.88653 ], [ 66.72199, 24.89176 ], [ 66.72142, 24.89424 ], [ 66.71555, 24.89256 ], [ 66.71246, 24.89495 ], [ 66.70856, 24.89522 ], [ 66.69846, 24.89066 ], [ 66.69022, 24.89077 ], [ 66.68693, 24.89273 ], [ 66.69724, 24.9035 ], [ 66.70203, 24.9059 ], [ 66.7046, 24.90718 ], [ 66.70723, 24.9085 ], [ 66.70886, 24.90931 ], [ 66.71104, 24.9104 ], [ 66.71732, 24.91354 ], [ 66.72095, 24.91535 ], [ 66.72446, 24.91711 ], [ 66.729, 24.91938 ], [ 66.75642, 24.9405 ], [ 66.76826, 24.95312 ], [ 66.79115, 24.96733 ], [ 66.82034, 24.97798 ], [ 66.8381, 24.98745 ], [ 66.87874, 25.00599 ], [ 66.91504, 25.01073 ], [ 66.9399, 25.02967 ], [ 66.96989, 25.05847 ], [ 66.99593, 25.0857 ], [ 67.00619, 25.08885 ], [ 67.00934, 25.09872 ], [ 67.0121, 25.11253 ], [ 67.00737, 25.1291 ], [ 67.00934, 25.15987 ], [ 67.02947, 25.19381 ], [ 67.04288, 25.20998 ], [ 67.06458, 25.22222 ], [ 67.08786, 25.24037 ], [ 67.09326, 25.24639 ], [ 67.09579, 25.24922 ], [ 67.11509, 25.27075 ], [ 67.13481, 25.3031 ], [ 67.14073, 25.3106 ], [ 67.14043, 25.3139 ], [ 67.13837, 25.33625 ], [ 67.14389, 25.36189 ], [ 67.15336, 25.37136 ], [ 67.16401, 25.39109 ], [ 67.16559, 25.40056 ], [ 67.16243, 25.41634 ], [ 67.16204, 25.45264 ], [ 67.17467, 25.46251 ], [ 67.1869, 25.46961 ], [ 67.19558, 25.48934 ], [ 67.21097, 25.50512 ], [ 67.22201, 25.51262 ], [ 67.23582, 25.51499 ], [ 67.24845, 25.52643 ], [ 67.25437, 25.54418 ], [ 67.2591, 25.56352 ], [ 67.26384, 25.57417 ], [ 67.28002, 25.57693 ], [ 67.29659, 25.58522 ], [ 67.30408, 25.59784 ], [ 67.32381, 25.64204 ], [ 67.32393, 25.64259 ], [ 67.32973, 25.66887 ], [ 67.33604, 25.69767 ], [ 67.34315, 25.71621 ], [ 67.34985, 25.73318 ], [ 67.3609, 25.74541 ], [ 67.37432, 25.75291 ], [ 67.37234, 25.76238 ], [ 67.38655, 25.7754 ], [ 67.39957, 25.78408 ], [ 67.40983, 25.8042 ], [ 67.41654, 25.82511 ], [ 67.41575, 25.84208 ], [ 67.40588, 25.85984 ], [ 67.39917, 25.88272 ], [ 67.40509, 25.90442 ], [ 67.40667, 25.93402 ], [ 67.40628, 25.96598 ], [ 67.4122, 26.0003 ], [ 67.41654, 26.02398 ], [ 67.42206, 26.04726 ], [ 67.43035, 26.07685 ], [ 67.42009, 26.09303 ], [ 67.41696, 26.0965 ], [ 67.40233, 26.11275 ], [ 67.39168, 26.13564 ], [ 67.37353, 26.1455 ], [ 67.35932, 26.15458 ], [ 67.35301, 26.17233 ], [ 67.34828, 26.18378 ], [ 67.34354, 26.20311 ], [ 67.33723, 26.21258 ], [ 67.32855, 26.22323 ], [ 67.31987, 26.24533 ], [ 67.29698, 26.28794 ], [ 67.26739, 26.34318 ], [ 67.25516, 26.3708 ], [ 67.23503, 26.40118 ], [ 67.21531, 26.42841 ], [ 67.19361, 26.45366 ], [ 67.17743, 26.47733 ], [ 67.16993, 26.49588 ], [ 67.16204, 26.51403 ], [ 67.15731, 26.53257 ], [ 67.1506, 26.55585 ], [ 67.14665, 26.57874 ], [ 67.1431, 26.59294 ], [ 67.1289, 26.63398 ], [ 67.12732, 26.65449 ], [ 67.12755, 26.65509 ], [ 67.13403, 26.67186 ], [ 67.13047, 26.69356 ], [ 67.12574, 26.73893 ], [ 67.13126, 26.74485 ], [ 67.13758, 26.7559 ], [ 67.14705, 26.76616 ], [ 67.13876, 26.83284 ], [ 67.13442, 26.87111 ], [ 67.13166, 26.92359 ], [ 67.13303, 26.9313 ], [ 67.1335, 26.93392 ], [ 67.13481, 26.94135 ], [ 67.14428, 26.95515 ], [ 67.14507, 26.96936 ], [ 67.14113, 26.97922 ], [ 67.13797, 26.99619 ], [ 67.14862, 27.03131 ], [ 67.16362, 27.06563 ], [ 67.15849, 27.07471 ], [ 67.15573, 27.12679 ], [ 67.14902, 27.16822 ], [ 67.14034, 27.21399 ], [ 67.12969, 27.24437 ], [ 67.12337, 27.27594 ], [ 67.12732, 27.30908 ], [ 67.13718, 27.33157 ], [ 67.15336, 27.34735 ], [ 67.16322, 27.36748 ], [ 67.1652, 27.3876 ], [ 67.16756, 27.41325 ], [ 67.17309, 27.43929 ], [ 67.17313, 27.4397 ], [ 67.17624, 27.46967 ], [ 67.17782, 27.51978 ], [ 67.18532, 27.5403 ], [ 67.20426, 27.55569 ], [ 67.22359, 27.56871 ], [ 67.23069, 27.58409 ], [ 67.2374, 27.60935 ], [ 67.24648, 27.64644 ], [ 67.2524, 27.65906 ], [ 67.28041, 27.68195 ], [ 67.30454, 27.69792 ], [ 67.30724, 27.6997 ], [ 67.33091, 27.71943 ], [ 67.34472, 27.74034 ], [ 67.35498, 27.7577 ], [ 67.35814, 27.78019 ], [ 67.35814, 27.80387 ], [ 67.368, 27.83662 ], [ 67.38497, 27.87095 ], [ 67.39089, 27.89501 ], [ 67.39247, 27.91119 ], [ 67.39756, 27.91232 ], [ 67.39957, 27.91277 ], [ 67.41141, 27.90646 ], [ 67.42009, 27.89501 ], [ 67.44297, 27.89541 ], [ 67.50137, 27.90291 ], [ 67.53293, 27.91237 ], [ 67.54371, 27.90586 ], [ 67.59588, 27.92009 ], [ 67.6599, 27.93668 ], [ 67.67198, 27.93742 ], [ 67.73263, 27.94109 ], [ 67.73815, 27.94143 ], [ 67.78558, 27.95091 ], [ 67.78795, 27.98174 ], [ 67.80455, 27.98885 ], [ 67.833, 27.99122 ], [ 67.83868, 27.99349 ], [ 67.85797, 28.00121 ], [ 67.86857, 28.00545 ], [ 67.89997, 28.00214 ], [ 67.91321, 28.00075 ], [ 67.91363, 28.00071 ], [ 67.92282, 28.0352 ], [ 67.92311, 28.03628 ], [ 67.92754, 28.04004 ], [ 67.92756, 28.04006 ], [ 67.95421, 28.06271 ], [ 67.9678, 28.07426 ], [ 67.97053, 28.07659 ], [ 67.99314, 28.0861 ], [ 68.01559, 28.09556 ], [ 68.06538, 28.13824 ], [ 68.07234, 28.14361 ], [ 68.07395, 28.14485 ], [ 68.12994, 28.18809 ], [ 68.1332, 28.1906 ], [ 68.15385, 28.20655 ], [ 68.17788, 28.22511 ], [ 68.17859, 28.22565 ], [ 68.17919, 28.22612 ], [ 68.17991, 28.22667 ], [ 68.19198, 28.23597 ], [ 68.20054, 28.24257 ], [ 68.22803, 28.25116 ], [ 68.23848, 28.25443 ], [ 68.25594, 28.26013 ], [ 68.30721, 28.27687 ], [ 68.35467, 28.29237 ], [ 68.37402, 28.33904 ], [ 68.38395, 28.36297 ], [ 68.39499, 28.38959 ], [ 68.41082, 28.39977 ], [ 68.46138, 28.43227 ], [ 68.46376, 28.43227 ], [ 68.4758, 28.43227 ], [ 68.50479, 28.43227 ], [ 68.52777, 28.43227 ], [ 68.55122, 28.43227 ], [ 68.61077, 28.43227 ], [ 68.62895, 28.43227 ], [ 68.68332, 28.43227 ], [ 68.70325, 28.43227 ], [ 68.72431, 28.43227 ], [ 68.82019, 28.43227 ], [ 68.84552, 28.43227 ], [ 68.86714, 28.43297 ], [ 68.91977, 28.43468 ], [ 68.92685, 28.4349 ], [ 68.9653, 28.43614 ], [ 68.99254, 28.43701 ], [ 69.02678, 28.43701 ], [ 69.02685, 28.43701 ], [ 69.06443, 28.43701 ], [ 69.07079, 28.43701 ], [ 69.1028, 28.43847 ], [ 69.13104, 28.43976 ], [ 69.17512, 28.44176 ], [ 69.24152, 28.45124 ], [ 69.26188, 28.45125 ], [ 69.36084, 28.45124 ], [ 69.3617, 28.44968 ], [ 69.39112, 28.44785 ], [ 69.40767, 28.4503 ], [ 69.4187, 28.45336 ], [ 69.42421, 28.46868 ], [ 69.4377, 28.47665 ], [ 69.45608, 28.48155 ], [ 69.47631, 28.48768 ], [ 69.51124, 28.48523 ], [ 69.54188, 28.48033 ], [ 69.60194, 28.47481 ], [ 69.61665, 28.46991 ], [ 69.59704, 28.44785 ], [ 69.62217, 28.43314 ], [ 69.65526, 28.43314 ], [ 69.70062, 28.42762 ], [ 69.72513, 28.42701 ], [ 69.72545, 28.42674 ], [ 69.74413, 28.41107 ], [ 69.75077, 28.40512 ], [ 69.7619, 28.39514 ], [ 69.78887, 28.37491 ], [ 69.7999, 28.36572 ], [ 69.81155, 28.36143 ], [ 69.81584, 28.33876 ], [ 69.81215, 28.32253 ], [ 69.80971, 28.31179 ], [ 69.81093, 28.2885 ], [ 69.81461, 28.27502 ], [ 69.83054, 28.27134 ], [ 69.82809, 28.2456 ], [ 69.83912, 28.22783 ], [ 69.84954, 28.20638 ], [ 69.85567, 28.19473 ], [ 69.83729, 28.18186 ], [ 69.83729, 28.17022 ], [ 69.84403, 28.16102 ], [ 69.84219, 28.14019 ], [ 69.85996, 28.11016 ], [ 69.86667, 28.09972 ], [ 69.88202, 28.07584 ] ], [ [ 69.47602, 28.23173 ], [ 69.46575, 28.21736 ], [ 69.47756, 28.20503 ], [ 69.48872, 28.20374 ], [ 69.52081, 28.17782 ], [ 69.52269, 28.1589 ], [ 69.52479, 28.13778 ], [ 69.53761, 28.13 ], [ 69.55127, 28.12996 ], [ 69.55326, 28.13298 ], [ 69.5606, 28.14414 ], [ 69.56051, 28.16997 ], [ 69.57197, 28.18673 ], [ 69.57832, 28.20092 ], [ 69.56038, 28.20613 ], [ 69.55268, 28.2139 ], [ 69.53604, 28.21395 ], [ 69.52577, 28.22172 ], [ 69.52048, 28.23059 ], [ 69.51504, 28.24252 ], [ 69.50375, 28.25073 ], [ 69.47551, 28.26819 ], [ 69.47602, 28.23173 ] ], [ [ 69.58025, 28.36524 ], [ 69.56947, 28.38321 ], [ 69.55663, 28.39913 ], [ 69.54482, 28.39913 ], [ 69.53199, 28.38937 ], [ 69.54226, 28.37037 ], [ 69.55818, 28.34932 ], [ 69.5669, 28.32981 ], [ 69.57666, 28.31235 ], [ 69.59258, 28.28822 ], [ 69.59412, 28.25638 ], [ 69.6038, 28.23184 ], [ 69.62812, 28.23178 ], [ 69.64225, 28.23024 ], [ 69.66265, 28.23814 ], [ 69.66899, 28.25233 ], [ 69.68551, 28.2621 ], [ 69.69327, 28.26389 ], [ 69.70868, 28.24835 ], [ 69.72533, 28.24184 ], [ 69.74192, 28.25342 ], [ 69.74185, 28.27537 ], [ 69.74433, 28.29603 ], [ 69.74763, 28.31388 ], [ 69.73789, 28.3144 ], [ 69.71273, 28.29335 ], [ 69.69476, 28.30054 ], [ 69.68244, 28.3144 ], [ 69.66857, 28.33546 ], [ 69.64701, 28.34727 ], [ 69.63725, 28.35394 ], [ 69.6049, 28.35753 ], [ 69.58231, 28.35548 ], [ 69.58025, 28.36524 ] ] ] ] } }
]
}
