{
"type": "FeatureCollection",
"name": "emro_disputed_areas",
"crs": { "type": "name", "properties": { "name": "urn:ogc:def:crs:OGC:1.3:CRS84" } },
"features": [
{ "type": "Feature", "properties": { "id": 1 }, "geometry": { "type": "MultiPolygon", "coordinates": [ [ [ [ 34.08886, 22.00802 ], [ 34.0049, 21.7723 ], [ 33.6161, 21.731 ], [ 33.5589, 21.7271 ], [ 33.1661, 22.0061 ], [ 34.08886, 22.00802 ] ] ] ] } },
{ "type": "Feature", "properties": { "id": 2 }, "geometry": { "type": "MultiPolygon", "coordinates": [ [ [ [ 74.4647, 32.7349 ], [ 74.4657, 32.7344 ], [ 74.4609, 32.7353 ], [ 74.4632, 32.7352 ], [ 74.4647, 32.7349 ] ] ], [ [ [ 74.4579, 32.7341 ], [ 74.4574, 32.7329 ], [ 74.4567, 32.7318 ], [ 74.4554, 32.7309 ], [ 74.453, 32.73 ], [ 74.4518, 32.7299 ], [ 74.4495, 32.7301 ], [ 74.447, 32.7306 ], [ 74.44529, 32.73046 ], [ 74.4445, 32.7304 ], [ 74.4412, 32.7298 ], [ 74.4381, 32.7293 ], [ 74.4363, 32.7293 ], [ 74.4342, 32.7294 ], [ 74.4325, 32.7292 ], [ 74.4309, 32.7286 ], [ 74.4281, 32.7285 ], [ 74.4244, 32.7283 ], [ 74.4234, 32.728 ], [ 74.4225, 32.7273 ], [ 74.4208, 32.7256 ], [ 74.4189, 32.7237 ], [ 74.4176, 32.722 ], [ 74.4165, 32.7203 ], [ 74.41524, 32.71753 ], [ 74.4147, 32.7163 ], [ 74.4141, 32.7153 ], [ 74.4133, 32.7148 ], [ 74.4124, 32.7145 ], [ 74.4113, 32.7145 ], [ 74.4098, 32.7152 ], [ 74.4081, 32.716 ], [ 74.4062, 32.7164 ], [ 74.4055, 32.7165 ], [ 74.4047, 32.7156 ], [ 74.4037, 32.7139 ], [ 74.4028, 32.7122 ], [ 74.402, 32.7116 ], [ 74.401, 32.7113 ], [ 74.3983, 32.7114 ], [ 74.39697, 32.71142 ], [ 74.3911, 32.7115 ], [ 74.3848, 32.7121 ], [ 74.3796, 32.713 ], [ 74.3751, 32.7144 ], [ 74.37349, 32.71516 ], [ 74.3653, 32.7193 ], [ 74.3618, 32.7213 ], [ 74.3575, 32.7233 ], [ 74.3538, 32.7257 ], [ 74.3515, 32.7269 ], [ 74.3491, 32.7281 ], [ 74.3471, 32.7296 ], [ 74.3458, 32.7311 ], [ 74.345, 32.7329 ], [ 74.3442, 32.7339 ], [ 74.3422, 32.7352 ], [ 74.3387, 32.7367 ], [ 74.3356, 32.7383 ], [ 74.3339, 32.7396 ], [ 74.3331, 32.741 ], [ 74.3334, 32.7438 ], [ 74.3335, 32.7459 ], [ 74.3328, 32.7473 ], [ 74.3309, 32.748 ], [ 74.3288, 32.7491 ], [ 74.3281, 32.7505 ], [ 74.3281, 32.7528 ], [ 74.3289, 32.7617 ], [ 74.3289, 32.7638 ], [ 74.3282, 32.7655 ], [ 74.3258, 32.7682 ], [ 74.3226, 32.7701 ], [ 74.3173, 32.7719 ], [ 74.3118, 32.7736 ], [ 74.3076, 32.7743 ], [ 74.3024, 32.7744 ], [ 74.2953, 32.774 ], [ 74.291, 32.7736 ], [ 74.2899, 32.7738 ], [ 74.2884, 32.7743 ], [ 74.2879, 32.7752 ], [ 74.2875, 32.7769 ], [ 74.2861, 32.7784 ], [ 74.2835, 32.7798 ], [ 74.2808, 32.7812 ], [ 74.2779, 32.7821 ], [ 74.2738, 32.7829 ], [ 74.2693, 32.7837 ], [ 74.2631, 32.7849 ], [ 74.2572, 32.7866 ], [ 74.2532, 32.7876 ], [ 74.2491, 32.7877 ], [ 74.2453, 32.7876 ], [ 74.2444, 32.788 ], [ 74.2437, 32.7888 ], [ 74.2435, 32.7928 ], [ 74.2426, 32.7984 ], [ 74.2422, 32.7994 ], [ 74.241, 32.7999 ], [ 74.2384, 32.8013 ], [ 74.2369, 32.8023 ], [ 74.2358, 32.8038 ], [ 74.2345, 32.8062 ], [ 74.2336, 32.8089 ], [ 74.2321, 32.8107 ], [ 74.2302, 32.8118 ], [ 74.2285, 32.8123 ], [ 74.2257, 32.812 ], [ 74.2232, 32.8118 ], [ 74.221, 32.8124 ], [ 74.2203, 32.8127 ], [ 74.22, 32.8127 ], [ 74.2196, 32.8135 ], [ 74.2192, 32.8143 ], [ 74.2186, 32.8153 ], [ 74.2175, 32.8167 ], [ 74.216, 32.8184 ], [ 74.2168, 32.8195 ], [ 74.2182, 32.8207 ], [ 74.2192, 32.8216 ], [ 74.2197, 32.8222 ], [ 74.2198, 32.8231 ], [ 74.2195, 32.8238 ], [ 74.2182, 32.8248 ], [ 74.2169, 32.8262 ], [ 74.2156, 32.8283 ], [ 74.2145, 32.8305 ], [ 74.2133, 32.832 ], [ 74.2113, 32.8337 ], [ 74.2091, 32.8349 ], [ 74.2077, 32.8354 ], [ 74.206, 32.8355 ], [ 74.2029, 32.8354 ], [ 74.1986, 32.8349 ], [ 74.1946, 32.8343 ], [ 74.1912, 32.8341 ], [ 74.1888, 32.8344 ], [ 74.1865, 32.8352 ], [ 74.1841, 32.8364 ], [ 74.1813, 32.8382 ], [ 74.1794, 32.8389 ], [ 74.1773, 32.8396 ], [ 74.1734, 32.8401 ], [ 74.1671, 32.8405 ], [ 74.1564, 32.8412 ], [ 74.1496, 32.8419 ], [ 74.1449, 32.8434 ], [ 74.1382, 32.8459 ], [ 74.1302, 32.8495 ], [ 74.1241, 32.8518 ], [ 74.119, 32.8535 ], [ 74.1135, 32.8547 ], [ 74.1066, 32.855 ], [ 74.1, 32.8555 ], [ 74.0967, 32.8562 ], [ 74.0944, 32.8573 ], [ 74.0928, 32.859 ], [ 74.0915, 32.8611 ], [ 74.0903, 32.8638 ], [ 74.0902, 32.8647 ], [ 74.0904, 32.8664 ], [ 74.0909, 32.8686 ], [ 74.0909, 32.8706 ], [ 74.0906, 32.8732 ], [ 74.0895, 32.8757 ], [ 74.0887, 32.877 ], [ 74.0868, 32.8782 ], [ 74.0849, 32.8785 ], [ 74.0833, 32.8784 ], [ 74.0809, 32.8777 ], [ 74.0765, 32.876 ], [ 74.072, 32.8742 ], [ 74.0694, 32.8735 ], [ 74.0663, 32.8731 ], [ 74.0619, 32.8729 ], [ 74.0554, 32.8729 ], [ 74.0522, 32.8732 ], [ 74.0508, 32.8736 ], [ 74.0481, 32.8746 ], [ 74.0454, 32.875 ], [ 74.0426, 32.8759 ], [ 74.0408, 32.8766 ], [ 74.039, 32.8784 ], [ 74.0367, 32.8806 ], [ 74.0354, 32.8828 ], [ 74.0351, 32.8846 ], [ 74.035, 32.8866 ], [ 74.0353, 32.8891 ], [ 74.0358, 32.8924 ], [ 74.0357, 32.895 ], [ 74.035, 32.8981 ], [ 74.0341, 32.9001 ], [ 74.0332, 32.9011 ], [ 74.0319, 32.9019 ], [ 74.0297, 32.9028 ], [ 74.0269, 32.9036 ], [ 74.0212, 32.9045 ], [ 74.0168, 32.9051 ], [ 74.0139, 32.9056 ], [ 74.0121, 32.9063 ], [ 74.0105, 32.9075 ], [ 74.0094, 32.9089 ], [ 74.0089, 32.9109 ], [ 74.0083, 32.9147 ], [ 74.008, 32.9176 ], [ 74.0073, 32.9198 ], [ 74.006, 32.922 ], [ 74.0042, 32.9238 ], [ 74.0028, 32.9246 ], [ 74.0016, 32.9251 ], [ 73.9999, 32.9252 ], [ 73.9972, 32.9248 ], [ 73.9942, 32.9246 ], [ 73.9918, 32.9238 ], [ 73.9894, 32.9234 ], [ 73.9881, 32.9233 ], [ 73.9865, 32.9233 ], [ 73.9855, 32.923 ], [ 73.9837, 32.922 ], [ 73.9813, 32.9209 ], [ 73.9801, 32.9208 ], [ 73.9791, 32.9209 ], [ 73.9776, 32.9222 ], [ 73.9762, 32.923 ], [ 73.9738, 32.9249 ], [ 73.9706, 32.9269 ], [ 73.9672, 32.9283 ], [ 73.9641, 32.9298 ], [ 73.961, 32.9318 ], [ 73.9568, 32.9341 ], [ 73.9506, 32.9365 ], [ 73.9454, 32.9377 ], [ 73.9406, 32.9381 ], [ 73.9369, 32.9379 ], [ 73.9329, 32.9371 ], [ 73.9286, 32.9354 ], [ 73.9267, 32.9348 ], [ 73.9249, 32.9346 ], [ 73.9223, 32.9346 ], [ 73.9204, 32.9348 ], [ 73.9169, 32.9357 ], [ 73.9131, 32.9364 ], [ 73.9097, 32.9367 ], [ 73.9052, 32.9369 ], [ 73.9014, 32.9367 ], [ 73.8986, 32.9359 ], [ 73.8973, 32.9359 ], [ 73.8953, 32.936 ], [ 73.8913, 32.9366 ], [ 73.8887, 32.9368 ], [ 73.8854, 32.9368 ], [ 73.8833, 32.9369 ], [ 73.8801, 32.9371 ], [ 73.8776, 32.9376 ], [ 73.8761, 32.9377 ], [ 73.8736, 32.9374 ], [ 73.87278, 32.93708 ], [ 73.8718, 32.9367 ], [ 73.8709, 32.9362 ], [ 73.8705, 32.9357 ], [ 73.8707, 32.9349 ], [ 73.8713, 32.9338 ], [ 73.8717, 32.933 ], [ 73.8725, 32.9324 ], [ 73.873, 32.932 ], [ 73.8733, 32.9313 ], [ 73.8734, 32.9306 ], [ 73.8736, 32.9285 ], [ 73.8733, 32.9259 ], [ 73.8729, 32.9231 ], [ 73.87283, 32.92107 ], [ 73.8725, 32.9162 ], [ 73.8722, 32.9145 ], [ 73.8716, 32.9137 ], [ 73.8711, 32.9127 ], [ 73.8699, 32.9116 ], [ 73.8682, 32.9105 ], [ 73.8664, 32.9094 ], [ 73.8647, 32.9088 ], [ 73.8635, 32.9082 ], [ 73.8627, 32.9076 ], [ 73.8615, 32.9067 ], [ 73.8609, 32.9063 ], [ 73.8601, 32.9057 ], [ 73.8588, 32.9053 ], [ 73.8561, 32.9046 ], [ 73.8535, 32.9042 ], [ 73.85, 32.9035 ], [ 73.8479, 32.9029 ], [ 73.8462, 32.9028 ], [ 73.8394, 32.9034 ], [ 73.8343, 32.9046 ], [ 73.8275, 32.9069 ], [ 73.8164, 32.9122 ], [ 73.8252, 32.9205 ], [ 73.8328, 32.9295 ], [ 73.8386, 32.937 ], [ 73.8472, 32.9453 ], [ 73.8523, 32.9509 ], [ 73.858, 32.9591 ], [ 73.8643, 32.9707 ], [ 73.87, 32.9814 ], [ 73.8711, 32.9886 ], [ 73.8697, 32.9933 ], [ 73.8666, 32.9993 ], [ 73.8634, 33.0046 ], [ 73.8616, 33.0064 ], [ 73.8565, 33.01 ], [ 73.8519, 33.012 ], [ 73.8472, 33.0131 ], [ 73.8421, 33.0132 ], [ 73.8355, 33.013 ], [ 73.8314, 33.0131 ], [ 73.8288, 33.0142 ], [ 73.8258, 33.0158 ], [ 73.8233, 33.0179 ], [ 73.8201, 33.0227 ], [ 73.8168, 33.0298 ], [ 73.8147, 33.0359 ], [ 73.8129, 33.0435 ], [ 73.8111, 33.0514 ], [ 73.8088, 33.0569 ], [ 73.8056, 33.0618 ], [ 73.8016, 33.0657 ], [ 73.7963, 33.0696 ], [ 73.7875, 33.0749 ], [ 73.7763, 33.0794 ], [ 73.7639, 33.084 ], [ 73.7521, 33.0869 ], [ 73.7416, 33.0894 ], [ 73.734, 33.0905 ], [ 73.7271, 33.0909 ], [ 73.7144, 33.0907 ], [ 73.701, 33.0889 ], [ 73.6911, 33.0871 ], [ 73.6849, 33.0874 ], [ 73.6797, 33.0891 ], [ 73.6745, 33.0918 ], [ 73.6692, 33.0959 ], [ 73.6672, 33.1011 ], [ 73.6655, 33.1079 ], [ 73.6645, 33.116 ], [ 73.6641, 33.1188 ], [ 73.6628, 33.1278 ], [ 73.6626, 33.1356 ], [ 73.6637, 33.1416 ], [ 73.6661, 33.1457 ], [ 73.6706, 33.1511 ], [ 73.6795, 33.1586 ], [ 73.6864, 33.1639 ], [ 73.6933, 33.1688 ], [ 73.6956, 33.1706 ], [ 73.6969, 33.1722 ], [ 73.6968, 33.1738 ], [ 73.6965, 33.1756 ], [ 73.6972, 33.1779 ], [ 73.6987, 33.1801 ], [ 73.7007, 33.1829 ], [ 73.7012, 33.1845 ], [ 73.7022, 33.1894 ], [ 73.7035, 33.194 ], [ 73.7052, 33.1963 ], [ 73.7083, 33.2 ], [ 73.7118, 33.205 ], [ 73.7141, 33.2116 ], [ 73.7143, 33.216 ], [ 73.7126, 33.2213 ], [ 73.7097, 33.2281 ], [ 73.7083, 33.2313 ], [ 73.7079, 33.2342 ], [ 73.7083, 33.2372 ], [ 73.7102, 33.2409 ], [ 73.7147, 33.2471 ], [ 73.7156, 33.2501 ], [ 73.7155, 33.2527 ], [ 73.7147, 33.2559 ], [ 73.7132, 33.2589 ], [ 73.7098, 33.2618 ], [ 73.7025, 33.2675 ], [ 73.6955, 33.272 ], [ 73.6916, 33.2743 ], [ 73.6892, 33.2747 ], [ 73.6861, 33.2744 ], [ 73.683, 33.2729 ], [ 73.6808, 33.2703 ], [ 73.677, 33.2647 ], [ 73.6751, 33.2601 ], [ 73.675, 33.2572 ], [ 73.6767, 33.2537 ], [ 73.6778, 33.2501 ], [ 73.6781, 33.2476 ], [ 73.6768, 33.2446 ], [ 73.673, 33.2407 ], [ 73.67, 33.239 ], [ 73.6658, 33.2379 ], [ 73.6599, 33.2379 ], [ 73.6535, 33.2372 ], [ 73.6453, 33.2357 ], [ 73.641, 33.2342 ], [ 73.6387, 33.2322 ], [ 73.637, 33.2294 ], [ 73.6368, 33.2272 ], [ 73.637, 33.2249 ], [ 73.6389, 33.2214 ], [ 73.6428, 33.214 ], [ 73.6459, 33.208 ], [ 73.6324, 33.2097 ], [ 73.6255, 33.2122 ], [ 73.6199, 33.219 ], [ 73.6194, 33.2216 ], [ 73.6185, 33.2266 ], [ 73.6182, 33.231 ], [ 73.6194, 33.2356 ], [ 73.6205, 33.2381 ], [ 73.6219, 33.2416 ], [ 73.6221, 33.2451 ], [ 73.6213, 33.2473 ], [ 73.618, 33.25 ], [ 73.6152, 33.2523 ], [ 73.6131, 33.2548 ], [ 73.6099, 33.2571 ], [ 73.6093, 33.2584 ], [ 73.6089, 33.2604 ], [ 73.6083, 33.2616 ], [ 73.6084, 33.2654 ], [ 73.6081, 33.267 ], [ 73.6067, 33.2682 ], [ 73.6051, 33.2701 ], [ 73.6044, 33.272 ], [ 73.6045, 33.2758 ], [ 73.6059, 33.2773 ], [ 73.6081, 33.2786 ], [ 73.6101, 33.2788 ], [ 73.6128, 33.2795 ], [ 73.6138, 33.2806 ], [ 73.6145, 33.2831 ], [ 73.6141, 33.2854 ], [ 73.6118, 33.2896 ], [ 73.611, 33.2991 ], [ 73.6106, 33.3067 ], [ 73.61, 33.3149 ], [ 73.6071, 33.3205 ], [ 73.6044, 33.3241 ], [ 73.602, 33.3272 ], [ 73.5998, 33.3294 ], [ 73.5987, 33.3308 ], [ 73.599, 33.3328 ], [ 73.5996, 33.3344 ], [ 73.6008, 33.3361 ], [ 73.6022, 33.3377 ], [ 73.6042, 33.3397 ], [ 73.6062, 33.3418 ], [ 73.6083, 33.3435 ], [ 73.6098, 33.345 ], [ 73.6111, 33.3464 ], [ 73.6111, 33.3473 ], [ 73.6103, 33.3484 ], [ 73.6091, 33.3489 ], [ 73.6073, 33.3492 ], [ 73.6044, 33.349 ], [ 73.6021, 33.3485 ], [ 73.5999, 33.3482 ], [ 73.5983, 33.3483 ], [ 73.5974, 33.349 ], [ 73.5961, 33.3505 ], [ 73.5955, 33.3526 ], [ 73.5946, 33.3562 ], [ 73.5941, 33.3607 ], [ 73.5949, 33.3657 ], [ 73.596, 33.3684 ], [ 73.5968, 33.3709 ], [ 73.5976, 33.3729 ], [ 73.5986, 33.3757 ], [ 73.5996, 33.3781 ], [ 73.6, 33.3812 ], [ 73.6015, 33.3841 ], [ 73.6031, 33.3855 ], [ 73.6051, 33.3869 ], [ 73.6064, 33.3903 ], [ 73.6072, 33.393 ], [ 73.6084, 33.3944 ], [ 73.6103, 33.3964 ], [ 73.6123, 33.3978 ], [ 73.6135, 33.3986 ], [ 73.6145, 33.3991 ], [ 73.6163, 33.4006 ], [ 73.6176, 33.4031 ], [ 73.6189, 33.4057 ], [ 73.6221, 33.4079 ], [ 73.6242, 33.4093 ], [ 73.6256, 33.4108 ], [ 73.6267, 33.4123 ], [ 73.6267, 33.4136 ], [ 73.6258, 33.4138 ], [ 73.6242, 33.4142 ], [ 73.6213, 33.4142 ], [ 73.617, 33.414 ], [ 73.6152, 33.4144 ], [ 73.6148, 33.4154 ], [ 73.6151, 33.4164 ], [ 73.6168, 33.4184 ], [ 73.6188, 33.4195 ], [ 73.6204, 33.4209 ], [ 73.6214, 33.4225 ], [ 73.6217, 33.4253 ], [ 73.6217, 33.4269 ], [ 73.6223, 33.4291 ], [ 73.6231, 33.4299 ], [ 73.6246, 33.4306 ], [ 73.6268, 33.4309 ], [ 73.6301, 33.4309 ], [ 73.6333, 33.4308 ], [ 73.6355, 33.4311 ], [ 73.6381, 33.4323 ], [ 73.6395, 33.4331 ], [ 73.6406, 33.4352 ], [ 73.6412, 33.4376 ], [ 73.6422, 33.4392 ], [ 73.6437, 33.4402 ], [ 73.6472, 33.4409 ], [ 73.6494, 33.4413 ], [ 73.6524, 33.4419 ], [ 73.6539, 33.4429 ], [ 73.6549, 33.4445 ], [ 73.655, 33.4466 ], [ 73.6544, 33.4508 ], [ 73.6537, 33.4525 ], [ 73.6526, 33.4543 ], [ 73.6512, 33.4553 ], [ 73.6502, 33.4556 ], [ 73.6479, 33.4558 ], [ 73.6469, 33.456 ], [ 73.6447, 33.4564 ], [ 73.6428, 33.4576 ], [ 73.6425, 33.4584 ], [ 73.6425, 33.4602 ], [ 73.6424, 33.4623 ], [ 73.6431, 33.4647 ], [ 73.6439, 33.467 ], [ 73.6435, 33.4681 ], [ 73.6428, 33.4686 ], [ 73.642, 33.4688 ], [ 73.6408, 33.4681 ], [ 73.6399, 33.4667 ], [ 73.6385, 33.465 ], [ 73.6374, 33.4638 ], [ 73.6366, 33.4634 ], [ 73.6359, 33.4633 ], [ 73.6346, 33.4634 ], [ 73.634, 33.4642 ], [ 73.6337, 33.4652 ], [ 73.6337, 33.4672 ], [ 73.6326, 33.4712 ], [ 73.6317, 33.4751 ], [ 73.6309, 33.4776 ], [ 73.629, 33.4803 ], [ 73.6281, 33.4835 ], [ 73.6277, 33.4859 ], [ 73.6279, 33.487 ], [ 73.6287, 33.488 ], [ 73.6302, 33.4885 ], [ 73.6322, 33.4884 ], [ 73.6351, 33.4869 ], [ 73.6383, 33.486 ], [ 73.6403, 33.4861 ], [ 73.6409, 33.4868 ], [ 73.6413, 33.4884 ], [ 73.6411, 33.4898 ], [ 73.6387, 33.4935 ], [ 73.6367, 33.4968 ], [ 73.6355, 33.4997 ], [ 73.6354, 33.5028 ], [ 73.6362, 33.5035 ], [ 73.6381, 33.504 ], [ 73.6406, 33.5045 ], [ 73.6426, 33.505 ], [ 73.6442, 33.5058 ], [ 73.6456, 33.5071 ], [ 73.6469, 33.5087 ], [ 73.6485, 33.5108 ], [ 73.6495, 33.5118 ], [ 73.6522, 33.5123 ], [ 73.6547, 33.5133 ], [ 73.6555, 33.5145 ], [ 73.6563, 33.5164 ], [ 73.6565, 33.5183 ], [ 73.6564, 33.5199 ], [ 73.6561, 33.5213 ], [ 73.6552, 33.523 ], [ 73.6535, 33.5241 ], [ 73.651, 33.5252 ], [ 73.649, 33.5266 ], [ 73.6471, 33.5277 ], [ 73.6456, 33.5291 ], [ 73.6451, 33.5303 ], [ 73.6449, 33.532 ], [ 73.6467, 33.5354 ], [ 73.6485, 33.5378 ], [ 73.6485, 33.5403 ], [ 73.6478, 33.544 ], [ 73.6471, 33.5464 ], [ 73.647, 33.5485 ], [ 73.647, 33.551 ], [ 73.648, 33.5538 ], [ 73.6488, 33.5557 ], [ 73.6489, 33.5566 ], [ 73.6484, 33.5579 ], [ 73.6477, 33.559 ], [ 73.6457, 33.5612 ], [ 73.643, 33.5644 ], [ 73.6408, 33.5662 ], [ 73.6382, 33.5691 ], [ 73.6355, 33.5714 ], [ 73.6335, 33.5725 ], [ 73.6305, 33.5737 ], [ 73.6285, 33.5749 ], [ 73.6273, 33.5767 ], [ 73.6267, 33.5787 ], [ 73.6268, 33.5808 ], [ 73.6279, 33.5829 ], [ 73.6301, 33.5853 ], [ 73.6307, 33.5871 ], [ 73.6307, 33.5889 ], [ 73.6302, 33.5902 ], [ 73.6288, 33.5914 ], [ 73.6275, 33.5917 ], [ 73.6258, 33.5918 ], [ 73.624, 33.5915 ], [ 73.623, 33.5907 ], [ 73.6213, 33.5894 ], [ 73.62, 33.5881 ], [ 73.619, 33.5877 ], [ 73.6182, 33.5877 ], [ 73.6172, 33.5884 ], [ 73.6163, 33.5907 ], [ 73.6154, 33.5926 ], [ 73.6139, 33.5944 ], [ 73.6124, 33.596 ], [ 73.6107, 33.5974 ], [ 73.607, 33.5993 ], [ 73.6048, 33.6003 ], [ 73.6018, 33.6011 ], [ 73.5976, 33.6022 ], [ 73.5959, 33.6023 ], [ 73.5922, 33.6025 ], [ 73.5902, 33.6035 ], [ 73.5888, 33.6045 ], [ 73.5888, 33.6059 ], [ 73.589, 33.6077 ], [ 73.5901, 33.6094 ], [ 73.5926, 33.6129 ], [ 73.5954, 33.6173 ], [ 73.5963, 33.6196 ], [ 73.5971, 33.6224 ], [ 73.5973, 33.624 ], [ 73.5962, 33.6268 ], [ 73.5947, 33.6301 ], [ 73.5904, 33.6357 ], [ 73.5877, 33.6408 ], [ 73.5856, 33.6451 ], [ 73.5854, 33.6503 ], [ 73.5858, 33.6528 ], [ 73.587, 33.6547 ], [ 73.5896, 33.6579 ], [ 73.5916, 33.6599 ], [ 73.5939, 33.662 ], [ 73.5975, 33.6658 ], [ 73.6017, 33.6692 ], [ 73.6064, 33.6731 ], [ 73.6093, 33.6761 ], [ 73.6097, 33.6766 ], [ 73.6128, 33.6803 ], [ 73.6158, 33.6848 ], [ 73.6179, 33.6886 ], [ 73.6188, 33.6935 ], [ 73.6191, 33.6975 ], [ 73.6202, 33.7008 ], [ 73.6207, 33.7048 ], [ 73.6201, 33.7084 ], [ 73.6189, 33.712 ], [ 73.6162, 33.7173 ], [ 73.6132, 33.7238 ], [ 73.611, 33.7286 ], [ 73.6099, 33.7316 ], [ 73.6082, 33.734 ], [ 73.6068, 33.7362 ], [ 73.6033, 33.739 ], [ 73.5986, 33.7413 ], [ 73.5959, 33.743 ], [ 73.5916, 33.7443 ], [ 73.589, 33.747 ], [ 73.5875, 33.7501 ], [ 73.5911, 33.7514 ], [ 73.5944, 33.7534 ], [ 73.5967, 33.7553 ], [ 73.5985, 33.7572 ], [ 73.6002, 33.7593 ], [ 73.6021, 33.7614 ], [ 73.6026, 33.7616 ], [ 73.6008, 33.7633 ], [ 73.5997, 33.765 ], [ 73.5992, 33.7667 ], [ 73.5985, 33.7686 ], [ 73.5976, 33.7696 ], [ 73.5962, 33.7702 ], [ 73.5932, 33.7709 ], [ 73.5915, 33.7717 ], [ 73.5897, 33.7726 ], [ 73.589, 33.7736 ], [ 73.5887, 33.775 ], [ 73.5883, 33.7767 ], [ 73.5882, 33.7783 ], [ 73.5884, 33.7799 ], [ 73.5891, 33.7812 ], [ 73.5904, 33.7832 ], [ 73.5917, 33.7855 ], [ 73.593, 33.7882 ], [ 73.5941, 33.7917 ], [ 73.5947, 33.7951 ], [ 73.5951, 33.7999 ], [ 73.5956, 33.8043 ], [ 73.5959, 33.8078 ], [ 73.5964, 33.8098 ], [ 73.5965, 33.8108 ], [ 73.5958, 33.8118 ], [ 73.5951, 33.8129 ], [ 73.595, 33.8141 ], [ 73.595, 33.8153 ], [ 73.5957, 33.8171 ], [ 73.5965, 33.8184 ], [ 73.5976, 33.8192 ], [ 73.6004, 33.82 ], [ 73.6015, 33.821 ], [ 73.6021, 33.8222 ], [ 73.6024, 33.8243 ], [ 73.6032, 33.8269 ], [ 73.6034, 33.8285 ], [ 73.6034, 33.8291 ], [ 73.6028, 33.8299 ], [ 73.6027, 33.83 ], [ 73.6016, 33.8308 ], [ 73.6009, 33.8318 ], [ 73.6002, 33.8333 ], [ 73.5996, 33.8355 ], [ 73.5998, 33.8375 ], [ 73.6006, 33.839 ], [ 73.6028, 33.8404 ], [ 73.6044, 33.8409 ], [ 73.6058, 33.8418 ], [ 73.6068, 33.8428 ], [ 73.6076, 33.8441 ], [ 73.6085, 33.8457 ], [ 73.6096, 33.8487 ], [ 73.6122, 33.8537 ], [ 73.6139, 33.8577 ], [ 73.6147, 33.8613 ], [ 73.6149, 33.864 ], [ 73.614, 33.8668 ], [ 73.6123, 33.8684 ], [ 73.6105, 33.8702 ], [ 73.6102, 33.8715 ], [ 73.6101, 33.8728 ], [ 73.6107, 33.874 ], [ 73.6117, 33.8752 ], [ 73.6134, 33.876 ], [ 73.6164, 33.877 ], [ 73.6182, 33.8779 ], [ 73.6188, 33.8789 ], [ 73.6193, 33.8817 ], [ 73.6189, 33.885 ], [ 73.6178, 33.888 ], [ 73.6155, 33.8919 ], [ 73.6138, 33.8945 ], [ 73.6104, 33.8991 ], [ 73.6043, 33.9052 ], [ 73.6004, 33.9086 ], [ 73.5957, 33.9117 ], [ 73.591, 33.9148 ], [ 73.5879, 33.9172 ], [ 73.5852, 33.9196 ], [ 73.5824, 33.9235 ], [ 73.5812, 33.9255 ], [ 73.5798, 33.9278 ], [ 73.5778, 33.9299 ], [ 73.5762, 33.931 ], [ 73.5739, 33.9318 ], [ 73.5708, 33.9336 ], [ 73.5694, 33.9351 ], [ 73.5684, 33.9367 ], [ 73.5679, 33.9392 ], [ 73.5677, 33.9419 ], [ 73.567, 33.9442 ], [ 73.5657, 33.9459 ], [ 73.5637, 33.9482 ], [ 73.5616, 33.9503 ], [ 73.561, 33.951 ], [ 73.5603, 33.9516 ], [ 73.5589, 33.9536 ], [ 73.5574, 33.9555 ], [ 73.5563, 33.9573 ], [ 73.5558, 33.9585 ], [ 73.5558, 33.9597 ], [ 73.5557, 33.9614 ], [ 73.5564, 33.9631 ], [ 73.5567, 33.9649 ], [ 73.5567, 33.9663 ], [ 73.556, 33.9682 ], [ 73.5545, 33.9696 ], [ 73.5534, 33.9709 ], [ 73.5518, 33.9722 ], [ 73.5506, 33.9734 ], [ 73.549, 33.9753 ], [ 73.5485, 33.9782 ], [ 73.548, 33.9816 ], [ 73.5469, 33.9846 ], [ 73.5451, 33.9891 ], [ 73.5438, 33.9913 ], [ 73.5423, 33.9932 ], [ 73.5409, 33.9952 ], [ 73.5389, 33.9966 ], [ 73.5376, 33.9982 ], [ 73.5357, 34.0002 ], [ 73.5337, 34.0026 ], [ 73.5326, 34.005 ], [ 73.5317, 34.0078 ], [ 73.5317, 34.0102 ], [ 73.5316, 34.013 ], [ 73.5312, 34.0149 ], [ 73.5303, 34.0164 ], [ 73.5299, 34.0171 ], [ 73.5264, 34.0167 ], [ 73.5222, 34.0163 ], [ 73.5222, 34.0167 ], [ 73.5218, 34.0222 ], [ 73.5224, 34.0304 ], [ 73.523, 34.0358 ], [ 73.5232, 34.0401 ], [ 73.5231, 34.0429 ], [ 73.5223, 34.0481 ], [ 73.5211, 34.0531 ], [ 73.5202, 34.0579 ], [ 73.5198, 34.0608 ], [ 73.5189, 34.0628 ], [ 73.5177, 34.065 ], [ 73.517, 34.0667 ], [ 73.5161, 34.0698 ], [ 73.5159, 34.0737 ], [ 73.5158, 34.0768 ], [ 73.5157, 34.0793 ], [ 73.515, 34.0818 ], [ 73.5112, 34.1016 ], [ 73.5104, 34.1041 ], [ 73.5098, 34.1063 ], [ 73.5094, 34.1086 ], [ 73.5094, 34.1112 ], [ 73.5094, 34.1134 ], [ 73.5092, 34.1152 ], [ 73.5084, 34.1193 ], [ 73.5076, 34.122 ], [ 73.5075, 34.1241 ], [ 73.5074, 34.1263 ], [ 73.5074, 34.1318 ], [ 73.5074, 34.1372 ], [ 73.5073, 34.1417 ], [ 73.507, 34.1461 ], [ 73.5066, 34.1493 ], [ 73.5062, 34.1527 ], [ 73.5055, 34.1555 ], [ 73.5047, 34.1576 ], [ 73.5041, 34.162 ], [ 73.5038, 34.1652 ], [ 73.5033, 34.1687 ], [ 73.5032, 34.1731 ], [ 73.5034, 34.1765 ], [ 73.5038, 34.1791 ], [ 73.5041, 34.1816 ], [ 73.5049, 34.1851 ], [ 73.5052, 34.1879 ], [ 73.5059, 34.1911 ], [ 73.506, 34.1941 ], [ 73.506, 34.1973 ], [ 73.506, 34.201 ], [ 73.506, 34.2032 ], [ 73.5061, 34.2052 ], [ 73.5064, 34.2068 ], [ 73.5072, 34.2087 ], [ 73.5079, 34.2099 ], [ 73.5082, 34.2119 ], [ 73.5079, 34.2134 ], [ 73.5067, 34.2153 ], [ 73.5055, 34.2165 ], [ 73.5036, 34.2183 ], [ 73.5021, 34.2197 ], [ 73.5011, 34.2212 ], [ 73.4997, 34.2235 ], [ 73.4988, 34.2253 ], [ 73.498, 34.226 ], [ 73.4965, 34.2269 ], [ 73.4952, 34.2274 ], [ 73.4938, 34.2289 ], [ 73.493, 34.231 ], [ 73.4923, 34.2334 ], [ 73.4915, 34.2364 ], [ 73.4908, 34.239 ], [ 73.49, 34.2413 ], [ 73.4883, 34.2443 ], [ 73.4873, 34.2465 ], [ 73.4861, 34.2488 ], [ 73.4849, 34.2519 ], [ 73.4842, 34.2542 ], [ 73.4838, 34.2572 ], [ 73.4835, 34.2599 ], [ 73.4836, 34.2617 ], [ 73.4838, 34.2636 ], [ 73.4847, 34.2666 ], [ 73.4858, 34.2695 ], [ 73.4875, 34.2721 ], [ 73.4891, 34.2746 ], [ 73.4904, 34.2769 ], [ 73.4916, 34.2781 ], [ 73.4922, 34.2801 ], [ 73.4927, 34.2811 ], [ 73.4929, 34.283 ], [ 73.4925, 34.2852 ], [ 73.4921, 34.2869 ], [ 73.4907, 34.2899 ], [ 73.4891, 34.2927 ], [ 73.488, 34.294 ], [ 73.4864, 34.2952 ], [ 73.4855, 34.2946 ], [ 73.4845, 34.2938 ], [ 73.4831, 34.2919 ], [ 73.482, 34.2898 ], [ 73.4811, 34.2885 ], [ 73.4807, 34.2871 ], [ 73.4802, 34.2861 ], [ 73.4798, 34.2855 ], [ 73.4777, 34.2842 ], [ 73.4753, 34.2829 ], [ 73.4714, 34.2813 ], [ 73.47, 34.2807 ], [ 73.4683, 34.2802 ], [ 73.4673, 34.2802 ], [ 73.4667, 34.2809 ], [ 73.4661, 34.2817 ], [ 73.4663, 34.2838 ], [ 73.4669, 34.2862 ], [ 73.4678, 34.2896 ], [ 73.4678, 34.2917 ], [ 73.4674, 34.2939 ], [ 73.467, 34.2953 ], [ 73.4649, 34.298 ], [ 73.463, 34.2999 ], [ 73.4613, 34.3022 ], [ 73.4594, 34.3043 ], [ 73.4577, 34.3064 ], [ 73.4568, 34.3077 ], [ 73.456, 34.3097 ], [ 73.4554, 34.3105 ], [ 73.455, 34.3118 ], [ 73.4549, 34.3134 ], [ 73.4546, 34.316 ], [ 73.4544, 34.3181 ], [ 73.4541, 34.3192 ], [ 73.4535, 34.3203 ], [ 73.4529, 34.3217 ], [ 73.452, 34.3238 ], [ 73.4514, 34.3253 ], [ 73.451, 34.3268 ], [ 73.4501, 34.3285 ], [ 73.449, 34.3299 ], [ 73.4476, 34.3314 ], [ 73.4463, 34.3323 ], [ 73.4451, 34.3337 ], [ 73.4435, 34.3348 ], [ 73.4418, 34.3359 ], [ 73.4398, 34.3372 ], [ 73.4387, 34.3383 ], [ 73.4371, 34.3393 ], [ 73.4361, 34.3402 ], [ 73.4356, 34.3423 ], [ 73.4357, 34.345 ], [ 73.4356, 34.3465 ], [ 73.4348, 34.348 ], [ 73.4339, 34.3492 ], [ 73.4327, 34.3505 ], [ 73.4309, 34.3519 ], [ 73.4287, 34.3528 ], [ 73.4251, 34.3542 ], [ 73.4219, 34.3553 ], [ 73.42, 34.3559 ], [ 73.4184, 34.3572 ], [ 73.4171, 34.3593 ], [ 73.4157, 34.3615 ], [ 73.4143, 34.3633 ], [ 73.4126, 34.3663 ], [ 73.4113, 34.3683 ], [ 73.4098, 34.3707 ], [ 73.4087, 34.373 ], [ 73.4085, 34.3742 ], [ 73.4082, 34.3765 ], [ 73.4084, 34.3791 ], [ 73.4087, 34.3803 ], [ 73.4099, 34.381 ], [ 73.4111, 34.3818 ], [ 73.4131, 34.3819 ], [ 73.4157, 34.3834 ], [ 73.4174, 34.3865 ], [ 73.42, 34.3944 ], [ 73.4239, 34.4053 ], [ 73.4282, 34.414 ], [ 73.4297, 34.4172 ], [ 73.4301, 34.4193 ], [ 73.4308, 34.4198 ], [ 73.4319, 34.4249 ], [ 73.432, 34.4316 ], [ 73.4312, 34.4373 ], [ 73.4322, 34.4494 ], [ 73.4337, 34.458 ], [ 73.434, 34.4617 ], [ 73.4366, 34.468 ], [ 73.4392, 34.4751 ], [ 73.4402, 34.4794 ], [ 73.442, 34.4859 ], [ 73.4416, 34.4971 ], [ 73.4409, 34.5051 ], [ 73.4414, 34.5132 ], [ 73.4435, 34.5185 ], [ 73.4488, 34.5268 ], [ 73.4504, 34.5334 ], [ 73.4502, 34.5373 ], [ 73.4501, 34.5407 ], [ 73.4499, 34.546 ], [ 73.4502, 34.5496 ], [ 73.4505, 34.5511 ], [ 73.4528, 34.5551 ], [ 73.4558, 34.5576 ], [ 73.458, 34.559 ], [ 73.4596, 34.5594 ], [ 73.4618, 34.5594 ], [ 73.4639, 34.5588 ], [ 73.4668, 34.5576 ], [ 73.4731, 34.5573 ], [ 73.4788, 34.5588 ], [ 73.486, 34.5607 ], [ 73.4917, 34.5614 ], [ 73.4996, 34.5617 ], [ 73.5103, 34.5606 ], [ 73.5178, 34.5597 ], [ 73.5192, 34.5597 ], [ 73.5256, 34.5592 ], [ 73.5311, 34.5599 ], [ 73.5347, 34.5617 ], [ 73.5378, 34.5641 ], [ 73.5416, 34.5681 ], [ 73.5469, 34.5715 ], [ 73.5501, 34.5739 ], [ 73.5543, 34.5743 ], [ 73.5588, 34.5738 ], [ 73.5632, 34.5719 ], [ 73.5687, 34.5706 ], [ 73.5777, 34.5711 ], [ 73.5868, 34.572 ], [ 73.5933, 34.5726 ], [ 73.6013, 34.5713 ], [ 73.6071, 34.5682 ], [ 73.6133, 34.5625 ], [ 73.6197, 34.555 ], [ 73.6222, 34.5525 ], [ 73.6245, 34.5515 ], [ 73.6306, 34.5505 ], [ 73.6341, 34.5503 ], [ 73.6364, 34.5502 ], [ 73.638, 34.5502 ], [ 73.6392, 34.5504 ], [ 73.6398, 34.5519 ], [ 73.6401, 34.5546 ], [ 73.6408, 34.5567 ], [ 73.6436, 34.5586 ], [ 73.6467, 34.5614 ], [ 73.6479, 34.5634 ], [ 73.6486, 34.5656 ], [ 73.6471, 34.571 ], [ 73.645, 34.5782 ], [ 73.6441, 34.5807 ], [ 73.6442, 34.5841 ], [ 73.6468, 34.5907 ], [ 73.6516, 34.597 ], [ 73.6541, 34.6004 ], [ 73.6553, 34.602 ], [ 73.6601, 34.6067 ], [ 73.6655, 34.6121 ], [ 73.6722, 34.6181 ], [ 73.6761, 34.6222 ], [ 73.6788, 34.6252 ], [ 73.6806, 34.6277 ], [ 73.6799, 34.6303 ], [ 73.6767, 34.6325 ], [ 73.6705, 34.6353 ], [ 73.6625, 34.638 ], [ 73.6558, 34.6415 ], [ 73.652, 34.6439 ], [ 73.6504, 34.6449 ], [ 73.6491, 34.6459 ], [ 73.6486, 34.6474 ], [ 73.6503, 34.6524 ], [ 73.6539, 34.6577 ], [ 73.6557, 34.66 ], [ 73.6588, 34.6659 ], [ 73.6608, 34.6685 ], [ 73.6642, 34.6707 ], [ 73.668, 34.6724 ], [ 73.6699, 34.6738 ], [ 73.6704, 34.6767 ], [ 73.6709, 34.6797 ], [ 73.673, 34.6828 ], [ 73.6781, 34.6883 ], [ 73.6857, 34.6953 ], [ 73.6943, 34.7046 ], [ 73.6977, 34.71 ], [ 73.699, 34.7134 ], [ 73.7002, 34.7176 ], [ 73.7024, 34.724 ], [ 73.7054, 34.7304 ], [ 73.7086, 34.7355 ], [ 73.7103, 34.7384 ], [ 73.7119, 34.74 ], [ 73.7157, 34.7423 ], [ 73.7201, 34.7432 ], [ 73.7238, 34.7434 ], [ 73.727, 34.7441 ], [ 73.7303, 34.7462 ], [ 73.7356, 34.7522 ], [ 73.7389, 34.7563 ], [ 73.7416, 34.7593 ], [ 73.7443, 34.7622 ], [ 73.7487, 34.7643 ], [ 73.7532, 34.7645 ], [ 73.7577, 34.7634 ], [ 73.7606, 34.7619 ], [ 73.7639, 34.7608 ], [ 73.7673, 34.7606 ], [ 73.773, 34.7604 ], [ 73.7767, 34.7611 ], [ 73.7813, 34.7615 ], [ 73.7858, 34.7604 ], [ 73.7916, 34.7594 ], [ 73.7985, 34.7594 ], [ 73.8015, 34.7608 ], [ 73.8056, 34.7653 ], [ 73.8096, 34.7708 ], [ 73.8121, 34.7748 ], [ 73.8144, 34.7774 ], [ 73.8186, 34.7789 ], [ 73.8233, 34.7784 ], [ 73.8256, 34.7766 ], [ 73.8267, 34.7748 ], [ 73.8274, 34.7736 ], [ 73.8288, 34.7732 ], [ 73.8321, 34.7736 ], [ 73.8389, 34.7762 ], [ 73.8447, 34.7783 ], [ 73.8493, 34.78 ], [ 73.8509, 34.7802 ], [ 73.8549, 34.7803 ], [ 73.8578, 34.7799 ], [ 73.861, 34.78 ], [ 73.8642, 34.7813 ], [ 73.8682, 34.7828 ], [ 73.8713, 34.7823 ], [ 73.8732, 34.7806 ], [ 73.875, 34.7776 ], [ 73.877, 34.7763 ], [ 73.8791, 34.7751 ], [ 73.8822, 34.7748 ], [ 73.8864, 34.7752 ], [ 73.8918, 34.7773 ], [ 73.8944, 34.7793 ], [ 73.8957, 34.7822 ], [ 73.8967, 34.7869 ], [ 73.8982, 34.7903 ], [ 73.9011, 34.7928 ], [ 73.9047, 34.7945 ], [ 73.9086, 34.7942 ], [ 73.9117, 34.7945 ], [ 73.9161, 34.7951 ], [ 73.9201, 34.7964 ], [ 73.9243, 34.7982 ], [ 73.9284, 34.8007 ], [ 73.9309, 34.8052 ], [ 73.934, 34.8123 ], [ 73.9346, 34.8168 ], [ 73.9353, 34.8208 ], [ 73.9366, 34.8227 ], [ 73.9384, 34.8238 ], [ 73.9413, 34.8234 ], [ 73.9451, 34.8233 ], [ 73.9524, 34.8245 ], [ 73.9606, 34.8272 ], [ 73.9638, 34.8289 ], [ 73.967, 34.8295 ], [ 73.9747, 34.8293 ], [ 73.9804, 34.8293 ], [ 73.9847, 34.8295 ], [ 73.9874, 34.8305 ], [ 73.9925, 34.836 ], [ 73.9977, 34.8414 ], [ 74.002, 34.846 ], [ 74.0033, 34.8482 ], [ 74.0031, 34.8495 ], [ 74.0016, 34.851 ], [ 73.9988, 34.8527 ], [ 73.9976, 34.8539 ], [ 73.9971, 34.8555 ], [ 73.9973, 34.8589 ], [ 73.9988, 34.8626 ], [ 74.0011, 34.8661 ], [ 74.0046, 34.8683 ], [ 74.0086, 34.8696 ], [ 74.0138, 34.8717 ], [ 74.0176, 34.8742 ], [ 74.0212, 34.8796 ], [ 74.0237, 34.8856 ], [ 74.0249, 34.892 ], [ 74.0249, 34.8958 ], [ 74.0251, 34.9025 ], [ 74.0237, 34.9083 ], [ 74.0223, 34.9159 ], [ 74.0204, 34.9217 ], [ 74.0205, 34.9257 ], [ 74.0215, 34.9301 ], [ 74.0217, 34.9345 ], [ 74.0215, 34.9397 ], [ 74.0236, 34.9425 ], [ 74.028, 34.9439 ], [ 74.032, 34.9441 ], [ 74.0352, 34.9453 ], [ 74.0384, 34.9465 ], [ 74.0399, 34.9492 ], [ 74.0425, 34.9506 ], [ 74.0451, 34.9498 ], [ 74.0474, 34.9503 ], [ 74.0523, 34.9529 ], [ 74.0548, 34.9567 ], [ 74.0565, 34.9582 ], [ 74.0602, 34.9609 ], [ 74.0628, 34.9624 ], [ 74.0652, 34.9638 ], [ 74.0661, 34.9653 ], [ 74.066, 34.9671 ], [ 74.0614, 34.9709 ], [ 74.0562, 34.9774 ], [ 74.0545, 34.9789 ], [ 74.0525, 34.9796 ], [ 74.0498, 34.9804 ], [ 74.0455, 34.9806 ], [ 74.0423, 34.9816 ], [ 74.0389, 34.9833 ], [ 74.0366, 34.9853 ], [ 74.0345, 34.9883 ], [ 74.0337, 34.9925 ], [ 74.0335, 34.9969 ], [ 74.0352, 35.0025 ], [ 74.0382, 35.0127 ], [ 74.0389, 35.0154 ], [ 74.0428, 35.0239 ], [ 74.0507, 35.0319 ], [ 74.0572, 35.0363 ], [ 74.0647, 35.0401 ], [ 74.0705, 35.0417 ], [ 74.079, 35.0433 ], [ 74.086, 35.044 ], [ 74.0901, 35.0442 ], [ 74.0917, 35.0442 ], [ 74.0912, 35.046 ], [ 74.0896, 35.0498 ], [ 74.086, 35.0535 ], [ 74.0808, 35.0557 ], [ 74.075, 35.0585 ], [ 74.0705, 35.0612 ], [ 74.0683, 35.0637 ], [ 74.067, 35.067 ], [ 74.068, 35.0712 ], [ 74.0703, 35.0742 ], [ 74.0714, 35.0763 ], [ 74.0713, 35.0778 ], [ 74.0711, 35.0797 ], [ 74.0694, 35.0808 ], [ 74.0675, 35.0818 ], [ 74.0651, 35.0817 ], [ 74.0619, 35.0795 ], [ 74.059, 35.0783 ], [ 74.057, 35.0777 ], [ 74.0537, 35.0781 ], [ 74.0482, 35.0801 ], [ 74.0434, 35.0825 ], [ 74.0391, 35.0846 ], [ 74.0353, 35.0863 ], [ 74.0333, 35.0872 ], [ 74.0306, 35.0876 ], [ 74.0278, 35.0868 ], [ 74.0248, 35.0856 ], [ 74.0188, 35.0844 ], [ 74.015, 35.0837 ], [ 74.0138, 35.0835 ], [ 74.0097, 35.0836 ], [ 74.0043, 35.0834 ], [ 73.9998, 35.0842 ], [ 73.9959, 35.0848 ], [ 73.9938, 35.0861 ], [ 73.9906, 35.0903 ], [ 73.9864, 35.0946 ], [ 73.9826, 35.0973 ], [ 73.9779, 35.0989 ], [ 73.9754, 35.0992 ], [ 73.9732, 35.0999 ], [ 73.9709, 35.1014 ], [ 73.9697, 35.105 ], [ 73.9684, 35.1085 ], [ 73.9666, 35.1114 ], [ 73.9631, 35.1132 ], [ 73.959, 35.1146 ], [ 73.9537, 35.1142 ], [ 73.9504, 35.1139 ], [ 73.9482, 35.118 ], [ 73.9445, 35.1234 ], [ 73.9409, 35.1288 ], [ 73.9369, 35.134 ], [ 73.9324, 35.1392 ], [ 73.9292, 35.1438 ], [ 73.9241, 35.1483 ], [ 73.9192, 35.1516 ], [ 73.9117, 35.1555 ], [ 73.9076, 35.1575 ], [ 73.9004, 35.1589 ], [ 73.8953, 35.1595 ], [ 73.8889, 35.1601 ], [ 73.8861, 35.1602 ], [ 73.8825, 35.1592 ], [ 73.8777, 35.1586 ], [ 73.8732, 35.1576 ], [ 73.8684, 35.1573 ], [ 73.8653, 35.1565 ], [ 73.8602, 35.1564 ], [ 73.8558, 35.1572 ], [ 73.852, 35.1598 ], [ 73.8493, 35.1634 ], [ 73.8467, 35.1662 ], [ 73.8454, 35.1694 ], [ 73.8435, 35.1713 ], [ 73.8417, 35.1732 ], [ 73.8376, 35.1761 ], [ 73.8346, 35.1771 ], [ 73.8307, 35.1781 ], [ 73.8257, 35.1792 ], [ 73.8207, 35.1812 ], [ 73.8188, 35.1829 ], [ 73.8172, 35.184 ], [ 73.8156, 35.1857 ], [ 73.8137, 35.1874 ], [ 73.8115, 35.1881 ], [ 73.8093, 35.1886 ], [ 73.8071, 35.1887 ], [ 73.803, 35.1882 ], [ 73.7963, 35.189 ], [ 73.7924, 35.1892 ], [ 73.7885, 35.1897 ], [ 73.7844, 35.1903 ], [ 73.781, 35.1906 ], [ 73.7774, 35.1903 ], [ 73.774, 35.1895 ], [ 73.7703, 35.1889 ], [ 73.7686, 35.1885 ], [ 73.7652, 35.1865 ], [ 73.7631, 35.184 ], [ 73.7599, 35.1805 ], [ 73.7561, 35.1774 ], [ 73.7518, 35.175 ], [ 73.7461, 35.1714 ], [ 73.7437, 35.1699 ], [ 73.7378, 35.1671 ], [ 73.734, 35.1649 ], [ 73.7314, 35.1631 ], [ 73.7294, 35.1625 ], [ 73.7267, 35.1626 ], [ 73.7242, 35.1631 ], [ 73.7219, 35.1639 ], [ 73.7195, 35.1649 ], [ 73.7151, 35.167 ], [ 73.7124, 35.169 ], [ 73.7097, 35.1711 ], [ 73.7075, 35.1732 ], [ 73.7068, 35.1753 ], [ 73.7066, 35.1783 ], [ 73.707, 35.181 ], [ 73.7079, 35.1835 ], [ 73.7091, 35.1847 ], [ 73.71, 35.1856 ], [ 73.7118, 35.1887 ], [ 73.7131, 35.1921 ], [ 73.7143, 35.1953 ], [ 73.7156, 35.1992 ], [ 73.7172, 35.2037 ], [ 73.7183, 35.2099 ], [ 73.7188, 35.2147 ], [ 73.7186, 35.2179 ], [ 73.7182, 35.2216 ], [ 73.7176, 35.226 ], [ 73.7169, 35.2298 ], [ 73.7156, 35.2328 ], [ 73.7137, 35.2349 ], [ 73.7119, 35.2382 ], [ 73.7101, 35.2419 ], [ 73.7063, 35.2459 ], [ 73.7035, 35.2506 ], [ 73.7014, 35.2541 ], [ 73.6987, 35.2576 ], [ 73.6952, 35.2614 ], [ 73.6929, 35.2651 ], [ 73.6918, 35.2674 ], [ 73.6919, 35.2693 ], [ 73.6917, 35.2711 ], [ 73.6924, 35.2729 ], [ 73.6927, 35.2738 ], [ 73.6927, 35.2757 ], [ 73.6931, 35.2773 ], [ 73.6923, 35.2789 ], [ 73.6921, 35.281 ], [ 73.6923, 35.2844 ], [ 73.6921, 35.2881 ], [ 73.6915, 35.2922 ], [ 73.6911, 35.2963 ], [ 73.6905, 35.3014 ], [ 73.6904, 35.3062 ], [ 73.6916, 35.3147 ], [ 73.6923, 35.3174 ], [ 73.6935, 35.3201 ], [ 73.6941, 35.3215 ], [ 73.6956, 35.3231 ], [ 73.6968, 35.3251 ], [ 73.6983, 35.3274 ], [ 73.7009, 35.3296 ], [ 73.7038, 35.3325 ], [ 73.7062, 35.3347 ], [ 73.7088, 35.3376 ], [ 73.7103, 35.3406 ], [ 73.7124, 35.343 ], [ 73.7136, 35.3455 ], [ 73.7151, 35.3482 ], [ 73.7161, 35.3505 ], [ 73.7168, 35.3535 ], [ 73.7174, 35.3555 ], [ 73.7186, 35.3575 ], [ 73.7193, 35.3596 ], [ 73.721, 35.3618 ], [ 73.7247, 35.3674 ], [ 73.7274, 35.371 ], [ 73.7309, 35.3739 ], [ 73.7344, 35.3766 ], [ 73.7382, 35.3794 ], [ 73.7436, 35.3832 ], [ 73.748, 35.3863 ], [ 73.7537, 35.3889 ], [ 73.7577, 35.3906 ], [ 73.7637, 35.3932 ], [ 73.7686, 35.3958 ], [ 73.7712, 35.3969 ], [ 73.7734, 35.3977 ], [ 73.7754, 35.3983 ], [ 73.778, 35.3985 ], [ 73.7811, 35.3991 ], [ 73.7845, 35.3997 ], [ 73.7867, 35.4001 ], [ 73.7884, 35.4007 ], [ 73.789, 35.4014 ], [ 73.7896, 35.4021 ], [ 73.7902, 35.4027 ], [ 73.7902, 35.4034 ], [ 73.7897, 35.405 ], [ 73.7895, 35.406 ], [ 73.789, 35.4076 ], [ 73.788, 35.4106 ], [ 73.787, 35.4129 ], [ 73.7866, 35.4162 ], [ 73.7863, 35.4219 ], [ 73.7854, 35.4272 ], [ 73.7855, 35.4297 ], [ 73.7845, 35.4337 ], [ 73.7838, 35.4364 ], [ 73.7826, 35.4406 ], [ 73.7824, 35.4437 ], [ 73.7824, 35.4487 ], [ 73.7825, 35.4519 ], [ 73.7824, 35.4568 ], [ 73.7817, 35.4593 ], [ 73.7804, 35.4621 ], [ 73.7791, 35.4644 ], [ 73.7775, 35.4665 ], [ 73.7753, 35.4677 ], [ 73.7714, 35.4688 ], [ 73.7667, 35.4703 ], [ 73.762, 35.4718 ], [ 73.7576, 35.4731 ], [ 73.7509, 35.4746 ], [ 73.7465, 35.4759 ], [ 73.742, 35.477 ], [ 73.7373, 35.4778 ], [ 73.735, 35.4781 ], [ 73.7319, 35.4796 ], [ 73.7297, 35.4815 ], [ 73.7279, 35.4838 ], [ 73.726, 35.4866 ], [ 73.7234, 35.4913 ], [ 73.7216, 35.4948 ], [ 73.7197, 35.4965 ], [ 73.7169, 35.4972 ], [ 73.7136, 35.4978 ], [ 73.7088, 35.4979 ], [ 73.7031, 35.4969 ], [ 73.6983, 35.4959 ], [ 73.6938, 35.4951 ], [ 73.6865, 35.494 ], [ 73.6811, 35.4939 ], [ 73.6738, 35.4945 ], [ 73.668, 35.4956 ], [ 73.6638, 35.4971 ], [ 73.6589, 35.4991 ], [ 73.6554, 35.5006 ], [ 73.6496, 35.5044 ], [ 73.6447, 35.5073 ], [ 73.6384, 35.5116 ], [ 73.6337, 35.5145 ], [ 73.6299, 35.516 ], [ 73.6265, 35.5168 ], [ 73.624, 35.5166 ], [ 73.6217, 35.5165 ], [ 73.62, 35.5156 ], [ 73.6171, 35.5138 ], [ 73.6088, 35.5097 ], [ 73.6005, 35.5063 ], [ 73.5951, 35.5041 ], [ 73.5917, 35.5031 ], [ 73.5889, 35.5022 ], [ 73.5866, 35.502 ], [ 73.5829, 35.5019 ], [ 73.5776, 35.5009 ], [ 73.5699, 35.4995 ], [ 73.5668, 35.4989 ], [ 73.5637, 35.4983 ], [ 73.5617, 35.4984 ], [ 73.5601, 35.4986 ], [ 73.557, 35.5003 ], [ 73.5535, 35.5032 ], [ 73.5502, 35.5056 ], [ 73.5442, 35.5103 ], [ 73.5396, 35.5134 ], [ 73.5352, 35.5151 ], [ 73.533, 35.5161 ], [ 73.5299, 35.5164 ], [ 73.5276, 35.5163 ], [ 73.5251, 35.5156 ], [ 73.5219, 35.5148 ], [ 73.5191, 35.514 ], [ 73.5131, 35.5118 ], [ 73.5094, 35.511 ], [ 73.5072, 35.5111 ], [ 73.5047, 35.5114 ], [ 73.5024, 35.5117 ], [ 73.5005, 35.5124 ], [ 73.4977, 35.5138 ], [ 73.4967, 35.5148 ], [ 73.4945, 35.5168 ], [ 73.4932, 35.518 ], [ 73.4907, 35.5192 ], [ 73.486, 35.5216 ], [ 73.4835, 35.5221 ], [ 73.4813, 35.5222 ], [ 73.4779, 35.5221 ], [ 73.4745, 35.5219 ], [ 73.4706, 35.5216 ], [ 73.4666, 35.5214 ], [ 73.4621, 35.5209 ], [ 73.4581, 35.5205 ], [ 73.4556, 35.5201 ], [ 73.4533, 35.5197 ], [ 73.4499, 35.5187 ], [ 73.4462, 35.5178 ], [ 73.4417, 35.5175 ], [ 73.4355, 35.517 ], [ 73.4307, 35.516 ], [ 73.4239, 35.5143 ], [ 73.4188, 35.5128 ], [ 73.4131, 35.5109 ], [ 73.4092, 35.5103 ], [ 73.4069, 35.5099 ], [ 73.4052, 35.51 ], [ 73.4035, 35.5102 ], [ 73.4005, 35.5124 ], [ 73.3989, 35.5147 ], [ 73.3946, 35.5199 ], [ 73.3925, 35.5234 ], [ 73.3896, 35.5264 ], [ 73.388, 35.5292 ], [ 73.385, 35.5332 ], [ 73.3818, 35.5367 ], [ 73.3788, 35.5396 ], [ 73.3745, 35.5438 ], [ 73.3731, 35.5454 ], [ 73.3713, 35.548 ], [ 73.3688, 35.5488 ], [ 73.3649, 35.5502 ], [ 73.3624, 35.5512 ], [ 73.3602, 35.552 ], [ 73.3583, 35.5534 ], [ 73.3566, 35.5548 ], [ 73.3547, 35.5567 ], [ 73.3526, 35.5581 ], [ 73.3487, 35.5591 ], [ 73.3449, 35.5607 ], [ 73.3416, 35.5624 ], [ 73.3385, 35.5636 ], [ 73.3363, 35.5639 ], [ 73.3318, 35.5643 ], [ 73.3279, 35.5646 ], [ 73.3209, 35.5657 ], [ 73.3134, 35.5677 ], [ 73.3056, 35.57 ], [ 73.2976, 35.5732 ], [ 73.2901, 35.5763 ], [ 73.2848, 35.579 ], [ 73.2794, 35.583 ], [ 73.2772, 35.5847 ], [ 73.2731, 35.5891 ], [ 73.2663, 35.5946 ], [ 73.2617, 35.5986 ], [ 73.2589, 35.6005 ], [ 73.2564, 35.6015 ], [ 73.2526, 35.6041 ], [ 73.2471, 35.6084 ], [ 73.2427, 35.611 ], [ 73.2395, 35.6136 ], [ 73.2353, 35.6158 ], [ 73.2309, 35.6189 ], [ 73.2271, 35.6222 ], [ 73.2233, 35.6248 ], [ 73.2179, 35.6273 ], [ 73.2124, 35.6295 ], [ 73.2071, 35.6327 ], [ 73.2047, 35.6343 ], [ 73.2025, 35.636 ], [ 73.2014, 35.6369 ], [ 73.1889, 35.6432 ], [ 73.1799, 35.6496 ], [ 73.1708, 35.6546 ], [ 73.1661, 35.6568 ], [ 73.1633, 35.6578 ], [ 73.1616, 35.6583 ], [ 73.1586, 35.6609 ], [ 73.1545, 35.664 ], [ 73.149, 35.6669 ], [ 73.146, 35.6692 ], [ 73.1441, 35.6709 ], [ 73.1431, 35.6736 ], [ 73.1421, 35.6769 ], [ 73.1408, 35.6813 ], [ 73.1401, 35.6863 ], [ 73.1397, 35.6899 ], [ 73.1393, 35.6952 ], [ 73.1386, 35.7005 ], [ 73.1392, 35.7067 ], [ 73.1394, 35.7149 ], [ 73.1397, 35.7211 ], [ 73.1399, 35.7275 ], [ 73.1406, 35.7319 ], [ 73.1413, 35.7346 ], [ 73.1422, 35.7378 ], [ 73.1429, 35.7407 ], [ 73.144, 35.7464 ], [ 73.146, 35.7544 ], [ 73.1473, 35.7598 ], [ 73.1495, 35.7678 ], [ 73.152, 35.7746 ], [ 73.1545, 35.7801 ], [ 73.1572, 35.7846 ], [ 73.1601, 35.7884 ], [ 73.1619, 35.7907 ], [ 73.1634, 35.7922 ], [ 73.1642, 35.7929 ], [ 73.1645, 35.7936 ], [ 73.1639, 35.7946 ], [ 73.1628, 35.796 ], [ 73.1606, 35.7972 ], [ 73.1601, 35.7981 ], [ 73.1534, 35.8013 ], [ 73.1485, 35.8039 ], [ 73.1421, 35.808 ], [ 73.1374, 35.8111 ], [ 73.1339, 35.8139 ], [ 73.1303, 35.817 ], [ 73.1287, 35.8184 ], [ 73.1254, 35.8214 ], [ 73.1235, 35.8226 ], [ 73.1215, 35.8231 ], [ 73.1176, 35.8251 ], [ 73.1127, 35.8293 ], [ 73.1081, 35.8335 ], [ 73.1029, 35.8373 ], [ 73.0993, 35.8404 ], [ 73.0962, 35.8414 ], [ 73.0937, 35.8414 ], [ 73.0906, 35.8415 ], [ 73.0881, 35.8414 ], [ 73.0861, 35.8412 ], [ 73.0835, 35.8399 ], [ 73.082, 35.8387 ], [ 73.0805, 35.8353 ], [ 73.0778, 35.8315 ], [ 73.074, 35.8256 ], [ 73.071, 35.8223 ], [ 73.0673, 35.8191 ], [ 73.0627, 35.8163 ], [ 73.0559, 35.8134 ], [ 73.0511, 35.8122 ], [ 73.0457, 35.8111 ], [ 73.0402, 35.8094 ], [ 73.0374, 35.809 ], [ 73.0332, 35.8096 ], [ 73.0296, 35.8104 ], [ 73.0248, 35.8118 ], [ 73.0215, 35.8128 ], [ 73.0182, 35.8152 ], [ 73.0155, 35.8178 ], [ 73.0135, 35.8197 ], [ 73.0097, 35.8214 ], [ 73.0052, 35.8222 ], [ 73.0026, 35.8222 ], [ 73.0001, 35.8218 ], [ 72.9961, 35.821 ], [ 72.9922, 35.8198 ], [ 72.9878, 35.8185 ], [ 72.9851, 35.8167 ], [ 72.9837, 35.8153 ], [ 72.983, 35.8137 ], [ 72.9822, 35.8121 ], [ 72.9784, 35.8084 ], [ 72.976, 35.8073 ], [ 72.974, 35.8066 ], [ 72.9717, 35.8066 ], [ 72.9676, 35.8064 ], [ 72.9653, 35.8059 ], [ 72.9632, 35.8054 ], [ 72.9612, 35.8049 ], [ 72.9578, 35.8045 ], [ 72.9548, 35.8043 ], [ 72.9494, 35.8038 ], [ 72.9454, 35.8034 ], [ 72.9408, 35.8024 ], [ 72.9344, 35.8017 ], [ 72.9277, 35.8021 ], [ 72.9244, 35.8022 ], [ 72.919, 35.8029 ], [ 72.916, 35.8032 ], [ 72.9127, 35.8046 ], [ 72.9108, 35.806 ], [ 72.9095, 35.8077 ], [ 72.9082, 35.8102 ], [ 72.9077, 35.814 ], [ 72.9077, 35.8162 ], [ 72.9082, 35.8184 ], [ 72.9083, 35.8222 ], [ 72.9091, 35.8255 ], [ 72.9099, 35.8298 ], [ 72.9096, 35.8328 ], [ 72.9094, 35.8347 ], [ 72.9074, 35.8361 ], [ 72.9051, 35.8381 ], [ 72.9035, 35.839 ], [ 72.9001, 35.8399 ], [ 72.8971, 35.8399 ], [ 72.8914, 35.8392 ], [ 72.8867, 35.8391 ], [ 72.8827, 35.8389 ], [ 72.8759, 35.8385 ], [ 72.8705, 35.8378 ], [ 72.8618, 35.8363 ], [ 72.8577, 35.8367 ], [ 72.8541, 35.837 ], [ 72.8511, 35.8377 ], [ 72.8468, 35.8391 ], [ 72.8431, 35.8416 ], [ 72.8399, 35.8439 ], [ 72.8376, 35.8456 ], [ 72.8362, 35.8456 ], [ 72.8352, 35.8456 ], [ 72.8342, 35.8448 ], [ 72.8335, 35.8432 ], [ 72.8334, 35.8405 ], [ 72.8325, 35.8356 ], [ 72.8321, 35.831 ], [ 72.8309, 35.8272 ], [ 72.8299, 35.8253 ], [ 72.8288, 35.8245 ], [ 72.8271, 35.824 ], [ 72.8254, 35.8237 ], [ 72.8231, 35.8238 ], [ 72.8151, 35.8242 ], [ 72.809, 35.8241 ], [ 72.8073, 35.8238 ], [ 72.807, 35.8236 ], [ 72.8066, 35.8222 ], [ 72.8062, 35.8206 ], [ 72.8058, 35.8171 ], [ 72.8066, 35.8121 ], [ 72.8069, 35.8069 ], [ 72.8073, 35.8039 ], [ 72.8089, 35.8001 ], [ 72.8102, 35.7971 ], [ 72.813, 35.7896 ], [ 72.8139, 35.7858 ], [ 72.803, 35.7891 ], [ 72.7983, 35.7897 ], [ 72.7911, 35.7893 ], [ 72.788, 35.7893 ], [ 72.7859, 35.7887 ], [ 72.7836, 35.7872 ], [ 72.7818, 35.7855 ], [ 72.7797, 35.7837 ], [ 72.7779, 35.7814 ], [ 72.7766, 35.7807 ], [ 72.7743, 35.7803 ], [ 72.7714, 35.7803 ], [ 72.7689, 35.7822 ], [ 72.765, 35.7856 ], [ 72.7612, 35.7879 ], [ 72.7563, 35.7913 ], [ 72.7512, 35.7949 ], [ 72.7496, 35.7955 ], [ 72.7473, 35.7955 ], [ 72.745, 35.7953 ], [ 72.7414, 35.7968 ], [ 72.7386, 35.7989 ], [ 72.7363, 35.8006 ], [ 72.7345, 35.8006 ], [ 72.7311, 35.7996 ], [ 72.7283, 35.7973 ], [ 72.7215, 35.7917 ], [ 72.7105, 35.7815 ], [ 72.7035, 35.7748 ], [ 72.6999, 35.7723 ], [ 72.6962, 35.7706 ], [ 72.6942, 35.77 ], [ 72.6916, 35.77 ], [ 72.6883, 35.7719 ], [ 72.6783, 35.7795 ], [ 72.6693, 35.7871 ], [ 72.6631, 35.7919 ], [ 72.6585, 35.7965 ], [ 72.6547, 35.7982 ], [ 72.6518, 35.8003 ], [ 72.6488, 35.8035 ], [ 72.6467, 35.8058 ], [ 72.6454, 35.8066 ], [ 72.6423, 35.8069 ], [ 72.64, 35.8062 ], [ 72.6382, 35.8044 ], [ 72.6361, 35.8027 ], [ 72.6338, 35.8019 ], [ 72.631, 35.8023 ], [ 72.6294, 35.8035 ], [ 72.6289, 35.8061 ], [ 72.6269, 35.8084 ], [ 72.6225, 35.8094 ], [ 72.6163, 35.809 ], [ 72.6106, 35.8082 ], [ 72.6055, 35.808 ], [ 72.6008, 35.8087 ], [ 72.597, 35.8112 ], [ 72.5937, 35.8162 ], [ 72.592, 35.8227 ], [ 72.5899, 35.8273 ], [ 72.5874, 35.8296 ], [ 72.5848, 35.8346 ], [ 72.5835, 35.8374 ], [ 72.5823, 35.8405 ], [ 72.5807, 35.8439 ], [ 72.5789, 35.8456 ], [ 72.5766, 35.8464 ], [ 72.5735, 35.847 ], [ 72.5699, 35.846 ], [ 72.5678, 35.845 ], [ 72.5642, 35.8435 ], [ 72.5616, 35.8425 ], [ 72.5588, 35.8427 ], [ 72.5575, 35.8437 ], [ 72.5562, 35.8456 ], [ 72.5562, 35.8475 ], [ 72.5552, 35.8492 ], [ 72.5526, 35.8504 ], [ 72.548, 35.8505 ], [ 72.5395, 35.8505 ], [ 72.5369, 35.8511 ], [ 72.5354, 35.8528 ], [ 72.5349, 35.8582 ], [ 72.5352, 35.8702 ], [ 72.5346, 35.8749 ], [ 72.5333, 35.8761 ], [ 72.5308, 35.8772 ], [ 72.5284, 35.8764 ], [ 72.5264, 35.8747 ], [ 72.5243, 35.8722 ], [ 72.5256, 35.8951 ], [ 72.5305, 35.9116 ], [ 72.5431, 35.9333 ], [ 72.5543, 35.9481 ], [ 72.5647, 35.9642 ], [ 72.5743, 35.9791 ], [ 72.5788, 35.9883 ], [ 72.5833, 35.9933 ], [ 72.5862, 35.9995 ], [ 72.5861, 36.0056 ], [ 72.5838, 36.0105 ], [ 72.5807, 36.0159 ], [ 72.5753, 36.0214 ], [ 72.5632, 36.0226 ], [ 72.5541, 36.0243 ], [ 72.5449, 36.0267 ], [ 72.5381, 36.031 ], [ 72.5357, 36.0346 ], [ 72.5296, 36.0438 ], [ 72.5195, 36.056 ], [ 72.5194, 36.0647 ], [ 72.5193, 36.072 ], [ 72.5223, 36.0807 ], [ 72.5267, 36.0906 ], [ 72.5379, 36.103 ], [ 72.5462, 36.1104 ], [ 72.5522, 36.1166 ], [ 72.5559, 36.1209 ], [ 72.5573, 36.1271 ], [ 72.5535, 36.1295 ], [ 72.5474, 36.1344 ], [ 72.5427, 36.1411 ], [ 72.5389, 36.1442 ], [ 72.5373, 36.1485 ], [ 72.5396, 36.1534 ], [ 72.544, 36.1596 ], [ 72.5478, 36.1633 ], [ 72.5515, 36.1683 ], [ 72.5514, 36.1751 ], [ 72.5529, 36.1831 ], [ 72.5596, 36.1917 ], [ 72.568, 36.2002 ], [ 72.5748, 36.2058 ], [ 72.5762, 36.2095 ], [ 72.5746, 36.2181 ], [ 72.573, 36.2236 ], [ 72.5737, 36.2292 ], [ 72.5775, 36.2329 ], [ 72.5828, 36.236 ], [ 72.5881, 36.2366 ], [ 72.5987, 36.2392 ], [ 72.6047, 36.2417 ], [ 72.6108, 36.2436 ], [ 72.6176, 36.2436 ], [ 72.623, 36.2406 ], [ 72.6329, 36.2407 ], [ 72.6451, 36.2377 ], [ 72.6565, 36.2335 ], [ 72.6642, 36.228 ], [ 72.6696, 36.2231 ], [ 72.6749, 36.2207 ], [ 72.681, 36.2201 ], [ 72.684, 36.222 ], [ 72.6855, 36.2275 ], [ 72.6839, 36.2349 ], [ 72.6838, 36.2405 ], [ 72.6861, 36.2448 ], [ 72.6951, 36.2504 ], [ 72.705, 36.2547 ], [ 72.7155, 36.261 ], [ 72.7216, 36.2647 ], [ 72.7253, 36.2703 ], [ 72.7291, 36.2764 ], [ 72.7328, 36.2814 ], [ 72.7374, 36.282 ], [ 72.7412, 36.2821 ], [ 72.7458, 36.2809 ], [ 72.7526, 36.2809 ], [ 72.7556, 36.2822 ], [ 72.7692, 36.2915 ], [ 72.7813, 36.2996 ], [ 72.7896, 36.3051 ], [ 72.7957, 36.3119 ], [ 72.8032, 36.3206 ], [ 72.8031, 36.3286 ], [ 72.8061, 36.3378 ], [ 72.8098, 36.3428 ], [ 72.8159, 36.3459 ], [ 72.8238, 36.3483 ], [ 72.8322, 36.3484 ], [ 72.8406, 36.3509 ], [ 72.8459, 36.3552 ], [ 72.8504, 36.3602 ], [ 72.8564, 36.3639 ], [ 72.8625, 36.3707 ], [ 72.8662, 36.3738 ], [ 72.8685, 36.3793 ], [ 72.8692, 36.3836 ], [ 72.8669, 36.3879 ], [ 72.8607, 36.3959 ], [ 72.8553, 36.4008 ], [ 72.853, 36.4082 ], [ 72.8529, 36.4131 ], [ 72.8567, 36.4199 ], [ 72.8658, 36.4236 ], [ 72.8749, 36.4267 ], [ 72.8795, 36.4298 ], [ 72.884, 36.4342 ], [ 72.887, 36.4379 ], [ 72.8923, 36.4404 ], [ 72.8984, 36.4404 ], [ 72.9045, 36.438 ], [ 72.9068, 36.4355 ], [ 72.9122, 36.4331 ], [ 72.9175, 36.4337 ], [ 72.9251, 36.4399 ], [ 72.9281, 36.443 ], [ 72.9319, 36.4473 ], [ 72.9364, 36.4498 ], [ 72.941, 36.448 ], [ 72.9449, 36.4443 ], [ 72.9479, 36.4419 ], [ 72.9563, 36.4407 ], [ 72.9647, 36.4438 ], [ 72.9685, 36.4481 ], [ 72.9715, 36.4525 ], [ 72.9718, 36.456 ], [ 72.9681, 36.4566 ], [ 72.9614, 36.4584 ], [ 72.959, 36.4625 ], [ 72.9583, 36.4679 ], [ 72.9583, 36.4733 ], [ 72.9609, 36.4776 ], [ 72.9646, 36.4787 ], [ 72.9663, 36.4798 ], [ 72.9669, 36.4803 ], [ 72.9672, 36.4833 ], [ 72.9662, 36.4884 ], [ 72.9662, 36.4922 ], [ 72.9672, 36.4941 ], [ 72.9688, 36.4958 ], [ 72.9722, 36.4971 ], [ 72.9792, 36.4985 ], [ 72.9869, 36.4999 ], [ 72.9969, 36.501 ], [ 73.0, 36.501 ], [ 73.003, 36.5021 ], [ 73.005, 36.5046 ], [ 73.011, 36.5095 ], [ 73.0136, 36.5117 ], [ 73.0166, 36.5128 ], [ 73.0227, 36.5128 ], [ 73.028, 36.5139 ], [ 73.0327, 36.5158 ], [ 73.0357, 36.5182 ], [ 73.038, 36.5218 ], [ 73.0394, 36.5258 ], [ 73.0398, 36.5317 ], [ 73.0397, 36.5379 ], [ 73.0407, 36.5428 ], [ 73.044, 36.549 ], [ 73.049, 36.5523 ], [ 73.0527, 36.555 ], [ 73.055, 36.5575 ], [ 73.0563, 36.5613 ], [ 73.057, 36.5667 ], [ 73.0589, 36.5734 ], [ 73.0619, 36.5767 ], [ 73.0656, 36.5791 ], [ 73.0723, 36.5835 ], [ 73.0753, 36.587 ], [ 73.0766, 36.5905 ], [ 73.0766, 36.5943 ], [ 73.0749, 36.5997 ], [ 73.0704, 36.6069 ], [ 73.0653, 36.6139 ], [ 73.0589, 36.6258 ], [ 73.0582, 36.6293 ], [ 73.0578, 36.6382 ], [ 73.0581, 36.6512 ], [ 73.0577, 36.6555 ], [ 73.056, 36.6596 ], [ 73.0533, 36.6642 ], [ 73.0495, 36.6671 ], [ 73.0472, 36.6717 ], [ 73.0465, 36.6757 ], [ 73.0471, 36.6795 ], [ 73.0495, 36.6812 ], [ 73.0535, 36.6828 ], [ 73.0592, 36.6831 ], [ 73.0666, 36.6804 ], [ 73.0733, 36.6775 ], [ 73.0791, 36.6751 ], [ 73.0891, 36.6746 ], [ 73.1063, 36.676 ], [ 73.1153, 36.6798 ], [ 73.126, 36.6863 ], [ 73.1326, 36.6914 ], [ 73.1343, 36.6944 ], [ 73.1373, 36.6968 ], [ 73.1453, 36.7025 ], [ 73.151, 36.7055 ], [ 73.1551, 36.7061 ], [ 73.1584, 36.7053 ], [ 73.1605, 36.7018 ], [ 73.1622, 36.6966 ], [ 73.1645, 36.6934 ], [ 73.1686, 36.6902 ], [ 73.1783, 36.687 ], [ 73.1851, 36.687 ], [ 73.1945, 36.6876 ], [ 73.2018, 36.6892 ], [ 73.2085, 36.6922 ], [ 73.2126, 36.6963 ], [ 73.2159, 36.6987 ], [ 73.2199, 36.7009 ], [ 73.2287, 36.702 ], [ 73.2367, 36.702 ], [ 73.2485, 36.7012 ], [ 73.2646, 36.6983 ], [ 73.2771, 36.6981 ], [ 73.2821, 36.6989 ], [ 73.2868, 36.7005 ], [ 73.2891, 36.704 ], [ 73.2908, 36.7076 ], [ 73.2935, 36.7108 ], [ 73.2972, 36.7124 ], [ 73.3022, 36.7125 ], [ 73.3076, 36.7103 ], [ 73.3143, 36.706 ], [ 73.319, 36.7039 ], [ 73.3251, 36.7045 ], [ 73.3287, 36.7066 ], [ 73.3321, 36.7096 ], [ 73.3328, 36.7126 ], [ 73.3311, 36.7164 ], [ 73.3287, 36.7202 ], [ 73.328, 36.7242 ], [ 73.3293, 36.7294 ], [ 73.333, 36.7315 ], [ 73.3371, 36.7323 ], [ 73.3428, 36.7315 ], [ 73.3475, 36.7294 ], [ 73.3532, 36.7278 ], [ 73.3626, 36.7273 ], [ 73.3737, 36.727 ], [ 73.3835, 36.7292 ], [ 73.3871, 36.7306 ], [ 73.3945, 36.7319 ], [ 73.3996, 36.7327 ], [ 73.4076, 36.7327 ], [ 73.4117, 36.7322 ], [ 73.4157, 36.7287 ], [ 73.4214, 36.7244 ], [ 73.4258, 36.7217 ], [ 73.4292, 36.7217 ], [ 73.4342, 36.7231 ], [ 73.4389, 36.7252 ], [ 73.4446, 36.7274 ], [ 73.447, 36.7271 ], [ 73.4517, 36.7258 ], [ 73.4567, 36.7228 ], [ 73.4615, 36.7196 ], [ 73.4668, 36.7155 ], [ 73.4702, 36.7123 ], [ 73.4742, 36.711 ], [ 73.4806, 36.7107 ], [ 73.4857, 36.7129 ], [ 73.4887, 36.7142 ], [ 73.4927, 36.7142 ], [ 73.4968, 36.7121 ], [ 73.5001, 36.7096 ], [ 73.5027, 36.708 ], [ 73.5064, 36.708 ], [ 73.5111, 36.7096 ], [ 73.5189, 36.7123 ], [ 73.5232, 36.7126 ], [ 73.5303, 36.7099 ], [ 73.5374, 36.7069 ], [ 73.5427, 36.7064 ], [ 73.5478, 36.7083 ], [ 73.5518, 36.7129 ], [ 73.5562, 36.7148 ], [ 73.5629, 36.7156 ], [ 73.5679, 36.7131 ], [ 73.5703, 36.7099 ], [ 73.576, 36.7018 ], [ 73.5804, 36.6953 ], [ 73.5824, 36.6926 ], [ 73.5844, 36.6915 ], [ 73.5878, 36.6907 ], [ 73.5973, 36.6908 ], [ 73.6197, 36.6924 ], [ 73.6358, 36.6924 ], [ 73.6456, 36.6915 ], [ 73.6526, 36.6897 ], [ 73.6587, 36.6894 ], [ 73.6671, 36.691 ], [ 73.6721, 36.6953 ], [ 73.6825, 36.7059 ], [ 73.6849, 36.7069 ], [ 73.6868, 36.7078 ], [ 73.6905, 36.7086 ], [ 73.6945, 36.7086 ], [ 73.6979, 36.7078 ], [ 73.7023, 36.7075 ], [ 73.711, 36.7083 ], [ 73.7137, 36.7094 ], [ 73.7184, 36.7099 ], [ 73.7221, 36.7091 ], [ 73.7248, 36.7075 ], [ 73.7295, 36.7048 ], [ 73.7328, 36.7023 ], [ 73.7392, 36.6996 ], [ 73.7443, 36.6993 ], [ 73.7476, 36.6999 ], [ 73.751, 36.702 ], [ 73.754, 36.7053 ], [ 73.758, 36.7083 ], [ 73.7651, 36.7115 ], [ 73.7732, 36.7131 ], [ 73.7883, 36.7139 ], [ 73.8014, 36.7139 ], [ 73.8158, 36.7122 ], [ 73.8296, 36.7111 ], [ 73.8424, 36.7076 ], [ 73.8499, 36.7061 ], [ 73.8532, 36.7066 ], [ 73.8559, 36.7085 ], [ 73.8566, 36.712 ], [ 73.856, 36.7177 ], [ 73.8546, 36.7198 ], [ 73.854, 36.7242 ], [ 73.8573, 36.7293 ], [ 73.86, 36.7339 ], [ 73.8614, 36.7385 ], [ 73.8607, 36.7455 ], [ 73.8587, 36.7514 ], [ 73.8541, 36.7571 ], [ 73.847, 36.7644 ], [ 73.8376, 36.7736 ], [ 73.8279, 36.7815 ], [ 73.8208, 36.7864 ], [ 73.8165, 36.7883 ], [ 73.8114, 36.7888 ], [ 73.806, 36.7888 ], [ 73.8003, 36.788 ], [ 73.7963, 36.7867 ], [ 73.7919, 36.7861 ], [ 73.7869, 36.7869 ], [ 73.7822, 36.7896 ], [ 73.7778, 36.7918 ], [ 73.7721, 36.7948 ], [ 73.7694, 36.798 ], [ 73.7678, 36.8023 ], [ 73.7678, 36.8069 ], [ 73.7675, 36.8131 ], [ 73.7668, 36.8166 ], [ 73.7652, 36.8188 ], [ 73.7611, 36.8207 ], [ 73.7571, 36.8209 ], [ 73.7517, 36.821 ], [ 73.749, 36.8201 ], [ 73.7446, 36.818 ], [ 73.7429, 36.8161 ], [ 73.7396, 36.815 ], [ 73.7345, 36.8156 ], [ 73.7318, 36.8175 ], [ 73.7298, 36.8193 ], [ 73.7261, 36.821 ], [ 73.7231, 36.8218 ], [ 73.7184, 36.8215 ], [ 73.7147, 36.8204 ], [ 73.7117, 36.8204 ], [ 73.708, 36.821 ], [ 73.7039, 36.8237 ], [ 73.7016, 36.8296 ], [ 73.6996, 36.8329 ], [ 73.6972, 36.8337 ], [ 73.6942, 36.8334 ], [ 73.6901, 36.8323 ], [ 73.6858, 36.8318 ], [ 73.6831, 36.8332 ], [ 73.6814, 36.8364 ], [ 73.6817, 36.8475 ], [ 73.6811, 36.8548 ], [ 73.6794, 36.8567 ], [ 73.6723, 36.8583 ], [ 73.6673, 36.8613 ], [ 73.6582, 36.8672 ], [ 73.6531, 36.8731 ], [ 73.6493, 36.8779 ], [ 73.6449, 36.8849 ], [ 73.6429, 36.8895 ], [ 73.6422, 36.8957 ], [ 73.64301, 36.90338 ], [ 73.6435, 36.9034 ], [ 73.645, 36.9036 ], [ 73.6456, 36.9035 ], [ 73.6462, 36.9036 ], [ 73.6521, 36.9075 ], [ 73.6532, 36.9084 ], [ 73.6549, 36.9092 ], [ 73.6568, 36.9101 ], [ 73.6579, 36.9104 ], [ 73.6585, 36.9106 ], [ 73.6602, 36.9107 ], [ 73.662, 36.9105 ], [ 73.6649, 36.9105 ], [ 73.6674, 36.9109 ], [ 73.6692, 36.9113 ], [ 73.6705, 36.9113 ], [ 73.6718, 36.9113 ], [ 73.6724, 36.9114 ], [ 73.6732, 36.9117 ], [ 73.6745, 36.9124 ], [ 73.6755, 36.9132 ], [ 73.676, 36.9135 ], [ 73.6768, 36.9134 ], [ 73.6775, 36.9133 ], [ 73.6787, 36.9131 ], [ 73.68, 36.9132 ], [ 73.6823, 36.9133 ], [ 73.6833, 36.9134 ], [ 73.6839, 36.9136 ], [ 73.6859, 36.914 ], [ 73.6868, 36.9141 ], [ 73.6878, 36.9145 ], [ 73.689, 36.915 ], [ 73.6899, 36.9153 ], [ 73.6909, 36.9154 ], [ 73.6918, 36.9154 ], [ 73.6924, 36.9152 ], [ 73.694, 36.9147 ], [ 73.6947, 36.9146 ], [ 73.6962, 36.9144 ], [ 73.6975, 36.9142 ], [ 73.6983, 36.9141 ], [ 73.6991, 36.914 ], [ 73.6998, 36.9138 ], [ 73.7008, 36.9129 ], [ 73.7015, 36.9119 ], [ 73.7023, 36.9115 ], [ 73.703, 36.911 ], [ 73.7038, 36.9106 ], [ 73.705, 36.9103 ], [ 73.7059, 36.91 ], [ 73.7067, 36.9096 ], [ 73.7084, 36.9084 ], [ 73.7098, 36.9077 ], [ 73.7144, 36.9054 ], [ 73.716, 36.9047 ], [ 73.7167, 36.9046 ], [ 73.7208, 36.9042 ], [ 73.7223, 36.9043 ], [ 73.7242, 36.904 ], [ 73.73, 36.9033 ], [ 73.7326, 36.9031 ], [ 73.7341, 36.903 ], [ 73.7351, 36.9031 ], [ 73.7364, 36.9032 ], [ 73.737, 36.9036 ], [ 73.7379, 36.9043 ], [ 73.7391, 36.905 ], [ 73.741, 36.9063 ], [ 73.7424, 36.9069 ], [ 73.7438, 36.9076 ], [ 73.7451, 36.908 ], [ 73.7461, 36.9083 ], [ 73.748, 36.9092 ], [ 73.749, 36.9101 ], [ 73.7502, 36.9107 ], [ 73.7511, 36.911 ], [ 73.7518, 36.9113 ], [ 73.7524, 36.9115 ], [ 73.7528, 36.9113 ], [ 73.7536, 36.9106 ], [ 73.7542, 36.9097 ], [ 73.7568, 36.9046 ], [ 73.7582, 36.905 ], [ 73.7598, 36.9053 ], [ 73.7634, 36.9051 ], [ 73.7645, 36.905 ], [ 73.7662, 36.9047 ], [ 73.7673, 36.9049 ], [ 73.7686, 36.9052 ], [ 73.7694, 36.9052 ], [ 73.7705, 36.9048 ], [ 73.7715, 36.9036 ], [ 73.7719, 36.9025 ], [ 73.7722, 36.9013 ], [ 73.7723, 36.9 ], [ 73.772, 36.8992 ], [ 73.7715, 36.8985 ], [ 73.7712, 36.898 ], [ 73.772, 36.8981 ], [ 73.7729, 36.8982 ], [ 73.7736, 36.8983 ], [ 73.7749, 36.8981 ], [ 73.7762, 36.8978 ], [ 73.7776, 36.8974 ], [ 73.7785, 36.8973 ], [ 73.7794, 36.8972 ], [ 73.7806, 36.8974 ], [ 73.7829, 36.8979 ], [ 73.7847, 36.8986 ], [ 73.7867, 36.8996 ], [ 73.788, 36.9001 ], [ 73.789, 36.9004 ], [ 73.7897, 36.9004 ], [ 73.7905, 36.9005 ], [ 73.7916, 36.9001 ], [ 73.7931, 36.8996 ], [ 73.7942, 36.899 ], [ 73.795, 36.8983 ], [ 73.7958, 36.8974 ], [ 73.7964, 36.8964 ], [ 73.7967, 36.8959 ], [ 73.7966, 36.8951 ], [ 73.7965, 36.8939 ], [ 73.7967, 36.8934 ], [ 73.7989, 36.8912 ], [ 73.7998, 36.8902 ], [ 73.8017, 36.8905 ], [ 73.8027, 36.8907 ], [ 73.8043, 36.8907 ], [ 73.8069, 36.8908 ], [ 73.8095, 36.891 ], [ 73.8109, 36.8909 ], [ 73.813, 36.8906 ], [ 73.8138, 36.8904 ], [ 73.8152, 36.8907 ], [ 73.8169, 36.8924 ], [ 73.818, 36.894 ], [ 73.8195, 36.8953 ], [ 73.81972, 36.89541 ], [ 73.8219, 36.8965 ], [ 73.8245, 36.8976 ], [ 73.8267, 36.8989 ], [ 73.8273, 36.9001 ], [ 73.8272, 36.9011 ], [ 73.8258, 36.9028 ], [ 73.82526, 36.90312 ], [ 73.8248, 36.9034 ], [ 73.8246, 36.904 ], [ 73.8245, 36.9059 ], [ 73.8248, 36.9074 ], [ 73.8254, 36.909 ], [ 73.8259, 36.9105 ], [ 73.8256, 36.9123 ], [ 73.8258, 36.9135 ], [ 73.8269, 36.9148 ], [ 73.8281, 36.916 ], [ 73.8291, 36.9172 ], [ 73.8303, 36.9188 ], [ 73.8311, 36.9201 ], [ 73.8315, 36.9217 ], [ 73.8325, 36.9229 ], [ 73.8336, 36.9237 ], [ 73.8352, 36.9242 ], [ 73.837, 36.9248 ], [ 73.8389, 36.9251 ], [ 73.8409, 36.9253 ], [ 73.843, 36.9253 ], [ 73.8444, 36.9251 ], [ 73.846, 36.9245 ], [ 73.8473, 36.9238 ], [ 73.8476, 36.9224 ], [ 73.8473, 36.9207 ], [ 73.8473, 36.92 ], [ 73.8492, 36.9182 ], [ 73.8501, 36.9177 ], [ 73.8517, 36.9176 ], [ 73.8543, 36.9172 ], [ 73.8567, 36.9171 ], [ 73.8577, 36.9171 ], [ 73.8612, 36.9156 ], [ 73.8627, 36.9151 ], [ 73.8653, 36.9146 ], [ 73.8681, 36.9144 ], [ 73.8707, 36.9142 ], [ 73.8736, 36.9138 ], [ 73.8756, 36.9136 ], [ 73.8778, 36.9134 ], [ 73.8814, 36.9132 ], [ 73.8844, 36.9126 ], [ 73.8866, 36.9126 ], [ 73.8889, 36.9123 ], [ 73.8895, 36.9122 ], [ 73.89, 36.912 ], [ 73.8912, 36.9099 ], [ 73.892, 36.9089 ], [ 73.8947, 36.9074 ], [ 73.8956, 36.9069 ], [ 73.897, 36.9054 ], [ 73.8994, 36.9041 ], [ 73.9016, 36.9026 ], [ 73.9042, 36.9012 ], [ 73.9053, 36.9008 ], [ 73.9062, 36.9005 ], [ 73.9041, 36.8966 ], [ 73.9036, 36.8949 ], [ 73.9038, 36.8923 ], [ 73.9045, 36.8904 ], [ 73.9045, 36.88764 ], [ 73.9045, 36.8871 ], [ 73.9037, 36.8859 ], [ 73.9009, 36.885 ], [ 73.8987, 36.8844 ], [ 73.8962, 36.8823 ], [ 73.8955, 36.8814 ], [ 73.8928, 36.8805 ], [ 73.8916, 36.8798 ], [ 73.8914, 36.8793 ], [ 73.8916, 36.8786 ], [ 73.8921, 36.8777 ], [ 73.8936, 36.8767 ], [ 73.8952, 36.8765 ], [ 73.899, 36.8762 ], [ 73.9009, 36.876 ], [ 73.9039, 36.8752 ], [ 73.9072, 36.874 ], [ 73.9098, 36.8726 ], [ 73.9115, 36.8707 ], [ 73.9122, 36.8693 ], [ 73.9134, 36.8688 ], [ 73.9149, 36.8691 ], [ 73.9166, 36.87 ], [ 73.9188, 36.8713 ], [ 73.9209, 36.8716 ], [ 73.9228, 36.8722 ], [ 73.9259, 36.8733 ], [ 73.92594, 36.87331 ], [ 73.9287, 36.8743 ], [ 73.9299, 36.8746 ], [ 73.9314, 36.8747 ], [ 73.9333, 36.8738 ], [ 73.9362, 36.8723 ], [ 73.9379, 36.8714 ], [ 73.9398, 36.8696 ], [ 73.9408, 36.8686 ], [ 73.9425, 36.8679 ], [ 73.9448, 36.8665 ], [ 73.946, 36.8664 ], [ 73.9467, 36.8655 ], [ 73.9479, 36.8642 ], [ 73.9479, 36.8628 ], [ 73.9481, 36.8611 ], [ 73.9483, 36.8606 ], [ 73.9506, 36.8599 ], [ 73.9525, 36.8597 ], [ 73.9537, 36.8592 ], [ 73.9545, 36.8588 ], [ 73.9531, 36.857 ], [ 73.9526, 36.8566 ], [ 73.9524, 36.8557 ], [ 73.9523, 36.8548 ], [ 73.954, 36.8527 ], [ 73.9543, 36.8504 ], [ 73.9549, 36.8494 ], [ 73.9562, 36.8481 ], [ 73.9568, 36.8469 ], [ 73.9566, 36.8433 ], [ 73.9568, 36.8426 ], [ 73.9576, 36.8423 ], [ 73.9623, 36.8421 ], [ 73.9664, 36.8425 ], [ 73.9669, 36.8398 ], [ 73.9672, 36.8388 ], [ 73.9685, 36.8385 ], [ 73.9701, 36.8377 ], [ 73.9716, 36.8368 ], [ 73.9723, 36.8357 ], [ 73.973, 36.8355 ], [ 73.9757, 36.8354 ], [ 73.978, 36.8355 ], [ 73.9798, 36.8352 ], [ 73.9822, 36.8343 ], [ 73.9856, 36.8336 ], [ 73.9911, 36.8322 ], [ 73.9927, 36.8322 ], [ 73.9949, 36.8323 ], [ 73.9974, 36.8328 ], [ 73.9991, 36.8337 ], [ 73.9997, 36.8347 ], [ 74.0011, 36.836 ], [ 74.0022, 36.8369 ], [ 74.0032, 36.8374 ], [ 74.0043, 36.8374 ], [ 74.0058, 36.8368 ], [ 74.0076, 36.8357 ], [ 74.0093, 36.8345 ], [ 74.0119, 36.8342 ], [ 74.0131, 36.8342 ], [ 74.0138, 36.8342 ], [ 74.0152, 36.8329 ], [ 74.0177, 36.8319 ], [ 74.0206, 36.8317 ], [ 74.0223, 36.8313 ], [ 74.0243, 36.8305 ], [ 74.027, 36.8284 ], [ 74.0313, 36.82855 ], [ 74.0334, 36.8288 ], [ 74.035, 36.8286 ], [ 74.0364, 36.8271 ], [ 74.0384, 36.8264 ], [ 74.0415, 36.8265 ], [ 74.0435, 36.8265 ], [ 74.0457, 36.8265 ], [ 74.0471, 36.8265 ], [ 74.04839, 36.82701 ], [ 74.0494, 36.8274 ], [ 74.0521, 36.8295 ], [ 74.05308, 36.83013 ], [ 74.0552, 36.8315 ], [ 74.0569, 36.8335 ], [ 74.0593, 36.8362 ], [ 74.0614, 36.8385 ], [ 74.0626, 36.8398 ], [ 74.0638, 36.8404 ], [ 74.0657, 36.8406 ], [ 74.0673, 36.8402 ], [ 74.0688, 36.8394 ], [ 74.0704, 36.8389 ], [ 74.0742, 36.8391 ], [ 74.0768, 36.8385 ], [ 74.0792, 36.8374 ], [ 74.0808, 36.8373 ], [ 74.0838, 36.8377 ], [ 74.0865, 36.8382 ], [ 74.0895, 36.838 ], [ 74.0906, 36.8381 ], [ 74.0917, 36.8385 ], [ 74.0936, 36.8402 ], [ 74.0945, 36.8413 ], [ 74.0955, 36.842 ], [ 74.0964, 36.8422 ], [ 74.1005, 36.8417 ], [ 74.1037, 36.8411 ], [ 74.1048, 36.8399 ], [ 74.1069, 36.8382 ], [ 74.1091, 36.8377 ], [ 74.1122, 36.8379 ], [ 74.1149, 36.8376 ], [ 74.1175, 36.838 ], [ 74.119, 36.8387 ], [ 74.1206, 36.8403 ], [ 74.1235, 36.8427 ], [ 74.1248, 36.8447 ], [ 74.1249, 36.8459 ], [ 74.1237, 36.8472 ], [ 74.1232, 36.848 ], [ 74.1235, 36.8487 ], [ 74.1247, 36.8494 ], [ 74.126, 36.8496 ], [ 74.1293, 36.8493 ], [ 74.13071, 36.8493 ], [ 74.1309, 36.8493 ], [ 74.133, 36.8496 ], [ 74.1337, 36.8505 ], [ 74.1335, 36.8517 ], [ 74.1342, 36.8537 ], [ 74.134, 36.8543 ], [ 74.1325, 36.8552 ], [ 74.1308, 36.8563 ], [ 74.1296, 36.8576 ], [ 74.129, 36.8586 ], [ 74.12896, 36.85872 ], [ 74.1286, 36.8599 ], [ 74.1288, 36.8612 ], [ 74.1292, 36.8623 ], [ 74.1303, 36.8635 ], [ 74.1319, 36.8651 ], [ 74.133, 36.8663 ], [ 74.1348, 36.8696 ], [ 74.1358, 36.8722 ], [ 74.1369, 36.8733 ], [ 74.1384, 36.8747 ], [ 74.1393, 36.8754 ], [ 74.14028, 36.87613 ], [ 74.1405, 36.8763 ], [ 74.1421, 36.878 ], [ 74.1434, 36.8794 ], [ 74.1461, 36.8811 ], [ 74.1491, 36.883 ], [ 74.1501, 36.8841 ], [ 74.1509, 36.8841 ], [ 74.1517, 36.8838 ], [ 74.1539, 36.8829 ], [ 74.155, 36.8828 ], [ 74.1574, 36.8836 ], [ 74.1586, 36.8844 ], [ 74.1593, 36.8856 ], [ 74.1596, 36.886 ], [ 74.1588, 36.8871 ], [ 74.1573, 36.8886 ], [ 74.1568, 36.8898 ], [ 74.1541, 36.8916 ], [ 74.1531, 36.8922 ], [ 74.1526, 36.8935 ], [ 74.1523, 36.8957 ], [ 74.1524, 36.8969 ], [ 74.1529, 36.8979 ], [ 74.1536, 36.8983 ], [ 74.1561, 36.8982 ], [ 74.159, 36.8987 ], [ 74.1625, 36.9002 ], [ 74.1656, 36.9011 ], [ 74.1681, 36.9021 ], [ 74.1704, 36.9028 ], [ 74.172, 36.9037 ], [ 74.1729, 36.9046 ], [ 74.1733, 36.9059 ], [ 74.1734, 36.9069 ], [ 74.1728, 36.9084 ], [ 74.1717, 36.9108 ], [ 74.1732, 36.9127 ], [ 74.1752, 36.915 ], [ 74.176, 36.9164 ], [ 74.1775, 36.9167 ], [ 74.1791, 36.9166 ], [ 74.1799, 36.9165 ], [ 74.1807, 36.916 ], [ 74.183, 36.9136 ], [ 74.1847, 36.9123 ], [ 74.187, 36.9113 ], [ 74.1894, 36.9105 ], [ 74.1906, 36.91 ], [ 74.1931, 36.9102 ], [ 74.1956, 36.9107 ], [ 74.1974, 36.9109 ], [ 74.1987, 36.911 ], [ 74.1996, 36.9109 ], [ 74.201, 36.9101 ], [ 74.202, 36.9093 ], [ 74.2031, 36.9077 ], [ 74.2032, 36.907 ], [ 74.2039, 36.905 ], [ 74.204, 36.9039 ], [ 74.206, 36.9038 ], [ 74.2093, 36.9049 ], [ 74.2121, 36.9064 ], [ 74.2134, 36.9072 ], [ 74.2146, 36.907 ], [ 74.2175, 36.9054 ], [ 74.2184, 36.9044 ], [ 74.2197, 36.903 ], [ 74.2214, 36.9012 ], [ 74.2226, 36.8987 ], [ 74.2231, 36.8975 ], [ 74.2242, 36.8966 ], [ 74.2267, 36.8962 ], [ 74.2299, 36.8962 ], [ 74.2331, 36.8958 ], [ 74.237, 36.8946 ], [ 74.2395, 36.8946 ], [ 74.2413, 36.8947 ], [ 74.2421, 36.895 ], [ 74.2438, 36.8969 ], [ 74.2445, 36.8979 ], [ 74.245, 36.8985 ], [ 74.2461, 36.8989 ], [ 74.2488, 36.8991 ], [ 74.2519, 36.8992 ], [ 74.2548, 36.8997 ], [ 74.2575, 36.9005 ], [ 74.261, 36.9023 ], [ 74.2634, 36.9034 ], [ 74.2649, 36.904 ], [ 74.2664, 36.9049 ], [ 74.2679, 36.9073 ], [ 74.2687, 36.9095 ], [ 74.2694, 36.9111 ], [ 74.2699, 36.9118 ], [ 74.2706, 36.9122 ], [ 74.2714, 36.9123 ], [ 74.2743, 36.9118 ], [ 74.2768, 36.9114 ], [ 74.2798, 36.9112 ], [ 74.2816, 36.9119 ], [ 74.2838, 36.9128 ], [ 74.2874, 36.9136 ], [ 74.29, 36.9137 ], [ 74.2937, 36.9131 ], [ 74.2948, 36.913 ], [ 74.2962, 36.9143 ], [ 74.2976, 36.9155 ], [ 74.3006, 36.9173 ], [ 74.3024, 36.9177 ], [ 74.3048, 36.9188 ], [ 74.3082, 36.9191 ], [ 74.3089, 36.9189 ], [ 74.3094, 36.9194 ], [ 74.3108, 36.9222 ], [ 74.312, 36.9251 ], [ 74.3125, 36.926 ], [ 74.3138, 36.9271 ], [ 74.3143, 36.9291 ], [ 74.3143, 36.9307 ], [ 74.3148, 36.9321 ], [ 74.3161, 36.9345 ], [ 74.3167, 36.936 ], [ 74.3161, 36.9381 ], [ 74.3169, 36.9386 ], [ 74.3202, 36.9399 ], [ 74.3226, 36.9408 ], [ 74.3252, 36.9411 ], [ 74.329, 36.9436 ], [ 74.3309, 36.9449 ], [ 74.3328, 36.9453 ], [ 74.3333, 36.9477 ], [ 74.3329, 36.9503 ], [ 74.3353, 36.9517 ], [ 74.3366, 36.9527 ], [ 74.3384, 36.9538 ], [ 74.3399, 36.9553 ], [ 74.3427, 36.9566 ], [ 74.3444, 36.9577 ], [ 74.3453, 36.9597 ], [ 74.3459, 36.9606 ], [ 74.347, 36.9614 ], [ 74.3487, 36.9619 ], [ 74.3496, 36.9622 ], [ 74.3513, 36.9621 ], [ 74.3532, 36.9621 ], [ 74.3556, 36.9621 ], [ 74.3572, 36.9628 ], [ 74.3583, 36.9628 ], [ 74.3595, 36.9628 ], [ 74.3605, 36.9625 ], [ 74.3615, 36.9623 ], [ 74.3636, 36.963 ], [ 74.365, 36.9629 ], [ 74.3659, 36.9629 ], [ 74.3672, 36.9637 ], [ 74.3681, 36.9645 ], [ 74.3688, 36.9653 ], [ 74.3712, 36.9646 ], [ 74.3731, 36.964 ], [ 74.3752, 36.9639 ], [ 74.3783, 36.9634 ], [ 74.3815, 36.9637 ], [ 74.3841, 36.9639 ], [ 74.3867, 36.9639 ], [ 74.3877, 36.964 ], [ 74.3911, 36.9667 ], [ 74.3932, 36.9681 ], [ 74.394, 36.9689 ], [ 74.3946, 36.9714 ], [ 74.3953, 36.9742 ], [ 74.398, 36.9742 ], [ 74.3999, 36.9743 ], [ 74.4045, 36.9741 ], [ 74.4053, 36.9739 ], [ 74.4071, 36.9744 ], [ 74.4101, 36.975 ], [ 74.4127, 36.9754 ], [ 74.4138, 36.9757 ], [ 74.4151, 36.9763 ], [ 74.4164, 36.9781 ], [ 74.4174, 36.9792 ], [ 74.4181, 36.9802 ], [ 74.4181, 36.9809 ], [ 74.4176, 36.9823 ], [ 74.4176, 36.9834 ], [ 74.4181, 36.9849 ], [ 74.4193, 36.9865 ], [ 74.4205, 36.9881 ], [ 74.4204, 36.9891 ], [ 74.4197, 36.9902 ], [ 74.4182, 36.9913 ], [ 74.4166, 36.9921 ], [ 74.4138, 36.9932 ], [ 74.4148, 36.9948 ], [ 74.4151, 36.9956 ], [ 74.4153, 36.9969 ], [ 74.4153, 36.9989 ], [ 74.4153, 36.9999 ], [ 74.41541, 37.00019 ], [ 74.4164, 37.0027 ], [ 74.4184, 37.0058 ], [ 74.41923, 37.0065 ], [ 74.4203, 37.0074 ], [ 74.4217, 37.0081 ], [ 74.4236, 37.0091 ], [ 74.4264, 37.011 ], [ 74.4272, 37.0095 ], [ 74.428, 37.0083 ], [ 74.4297, 37.0069 ], [ 74.4311, 37.0065 ], [ 74.4322, 37.006 ], [ 74.4333, 37.0055 ], [ 74.4347, 37.0051 ], [ 74.4362, 37.0052 ], [ 74.4373, 37.005 ], [ 74.43862, 37.00444 ], [ 74.4392, 37.0042 ], [ 74.4422, 37.0027 ], [ 74.4437, 37.0019 ], [ 74.4452, 37.0015 ], [ 74.4478, 37.0015 ], [ 74.4505, 37.0015 ], [ 74.452, 37.002 ], [ 74.453, 37.0022 ], [ 74.454, 37.0019 ], [ 74.4551, 37.0009 ], [ 74.4559, 37.0002 ], [ 74.4569, 36.9998 ], [ 74.4634, 36.9989 ], [ 74.4644, 36.9987 ], [ 74.4651, 36.9988 ], [ 74.4656, 36.9985 ], [ 74.4662, 36.9976 ], [ 74.4663, 36.9965 ], [ 74.4669, 36.9952 ], [ 74.4677, 36.9942 ], [ 74.47, 36.9925 ], [ 74.4713, 36.9913 ], [ 74.4723, 36.9907 ], [ 74.4734, 36.9902 ], [ 74.4746, 36.99 ], [ 74.4765, 36.9895 ], [ 74.4787, 36.9886 ], [ 74.481, 36.9881 ], [ 74.4835, 36.9875 ], [ 74.4846, 36.9872 ], [ 74.4857, 36.9872 ], [ 74.4878, 36.9874 ], [ 74.4894, 36.988 ], [ 74.4906, 36.9881 ], [ 74.4913, 36.9882 ], [ 74.4925, 36.9876 ], [ 74.4935, 36.9872 ], [ 74.4947, 36.986 ], [ 74.496, 36.9841 ], [ 74.4967, 36.9832 ], [ 74.4976, 36.9826 ], [ 74.4984, 36.9819 ], [ 74.4989, 36.9811 ], [ 74.4988, 36.9798 ], [ 74.4988, 36.9771 ], [ 74.4996, 36.9756 ], [ 74.5008, 36.9742 ], [ 74.503, 36.9724 ], [ 74.5052, 36.9707 ], [ 74.5057, 36.9701 ], [ 74.5056, 36.9688 ], [ 74.5057, 36.9679 ], [ 74.5061, 36.9671 ], [ 74.5065, 36.9663 ], [ 74.5082, 36.9653 ], [ 74.5101, 36.9647 ], [ 74.5115, 36.9642 ], [ 74.5149, 36.964 ], [ 74.5156, 36.9639 ], [ 74.5164, 36.9634 ], [ 74.5177, 36.9622 ], [ 74.5191, 36.961 ], [ 74.5204, 36.9604 ], [ 74.5221, 36.9599 ], [ 74.5247, 36.9599 ], [ 74.5277, 36.9595 ], [ 74.5291, 36.9593 ], [ 74.5304, 36.9587 ], [ 74.5315, 36.9584 ], [ 74.5329, 36.9583 ], [ 74.5347, 36.9586 ], [ 74.5369, 36.9603 ], [ 74.5388, 36.9616 ], [ 74.5405, 36.9642 ], [ 74.5408, 36.965 ], [ 74.5419, 36.9661 ], [ 74.5429, 36.967 ], [ 74.5432, 36.968 ], [ 74.5434, 36.9693 ], [ 74.5433, 36.9705 ], [ 74.5427, 36.9717 ], [ 74.5434, 36.9729 ], [ 74.5436, 36.9736 ], [ 74.54353, 36.97363 ], [ 74.54355, 36.97364 ], [ 74.54862, 36.97676 ], [ 74.5519, 36.9757 ], [ 74.5627, 36.974 ], [ 74.568, 36.976 ], [ 74.5696, 36.9832 ], [ 74.5709, 36.9878 ], [ 74.5718, 36.9915 ], [ 74.5735, 36.9972 ], [ 74.5746, 37.0034 ], [ 74.5755, 37.0135 ], [ 74.579, 37.0175 ], [ 74.5828, 37.0192 ], [ 74.5901, 37.0177 ], [ 74.5962, 37.0192 ], [ 74.6014, 37.0228 ], [ 74.608, 37.0241 ], [ 74.6144, 37.0224 ], [ 74.6186, 37.0195 ], [ 74.6229, 37.0212 ], [ 74.629, 37.0229 ], [ 74.6363, 37.0241 ], [ 74.6458, 37.026 ], [ 74.6538, 37.0265 ], [ 74.662, 37.0237 ], [ 74.6677, 37.0229 ], [ 74.6721, 37.0245 ], [ 74.6766, 37.0261 ], [ 74.6828, 37.0267 ], [ 74.6896, 37.0259 ], [ 74.6943, 37.0259 ], [ 74.6997, 37.0238 ], [ 74.7049, 37.0227 ], [ 74.7089, 37.0215 ], [ 74.7162, 37.0236 ], [ 74.7221, 37.0249 ], [ 74.7259, 37.0225 ], [ 74.7301, 37.0189 ], [ 74.7353, 37.0162 ], [ 74.7395, 37.0151 ], [ 74.7475, 37.016 ], [ 74.7546, 37.0187 ], [ 74.7615, 37.0204 ], [ 74.7664, 37.019 ], [ 74.7725, 37.0183 ], [ 74.7791, 37.0169 ], [ 74.7841, 37.0166 ], [ 74.7876, 37.0192 ], [ 74.7923, 37.0219 ], [ 74.7978, 37.0241 ], [ 74.8046, 37.0235 ], [ 74.8093, 37.0215 ], [ 74.8135, 37.0232 ], [ 74.8173, 37.0254 ], [ 74.8244, 37.0262 ], [ 74.8298, 37.0262 ], [ 74.8343, 37.0245 ], [ 74.8388, 37.0237 ], [ 74.8421, 37.0237 ], [ 74.8444, 37.0205 ], [ 74.8491, 37.0178 ], [ 74.8519, 37.0142 ], [ 74.8557, 37.0102 ], [ 74.8592, 37.0065 ], [ 74.8606, 37.0008 ], [ 74.863, 36.997 ], [ 74.8657, 36.9939 ], [ 74.869, 36.9897 ], [ 74.8715, 36.9865 ], [ 74.8725, 36.9839 ], [ 74.873, 36.9797 ], [ 74.8744, 36.9773 ], [ 74.8803, 36.975 ], [ 74.8789, 36.9703 ], [ 74.8797, 36.9679 ], [ 74.8824, 36.9649 ], [ 74.8833, 36.9624 ], [ 74.8855, 36.9604 ], [ 74.8843, 36.9579 ], [ 74.8831, 36.955 ], [ 74.882, 36.9522 ], [ 74.8843, 36.9499 ], [ 74.8885, 36.9494 ], [ 74.8929, 36.9493 ], [ 74.8967, 36.9496 ], [ 74.8999, 36.9487 ], [ 74.9037, 36.9469 ], [ 74.9078, 36.9456 ], [ 74.9108, 36.9485 ], [ 74.9154, 36.949 ], [ 74.919, 36.9494 ], [ 74.9187, 36.9536 ], [ 74.9176, 36.9567 ], [ 74.9176, 36.9612 ], [ 74.9209, 36.9605 ], [ 74.9245, 36.9598 ], [ 74.9277, 36.9596 ], [ 74.9302, 36.9599 ], [ 74.9313, 36.9615 ], [ 74.9279, 36.9643 ], [ 74.929, 36.9693 ], [ 74.9266, 36.9719 ], [ 74.9224, 36.9744 ], [ 74.922, 36.9804 ], [ 74.9216, 36.9829 ], [ 74.921, 36.9861 ], [ 74.9199, 36.9897 ], [ 74.9178, 36.9934 ], [ 74.9224, 36.9952 ], [ 74.9271, 36.9958 ], [ 74.9301, 36.9977 ], [ 74.9321, 36.9993 ], [ 74.9368, 36.9997 ], [ 74.9406, 37.0016 ], [ 74.9424, 37.0029 ], [ 74.9446, 37.0032 ], [ 74.9473, 37.004 ], [ 74.9502, 37.0036 ], [ 74.9548, 37.0033 ], [ 74.9593, 37.0038 ], [ 74.9639, 37.0059 ], [ 74.9677, 37.0091 ], [ 74.9696, 37.0111 ], [ 74.9725, 37.0126 ], [ 74.9744, 37.0122 ], [ 74.9768, 37.0101 ], [ 74.9782, 37.0065 ], [ 74.9827, 37.0055 ], [ 74.9866, 37.0061 ], [ 74.9915, 37.0084 ], [ 74.9948, 37.0099 ], [ 74.9964, 37.0141 ], [ 75.0004, 37.0192 ], [ 75.0047, 37.0215 ], [ 75.0103, 37.0226 ], [ 75.0174, 37.0239 ], [ 75.0247, 37.0234 ], [ 75.0304, 37.0226 ], [ 75.0341, 37.0252 ], [ 75.0384, 37.023 ], [ 75.0443, 37.0213 ], [ 75.049, 37.0226 ], [ 75.0532, 37.0229 ], [ 75.0577, 37.0214 ], [ 75.0633, 37.021 ], [ 75.0697, 37.0216 ], [ 75.073, 37.0246 ], [ 75.0775, 37.0212 ], [ 75.0822, 37.0214 ], [ 75.086, 37.0231 ], [ 75.0912, 37.0259 ], [ 75.0961, 37.0237 ], [ 75.1008, 37.0248 ], [ 75.1051, 37.025 ], [ 75.1103, 37.0248 ], [ 75.1154, 37.0246 ], [ 75.1194, 37.0248 ], [ 75.1228, 37.0256 ], [ 75.1279, 37.0246 ], [ 75.1312, 37.0236 ], [ 75.1357, 37.0229 ], [ 75.1407, 37.0244 ], [ 75.1435, 37.0225 ], [ 75.1465, 37.0204 ], [ 75.1501, 37.0168 ], [ 75.1529, 37.0143 ], [ 75.1517, 37.0149 ], [ 75.1538, 37.0103 ], [ 75.1554, 37.0078 ], [ 75.1571, 37.0052 ], [ 75.1616, 37.0025 ], [ 75.1669, 36.9992 ], [ 75.1708, 36.9976 ], [ 75.1767, 36.9951 ], [ 75.1794, 36.9922 ], [ 75.1823, 36.9891 ], [ 75.186, 36.9877 ], [ 75.1902, 36.9861 ], [ 75.1955, 36.9893 ], [ 75.2006, 36.9886 ], [ 75.2083, 36.9853 ], [ 75.2134, 36.9824 ], [ 75.2167, 36.9805 ], [ 75.2206, 36.9777 ], [ 75.2247, 36.9748 ], [ 75.23, 36.9716 ], [ 75.235, 36.9733 ], [ 75.2381, 36.9743 ], [ 75.2433, 36.9759 ], [ 75.2497, 36.9779 ], [ 75.2539, 36.9792 ], [ 75.2585, 36.9807 ], [ 75.262, 36.9835 ], [ 75.2637, 36.9858 ], [ 75.2695, 36.9849 ], [ 75.2772, 36.9878 ], [ 75.2851, 36.9887 ], [ 75.2904, 36.9881 ], [ 75.2942, 36.9847 ], [ 75.2975, 36.9828 ], [ 75.3015, 36.9805 ], [ 75.3071, 36.9835 ], [ 75.3109, 36.9835 ], [ 75.3129, 36.98 ], [ 75.3147, 36.9768 ], [ 75.3185, 36.9736 ], [ 75.3256, 36.972 ], [ 75.334, 36.972 ], [ 75.3429, 36.9726 ], [ 75.3493, 36.9728 ], [ 75.3539, 36.9712 ], [ 75.3573, 36.968 ], [ 75.3611, 36.9643 ], [ 75.3662, 36.9616 ], [ 75.3737, 36.9611 ], [ 75.3808, 36.9635 ], [ 75.3849, 36.9678 ], [ 75.3882, 36.9704 ], [ 75.3935, 36.9695 ], [ 75.3964, 36.9661 ], [ 75.3995, 36.9636 ], [ 75.4022, 36.9606 ], [ 75.4022, 36.9571 ], [ 75.401, 36.9539 ], [ 75.3967, 36.9512 ], [ 75.3918, 36.9498 ], [ 75.3856, 36.948 ], [ 75.382, 36.9455 ], [ 75.3803, 36.9424 ], [ 75.3819, 36.9371 ], [ 75.382, 36.9312 ], [ 75.3813, 36.9261 ], [ 75.3779, 36.9227 ], [ 75.3807, 36.9198 ], [ 75.3854, 36.9167 ], [ 75.3923, 36.9135 ], [ 75.3957, 36.9105 ], [ 75.3994, 36.9072 ], [ 75.4023, 36.9054 ], [ 75.4094, 36.9053 ], [ 75.4136, 36.9034 ], [ 75.4137, 36.9002 ], [ 75.4118, 36.8973 ], [ 75.412, 36.8932 ], [ 75.4133, 36.8877 ], [ 75.4148, 36.8825 ], [ 75.4153, 36.8765 ], [ 75.4162, 36.8713 ], [ 75.4181, 36.8655 ], [ 75.4189, 36.863 ], [ 75.4181, 36.8585 ], [ 75.4192, 36.8519 ], [ 75.4241, 36.8492 ], [ 75.4213, 36.8456 ], [ 75.4184, 36.8415 ], [ 75.4158, 36.8382 ], [ 75.4142, 36.8356 ], [ 75.4142, 36.8318 ], [ 75.4138, 36.8265 ], [ 75.4118, 36.8231 ], [ 75.4112, 36.8194 ], [ 75.4099, 36.8161 ], [ 75.4137, 36.8134 ], [ 75.4175, 36.8105 ], [ 75.415, 36.8058 ], [ 75.4137, 36.802 ], [ 75.41, 36.7959 ], [ 75.4103, 36.7882 ], [ 75.4136, 36.7838 ], [ 75.4195, 36.7817 ], [ 75.4224, 36.7749 ], [ 75.4253, 36.7703 ], [ 75.4252, 36.7657 ], [ 75.4294, 36.7641 ], [ 75.4338, 36.7633 ], [ 75.4354, 36.7589 ], [ 75.4374, 36.7544 ], [ 75.4406, 36.7491 ], [ 75.4416, 36.7452 ], [ 75.4457, 36.737 ], [ 75.451, 36.7322 ], [ 75.4561, 36.732 ], [ 75.4596, 36.737 ], [ 75.4626, 36.7402 ], [ 75.4686, 36.7406 ], [ 75.4752, 36.7451 ], [ 75.4798, 36.7503 ], [ 75.4881, 36.7541 ], [ 75.4908, 36.7508 ], [ 75.4926, 36.7465 ], [ 75.4992, 36.7433 ], [ 75.5037, 36.7406 ], [ 75.5094, 36.7397 ], [ 75.5167, 36.7374 ], [ 75.5224, 36.7399 ], [ 75.5246, 36.7426 ], [ 75.5254, 36.748 ], [ 75.5258, 36.7566 ], [ 75.5235, 36.7616 ], [ 75.5222, 36.7658 ], [ 75.5186, 36.7706 ], [ 75.5208, 36.7744 ], [ 75.5231, 36.7785 ], [ 75.5232, 36.7833 ], [ 75.5225, 36.7866 ], [ 75.5298, 36.7854 ], [ 75.5366, 36.7861 ], [ 75.5457, 36.7859 ], [ 75.5561, 36.7883 ], [ 75.5578, 36.7842 ], [ 75.563, 36.782 ], [ 75.5701, 36.7821 ], [ 75.5755, 36.7828 ], [ 75.5823, 36.7834 ], [ 75.5901, 36.7838 ], [ 75.599, 36.7836 ], [ 75.6063, 36.7832 ], [ 75.6153, 36.7833 ], [ 75.6216, 36.7834 ], [ 75.6292, 36.7835 ], [ 75.6363, 36.7822 ], [ 75.6447, 36.7814 ], [ 75.6532, 36.7794 ], [ 75.6648, 36.7773 ], [ 75.6723, 36.7748 ], [ 75.6772, 36.7737 ], [ 75.6827, 36.7706 ], [ 75.6853, 36.7668 ], [ 75.6892, 36.7611 ], [ 75.6937, 36.7582 ], [ 75.6988, 36.7587 ], [ 75.7041, 36.7605 ], [ 75.7075, 36.7617 ], [ 75.7127, 36.763 ], [ 75.717, 36.7624 ], [ 75.7251, 36.7587 ], [ 75.7324, 36.7539 ], [ 75.7366, 36.7512 ], [ 75.7407, 36.7488 ], [ 75.7462, 36.7455 ], [ 75.7515, 36.7423 ], [ 75.7561, 36.7395 ], [ 75.7625, 36.7365 ], [ 75.7655, 36.7352 ], [ 75.7738, 36.7303 ], [ 75.7818, 36.7288 ], [ 75.7867, 36.7271 ], [ 75.79, 36.7229 ], [ 75.793, 36.7178 ], [ 75.7954, 36.7137 ], [ 75.8022, 36.7108 ], [ 75.8073, 36.7073 ], [ 75.8136, 36.7039 ], [ 75.8162, 36.7003 ], [ 75.819, 36.6963 ], [ 75.8234, 36.694 ], [ 75.8277, 36.6917 ], [ 75.8358, 36.6888 ], [ 75.8413, 36.6881 ], [ 75.8468, 36.6873 ], [ 75.8513, 36.6846 ], [ 75.8552, 36.68 ], [ 75.8587, 36.6739 ], [ 75.8662, 36.6677 ], [ 75.8687, 36.6639 ], [ 75.8719, 36.6591 ], [ 75.876, 36.6537 ], [ 75.8806, 36.6519 ], [ 75.8863, 36.6498 ], [ 75.8926, 36.6472 ], [ 75.8994, 36.6436 ], [ 75.9032, 36.6377 ], [ 75.9064, 36.6349 ], [ 75.9101, 36.6316 ], [ 75.9129, 36.6282 ], [ 75.9155, 36.625 ], [ 75.9185, 36.6195 ], [ 75.9228, 36.6156 ], [ 75.9275, 36.6125 ], [ 75.9265, 36.6069 ], [ 75.9264, 36.6017 ], [ 75.9236, 36.5976 ], [ 75.9218, 36.5949 ], [ 75.9192, 36.5921 ], [ 75.9166, 36.5892 ], [ 75.9133, 36.5867 ], [ 75.9098, 36.5839 ], [ 75.9083, 36.5788 ], [ 75.9118, 36.5762 ], [ 75.9161, 36.573 ], [ 75.9186, 36.5711 ], [ 75.9229, 36.5673 ], [ 75.9259, 36.565 ], [ 75.9298, 36.562 ], [ 75.9335, 36.5577 ], [ 75.935, 36.5532 ], [ 75.9364, 36.5491 ], [ 75.9401, 36.5463 ], [ 75.9424, 36.5447 ], [ 75.9484, 36.5405 ], [ 75.9515, 36.535 ], [ 75.9524, 36.5317 ], [ 75.9533, 36.528 ], [ 75.9577, 36.5252 ], [ 75.9636, 36.5233 ], [ 75.971, 36.5219 ], [ 75.9754, 36.5183 ], [ 75.9785, 36.5141 ], [ 75.9784, 36.5091 ], [ 75.9795, 36.5034 ], [ 75.9833, 36.4993 ], [ 75.9901, 36.4962 ], [ 75.9943, 36.4938 ], [ 75.9955, 36.4875 ], [ 75.9988, 36.4833 ], [ 76.0021, 36.478 ], [ 76.0004, 36.4737 ], [ 75.9989, 36.4694 ], [ 76.0037, 36.4659 ], [ 76.0079, 36.4629 ], [ 76.0107, 36.4585 ], [ 76.0128, 36.4515 ], [ 76.0145, 36.4477 ], [ 76.018, 36.4445 ], [ 76.0201, 36.4417 ], [ 76.021, 36.4368 ], [ 76.0203, 36.4311 ], [ 76.0222, 36.4265 ], [ 76.0229, 36.421 ], [ 76.0226, 36.4148 ], [ 76.0195, 36.4108 ], [ 76.0148, 36.4078 ], [ 76.0089, 36.4065 ], [ 76.0033, 36.4036 ], [ 75.9969, 36.4018 ], [ 75.9922, 36.3987 ], [ 75.9905, 36.3951 ], [ 75.9898, 36.3885 ], [ 75.9891, 36.3834 ], [ 75.9879, 36.3787 ], [ 75.9874, 36.3758 ], [ 75.9846, 36.3713 ], [ 75.9788, 36.3687 ], [ 75.9755, 36.365 ], [ 75.9743, 36.3595 ], [ 75.9773, 36.3542 ], [ 75.9801, 36.3508 ], [ 75.9831, 36.3465 ], [ 75.9833, 36.3417 ], [ 75.9829, 36.3378 ], [ 75.9836, 36.331 ], [ 75.9835, 36.3259 ], [ 75.9868, 36.3194 ], [ 75.9903, 36.3152 ], [ 75.9957, 36.3101 ], [ 76.0009, 36.3054 ], [ 76.0051, 36.301 ], [ 76.0065, 36.2971 ], [ 76.0061, 36.2897 ], [ 76.0046, 36.284 ], [ 76.0062, 36.2787 ], [ 76.0083, 36.2745 ], [ 76.0137, 36.2711 ], [ 76.0139, 36.2668 ], [ 76.013, 36.2615 ], [ 76.0141, 36.2563 ], [ 76.016, 36.2512 ], [ 76.0195, 36.245 ], [ 76.0231, 36.2404 ], [ 76.0252, 36.2351 ], [ 76.0259, 36.2298 ], [ 76.024, 36.2251 ], [ 76.0206, 36.2215 ], [ 76.0183, 36.2194 ], [ 76.0169, 36.2149 ], [ 76.0159, 36.2115 ], [ 76.015, 36.2079 ], [ 76.0149, 36.2033 ], [ 76.0145, 36.1984 ], [ 76.014, 36.1941 ], [ 76.0121, 36.1901 ], [ 76.0102, 36.188 ], [ 76.0069, 36.1857 ], [ 75.9996, 36.1825 ], [ 75.9889, 36.1795 ], [ 75.983, 36.1761 ], [ 75.9757, 36.1759 ], [ 75.9686, 36.177 ], [ 75.9639, 36.1753 ], [ 75.9592, 36.1737 ], [ 75.9559, 36.1716 ], [ 75.9565, 36.168 ], [ 75.959, 36.1646 ], [ 75.9604, 36.1612 ], [ 75.9566, 36.1587 ], [ 75.9505, 36.1572 ], [ 75.945, 36.1527 ], [ 75.9379, 36.1504 ], [ 75.9321, 36.1487 ], [ 75.925, 36.1466 ], [ 75.9236, 36.1411 ], [ 75.9257, 36.1383 ], [ 75.9292, 36.1362 ], [ 75.9344, 36.1343 ], [ 75.9378, 36.1312 ], [ 75.9426, 36.1289 ], [ 75.9442, 36.1262 ], [ 75.9426, 36.1235 ], [ 75.9376, 36.1218 ], [ 75.9322, 36.1205 ], [ 75.9303, 36.1173 ], [ 75.9308, 36.1141 ], [ 75.9331, 36.1103 ], [ 75.9359, 36.1066 ], [ 75.9399, 36.1028 ], [ 75.9418, 36.0994 ], [ 75.9425, 36.0968 ], [ 75.9422, 36.0935 ], [ 75.9406, 36.0915 ], [ 75.9385, 36.0898 ], [ 75.9364, 36.0877 ], [ 75.9401, 36.0773 ], [ 75.9439, 36.073 ], [ 75.9467, 36.0698 ], [ 75.9503, 36.0658 ], [ 75.9541, 36.0593 ], [ 75.9561, 36.0556 ], [ 75.9572, 36.0536 ], [ 75.9638, 36.0508 ], [ 75.9683, 36.0487 ], [ 75.9716, 36.0463 ], [ 75.9756, 36.044 ], [ 75.9798, 36.0406 ], [ 75.9824, 36.0366 ], [ 75.9857, 36.0324 ], [ 75.9892, 36.0292 ], [ 75.9937, 36.026 ], [ 75.9993, 36.0243 ], [ 76.0059, 36.0231 ], [ 76.0135, 36.022 ], [ 76.0189, 36.022 ], [ 76.0281, 36.0231 ], [ 76.0337, 36.024 ], [ 76.0406, 36.024 ], [ 76.0474, 36.024 ], [ 76.0533, 36.0257 ], [ 76.0599, 36.0259 ], [ 76.0646, 36.0272 ], [ 76.0742, 36.0298 ], [ 76.0821, 36.029 ], [ 76.0885, 36.0268 ], [ 76.0939, 36.025 ], [ 76.0966, 36.021 ], [ 76.099, 36.0174 ], [ 76.0994, 36.0169 ], [ 76.1035, 36.0137 ], [ 76.1068, 36.0111 ], [ 76.1105, 36.0083 ], [ 76.1117, 36.0045 ], [ 76.1124, 35.9999 ], [ 76.1154, 35.9963 ], [ 76.1157, 35.9927 ], [ 76.1155, 35.9891 ], [ 76.118, 35.9872 ], [ 76.1195, 35.9863 ], [ 76.1208, 35.9833 ], [ 76.1234, 35.9825 ], [ 76.1255, 35.9814 ], [ 76.1281, 35.9802 ], [ 76.1317, 35.9781 ], [ 76.1352, 35.9751 ], [ 76.1396, 35.9735 ], [ 76.1432, 35.9715 ], [ 76.1467, 35.9689 ], [ 76.1479, 35.9643 ], [ 76.1488, 35.9602 ], [ 76.1502, 35.9579 ], [ 76.1525, 35.9535 ], [ 76.1544, 35.9507 ], [ 76.1565, 35.9469 ], [ 76.1586, 35.9429 ], [ 76.1617, 35.9403 ], [ 76.1643, 35.9382 ], [ 76.168, 35.934 ], [ 76.1699, 35.93 ], [ 76.1704, 35.9251 ], [ 76.1719, 35.922 ], [ 76.1678, 35.9173 ], [ 76.1647, 35.9139 ], [ 76.1618, 35.9105 ], [ 76.16, 35.9075 ], [ 76.1592, 35.9039 ], [ 76.1599, 35.9007 ], [ 76.1618, 35.8982 ], [ 76.1632, 35.895 ], [ 76.1616, 35.8914 ], [ 76.1604, 35.8888 ], [ 76.1601, 35.8861 ], [ 76.1613, 35.8831 ], [ 76.1632, 35.8791 ], [ 76.1648, 35.8767 ], [ 76.1613, 35.874 ], [ 76.158, 35.8704 ], [ 76.1558, 35.8676 ], [ 76.1537, 35.8638 ], [ 76.1525, 35.86 ], [ 76.1542, 35.8572 ], [ 76.1544, 35.8536 ], [ 76.1553, 35.8498 ], [ 76.1584, 35.8471 ], [ 76.1626, 35.8443 ], [ 76.1668, 35.8418 ], [ 76.1714, 35.8385 ], [ 76.1776, 35.8339 ], [ 76.1812, 35.8325 ], [ 76.1864, 35.8337 ], [ 76.1911, 35.8355 ], [ 76.1942, 35.8363 ], [ 76.1972, 35.8357 ], [ 76.1998, 35.8342 ], [ 76.2033, 35.8346 ], [ 76.2072, 35.8349 ], [ 76.2102, 35.8359 ], [ 76.2162, 35.8365 ], [ 76.2234, 35.8387 ], [ 76.2267, 35.8392 ], [ 76.2306, 35.8397 ], [ 76.2333, 35.843 ], [ 76.2352, 35.8464 ], [ 76.2347, 35.8497 ], [ 76.2347, 35.8527 ], [ 76.2347, 35.8546 ], [ 76.2382, 35.8541 ], [ 76.2427, 35.8535 ], [ 76.249, 35.8528 ], [ 76.2548, 35.8539 ], [ 76.2596, 35.852 ], [ 76.2641, 35.8524 ], [ 76.2718, 35.8502 ], [ 76.2754, 35.8497 ], [ 76.2774, 35.8511 ], [ 76.2797, 35.8527 ], [ 76.286, 35.8536 ], [ 76.289, 35.8549 ], [ 76.2944, 35.8531 ], [ 76.3011, 35.8535 ], [ 76.3042, 35.8551 ], [ 76.3081, 35.8563 ], [ 76.3115, 35.8556 ], [ 76.3149, 35.8536 ], [ 76.3159, 35.8518 ], [ 76.3172, 35.8493 ], [ 76.319, 35.8449 ], [ 76.3247, 35.8451 ], [ 76.3275, 35.8472 ], [ 76.3302, 35.8488 ], [ 76.3328, 35.8503 ], [ 76.3388, 35.849 ], [ 76.3416, 35.8487 ], [ 76.3446, 35.847 ], [ 76.3486, 35.8454 ], [ 76.3531, 35.8433 ], [ 76.3558, 35.8436 ], [ 76.359, 35.8426 ], [ 76.3612, 35.8435 ], [ 76.3636, 35.8435 ], [ 76.3682, 35.8421 ], [ 76.3708, 35.8407 ], [ 76.3741, 35.8389 ], [ 76.3727, 35.8419 ], [ 76.3691, 35.8451 ], [ 76.3672, 35.849 ], [ 76.3684, 35.8531 ], [ 76.3688, 35.8571 ], [ 76.3672, 35.863 ], [ 76.3632, 35.868 ], [ 76.3696, 35.8703 ], [ 76.3742, 35.8718 ], [ 76.375, 35.8753 ], [ 76.3774, 35.8769 ], [ 76.3823, 35.8762 ], [ 76.3859, 35.8737 ], [ 76.388, 35.8717 ], [ 76.3921, 35.8729 ], [ 76.3965, 35.8736 ], [ 76.4008, 35.8728 ], [ 76.4041, 35.8719 ], [ 76.4088, 35.8682 ], [ 76.4125, 35.8667 ], [ 76.4182, 35.8664 ], [ 76.424, 35.8671 ], [ 76.4267, 35.8675 ], [ 76.4317, 35.8684 ], [ 76.4381, 35.8686 ], [ 76.4405, 35.8664 ], [ 76.4435, 35.8704 ], [ 76.4454, 35.8729 ], [ 76.4511, 35.8758 ], [ 76.4571, 35.8783 ], [ 76.4579, 35.8845 ], [ 76.4607, 35.8897 ], [ 76.4659, 35.8964 ], [ 76.4754, 35.9023 ], [ 76.4851, 35.9064 ], [ 76.4886, 35.9039 ], [ 76.4941, 35.9032 ], [ 76.4989, 35.9048 ], [ 76.5071, 35.9026 ], [ 76.5151, 35.9017 ], [ 76.5221, 35.9008 ], [ 76.529, 35.8977 ], [ 76.5339, 35.897 ], [ 76.5375, 35.8989 ], [ 76.5382, 35.9022 ], [ 76.5392, 35.9065 ], [ 76.5431, 35.909 ], [ 76.5469, 35.9114 ], [ 76.5526, 35.9158 ], [ 76.5605, 35.9182 ], [ 76.5573, 35.9225 ], [ 76.558, 35.9261 ], [ 76.5587, 35.9296 ], [ 76.5585, 35.935 ], [ 76.559, 35.9404 ], [ 76.5663, 35.9421 ], [ 76.5708, 35.9422 ], [ 76.5736, 35.9388 ], [ 76.5789, 35.9377 ], [ 76.5826, 35.9397 ], [ 76.5901, 35.9384 ], [ 76.5932, 35.9379 ], [ 76.5969, 35.9347 ], [ 76.5963, 35.9311 ], [ 76.5958, 35.9283 ], [ 76.6018, 35.9253 ], [ 76.6051, 35.9226 ], [ 76.6088, 35.9206 ], [ 76.613, 35.9175 ], [ 76.6112, 35.9125 ], [ 76.6102, 35.909 ], [ 76.606, 35.9047 ], [ 76.6016, 35.8998 ], [ 76.5972, 35.8935 ], [ 76.5928, 35.8906 ], [ 76.5886, 35.8879 ], [ 76.5882, 35.8853 ], [ 76.5877, 35.8825 ], [ 76.5922, 35.8806 ], [ 76.5958, 35.8791 ], [ 76.5996, 35.8766 ], [ 76.6003, 35.873 ], [ 76.6001, 35.8704 ], [ 76.5999, 35.8669 ], [ 76.6013, 35.8637 ], [ 76.6032, 35.8594 ], [ 76.6026, 35.8553 ], [ 76.5992, 35.8537 ], [ 76.5957, 35.8519 ], [ 76.5914, 35.8496 ], [ 76.5877, 35.8476 ], [ 76.5841, 35.8431 ], [ 76.5802, 35.8397 ], [ 76.5765, 35.8377 ], [ 76.5789, 35.8359 ], [ 76.5808, 35.8345 ], [ 76.5828, 35.8316 ], [ 76.5825, 35.8287 ], [ 76.5828, 35.8262 ], [ 76.5844, 35.8241 ], [ 76.5873, 35.8203 ], [ 76.5912, 35.8181 ], [ 76.5946, 35.8145 ], [ 76.5949, 35.8117 ], [ 76.5982, 35.8092 ], [ 76.6, 35.8078 ], [ 76.6017, 35.8055 ], [ 76.6053, 35.8012 ], [ 76.6064, 35.7974 ], [ 76.6031, 35.7954 ], [ 76.602, 35.7925 ], [ 76.605, 35.7908 ], [ 76.6085, 35.7892 ], [ 76.6114, 35.7874 ], [ 76.6158, 35.7869 ], [ 76.6206, 35.7863 ], [ 76.6244, 35.7844 ], [ 76.6278, 35.7823 ], [ 76.6324, 35.7795 ], [ 76.6359, 35.7796 ], [ 76.6391, 35.7806 ], [ 76.6429, 35.7809 ], [ 76.6458, 35.7828 ], [ 76.649, 35.7848 ], [ 76.6518, 35.7856 ], [ 76.6552, 35.7855 ], [ 76.6589, 35.7845 ], [ 76.6619, 35.7833 ], [ 76.6646, 35.7817 ], [ 76.6672, 35.7791 ], [ 76.6662, 35.7764 ], [ 76.6678, 35.7747 ], [ 76.6693, 35.773 ], [ 76.6736, 35.7711 ], [ 76.6786, 35.7707 ], [ 76.6838, 35.7694 ], [ 76.688, 35.769 ], [ 76.6929, 35.7703 ], [ 76.6955, 35.7704 ], [ 76.6985, 35.7685 ], [ 76.7029, 35.7662 ], [ 76.7069, 35.7645 ], [ 76.7106, 35.762 ], [ 76.7137, 35.759 ], [ 76.7145, 35.7562 ], [ 76.7152, 35.7534 ], [ 76.7131, 35.7511 ], [ 76.7107, 35.7496 ], [ 76.7113, 35.7456 ], [ 76.7118, 35.7427 ], [ 76.713, 35.7406 ], [ 76.718, 35.7412 ], [ 76.7207, 35.7393 ], [ 76.7232, 35.7372 ], [ 76.7258, 35.7356 ], [ 76.729, 35.7339 ], [ 76.7318, 35.7322 ], [ 76.7337, 35.7303 ], [ 76.7367, 35.7285 ], [ 76.739, 35.7261 ], [ 76.7417, 35.7244 ], [ 76.7431, 35.7227 ], [ 76.7451, 35.7213 ], [ 76.7459, 35.7177 ], [ 76.7486, 35.7145 ], [ 76.7506, 35.7129 ], [ 76.7526, 35.7112 ], [ 76.7561, 35.7102 ], [ 76.7594, 35.7084 ], [ 76.7609, 35.707 ], [ 76.7621, 35.7044 ], [ 76.7612, 35.7019 ], [ 76.7624, 35.7003 ], [ 76.7639, 35.6963 ], [ 76.7703, 35.6953 ], [ 76.7747, 35.6953 ], [ 76.7757, 35.6913 ], [ 76.7737, 35.6874 ], [ 76.7739, 35.6828 ], [ 76.7751, 35.6806 ], [ 76.7772, 35.6779 ], [ 76.7798, 35.6754 ], [ 76.7833, 35.6741 ], [ 76.7871, 35.6735 ], [ 76.7908, 35.6732 ], [ 76.7937, 35.6726 ], [ 76.7972, 35.672 ], [ 76.7987, 35.6733 ], [ 76.8003, 35.6743 ], [ 76.8023, 35.6742 ], [ 76.8042, 35.6745 ], [ 76.8067, 35.6737 ], [ 76.8085, 35.6742 ], [ 76.8102, 35.6755 ], [ 76.8122, 35.6764 ], [ 76.8142, 35.6767 ], [ 76.8161, 35.6766 ], [ 76.8181, 35.6763 ], [ 76.8206, 35.6761 ], [ 76.8226, 35.6765 ], [ 76.8243, 35.6765 ], [ 76.8258, 35.678 ], [ 76.8273, 35.6792 ], [ 76.8288, 35.6805 ], [ 76.8301, 35.6814 ], [ 76.8317, 35.6825 ], [ 76.8331, 35.6823 ], [ 76.8348, 35.6817 ], [ 76.8368, 35.6808 ], [ 76.8389, 35.6801 ], [ 76.8404, 35.6794 ], [ 76.8422, 35.6794 ], [ 76.8441, 35.6792 ], [ 76.8457, 35.6795 ], [ 76.8475, 35.6805 ], [ 76.851, 35.6821 ], [ 76.8546, 35.6816 ], [ 76.8577, 35.6823 ], [ 76.861, 35.6845 ], [ 76.8652, 35.6862 ], [ 76.868, 35.6862 ], [ 76.8694, 35.6844 ], [ 76.8708, 35.6831 ], [ 76.8726, 35.682 ], [ 76.8737, 35.6801 ], [ 76.8743, 35.6792 ], [ 76.8747, 35.6784 ], [ 76.8755, 35.6763 ], [ 76.8756, 35.6751 ], [ 76.8755, 35.6731 ], [ 76.8773, 35.6697 ], [ 76.8778, 35.6661 ], [ 76.8811, 35.6627 ], [ 76.8846, 35.6615 ], [ 76.8877, 35.6598 ], [ 76.891, 35.6579 ], [ 76.8919, 35.6558 ], [ 76.8947, 35.6547 ], [ 76.8983, 35.653 ], [ 76.903, 35.6503 ], [ 76.9046, 35.6475 ], [ 76.9062, 35.6426 ], [ 76.9109, 35.6405 ], [ 76.9133, 35.6386 ], [ 76.9161, 35.6359 ], [ 76.9173, 35.6333 ], [ 76.9187, 35.6312 ], [ 76.922, 35.6299 ], [ 76.9241, 35.6286 ], [ 76.9272, 35.6272 ], [ 76.9302, 35.6253 ], [ 76.9349, 35.6238 ], [ 76.9401, 35.6227 ], [ 76.9439, 35.6227 ], [ 76.9479, 35.6227 ], [ 76.9521, 35.6211 ], [ 76.9542, 35.6191 ], [ 76.9578, 35.6174 ], [ 76.9615, 35.6158 ], [ 76.9651, 35.6138 ], [ 76.9691, 35.6126 ], [ 76.9714, 35.6107 ], [ 76.9742, 35.6092 ], [ 76.9792, 35.6079 ], [ 76.9827, 35.6079 ], [ 76.9863, 35.6092 ], [ 76.9893, 35.6109 ], [ 76.9929, 35.6132 ], [ 76.9973, 35.6115 ], [ 77.0013, 35.6103 ], [ 77.0049, 35.612 ], [ 77.0084, 35.6158 ], [ 77.0125, 35.6209 ], [ 77.0179, 35.6228 ], [ 77.0209, 35.6234 ], [ 77.0247, 35.6228 ], [ 77.028, 35.622 ], [ 77.0299, 35.6201 ], [ 77.0296, 35.6173 ], [ 77.0303, 35.6135 ], [ 77.0327, 35.6103 ], [ 77.0369, 35.6059 ], [ 77.0386, 35.601 ], [ 77.04, 35.5957 ], [ 77.042, 35.5919 ], [ 77.0447, 35.587 ], [ 77.048, 35.5809 ], [ 77.0481, 35.5762 ], [ 77.0481, 35.5699 ], [ 77.0481, 35.5637 ], [ 77.049, 35.5605 ], [ 77.053, 35.555 ], [ 77.0523, 35.5499 ], [ 77.0547, 35.5474 ], [ 77.0556, 35.5438 ], [ 77.0563, 35.5378 ], [ 77.0629, 35.5364 ], [ 77.0652, 35.5338 ], [ 77.0692, 35.5287 ], [ 77.0701, 35.523 ], [ 77.0786, 35.5165 ], [ 77.0845, 35.5131 ], [ 77.0899, 35.5109 ], [ 77.0947, 35.509 ], [ 77.0988, 35.5073 ], [ 77.1055, 35.5047 ], [ 77.109, 35.5023 ], [ 77.1123, 35.4985 ], [ 77.1127, 35.4947 ], [ 77.1162, 35.4926 ], [ 77.124, 35.4918 ], [ 77.1351, 35.4923 ], [ 77.1478, 35.4929 ], [ 77.1577, 35.4934 ], [ 77.1649, 35.4938 ], [ 77.1742, 35.4934 ], [ 77.1801, 35.4909 ], [ 77.1874, 35.486 ], [ 77.1949, 35.485 ], [ 77.2065, 35.4876 ], [ 77.2192, 35.486 ], [ 77.2316, 35.4816 ], [ 77.236, 35.4782 ], [ 77.2373, 35.4704 ], [ 77.2418, 35.4651 ], [ 77.2467, 35.4613 ], [ 77.2512, 35.4577 ], [ 77.2571, 35.4528 ], [ 77.2609, 35.4519 ], [ 77.2664, 35.4506 ], [ 77.2707, 35.4465 ], [ 77.2745, 35.4429 ], [ 77.2813, 35.4361 ], [ 77.2869, 35.4342 ], [ 77.2947, 35.4359 ], [ 77.3013, 35.4382 ], [ 77.3121, 35.4399 ], [ 77.3219, 35.4375 ], [ 77.3297, 35.4356 ], [ 77.3367, 35.4357 ], [ 77.3411, 35.4347 ], [ 77.3489, 35.4359 ], [ 77.3541, 35.4345 ], [ 77.3602, 35.433 ], [ 77.3682, 35.4326 ], [ 77.3736, 35.4324 ], [ 77.3819, 35.433 ], [ 77.3894, 35.4345 ], [ 77.3993, 35.4354 ], [ 77.4128, 35.4398 ], [ 77.4213, 35.4409 ], [ 77.4295, 35.4435 ], [ 77.4365, 35.4467 ], [ 77.4443, 35.4491 ], [ 77.4547, 35.4522 ], [ 77.466, 35.4502 ], [ 77.4759, 35.4462 ], [ 77.4804, 35.4444 ], [ 77.4892, 35.4435 ], [ 77.4993, 35.4416 ], [ 77.504, 35.4387 ], [ 77.5059, 35.4357 ], [ 77.5061, 35.4353 ], [ 77.5165, 35.4355 ], [ 77.5226, 35.4355 ], [ 77.5297, 35.4355 ], [ 77.5325, 35.4361 ], [ 77.5379, 35.4372 ], [ 77.5469, 35.4376 ], [ 77.5577, 35.4381 ], [ 77.5661, 35.4384 ], [ 77.5701, 35.44 ], [ 77.5752, 35.4421 ], [ 77.583, 35.4452 ], [ 77.5891, 35.4462 ], [ 77.5942, 35.4497 ], [ 77.6002, 35.4521 ], [ 77.6098, 35.4547 ], [ 77.6127, 35.4579 ], [ 77.6181, 35.4627 ], [ 77.626, 35.4641 ], [ 77.6346, 35.4657 ], [ 77.6402, 35.4679 ], [ 77.6495, 35.4699 ], [ 77.6522, 35.4705 ], [ 77.6627, 35.471 ], [ 77.6704, 35.4714 ], [ 77.6809, 35.4684 ], [ 77.6857, 35.466 ], [ 77.6903, 35.4636 ], [ 77.6931, 35.4605 ], [ 77.6923, 35.4565 ], [ 77.6893, 35.4524 ], [ 77.687, 35.4487 ], [ 77.6859, 35.4469 ], [ 77.6853, 35.4435 ], [ 77.6845, 35.4395 ], [ 77.685, 35.4371 ], [ 77.6835, 35.4331 ], [ 77.6812, 35.431 ], [ 77.6783, 35.4299 ], [ 77.6736, 35.4282 ], [ 77.6673, 35.4251 ], [ 77.6619, 35.4228 ], [ 77.6563, 35.4203 ], [ 77.6516, 35.4181 ], [ 77.6492, 35.4135 ], [ 77.648, 35.411 ], [ 77.6414, 35.4061 ], [ 77.6378, 35.4035 ], [ 77.6328, 35.3999 ], [ 77.6263, 35.3951 ], [ 77.623, 35.3927 ], [ 77.6194, 35.39 ], [ 77.6168, 35.386 ], [ 77.6146, 35.3826 ], [ 77.6121, 35.3786 ], [ 77.6126, 35.3739 ], [ 77.6129, 35.3711 ], [ 77.6138, 35.3629 ], [ 77.6113, 35.3594 ], [ 77.6074, 35.3516 ], [ 77.6008, 35.3471 ], [ 77.5918, 35.3399 ], [ 77.5791, 35.334 ], [ 77.571, 35.326 ], [ 77.5574, 35.321 ], [ 77.5415, 35.3132 ], [ 77.5295, 35.3073 ], [ 77.518, 35.2998 ], [ 77.5109, 35.2951 ], [ 77.5039, 35.2893 ], [ 77.4931, 35.2848 ], [ 77.4838, 35.2765 ], [ 77.4705, 35.2718 ], [ 77.4611, 35.2664 ], [ 77.4488, 35.2632 ], [ 77.4352, 35.2548 ], [ 77.4266, 35.2465 ], [ 77.4206, 35.2407 ], [ 77.4139, 35.2335 ], [ 77.4067, 35.228 ], [ 77.4004, 35.2234 ], [ 77.3899, 35.2155 ], [ 77.3811, 35.2089 ], [ 77.371, 35.2013 ], [ 77.3617, 35.1956 ], [ 77.3503, 35.1886 ], [ 77.3379, 35.1812 ], [ 77.3278, 35.1751 ], [ 77.3199, 35.1703 ], [ 77.3128, 35.1661 ], [ 77.2977, 35.16 ], [ 77.2848, 35.1515 ], [ 77.2703, 35.1447 ], [ 77.2571, 35.1386 ], [ 77.2494, 35.1336 ], [ 77.2383, 35.1242 ], [ 77.2291, 35.1153 ], [ 77.2222, 35.1118 ], [ 77.2091, 35.1052 ], [ 77.2035, 35.0987 ], [ 77.1963, 35.0903 ], [ 77.1838, 35.0812 ], [ 77.1699, 35.0711 ], [ 77.156, 35.068 ], [ 77.1341, 35.0658 ], [ 77.1168, 35.0624 ], [ 77.0974, 35.0577 ], [ 77.0811, 35.055 ], [ 77.0624, 35.0511 ], [ 77.0512, 35.0433 ], [ 77.0401, 35.0391 ], [ 77.0308, 35.0372 ], [ 77.0228, 35.0358 ], [ 77.0176, 35.033 ], [ 77.012, 35.0305 ], [ 77.0054, 35.0283 ], [ 77.0002, 35.025 ], [ 76.9929, 35.0216 ], [ 76.9811, 35.0188 ], [ 76.9711, 35.0141 ], [ 76.9628, 35.0108 ], [ 76.9579, 35.008 ], [ 76.9551, 34.9994 ], [ 76.9488, 34.9944 ], [ 76.9422, 34.9902 ], [ 76.9356, 34.9877 ], [ 76.927, 34.9833 ], [ 76.9179, 34.9791 ], [ 76.9107, 34.976 ], [ 76.9009, 34.9727 ], [ 76.893, 34.971 ], [ 76.8846, 34.9696 ], [ 76.8774, 34.9671 ], [ 76.8708, 34.9644 ], [ 76.8645, 34.9619 ], [ 76.8579, 34.9583 ], [ 76.8527, 34.9552 ], [ 76.8479, 34.9521 ], [ 76.8426, 34.9496 ], [ 76.8357, 34.9455 ], [ 76.8301, 34.9427 ], [ 76.8263, 34.9393 ], [ 76.8201, 34.9357 ], [ 76.8128, 34.9316 ], [ 76.8072, 34.9274 ], [ 76.8017, 34.9243 ], [ 76.7954, 34.9221 ], [ 76.7895, 34.9188 ], [ 76.7819, 34.9154 ], [ 76.776, 34.9104 ], [ 76.7687, 34.9046 ], [ 76.76, 34.8999 ], [ 76.752, 34.8951 ], [ 76.7444, 34.8901 ], [ 76.7388, 34.8862 ], [ 76.7336, 34.8823 ], [ 76.7294, 34.8782 ], [ 76.7242, 34.8729 ], [ 76.7183, 34.8676 ], [ 76.7128, 34.862 ], [ 76.7058, 34.8565 ], [ 76.6992, 34.8509 ], [ 76.6912, 34.8465 ], [ 76.6836, 34.8406 ], [ 76.6745, 34.8362 ], [ 76.6662, 34.8309 ], [ 76.6575, 34.8278 ], [ 76.6513, 34.8262 ], [ 76.6444, 34.8237 ], [ 76.6371, 34.822 ], [ 76.6291, 34.8195 ], [ 76.6218, 34.8181 ], [ 76.6145, 34.8167 ], [ 76.6076, 34.8142 ], [ 76.5989, 34.812 ], [ 76.5909, 34.8098 ], [ 76.5809, 34.807 ], [ 76.5743, 34.8056 ], [ 76.5667, 34.8048 ], [ 76.559, 34.8045 ], [ 76.5497, 34.8045 ], [ 76.5393, 34.8065 ], [ 76.5313, 34.8082 ], [ 76.5216, 34.8104 ], [ 76.5126, 34.8104 ], [ 76.5046, 34.811 ], [ 76.4991, 34.8104 ], [ 76.4939, 34.8096 ], [ 76.4883, 34.8088 ], [ 76.4842, 34.8057 ], [ 76.4797, 34.8032 ], [ 76.4755, 34.8002 ], [ 76.4734, 34.7968 ], [ 76.4699, 34.7932 ], [ 76.4661, 34.7904 ], [ 76.4623, 34.7885 ], [ 76.4574, 34.7849 ], [ 76.4543, 34.7821 ], [ 76.4539, 34.7782 ], [ 76.4553, 34.7743 ], [ 76.4529, 34.7709 ], [ 76.4494, 34.7684 ], [ 76.4459, 34.764 ], [ 76.4424, 34.7601 ], [ 76.4376, 34.7559 ], [ 76.4341, 34.7523 ], [ 76.4289, 34.7484 ], [ 76.4237, 34.7442 ], [ 76.4192, 34.7403 ], [ 76.4157, 34.7348 ], [ 76.4105, 34.7284 ], [ 76.4052, 34.7234 ], [ 76.4004, 34.7181 ], [ 76.3959, 34.7131 ], [ 76.3917, 34.7095 ], [ 76.3865, 34.7056 ], [ 76.3816, 34.7 ], [ 76.3774, 34.6958 ], [ 76.3726, 34.69 ], [ 76.3691, 34.6858 ], [ 76.3649, 34.6819 ], [ 76.3614, 34.6791 ], [ 76.3576, 34.6761 ], [ 76.3524, 34.6733 ], [ 76.3472, 34.6705 ], [ 76.3427, 34.6675 ], [ 76.3368, 34.6644 ], [ 76.3305, 34.6613 ], [ 76.3215, 34.658 ], [ 76.3135, 34.6555 ], [ 76.3083, 34.6533 ], [ 76.3042, 34.6494 ], [ 76.3003, 34.6461 ], [ 76.2944, 34.6416 ], [ 76.2882, 34.6385 ], [ 76.2826, 34.6355 ], [ 76.2743, 34.6324 ], [ 76.2674, 34.6313 ], [ 76.2597, 34.6288 ], [ 76.2514, 34.6277 ], [ 76.2438, 34.6252 ], [ 76.2361, 34.6233 ], [ 76.2292, 34.6222 ], [ 76.2244, 34.6194 ], [ 76.2191, 34.6169 ], [ 76.2122, 34.6144 ], [ 76.2032, 34.6113 ], [ 76.1924, 34.6108 ], [ 76.1852, 34.6108 ], [ 76.1768, 34.613 ], [ 76.1685, 34.6167 ], [ 76.1609, 34.62 ], [ 76.153, 34.6233 ], [ 76.1467, 34.6264 ], [ 76.1395, 34.6267 ], [ 76.1336, 34.6273 ], [ 76.1256, 34.6289 ], [ 76.1162, 34.6317 ], [ 76.1093, 34.6342 ], [ 76.102, 34.6379 ], [ 76.0941, 34.6409 ], [ 76.0865, 34.6448 ], [ 76.0816, 34.6479 ], [ 76.0723, 34.6524 ], [ 76.0667, 34.6568 ], [ 76.0598, 34.6619 ], [ 76.0539, 34.6655 ], [ 76.0477, 34.6688 ], [ 76.0411, 34.6741 ], [ 76.0332, 34.678 ], [ 76.027, 34.6805 ], [ 76.02, 34.6842 ], [ 76.0152, 34.6856 ], [ 76.0134, 34.6803 ], [ 76.0117, 34.6741 ], [ 76.0106, 34.6689 ], [ 76.0106, 34.6641 ], [ 76.0064, 34.6597 ], [ 76.0005, 34.6558 ], [ 75.9943, 34.6511 ], [ 75.9884, 34.6466 ], [ 75.9811, 34.6422 ], [ 75.9752, 34.6377 ], [ 75.9689, 34.633 ], [ 75.9623, 34.6288 ], [ 75.9557, 34.6249 ], [ 75.9512, 34.6221 ], [ 75.9467, 34.6188 ], [ 75.9412, 34.6155 ], [ 75.9363, 34.6135 ], [ 75.9314, 34.611 ], [ 75.9269, 34.6068 ], [ 75.9227, 34.6038 ], [ 75.92, 34.5968 ], [ 75.9179, 34.5904 ], [ 75.9161, 34.5849 ], [ 75.9137, 34.579 ], [ 75.9126, 34.5743 ], [ 75.9091, 34.5687 ], [ 75.907, 34.564 ], [ 75.9042, 34.5581 ], [ 75.9001, 34.5545 ], [ 75.8963, 34.5515 ], [ 75.8904, 34.5484 ], [ 75.8848, 34.5456 ], [ 75.8782, 34.5442 ], [ 75.8699, 34.5437 ], [ 75.864, 34.544 ], [ 75.8574, 34.5434 ], [ 75.8501, 34.5417 ], [ 75.8442, 34.5395 ], [ 75.8401, 34.5365 ], [ 75.8345, 34.5326 ], [ 75.8289, 34.5292 ], [ 75.823, 34.5273 ], [ 75.8144, 34.527 ], [ 75.8061, 34.5276 ], [ 75.8002, 34.5273 ], [ 75.7939, 34.5265 ], [ 75.7877, 34.5257 ], [ 75.7814, 34.5251 ], [ 75.7738, 34.5257 ], [ 75.7683, 34.5251 ], [ 75.7617, 34.5246 ], [ 75.7558, 34.5226 ], [ 75.7492, 34.5221 ], [ 75.7412, 34.5226 ], [ 75.7336, 34.5229 ], [ 75.7263, 34.5229 ], [ 75.7184, 34.5232 ], [ 75.71, 34.5229 ], [ 75.7017, 34.5238 ], [ 75.6937, 34.5241 ], [ 75.6847, 34.5257 ], [ 75.6775, 34.5255 ], [ 75.6702, 34.526 ], [ 75.6629, 34.5255 ], [ 75.6573, 34.5235 ], [ 75.6508, 34.5233 ], [ 75.6424, 34.5236 ], [ 75.6341, 34.5238 ], [ 75.6255, 34.5247 ], [ 75.6154, 34.528 ], [ 75.6092, 34.5305 ], [ 75.5998, 34.5322 ], [ 75.5915, 34.5333 ], [ 75.5808, 34.5364 ], [ 75.5707, 34.5409 ], [ 75.5624, 34.544 ], [ 75.5517, 34.5476 ], [ 75.5406, 34.5504 ], [ 75.5309, 34.554 ], [ 75.5209, 34.556 ], [ 75.5122, 34.5562 ], [ 75.5032, 34.5549 ], [ 75.4952, 34.5526 ], [ 75.4862, 34.5513 ], [ 75.4796, 34.5518 ], [ 75.4716, 34.5532 ], [ 75.4647, 34.5546 ], [ 75.4557, 34.5555 ], [ 75.4484, 34.5569 ], [ 75.4405, 34.5569 ], [ 75.4328, 34.5569 ], [ 75.4245, 34.5583 ], [ 75.4166, 34.5597 ], [ 75.4093, 34.5619 ], [ 75.4027, 34.5669 ], [ 75.3958, 34.57 ], [ 75.3889, 34.5717 ], [ 75.3819, 34.5722 ], [ 75.3753, 34.5731 ], [ 75.3681, 34.5747 ], [ 75.3611, 34.5756 ], [ 75.3549, 34.5762 ], [ 75.3476, 34.5784 ], [ 75.3437, 34.5807 ], [ 75.3401, 34.5824 ], [ 75.3357, 34.5817 ], [ 75.3312, 34.5803 ], [ 75.3265, 34.5796 ], [ 75.323, 34.5823 ], [ 75.3213, 34.5868 ], [ 75.3193, 34.5899 ], [ 75.3154, 34.591 ], [ 75.3128, 34.5923 ], [ 75.3114, 34.5959 ], [ 75.3091, 34.5989 ], [ 75.3034, 34.5992 ], [ 75.2985, 34.6002 ], [ 75.2959, 34.6025 ], [ 75.2942, 34.6059 ], [ 75.2932, 34.6082 ], [ 75.289, 34.6081 ], [ 75.2851, 34.6079 ], [ 75.2817, 34.609 ], [ 75.2775, 34.6112 ], [ 75.2748, 34.6121 ], [ 75.2714, 34.6145 ], [ 75.2675, 34.6163 ], [ 75.2634, 34.6167 ], [ 75.2613, 34.6186 ], [ 75.2617, 34.6216 ], [ 75.2634, 34.6244 ], [ 75.2634, 34.6276 ], [ 75.2627, 34.6305 ], [ 75.262, 34.6327 ], [ 75.2616, 34.6367 ], [ 75.2607, 34.6394 ], [ 75.2593, 34.6424 ], [ 75.2561, 34.645 ], [ 75.2512, 34.648 ], [ 75.248, 34.6506 ], [ 75.2445, 34.6527 ], [ 75.2404, 34.6512 ], [ 75.2376, 34.6498 ], [ 75.2334, 34.6481 ], [ 75.2293, 34.647 ], [ 75.2257, 34.6465 ], [ 75.2218, 34.6475 ], [ 75.2182, 34.6487 ], [ 75.2151, 34.6496 ], [ 75.2122, 34.6505 ], [ 75.2105, 34.6533 ], [ 75.2108, 34.6557 ], [ 75.2114, 34.6575 ], [ 75.2139, 34.6605 ], [ 75.2128, 34.6626 ], [ 75.2111, 34.6652 ], [ 75.21, 34.6669 ], [ 75.2086, 34.669 ], [ 75.2065, 34.6716 ], [ 75.204, 34.6744 ], [ 75.2022, 34.6777 ], [ 75.1997, 34.68 ], [ 75.1977, 34.6831 ], [ 75.1938, 34.6862 ], [ 75.1886, 34.6883 ], [ 75.1836, 34.6904 ], [ 75.1771, 34.6924 ], [ 75.1722, 34.6938 ], [ 75.1674, 34.696 ], [ 75.1612, 34.6983 ], [ 75.1556, 34.7008 ], [ 75.1521, 34.7014 ], [ 75.1487, 34.7022 ], [ 75.1442, 34.7019 ], [ 75.1379, 34.7019 ], [ 75.1334, 34.7008 ], [ 75.1286, 34.6994 ], [ 75.1254, 34.6964 ], [ 75.1234, 34.6925 ], [ 75.1213, 34.6891 ], [ 75.1188, 34.6819 ], [ 75.1178, 34.678 ], [ 75.1146, 34.6752 ], [ 75.1108, 34.673 ], [ 75.1049, 34.6708 ], [ 75.1021, 34.67 ], [ 75.0987, 34.6691 ], [ 75.0943, 34.6679 ], [ 75.0893, 34.667 ], [ 75.0849, 34.6666 ], [ 75.0813, 34.6656 ], [ 75.0768, 34.6632 ], [ 75.0743, 34.6611 ], [ 75.0702, 34.6569 ], [ 75.0668, 34.6541 ], [ 75.0639, 34.6506 ], [ 75.061, 34.6477 ], [ 75.0571, 34.6447 ], [ 75.0547, 34.6408 ], [ 75.0529, 34.6368 ], [ 75.0504, 34.6334 ], [ 75.0463, 34.6306 ], [ 75.0398, 34.6296 ], [ 75.0331, 34.6296 ], [ 75.0273, 34.6299 ], [ 75.023, 34.6299 ], [ 75.0182, 34.6302 ], [ 75.0143, 34.6306 ], [ 75.0094, 34.6323 ], [ 75.0047, 34.6345 ], [ 75.001, 34.6366 ], [ 74.9987, 34.638 ], [ 74.9949, 34.6395 ], [ 74.9895, 34.6416 ], [ 74.985, 34.6426 ], [ 74.9802, 34.6445 ], [ 74.9754, 34.6459 ], [ 74.972, 34.6468 ], [ 74.9683, 34.6476 ], [ 74.9647, 34.6479 ], [ 74.9596, 34.6472 ], [ 74.9554, 34.6457 ], [ 74.9518, 34.645 ], [ 74.9484, 34.646 ], [ 74.9451, 34.6479 ], [ 74.9428, 34.6499 ], [ 74.941, 34.6526 ], [ 74.9388, 34.6555 ], [ 74.9369, 34.6578 ], [ 74.935, 34.6603 ], [ 74.9314, 34.6633 ], [ 74.9288, 34.6638 ], [ 74.9251, 34.6631 ], [ 74.9214, 34.6619 ], [ 74.9173, 34.6608 ], [ 74.914, 34.6615 ], [ 74.9109, 34.6632 ], [ 74.9064, 34.665 ], [ 74.9021, 34.6674 ], [ 74.8969, 34.67 ], [ 74.8931, 34.6717 ], [ 74.8897, 34.6738 ], [ 74.8864, 34.676 ], [ 74.8861, 34.6764 ], [ 74.8835, 34.6789 ], [ 74.8804, 34.6834 ], [ 74.8779, 34.6864 ], [ 74.8756, 34.6908 ], [ 74.8735, 34.6943 ], [ 74.8715, 34.6976 ], [ 74.8696, 34.7015 ], [ 74.8681, 34.7057 ], [ 74.8662, 34.7097 ], [ 74.864, 34.7134 ], [ 74.8617, 34.7168 ], [ 74.8598, 34.7197 ], [ 74.8573, 34.7223 ], [ 74.8544, 34.7255 ], [ 74.8516, 34.7286 ], [ 74.8476, 34.7323 ], [ 74.8444, 34.7352 ], [ 74.8423, 34.7371 ], [ 74.841, 34.7386 ], [ 74.8387, 34.7401 ], [ 74.8367, 34.7426 ], [ 74.835, 34.7442 ], [ 74.832, 34.7468 ], [ 74.8306, 34.7484 ], [ 74.8289, 34.7512 ], [ 74.8269, 34.7536 ], [ 74.8246, 34.7558 ], [ 74.8222, 34.7575 ], [ 74.8191, 34.7584 ], [ 74.816, 34.7592 ], [ 74.8124, 34.7601 ], [ 74.8089, 34.7609 ], [ 74.8053, 34.7617 ], [ 74.7996, 34.7637 ], [ 74.8017, 34.7601 ], [ 74.8031, 34.7551 ], [ 74.8024, 34.7512 ], [ 74.7999, 34.7482 ], [ 74.7956, 34.7458 ], [ 74.7891, 34.7446 ], [ 74.7848, 34.7428 ], [ 74.7812, 34.7401 ], [ 74.7758, 34.7375 ], [ 74.7708, 34.7357 ], [ 74.7672, 34.7348 ], [ 74.7633, 34.7345 ], [ 74.7597, 34.7345 ], [ 74.7547, 34.7351 ], [ 74.7484, 34.7364 ], [ 74.7477, 34.7363 ], [ 74.7467, 34.7363 ], [ 74.7458, 34.7358 ], [ 74.7452, 34.7355 ], [ 74.7442, 34.7347 ], [ 74.7431, 34.7346 ], [ 74.7425, 34.7342 ], [ 74.7415, 34.7335 ], [ 74.7407, 34.7328 ], [ 74.7393, 34.7319 ], [ 74.738, 34.7308 ], [ 74.7374, 34.7298 ], [ 74.7369, 34.7287 ], [ 74.7357, 34.7277 ], [ 74.7349, 34.727 ], [ 74.7336, 34.7261 ], [ 74.7315, 34.7257 ], [ 74.7288, 34.7257 ], [ 74.7258, 34.7257 ], [ 74.7237, 34.7257 ], [ 74.7217, 34.7259 ], [ 74.7198, 34.7261 ], [ 74.718, 34.7261 ], [ 74.7158, 34.7263 ], [ 74.714, 34.7264 ], [ 74.7119, 34.7267 ], [ 74.7104, 34.7273 ], [ 74.7085, 34.7276 ], [ 74.7067, 34.7277 ], [ 74.7052, 34.7275 ], [ 74.7034, 34.7273 ], [ 74.7023, 34.727 ], [ 74.7007, 34.7272 ], [ 74.6993, 34.727 ], [ 74.6982, 34.7263 ], [ 74.6974, 34.726 ], [ 74.696, 34.7257 ], [ 74.6944, 34.7259 ], [ 74.6931, 34.7257 ], [ 74.6921, 34.7254 ], [ 74.6908, 34.7253 ], [ 74.6897, 34.7249 ], [ 74.6888, 34.7243 ], [ 74.6879, 34.7238 ], [ 74.687, 34.7236 ], [ 74.6863, 34.7232 ], [ 74.6855, 34.7226 ], [ 74.6839, 34.722 ], [ 74.6834, 34.7217 ], [ 74.682, 34.7212 ], [ 74.6806, 34.7212 ], [ 74.6795, 34.7214 ], [ 74.6777, 34.7218 ], [ 74.6766, 34.7227 ], [ 74.6747, 34.723 ], [ 74.673, 34.7229 ], [ 74.6712, 34.723 ], [ 74.6693, 34.7227 ], [ 74.6684, 34.722 ], [ 74.6668, 34.7218 ], [ 74.6655, 34.7214 ], [ 74.6636, 34.7214 ], [ 74.6618, 34.7213 ], [ 74.6604, 34.7217 ], [ 74.6589, 34.7215 ], [ 74.6571, 34.7219 ], [ 74.6553, 34.7219 ], [ 74.654, 34.7224 ], [ 74.6519, 34.7227 ], [ 74.6506, 34.7235 ], [ 74.6493, 34.7242 ], [ 74.6481, 34.725 ], [ 74.6469, 34.726 ], [ 74.6455, 34.7272 ], [ 74.6446, 34.7281 ], [ 74.6428, 34.729 ], [ 74.6422, 34.7296 ], [ 74.6414, 34.7301 ], [ 74.6404, 34.7312 ], [ 74.6392, 34.7319 ], [ 74.6378, 34.7327 ], [ 74.637, 34.7333 ], [ 74.6357, 34.7338 ], [ 74.6351, 34.7344 ], [ 74.6344, 34.7346 ], [ 74.6332, 34.7346 ], [ 74.6313, 34.7346 ], [ 74.6299, 34.7349 ], [ 74.6286, 34.7353 ], [ 74.6277, 34.7361 ], [ 74.6271, 34.737 ], [ 74.6264, 34.7379 ], [ 74.6258, 34.7387 ], [ 74.625, 34.7396 ], [ 74.6246, 34.7404 ], [ 74.6244, 34.7413 ], [ 74.6239, 34.7423 ], [ 74.6232, 34.7437 ], [ 74.6218, 34.7449 ], [ 74.6201, 34.7453 ], [ 74.6183, 34.7458 ], [ 74.6173, 34.7462 ], [ 74.615, 34.7467 ], [ 74.6129, 34.7468 ], [ 74.611, 34.7471 ], [ 74.6099, 34.7479 ], [ 74.6088, 34.7489 ], [ 74.6076, 34.7502 ], [ 74.607, 34.7513 ], [ 74.6066, 34.7524 ], [ 74.6065, 34.7532 ], [ 74.6058, 34.7541 ], [ 74.6052, 34.7548 ], [ 74.6049, 34.756 ], [ 74.6043, 34.7573 ], [ 74.6038, 34.7598 ], [ 74.6034, 34.7616 ], [ 74.6028, 34.7631 ], [ 74.6023, 34.764 ], [ 74.6011, 34.7651 ], [ 74.5996, 34.7659 ], [ 74.5989, 34.7667 ], [ 74.598, 34.7676 ], [ 74.5965, 34.7678 ], [ 74.5949, 34.7678 ], [ 74.5937, 34.7678 ], [ 74.5925, 34.7682 ], [ 74.591, 34.7686 ], [ 74.589, 34.7689 ], [ 74.5873, 34.7692 ], [ 74.5862, 34.77 ], [ 74.5847, 34.7705 ], [ 74.5831, 34.7712 ], [ 74.5813, 34.7718 ], [ 74.5802, 34.7723 ], [ 74.5792, 34.7729 ], [ 74.5783, 34.7735 ], [ 74.5766, 34.7735 ], [ 74.5756, 34.7742 ], [ 74.5749, 34.7749 ], [ 74.5738, 34.7755 ], [ 74.5725, 34.7756 ], [ 74.5716, 34.7764 ], [ 74.5703, 34.7765 ], [ 74.5693, 34.7769 ], [ 74.5683, 34.7772 ], [ 74.5673, 34.7779 ], [ 74.5662, 34.778 ], [ 74.5655, 34.7784 ], [ 74.5649, 34.7793 ], [ 74.5644, 34.7803 ], [ 74.5643, 34.7809 ], [ 74.5637, 34.7821 ], [ 74.5623, 34.7825 ], [ 74.5619, 34.7831 ], [ 74.561, 34.784 ], [ 74.5599, 34.7844 ], [ 74.5589, 34.7846 ], [ 74.5579, 34.7848 ], [ 74.5563, 34.785 ], [ 74.5552, 34.785 ], [ 74.5535, 34.785 ], [ 74.5527, 34.7855 ], [ 74.5519, 34.7857 ], [ 74.551, 34.786 ], [ 74.5502, 34.7868 ], [ 74.549, 34.7869 ], [ 74.5471, 34.7871 ], [ 74.5448, 34.7869 ], [ 74.5433, 34.7869 ], [ 74.5422, 34.7866 ], [ 74.5408, 34.7863 ], [ 74.5393, 34.7863 ], [ 74.5389, 34.786 ], [ 74.5382, 34.7855 ], [ 74.5374, 34.7851 ], [ 74.5364, 34.7846 ], [ 74.5357, 34.784 ], [ 74.5352, 34.7827 ], [ 74.534, 34.7825 ], [ 74.533, 34.7822 ], [ 74.5324, 34.7817 ], [ 74.532, 34.7808 ], [ 74.5308, 34.7806 ], [ 74.5297, 34.7806 ], [ 74.5284, 34.7804 ], [ 74.5275, 34.7797 ], [ 74.5251, 34.7798 ], [ 74.5228, 34.7798 ], [ 74.5205, 34.7796 ], [ 74.5198, 34.7792 ], [ 74.5189, 34.779 ], [ 74.5167, 34.779 ], [ 74.5144, 34.7791 ], [ 74.5122, 34.7795 ], [ 74.5106, 34.7807 ], [ 74.5095, 34.7813 ], [ 74.5077, 34.7816 ], [ 74.5063, 34.7821 ], [ 74.5049, 34.7828 ], [ 74.5034, 34.7833 ], [ 74.5015, 34.7836 ], [ 74.5003, 34.7833 ], [ 74.4981, 34.7833 ], [ 74.4971, 34.7836 ], [ 74.4958, 34.7841 ], [ 74.4949, 34.7846 ], [ 74.494, 34.7853 ], [ 74.4921, 34.786 ], [ 74.4906, 34.7866 ], [ 74.4888, 34.7871 ], [ 74.4873, 34.7879 ], [ 74.4859, 34.7883 ], [ 74.4846, 34.7887 ], [ 74.4824, 34.7898 ], [ 74.4813, 34.7905 ], [ 74.4791, 34.7912 ], [ 74.4777, 34.792 ], [ 74.4768, 34.7919 ], [ 74.4764, 34.7906 ], [ 74.4757, 34.7895 ], [ 74.4751, 34.7882 ], [ 74.475, 34.7864 ], [ 74.4743, 34.7853 ], [ 74.4743, 34.7842 ], [ 74.4739, 34.783 ], [ 74.4731, 34.7828 ], [ 74.4719, 34.7832 ], [ 74.4701, 34.7834 ], [ 74.4685, 34.7841 ], [ 74.4671, 34.7841 ], [ 74.466, 34.7842 ], [ 74.4659, 34.7848 ], [ 74.465, 34.7856 ], [ 74.4645, 34.7865 ], [ 74.4642, 34.7874 ], [ 74.4631, 34.7884 ], [ 74.4625, 34.7892 ], [ 74.4623, 34.7902 ], [ 74.4615, 34.7907 ], [ 74.4608, 34.7914 ], [ 74.4608, 34.7922 ], [ 74.46, 34.7928 ], [ 74.4595, 34.7936 ], [ 74.4582, 34.7934 ], [ 74.4573, 34.7935 ], [ 74.4564, 34.7934 ], [ 74.4548, 34.7935 ], [ 74.4534, 34.7934 ], [ 74.4521, 34.7936 ], [ 74.4508, 34.7935 ], [ 74.4498, 34.7935 ], [ 74.4486, 34.7935 ], [ 74.4476, 34.7935 ], [ 74.4466, 34.7931 ], [ 74.4451, 34.793 ], [ 74.444, 34.7929 ], [ 74.4435, 34.7926 ], [ 74.4424, 34.7922 ], [ 74.4413, 34.792 ], [ 74.4399, 34.7917 ], [ 74.4387, 34.7915 ], [ 74.4385, 34.7911 ], [ 74.4381, 34.7904 ], [ 74.4377, 34.7897 ], [ 74.4374, 34.789 ], [ 74.4367, 34.7881 ], [ 74.4363, 34.7871 ], [ 74.4359, 34.7863 ], [ 74.4352, 34.7858 ], [ 74.4342, 34.7858 ], [ 74.4331, 34.7859 ], [ 74.4319, 34.7861 ], [ 74.4313, 34.7865 ], [ 74.4305, 34.787 ], [ 74.4295, 34.7874 ], [ 74.4288, 34.7873 ], [ 74.4281, 34.7872 ], [ 74.4272, 34.7874 ], [ 74.4267, 34.7877 ], [ 74.4262, 34.788 ], [ 74.4253, 34.7883 ], [ 74.4248, 34.7885 ], [ 74.4241, 34.7885 ], [ 74.4233, 34.7886 ], [ 74.4228, 34.7888 ], [ 74.4217, 34.7895 ], [ 74.4209, 34.7897 ], [ 74.4202, 34.7899 ], [ 74.4195, 34.7902 ], [ 74.4184, 34.7904 ], [ 74.4173, 34.7906 ], [ 74.4169, 34.7911 ], [ 74.4165, 34.7917 ], [ 74.4155, 34.7927 ], [ 74.4146, 34.7935 ], [ 74.4139, 34.7942 ], [ 74.4124, 34.7946 ], [ 74.4111, 34.7944 ], [ 74.4103, 34.794 ], [ 74.4089, 34.7937 ], [ 74.4074, 34.794 ], [ 74.4055, 34.7942 ], [ 74.4046, 34.7942 ], [ 74.4035, 34.7942 ], [ 74.4017, 34.7946 ], [ 74.4006, 34.7951 ], [ 74.3987, 34.796 ], [ 74.3973, 34.7966 ], [ 74.3962, 34.7973 ], [ 74.3929, 34.7976 ], [ 74.3909, 34.7981 ], [ 74.3886, 34.7985 ], [ 74.3862, 34.7986 ], [ 74.3832, 34.7984 ], [ 74.3812, 34.7987 ], [ 74.377, 34.7985 ], [ 74.375, 34.7988 ], [ 74.3729, 34.799 ], [ 74.3698, 34.7989 ], [ 74.3668, 34.7992 ], [ 74.3633, 34.7992 ], [ 74.3607, 34.7992 ], [ 74.3587, 34.7993 ], [ 74.3571, 34.7995 ], [ 74.3552, 34.7996 ], [ 74.3538, 34.7995 ], [ 74.3528, 34.7991 ], [ 74.3493, 34.798 ], [ 74.3486, 34.7981 ], [ 74.3475, 34.7987 ], [ 74.3463, 34.7991 ], [ 74.3446, 34.7993 ], [ 74.3437, 34.7992 ], [ 74.3427, 34.7992 ], [ 74.3418, 34.799 ], [ 74.3405, 34.7986 ], [ 74.3394, 34.7984 ], [ 74.3382, 34.7979 ], [ 74.3368, 34.7975 ], [ 74.3356, 34.7972 ], [ 74.3348, 34.7975 ], [ 74.3336, 34.7978 ], [ 74.3321, 34.7981 ], [ 74.3311, 34.7979 ], [ 74.3304, 34.7978 ], [ 74.3292, 34.7975 ], [ 74.3284, 34.797 ], [ 74.3275, 34.7967 ], [ 74.3267, 34.7963 ], [ 74.3259, 34.7964 ], [ 74.3239, 34.7968 ], [ 74.3231, 34.7968 ], [ 74.3226, 34.7961 ], [ 74.3222, 34.7954 ], [ 74.3218, 34.7948 ], [ 74.3212, 34.7939 ], [ 74.3207, 34.7933 ], [ 74.3201, 34.7927 ], [ 74.3194, 34.7922 ], [ 74.3189, 34.7918 ], [ 74.3187, 34.7911 ], [ 74.3189, 34.7907 ], [ 74.3192, 34.7903 ], [ 74.3198, 34.7897 ], [ 74.3203, 34.7892 ], [ 74.3207, 34.7883 ], [ 74.3212, 34.7875 ], [ 74.3213, 34.7863 ], [ 74.3217, 34.7854 ], [ 74.3223, 34.7844 ], [ 74.3226, 34.7833 ], [ 74.3233, 34.7824 ], [ 74.3239, 34.7814 ], [ 74.3251, 34.7799 ], [ 74.3257, 34.7785 ], [ 74.3266, 34.7774 ], [ 74.3273, 34.7765 ], [ 74.3277, 34.7753 ], [ 74.3276, 34.7747 ], [ 74.3274, 34.7742 ], [ 74.3271, 34.7732 ], [ 74.3271, 34.7723 ], [ 74.3276, 34.7719 ], [ 74.328, 34.7709 ], [ 74.3282, 34.7701 ], [ 74.3288, 34.7688 ], [ 74.3292, 34.7673 ], [ 74.3294, 34.7663 ], [ 74.3294, 34.7648 ], [ 74.3295, 34.7638 ], [ 74.3298, 34.7626 ], [ 74.3298, 34.7616 ], [ 74.3301, 34.7606 ], [ 74.3305, 34.7595 ], [ 74.331, 34.7584 ], [ 74.3315, 34.7574 ], [ 74.332, 34.756 ], [ 74.3317, 34.7547 ], [ 74.3317, 34.753 ], [ 74.3321, 34.7515 ], [ 74.3317, 34.7504 ], [ 74.3308, 34.7495 ], [ 74.33, 34.7491 ], [ 74.3292, 34.7486 ], [ 74.3286, 34.7477 ], [ 74.328, 34.7469 ], [ 74.3275, 34.7461 ], [ 74.3269, 34.7455 ], [ 74.3259, 34.7445 ], [ 74.3252, 34.7439 ], [ 74.3249, 34.7428 ], [ 74.3249, 34.7414 ], [ 74.3249, 34.7395 ], [ 74.3246, 34.738 ], [ 74.3246, 34.736 ], [ 74.3246, 34.7335 ], [ 74.3242, 34.7307 ], [ 74.3239, 34.7292 ], [ 74.3239, 34.728 ], [ 74.3239, 34.727 ], [ 74.324, 34.7261 ], [ 74.3245, 34.7246 ], [ 74.3251, 34.7223 ], [ 74.3251, 34.7207 ], [ 74.3251, 34.7195 ], [ 74.3248, 34.719 ], [ 74.3238, 34.7178 ], [ 74.3231, 34.7168 ], [ 74.3221, 34.7154 ], [ 74.3221, 34.7146 ], [ 74.3225, 34.7133 ], [ 74.3225, 34.7121 ], [ 74.3225, 34.7106 ], [ 74.3224, 34.7089 ], [ 74.322, 34.7065 ], [ 74.3212, 34.7057 ], [ 74.3202, 34.7048 ], [ 74.319, 34.7039 ], [ 74.3168, 34.7031 ], [ 74.315, 34.7028 ], [ 74.3131, 34.7027 ], [ 74.312, 34.703 ], [ 74.3095, 34.7034 ], [ 74.3081, 34.7036 ], [ 74.3067, 34.7041 ], [ 74.3054, 34.7047 ], [ 74.3042, 34.7051 ], [ 74.3034, 34.7055 ], [ 74.3017, 34.7063 ], [ 74.3005, 34.7066 ], [ 74.2995, 34.707 ], [ 74.2979, 34.7076 ], [ 74.2965, 34.7081 ], [ 74.2951, 34.7085 ], [ 74.2934, 34.709 ], [ 74.2923, 34.7097 ], [ 74.2907, 34.7102 ], [ 74.2897, 34.7106 ], [ 74.2887, 34.7108 ], [ 74.288, 34.7107 ], [ 74.2875, 34.7099 ], [ 74.2871, 34.7093 ], [ 74.2868, 34.7082 ], [ 74.2867, 34.707 ], [ 74.2867, 34.7055 ], [ 74.2866, 34.7039 ], [ 74.2862, 34.7034 ], [ 74.2851, 34.703 ], [ 74.2842, 34.7024 ], [ 74.2831, 34.7017 ], [ 74.2824, 34.7004 ], [ 74.2818, 34.6991 ], [ 74.2815, 34.6981 ], [ 74.2808, 34.6973 ], [ 74.28, 34.6965 ], [ 74.2787, 34.6957 ], [ 74.2776, 34.6953 ], [ 74.2761, 34.694 ], [ 74.2757, 34.693 ], [ 74.2757, 34.6917 ], [ 74.2757, 34.6905 ], [ 74.2761, 34.6891 ], [ 74.2766, 34.6877 ], [ 74.2766, 34.6869 ], [ 74.2766, 34.6861 ], [ 74.2766, 34.6845 ], [ 74.277, 34.6833 ], [ 74.2773, 34.6818 ], [ 74.2776, 34.6809 ], [ 74.2776, 34.6802 ], [ 74.2774, 34.6798 ], [ 74.2769, 34.6787 ], [ 74.2766, 34.6775 ], [ 74.2767, 34.6758 ], [ 74.2767, 34.6743 ], [ 74.2767, 34.6727 ], [ 74.2767, 34.6714 ], [ 74.2761, 34.6698 ], [ 74.2759, 34.6687 ], [ 74.2757, 34.6672 ], [ 74.2759, 34.6662 ], [ 74.2769, 34.6643 ], [ 74.2772, 34.6629 ], [ 74.2774, 34.6617 ], [ 74.2774, 34.6605 ], [ 74.2776, 34.6591 ], [ 74.2779, 34.6578 ], [ 74.2789, 34.6564 ], [ 74.2798, 34.6555 ], [ 74.2808, 34.6547 ], [ 74.282, 34.6539 ], [ 74.2835, 34.6531 ], [ 74.2846, 34.6523 ], [ 74.2851, 34.6514 ], [ 74.2855, 34.6501 ], [ 74.2855, 34.6488 ], [ 74.2842, 34.6485 ], [ 74.2827, 34.6483 ], [ 74.281, 34.6483 ], [ 74.2794, 34.6482 ], [ 74.2766, 34.6481 ], [ 74.2752, 34.648 ], [ 74.2741, 34.6477 ], [ 74.2724, 34.6473 ], [ 74.2717, 34.6466 ], [ 74.2707, 34.6459 ], [ 74.2696, 34.6459 ], [ 74.2687, 34.6461 ], [ 74.2683, 34.6465 ], [ 74.2673, 34.6472 ], [ 74.2664, 34.6484 ], [ 74.2652, 34.6492 ], [ 74.2637, 34.6499 ], [ 74.2621, 34.6499 ], [ 74.2603, 34.6499 ], [ 74.2579, 34.6496 ], [ 74.2558, 34.6494 ], [ 74.254, 34.6494 ], [ 74.2522, 34.6493 ], [ 74.2508, 34.649 ], [ 74.2494, 34.6492 ], [ 74.2487, 34.6499 ], [ 74.2477, 34.6508 ], [ 74.2465, 34.6514 ], [ 74.2449, 34.6526 ], [ 74.2431, 34.6532 ], [ 74.2419, 34.6531 ], [ 74.2408, 34.6528 ], [ 74.2396, 34.6516 ], [ 74.2384, 34.6509 ], [ 74.2371, 34.65 ], [ 74.236, 34.6492 ], [ 74.2351, 34.6484 ], [ 74.2337, 34.6476 ], [ 74.2328, 34.6466 ], [ 74.2318, 34.6448 ], [ 74.2304, 34.6437 ], [ 74.2294, 34.6429 ], [ 74.2286, 34.6428 ], [ 74.2277, 34.6435 ], [ 74.2267, 34.6441 ], [ 74.2247, 34.6451 ], [ 74.2233, 34.6459 ], [ 74.2219, 34.6467 ], [ 74.2203, 34.6473 ], [ 74.2192, 34.6481 ], [ 74.2176, 34.6488 ], [ 74.2165, 34.6496 ], [ 74.2153, 34.6502 ], [ 74.214, 34.6507 ], [ 74.2127, 34.6516 ], [ 74.2117, 34.6521 ], [ 74.2104, 34.6529 ], [ 74.209, 34.6537 ], [ 74.2075, 34.6545 ], [ 74.206, 34.6549 ], [ 74.2057, 34.6542 ], [ 74.2053, 34.6532 ], [ 74.2051, 34.6524 ], [ 74.2046, 34.6514 ], [ 74.2046, 34.6502 ], [ 74.2041, 34.6486 ], [ 74.2037, 34.6474 ], [ 74.2033, 34.6461 ], [ 74.203, 34.6449 ], [ 74.2026, 34.6439 ], [ 74.2023, 34.6429 ], [ 74.2021, 34.6418 ], [ 74.202, 34.6398 ], [ 74.2016, 34.6392 ], [ 74.2009, 34.6388 ], [ 74.2001, 34.6388 ], [ 74.1987, 34.6388 ], [ 74.1972, 34.6385 ], [ 74.1958, 34.6384 ], [ 74.1941, 34.6379 ], [ 74.193, 34.6371 ], [ 74.1925, 34.6363 ], [ 74.1922, 34.6353 ], [ 74.1925, 34.6345 ], [ 74.1927, 34.6336 ], [ 74.1929, 34.6323 ], [ 74.1927, 34.6312 ], [ 74.1929, 34.6297 ], [ 74.1929, 34.6283 ], [ 74.1929, 34.6269 ], [ 74.1928, 34.6251 ], [ 74.1927, 34.624 ], [ 74.1925, 34.6229 ], [ 74.1917, 34.6221 ], [ 74.1908, 34.621 ], [ 74.1895, 34.6203 ], [ 74.1885, 34.6192 ], [ 74.1868, 34.6186 ], [ 74.1855, 34.6184 ], [ 74.184, 34.6181 ], [ 74.1824, 34.6175 ], [ 74.1808, 34.6174 ], [ 74.1791, 34.6174 ], [ 74.1768, 34.6175 ], [ 74.1743, 34.6176 ], [ 74.1723, 34.6173 ], [ 74.1712, 34.6168 ], [ 74.1703, 34.616 ], [ 74.1692, 34.6149 ], [ 74.1682, 34.6139 ], [ 74.1672, 34.613 ], [ 74.1661, 34.612 ], [ 74.1648, 34.6114 ], [ 74.1638, 34.6111 ], [ 74.1627, 34.6108 ], [ 74.1614, 34.6107 ], [ 74.1599, 34.6106 ], [ 74.1586, 34.6107 ], [ 74.1581, 34.6111 ], [ 74.1575, 34.6116 ], [ 74.1566, 34.6124 ], [ 74.1555, 34.6131 ], [ 74.1543, 34.6134 ], [ 74.1531, 34.613 ], [ 74.1523, 34.6122 ], [ 74.1511, 34.6114 ], [ 74.1501, 34.6108 ], [ 74.1491, 34.6104 ], [ 74.1476, 34.6097 ], [ 74.1461, 34.609 ], [ 74.1444, 34.6083 ], [ 74.1431, 34.6077 ], [ 74.1421, 34.6064 ], [ 74.1419, 34.6056 ], [ 74.1418, 34.6044 ], [ 74.141, 34.6037 ], [ 74.1408, 34.603 ], [ 74.1406, 34.6025 ], [ 74.1401, 34.6019 ], [ 74.1395, 34.6012 ], [ 74.1389, 34.6006 ], [ 74.1382, 34.5999 ], [ 74.137, 34.5993 ], [ 74.1362, 34.5988 ], [ 74.1348, 34.5982 ], [ 74.1332, 34.5978 ], [ 74.1321, 34.5975 ], [ 74.1315, 34.597 ], [ 74.1312, 34.5958 ], [ 74.1312, 34.5948 ], [ 74.1312, 34.5927 ], [ 74.1312, 34.5911 ], [ 74.1311, 34.5898 ], [ 74.1304, 34.5893 ], [ 74.1293, 34.589 ], [ 74.1281, 34.5887 ], [ 74.1268, 34.5885 ], [ 74.1252, 34.5887 ], [ 74.1241, 34.5892 ], [ 74.1227, 34.59 ], [ 74.1218, 34.5906 ], [ 74.12, 34.5913 ], [ 74.1191, 34.592 ], [ 74.1177, 34.5927 ], [ 74.1159, 34.593 ], [ 74.1147, 34.5934 ], [ 74.1127, 34.5941 ], [ 74.1116, 34.5948 ], [ 74.11, 34.5953 ], [ 74.1088, 34.5963 ], [ 74.1074, 34.597 ], [ 74.1063, 34.5976 ], [ 74.1054, 34.5985 ], [ 74.1044, 34.5992 ], [ 74.1035, 34.5999 ], [ 74.1028, 34.6006 ], [ 74.1018, 34.6012 ], [ 74.1013, 34.6025 ], [ 74.1011, 34.6032 ], [ 74.1009, 34.604 ], [ 74.1001, 34.6047 ], [ 74.0992, 34.6056 ], [ 74.0983, 34.6061 ], [ 74.0972, 34.6063 ], [ 74.0966, 34.6059 ], [ 74.0956, 34.6053 ], [ 74.095, 34.6048 ], [ 74.0945, 34.604 ], [ 74.0929, 34.6031 ], [ 74.0919, 34.6023 ], [ 74.0907, 34.6014 ], [ 74.0895, 34.6003 ], [ 74.088, 34.5998 ], [ 74.0871, 34.6 ], [ 74.0855, 34.6002 ], [ 74.0849, 34.5995 ], [ 74.0843, 34.5986 ], [ 74.0838, 34.5977 ], [ 74.0828, 34.5964 ], [ 74.0821, 34.5954 ], [ 74.0809, 34.5948 ], [ 74.0798, 34.5946 ], [ 74.0789, 34.5944 ], [ 74.0777, 34.5945 ], [ 74.0767, 34.5944 ], [ 74.0754, 34.5943 ], [ 74.074, 34.5943 ], [ 74.0733, 34.5938 ], [ 74.0726, 34.5933 ], [ 74.0721, 34.5934 ], [ 74.0717, 34.594 ], [ 74.0711, 34.5947 ], [ 74.0706, 34.5956 ], [ 74.0701, 34.5963 ], [ 74.0696, 34.5974 ], [ 74.0689, 34.5983 ], [ 74.0678, 34.5998 ], [ 74.0671, 34.6006 ], [ 74.0666, 34.6012 ], [ 74.0658, 34.6021 ], [ 74.0648, 34.6029 ], [ 74.0639, 34.6037 ], [ 74.0628, 34.6046 ], [ 74.0613, 34.6052 ], [ 74.0599, 34.6052 ], [ 74.0589, 34.6051 ], [ 74.0587, 34.6043 ], [ 74.0584, 34.6031 ], [ 74.0583, 34.6016 ], [ 74.058, 34.5999 ], [ 74.0573, 34.5987 ], [ 74.0566, 34.5978 ], [ 74.0556, 34.5967 ], [ 74.0551, 34.5963 ], [ 74.0543, 34.5955 ], [ 74.0536, 34.5948 ], [ 74.0529, 34.5939 ], [ 74.0521, 34.5929 ], [ 74.0517, 34.5918 ], [ 74.0515, 34.5909 ], [ 74.0514, 34.5898 ], [ 74.0512, 34.5891 ], [ 74.0506, 34.5874 ], [ 74.0497, 34.5862 ], [ 74.0491, 34.5849 ], [ 74.0482, 34.584 ], [ 74.0474, 34.5829 ], [ 74.0466, 34.5813 ], [ 74.0457, 34.58 ], [ 74.0448, 34.579 ], [ 74.0433, 34.5779 ], [ 74.0424, 34.5775 ], [ 74.0404, 34.5767 ], [ 74.039, 34.5762 ], [ 74.0378, 34.576 ], [ 74.0368, 34.576 ], [ 74.0354, 34.5766 ], [ 74.0346, 34.577 ], [ 74.0338, 34.5773 ], [ 74.033, 34.5779 ], [ 74.0315, 34.5784 ], [ 74.03, 34.5791 ], [ 74.0292, 34.5797 ], [ 74.0281, 34.5796 ], [ 74.0271, 34.5788 ], [ 74.026, 34.5783 ], [ 74.0248, 34.5776 ], [ 74.024, 34.5771 ], [ 74.0227, 34.5764 ], [ 74.0221, 34.576 ], [ 74.0217, 34.576 ], [ 74.0213, 34.5763 ], [ 74.0199, 34.5771 ], [ 74.0184, 34.5775 ], [ 74.0173, 34.5772 ], [ 74.0161, 34.5769 ], [ 74.0145, 34.5765 ], [ 74.013, 34.5762 ], [ 74.011, 34.5757 ], [ 74.0099, 34.5748 ], [ 74.0089, 34.5742 ], [ 74.0069, 34.5736 ], [ 74.0049, 34.5731 ], [ 74.0033, 34.5724 ], [ 74.0017, 34.5723 ], [ 74.0006, 34.5721 ], [ 74.0, 34.5713 ], [ 73.999, 34.5705 ], [ 73.998, 34.5699 ], [ 73.997, 34.5689 ], [ 73.9959, 34.5681 ], [ 73.9947, 34.5676 ], [ 73.9935, 34.5668 ], [ 73.992, 34.5657 ], [ 73.991, 34.565 ], [ 73.9906, 34.5644 ], [ 73.9903, 34.5634 ], [ 73.9897, 34.562 ], [ 73.9894, 34.5612 ], [ 73.9891, 34.5602 ], [ 73.9888, 34.5589 ], [ 73.9881, 34.5585 ], [ 73.9872, 34.5578 ], [ 73.987, 34.5569 ], [ 73.9864, 34.5564 ], [ 73.9851, 34.5562 ], [ 73.9846, 34.5558 ], [ 73.9832, 34.555 ], [ 73.9819, 34.5544 ], [ 73.9804, 34.5539 ], [ 73.9787, 34.5536 ], [ 73.9777, 34.5535 ], [ 73.9765, 34.5535 ], [ 73.9756, 34.5534 ], [ 73.9746, 34.5531 ], [ 73.9727, 34.5521 ], [ 73.9719, 34.5515 ], [ 73.9706, 34.5505 ], [ 73.9692, 34.5496 ], [ 73.9683, 34.5488 ], [ 73.9672, 34.5477 ], [ 73.9665, 34.547 ], [ 73.9659, 34.5461 ], [ 73.9652, 34.5456 ], [ 73.9646, 34.5459 ], [ 73.9642, 34.5462 ], [ 73.9636, 34.547 ], [ 73.9625, 34.5477 ], [ 73.962, 34.5483 ], [ 73.9607, 34.5493 ], [ 73.9591, 34.5497 ], [ 73.9572, 34.5499 ], [ 73.9555, 34.5499 ], [ 73.9546, 34.5503 ], [ 73.9536, 34.5506 ], [ 73.9532, 34.5504 ], [ 73.9526, 34.5499 ], [ 73.9516, 34.549 ], [ 73.9508, 34.5481 ], [ 73.9495, 34.5474 ], [ 73.9489, 34.5467 ], [ 73.9456, 34.5451 ], [ 73.9439, 34.5445 ], [ 73.9427, 34.5435 ], [ 73.9413, 34.5428 ], [ 73.9395, 34.542 ], [ 73.938, 34.5415 ], [ 73.9362, 34.541 ], [ 73.9348, 34.5406 ], [ 73.9331, 34.5402 ], [ 73.9322, 34.5398 ], [ 73.9311, 34.5393 ], [ 73.9294, 34.5388 ], [ 73.9275, 34.5381 ], [ 73.9265, 34.5372 ], [ 73.9255, 34.5364 ], [ 73.9249, 34.5355 ], [ 73.9246, 34.5341 ], [ 73.9243, 34.5324 ], [ 73.9236, 34.5313 ], [ 73.923, 34.5304 ], [ 73.9221, 34.53 ], [ 73.9214, 34.5296 ], [ 73.9206, 34.529 ], [ 73.9196, 34.5284 ], [ 73.9185, 34.5277 ], [ 73.9178, 34.5271 ], [ 73.9169, 34.5262 ], [ 73.9162, 34.5256 ], [ 73.9152, 34.5253 ], [ 73.9144, 34.525 ], [ 73.9134, 34.5248 ], [ 73.9126, 34.5244 ], [ 73.9119, 34.5241 ], [ 73.9106, 34.5241 ], [ 73.9093, 34.524 ], [ 73.9076, 34.5238 ], [ 73.907, 34.5234 ], [ 73.9063, 34.5232 ], [ 73.9048, 34.523 ], [ 73.9033, 34.5225 ], [ 73.9028, 34.522 ], [ 73.9018, 34.5217 ], [ 73.901, 34.5214 ], [ 73.9002, 34.5209 ], [ 73.8994, 34.5204 ], [ 73.8988, 34.5199 ], [ 73.8982, 34.5193 ], [ 73.8977, 34.5185 ], [ 73.8966, 34.5178 ], [ 73.8958, 34.5169 ], [ 73.8944, 34.5165 ], [ 73.8933, 34.5161 ], [ 73.8927, 34.5154 ], [ 73.8922, 34.5146 ], [ 73.8918, 34.5135 ], [ 73.8913, 34.5127 ], [ 73.8907, 34.5121 ], [ 73.8907, 34.511 ], [ 73.8912, 34.5093 ], [ 73.8918, 34.5079 ], [ 73.8922, 34.507 ], [ 73.8927, 34.5062 ], [ 73.8932, 34.5054 ], [ 73.8936, 34.5047 ], [ 73.8935, 34.5038 ], [ 73.8933, 34.503 ], [ 73.8931, 34.5023 ], [ 73.8926, 34.5015 ], [ 73.892, 34.5008 ], [ 73.8915, 34.4998 ], [ 73.8911, 34.4993 ], [ 73.8905, 34.4987 ], [ 73.89, 34.4978 ], [ 73.8896, 34.497 ], [ 73.8893, 34.4964 ], [ 73.8878, 34.4958 ], [ 73.8869, 34.4956 ], [ 73.8856, 34.4952 ], [ 73.8849, 34.495 ], [ 73.8844, 34.4945 ], [ 73.8842, 34.4935 ], [ 73.8842, 34.4925 ], [ 73.884, 34.4914 ], [ 73.884, 34.4901 ], [ 73.8838, 34.4893 ], [ 73.8838, 34.489 ], [ 73.8835, 34.488 ], [ 73.8835, 34.4865 ], [ 73.8838, 34.4858 ], [ 73.8848, 34.4858 ], [ 73.8854, 34.4857 ], [ 73.8856, 34.4853 ], [ 73.886, 34.4846 ], [ 73.8865, 34.4838 ], [ 73.8869, 34.4829 ], [ 73.8874, 34.482 ], [ 73.8881, 34.4811 ], [ 73.8886, 34.4804 ], [ 73.8884, 34.4798 ], [ 73.8881, 34.479 ], [ 73.8877, 34.4781 ], [ 73.8873, 34.4774 ], [ 73.8876, 34.4768 ], [ 73.8885, 34.4766 ], [ 73.8895, 34.4768 ], [ 73.8902, 34.4762 ], [ 73.8901, 34.4753 ], [ 73.8899, 34.4741 ], [ 73.8896, 34.4727 ], [ 73.8896, 34.4714 ], [ 73.8896, 34.4703 ], [ 73.8896, 34.4687 ], [ 73.8896, 34.4672 ], [ 73.8895, 34.4659 ], [ 73.8895, 34.465 ], [ 73.889, 34.4646 ], [ 73.8877, 34.4647 ], [ 73.8859, 34.4649 ], [ 73.8836, 34.4649 ], [ 73.8818, 34.4651 ], [ 73.8804, 34.4649 ], [ 73.8797, 34.4644 ], [ 73.8789, 34.4634 ], [ 73.8782, 34.463 ], [ 73.8769, 34.462 ], [ 73.8761, 34.4614 ], [ 73.8753, 34.4607 ], [ 73.8743, 34.4601 ], [ 73.8737, 34.4594 ], [ 73.8729, 34.4587 ], [ 73.8716, 34.4579 ], [ 73.8706, 34.4572 ], [ 73.8696, 34.4563 ], [ 73.8684, 34.4556 ], [ 73.8678, 34.4547 ], [ 73.8665, 34.4539 ], [ 73.8657, 34.4533 ], [ 73.8646, 34.4523 ], [ 73.864, 34.452 ], [ 73.8631, 34.4516 ], [ 73.8626, 34.4511 ], [ 73.8613, 34.4503 ], [ 73.8602, 34.4497 ], [ 73.8588, 34.4488 ], [ 73.8573, 34.4479 ], [ 73.8562, 34.4472 ], [ 73.8551, 34.4465 ], [ 73.8535, 34.4457 ], [ 73.852, 34.4447 ], [ 73.8514, 34.4443 ], [ 73.8505, 34.4438 ], [ 73.8498, 34.4433 ], [ 73.8494, 34.4429 ], [ 73.8488, 34.4427 ], [ 73.8484, 34.4431 ], [ 73.8479, 34.4436 ], [ 73.8474, 34.4442 ], [ 73.847, 34.4449 ], [ 73.847, 34.4454 ], [ 73.8464, 34.4458 ], [ 73.8455, 34.4461 ], [ 73.8448, 34.4464 ], [ 73.8441, 34.4468 ], [ 73.843, 34.4471 ], [ 73.8426, 34.4468 ], [ 73.8421, 34.4464 ], [ 73.8416, 34.4459 ], [ 73.8408, 34.4453 ], [ 73.8406, 34.4446 ], [ 73.8407, 34.4439 ], [ 73.8411, 34.4432 ], [ 73.8417, 34.4423 ], [ 73.8421, 34.4416 ], [ 73.8426, 34.4407 ], [ 73.843, 34.44 ], [ 73.8428, 34.4394 ], [ 73.8426, 34.4389 ], [ 73.8417, 34.4386 ], [ 73.8406, 34.4381 ], [ 73.8393, 34.4381 ], [ 73.8375, 34.4382 ], [ 73.8356, 34.4383 ], [ 73.834, 34.4383 ], [ 73.8322, 34.4383 ], [ 73.8301, 34.4383 ], [ 73.8289, 34.4384 ], [ 73.827, 34.4384 ], [ 73.8255, 34.4384 ], [ 73.8232, 34.4385 ], [ 73.8212, 34.4385 ], [ 73.8197, 34.4384 ], [ 73.818, 34.4386 ], [ 73.8162, 34.4386 ], [ 73.8143, 34.4384 ], [ 73.8122, 34.4384 ], [ 73.8108, 34.4384 ], [ 73.8093, 34.4385 ], [ 73.8084, 34.4386 ], [ 73.807, 34.4392 ], [ 73.806, 34.4396 ], [ 73.8054, 34.4396 ], [ 73.8049, 34.439 ], [ 73.8046, 34.4383 ], [ 73.8044, 34.4374 ], [ 73.8044, 34.4364 ], [ 73.8041, 34.4355 ], [ 73.8038, 34.4342 ], [ 73.8034, 34.4333 ], [ 73.8031, 34.4325 ], [ 73.8027, 34.4319 ], [ 73.8021, 34.4309 ], [ 73.8007, 34.4297 ], [ 73.7997, 34.4291 ], [ 73.799, 34.4287 ], [ 73.7979, 34.4277 ], [ 73.7968, 34.4269 ], [ 73.7953, 34.4257 ], [ 73.7947, 34.4249 ], [ 73.7941, 34.4238 ], [ 73.7928, 34.423 ], [ 73.79, 34.4208 ], [ 73.7891, 34.4201 ], [ 73.7873, 34.4196 ], [ 73.786, 34.4192 ], [ 73.785, 34.4189 ], [ 73.7844, 34.4182 ], [ 73.7838, 34.4175 ], [ 73.7832, 34.4168 ], [ 73.7824, 34.4161 ], [ 73.7816, 34.4156 ], [ 73.7806, 34.4151 ], [ 73.7796, 34.4145 ], [ 73.779, 34.4139 ], [ 73.7781, 34.4131 ], [ 73.7775, 34.4124 ], [ 73.7768, 34.4117 ], [ 73.7761, 34.411 ], [ 73.7752, 34.4103 ], [ 73.7739, 34.4092 ], [ 73.7732, 34.4079 ], [ 73.7727, 34.4068 ], [ 73.7723, 34.4058 ], [ 73.7718, 34.4045 ], [ 73.771, 34.4033 ], [ 73.7706, 34.4022 ], [ 73.7701, 34.4014 ], [ 73.7699, 34.4006 ], [ 73.7694, 34.3999 ], [ 73.769, 34.399 ], [ 73.7683, 34.3983 ], [ 73.7677, 34.3975 ], [ 73.7667, 34.397 ], [ 73.7656, 34.397 ], [ 73.764, 34.397 ], [ 73.7618, 34.3969 ], [ 73.7606, 34.3966 ], [ 73.7595, 34.3962 ], [ 73.7588, 34.3958 ], [ 73.7582, 34.3951 ], [ 73.7577, 34.3947 ], [ 73.7556, 34.3927 ], [ 73.7557, 34.3922 ], [ 73.7564, 34.3915 ], [ 73.7568, 34.3905 ], [ 73.7574, 34.3896 ], [ 73.7573, 34.389 ], [ 73.757, 34.3885 ], [ 73.7562, 34.3878 ], [ 73.7555, 34.3871 ], [ 73.7543, 34.3863 ], [ 73.7537, 34.3857 ], [ 73.753, 34.3848 ], [ 73.7526, 34.3841 ], [ 73.7521, 34.3832 ], [ 73.7517, 34.3824 ], [ 73.7512, 34.3812 ], [ 73.7511, 34.3799 ], [ 73.7507, 34.3792 ], [ 73.7505, 34.3781 ], [ 73.7506, 34.3774 ], [ 73.7513, 34.3769 ], [ 73.7519, 34.3759 ], [ 73.7528, 34.375 ], [ 73.7531, 34.3737 ], [ 73.7531, 34.3723 ], [ 73.7531, 34.371 ], [ 73.7531, 34.3697 ], [ 73.7527, 34.368 ], [ 73.7525, 34.3666 ], [ 73.7522, 34.3653 ], [ 73.7516, 34.364 ], [ 73.7513, 34.363 ], [ 73.7511, 34.3624 ], [ 73.7507, 34.3613 ], [ 73.7503, 34.3604 ], [ 73.75, 34.3594 ], [ 73.75, 34.3585 ], [ 73.75, 34.3575 ], [ 73.7502, 34.3568 ], [ 73.7507, 34.3564 ], [ 73.7514, 34.3565 ], [ 73.7527, 34.3567 ], [ 73.7541, 34.3567 ], [ 73.7561, 34.3571 ], [ 73.7576, 34.3571 ], [ 73.7584, 34.3565 ], [ 73.7592, 34.3557 ], [ 73.7603, 34.3544 ], [ 73.7621, 34.353 ], [ 73.7624, 34.3528 ], [ 73.7651, 34.3508 ], [ 73.7664, 34.3497 ], [ 73.7685, 34.3484 ], [ 73.7699, 34.3474 ], [ 73.7712, 34.3464 ], [ 73.7727, 34.3454 ], [ 73.7737, 34.3451 ], [ 73.7749, 34.3451 ], [ 73.7764, 34.3453 ], [ 73.7775, 34.3455 ], [ 73.779, 34.3458 ], [ 73.7808, 34.3462 ], [ 73.7824, 34.3465 ], [ 73.7843, 34.3468 ], [ 73.7853, 34.3474 ], [ 73.7877, 34.3478 ], [ 73.789, 34.3479 ], [ 73.7906, 34.3483 ], [ 73.7914, 34.3487 ], [ 73.793, 34.3491 ], [ 73.7943, 34.3495 ], [ 73.7959, 34.3496 ], [ 73.7971, 34.3501 ], [ 73.7981, 34.3504 ], [ 73.799, 34.3509 ], [ 73.7999, 34.3514 ], [ 73.7999, 34.3524 ], [ 73.7995, 34.3532 ], [ 73.799, 34.354 ], [ 73.7991, 34.3548 ], [ 73.7995, 34.3558 ], [ 73.8004, 34.3562 ], [ 73.801, 34.357 ], [ 73.8015, 34.3579 ], [ 73.8024, 34.3581 ], [ 73.8034, 34.3581 ], [ 73.8044, 34.3578 ], [ 73.8057, 34.3575 ], [ 73.8066, 34.3575 ], [ 73.8074, 34.3577 ], [ 73.8086, 34.3581 ], [ 73.8097, 34.3579 ], [ 73.8104, 34.3575 ], [ 73.8112, 34.3567 ], [ 73.8127, 34.3567 ], [ 73.8137, 34.3571 ], [ 73.8143, 34.3578 ], [ 73.8148, 34.3582 ], [ 73.8152, 34.3588 ], [ 73.8161, 34.3588 ], [ 73.8164, 34.3583 ], [ 73.8164, 34.3577 ], [ 73.8163, 34.357 ], [ 73.8158, 34.356 ], [ 73.8146, 34.3551 ], [ 73.8139, 34.3546 ], [ 73.8138, 34.3538 ], [ 73.8136, 34.3529 ], [ 73.813, 34.352 ], [ 73.8124, 34.3514 ], [ 73.8117, 34.3509 ], [ 73.8112, 34.3506 ], [ 73.8105, 34.35 ], [ 73.8102, 34.3494 ], [ 73.8105, 34.3486 ], [ 73.8114, 34.3486 ], [ 73.8126, 34.3485 ], [ 73.8129, 34.3479 ], [ 73.8133, 34.3471 ], [ 73.8144, 34.3461 ], [ 73.8155, 34.345 ], [ 73.8168, 34.3439 ], [ 73.8177, 34.3436 ], [ 73.8193, 34.3433 ], [ 73.8212, 34.3432 ], [ 73.8232, 34.3431 ], [ 73.8252, 34.3431 ], [ 73.8272, 34.3429 ], [ 73.8286, 34.343 ], [ 73.83, 34.3429 ], [ 73.8319, 34.3429 ], [ 73.8333, 34.3429 ], [ 73.8344, 34.3429 ], [ 73.836, 34.3428 ], [ 73.8376, 34.3427 ], [ 73.8393, 34.3425 ], [ 73.8411, 34.3424 ], [ 73.8425, 34.3422 ], [ 73.8436, 34.3417 ], [ 73.8451, 34.3412 ], [ 73.8465, 34.3407 ], [ 73.8481, 34.3403 ], [ 73.8493, 34.3396 ], [ 73.8504, 34.3388 ], [ 73.8513, 34.3375 ], [ 73.8518, 34.3367 ], [ 73.8521, 34.3355 ], [ 73.8535, 34.3346 ], [ 73.8542, 34.334 ], [ 73.8559, 34.3341 ], [ 73.8568, 34.3345 ], [ 73.8581, 34.335 ], [ 73.8592, 34.3356 ], [ 73.8601, 34.3365 ], [ 73.8605, 34.3377 ], [ 73.8609, 34.3387 ], [ 73.8616, 34.3398 ], [ 73.8625, 34.3411 ], [ 73.8633, 34.3418 ], [ 73.8646, 34.3432 ], [ 73.8653, 34.3439 ], [ 73.8658, 34.3449 ], [ 73.8661, 34.3457 ], [ 73.8663, 34.3466 ], [ 73.8675, 34.3472 ], [ 73.8688, 34.3472 ], [ 73.8706, 34.3471 ], [ 73.8716, 34.3467 ], [ 73.8728, 34.3463 ], [ 73.8744, 34.3459 ], [ 73.8759, 34.3457 ], [ 73.8773, 34.3454 ], [ 73.8792, 34.3454 ], [ 73.8809, 34.3454 ], [ 73.883, 34.3454 ], [ 73.8844, 34.3454 ], [ 73.8861, 34.3456 ], [ 73.8873, 34.3457 ], [ 73.8885, 34.3458 ], [ 73.8893, 34.3463 ], [ 73.8897, 34.347 ], [ 73.8902, 34.3478 ], [ 73.8907, 34.3484 ], [ 73.8912, 34.3491 ], [ 73.8917, 34.3498 ], [ 73.8929, 34.3505 ], [ 73.894, 34.3508 ], [ 73.8949, 34.3512 ], [ 73.8962, 34.3516 ], [ 73.8974, 34.3519 ], [ 73.8991, 34.3526 ], [ 73.9004, 34.3532 ], [ 73.9018, 34.3538 ], [ 73.9032, 34.3545 ], [ 73.9047, 34.3552 ], [ 73.9062, 34.3554 ], [ 73.9073, 34.3552 ], [ 73.9084, 34.3556 ], [ 73.9097, 34.3555 ], [ 73.912, 34.3555 ], [ 73.9136, 34.3555 ], [ 73.9155, 34.3556 ], [ 73.9176, 34.3555 ], [ 73.9191, 34.3556 ], [ 73.9201, 34.3558 ], [ 73.921, 34.3557 ], [ 73.923, 34.3555 ], [ 73.9244, 34.3548 ], [ 73.9254, 34.3539 ], [ 73.9262, 34.3529 ], [ 73.9273, 34.3522 ], [ 73.9286, 34.3517 ], [ 73.93, 34.3511 ], [ 73.9312, 34.3507 ], [ 73.9327, 34.3503 ], [ 73.9345, 34.3499 ], [ 73.936, 34.3499 ], [ 73.9375, 34.3497 ], [ 73.9388, 34.3494 ], [ 73.9403, 34.3491 ], [ 73.941, 34.3487 ], [ 73.9411, 34.3478 ], [ 73.9406, 34.3469 ], [ 73.9399, 34.346 ], [ 73.9397, 34.3451 ], [ 73.939, 34.344 ], [ 73.9383, 34.3431 ], [ 73.9379, 34.3423 ], [ 73.9372, 34.3415 ], [ 73.9366, 34.3404 ], [ 73.9358, 34.3396 ], [ 73.9354, 34.3388 ], [ 73.9348, 34.3381 ], [ 73.9342, 34.3375 ], [ 73.9336, 34.3366 ], [ 73.933, 34.336 ], [ 73.9321, 34.3349 ], [ 73.9314, 34.3341 ], [ 73.9307, 34.3332 ], [ 73.9305, 34.332 ], [ 73.9298, 34.3306 ], [ 73.929, 34.33 ], [ 73.9285, 34.3297 ], [ 73.9279, 34.3291 ], [ 73.9272, 34.3287 ], [ 73.9265, 34.3282 ], [ 73.9254, 34.3276 ], [ 73.9242, 34.3267 ], [ 73.9235, 34.3261 ], [ 73.9227, 34.3257 ], [ 73.9221, 34.325 ], [ 73.9217, 34.3245 ], [ 73.9213, 34.3238 ], [ 73.9209, 34.3229 ], [ 73.9205, 34.3217 ], [ 73.9204, 34.3207 ], [ 73.9204, 34.3198 ], [ 73.9207, 34.3189 ], [ 73.9213, 34.3183 ], [ 73.9222, 34.3181 ], [ 73.9233, 34.3181 ], [ 73.9249, 34.318 ], [ 73.9264, 34.3178 ], [ 73.9275, 34.3176 ], [ 73.9291, 34.3175 ], [ 73.9302, 34.3175 ], [ 73.9314, 34.3173 ], [ 73.9325, 34.3175 ], [ 73.9329, 34.3178 ], [ 73.9331, 34.3183 ], [ 73.9332, 34.3188 ], [ 73.9333, 34.3194 ], [ 73.9338, 34.3198 ], [ 73.934, 34.3204 ], [ 73.934, 34.3208 ], [ 73.9337, 34.3214 ], [ 73.9337, 34.322 ], [ 73.9335, 34.3229 ], [ 73.9335, 34.3234 ], [ 73.9337, 34.324 ], [ 73.9344, 34.3243 ], [ 73.935, 34.3244 ], [ 73.9357, 34.3245 ], [ 73.9364, 34.3245 ], [ 73.938, 34.3245 ], [ 73.9392, 34.3247 ], [ 73.9404, 34.3247 ], [ 73.9415, 34.3247 ], [ 73.943, 34.3247 ], [ 73.9443, 34.3244 ], [ 73.9449, 34.324 ], [ 73.9455, 34.3233 ], [ 73.9461, 34.3224 ], [ 73.9463, 34.321 ], [ 73.9463, 34.32 ], [ 73.9462, 34.3189 ], [ 73.946, 34.3179 ], [ 73.9458, 34.3163 ], [ 73.9459, 34.3152 ], [ 73.9459, 34.3134 ], [ 73.9461, 34.3124 ], [ 73.9456, 34.3119 ], [ 73.9449, 34.3114 ], [ 73.9437, 34.3108 ], [ 73.9423, 34.31 ], [ 73.9411, 34.3095 ], [ 73.94, 34.3091 ], [ 73.9391, 34.3087 ], [ 73.9384, 34.3087 ], [ 73.9382, 34.3083 ], [ 73.9381, 34.3077 ], [ 73.9382, 34.3065 ], [ 73.9379, 34.3053 ], [ 73.9381, 34.3035 ], [ 73.938, 34.3025 ], [ 73.938, 34.301 ], [ 73.9378, 34.2999 ], [ 73.9377, 34.299 ], [ 73.9376, 34.2979 ], [ 73.9376, 34.297 ], [ 73.9378, 34.2963 ], [ 73.9385, 34.2959 ], [ 73.9394, 34.2959 ], [ 73.9403, 34.2959 ], [ 73.9413, 34.2959 ], [ 73.9421, 34.2959 ], [ 73.9432, 34.2959 ], [ 73.9443, 34.2956 ], [ 73.9453, 34.2948 ], [ 73.946, 34.2937 ], [ 73.9465, 34.2926 ], [ 73.9469, 34.2914 ], [ 73.9471, 34.2903 ], [ 73.9479, 34.2896 ], [ 73.949, 34.2889 ], [ 73.9502, 34.2885 ], [ 73.9516, 34.2883 ], [ 73.9526, 34.2883 ], [ 73.9535, 34.2883 ], [ 73.9545, 34.2885 ], [ 73.9554, 34.2888 ], [ 73.9563, 34.289 ], [ 73.9574, 34.2891 ], [ 73.9585, 34.2885 ], [ 73.9598, 34.2882 ], [ 73.961, 34.2879 ], [ 73.9619, 34.2879 ], [ 73.963, 34.2881 ], [ 73.964, 34.2881 ], [ 73.9649, 34.2881 ], [ 73.9664, 34.2879 ], [ 73.9676, 34.2878 ], [ 73.9689, 34.2876 ], [ 73.9702, 34.2871 ], [ 73.9711, 34.2869 ], [ 73.9721, 34.2872 ], [ 73.9733, 34.2875 ], [ 73.975, 34.2876 ], [ 73.9765, 34.2874 ], [ 73.9774, 34.2872 ], [ 73.9788, 34.2872 ], [ 73.9801, 34.2871 ], [ 73.9813, 34.2865 ], [ 73.9827, 34.2861 ], [ 73.9841, 34.2858 ], [ 73.9852, 34.2854 ], [ 73.9864, 34.2851 ], [ 73.9874, 34.2848 ], [ 73.9883, 34.2845 ], [ 73.9901, 34.2842 ], [ 73.9914, 34.284 ], [ 73.9926, 34.284 ], [ 73.9937, 34.2839 ], [ 73.9943, 34.2836 ], [ 73.9943, 34.2829 ], [ 73.9943, 34.2821 ], [ 73.9938, 34.2805 ], [ 73.9938, 34.2792 ], [ 73.9936, 34.2779 ], [ 73.9935, 34.2766 ], [ 73.9935, 34.2751 ], [ 73.9933, 34.2743 ], [ 73.993, 34.2732 ], [ 73.993, 34.272 ], [ 73.9933, 34.2711 ], [ 73.9943, 34.2702 ], [ 73.9948, 34.2694 ], [ 73.9956, 34.2684 ], [ 73.9966, 34.2677 ], [ 73.9973, 34.2668 ], [ 73.998, 34.2661 ], [ 73.9985, 34.2652 ], [ 73.9994, 34.2639 ], [ 74.0001, 34.263 ], [ 74.0001, 34.2623 ], [ 74.0001, 34.2616 ], [ 74.0001, 34.2604 ], [ 74.0002, 34.2594 ], [ 74.0002, 34.2585 ], [ 74.0001, 34.2576 ], [ 73.9997, 34.2572 ], [ 73.9992, 34.2566 ], [ 73.9991, 34.2559 ], [ 73.999, 34.2555 ], [ 73.9986, 34.255 ], [ 73.9984, 34.2538 ], [ 73.9986, 34.2519 ], [ 73.9984, 34.2507 ], [ 73.9984, 34.25 ], [ 73.9987, 34.249 ], [ 73.999, 34.2481 ], [ 73.999, 34.2476 ], [ 73.9994, 34.2469 ], [ 73.9995, 34.2463 ], [ 73.9996, 34.2457 ], [ 73.9997, 34.2448 ], [ 73.9997, 34.2439 ], [ 73.9996, 34.2426 ], [ 73.9997, 34.2415 ], [ 73.9997, 34.2399 ], [ 73.9995, 34.2391 ], [ 73.999, 34.2386 ], [ 73.9986, 34.2381 ], [ 73.9986, 34.2374 ], [ 73.9987, 34.2366 ], [ 73.9985, 34.2358 ], [ 73.9985, 34.2346 ], [ 73.9986, 34.2331 ], [ 73.999, 34.2321 ], [ 73.9995, 34.2313 ], [ 73.9999, 34.2299 ], [ 74.0, 34.2287 ], [ 74.0005, 34.2273 ], [ 74.0005, 34.2265 ], [ 74.0004, 34.2255 ], [ 74.0004, 34.2245 ], [ 74.0002, 34.224 ], [ 73.9998, 34.2235 ], [ 73.9997, 34.2229 ], [ 73.9997, 34.222 ], [ 73.9996, 34.2214 ], [ 73.9994, 34.2204 ], [ 73.9994, 34.2194 ], [ 73.9996, 34.2181 ], [ 73.9996, 34.2172 ], [ 73.9994, 34.2157 ], [ 73.9997, 34.2143 ], [ 73.9999, 34.2133 ], [ 74.0002, 34.2124 ], [ 74.0004, 34.2118 ], [ 74.0004, 34.211 ], [ 74.0003, 34.2101 ], [ 73.9999, 34.2095 ], [ 73.9998, 34.2088 ], [ 73.9992, 34.2081 ], [ 73.9991, 34.2072 ], [ 73.9993, 34.2066 ], [ 73.9995, 34.2056 ], [ 74.0, 34.2047 ], [ 74.0001, 34.2036 ], [ 74.0001, 34.2027 ], [ 74.0003, 34.2018 ], [ 74.0003, 34.2006 ], [ 73.9999, 34.1999 ], [ 73.9999, 34.1986 ], [ 74.0001, 34.197 ], [ 74.0001, 34.196 ], [ 73.9998, 34.1956 ], [ 73.9996, 34.1951 ], [ 73.9994, 34.1946 ], [ 73.9992, 34.1941 ], [ 73.9992, 34.1933 ], [ 73.9989, 34.1928 ], [ 73.9985, 34.1925 ], [ 73.9976, 34.1921 ], [ 73.9969, 34.1917 ], [ 73.9959, 34.1911 ], [ 73.995, 34.1906 ], [ 73.9945, 34.1902 ], [ 73.994, 34.1897 ], [ 73.9932, 34.1892 ], [ 73.9923, 34.1888 ], [ 73.9913, 34.1882 ], [ 73.9896, 34.1881 ], [ 73.9884, 34.1881 ], [ 73.987, 34.1882 ], [ 73.9859, 34.1882 ], [ 73.9846, 34.1882 ], [ 73.9835, 34.1889 ], [ 73.9825, 34.1889 ], [ 73.9821, 34.1887 ], [ 73.9815, 34.188 ], [ 73.9808, 34.1873 ], [ 73.9799, 34.1866 ], [ 73.9789, 34.1861 ], [ 73.9783, 34.1855 ], [ 73.9768, 34.1848 ], [ 73.9754, 34.1845 ], [ 73.974, 34.1845 ], [ 73.9734, 34.1847 ], [ 73.9727, 34.1851 ], [ 73.9724, 34.1858 ], [ 73.9715, 34.1861 ], [ 73.971, 34.1859 ], [ 73.9707, 34.1854 ], [ 73.9704, 34.1847 ], [ 73.9698, 34.184 ], [ 73.9695, 34.1835 ], [ 73.9687, 34.1825 ], [ 73.9679, 34.182 ], [ 73.9669, 34.1817 ], [ 73.9664, 34.1816 ], [ 73.9658, 34.1816 ], [ 73.9652, 34.1816 ], [ 73.9645, 34.182 ], [ 73.964, 34.1824 ], [ 73.9635, 34.1829 ], [ 73.963, 34.1831 ], [ 73.9621, 34.1828 ], [ 73.9616, 34.1821 ], [ 73.9612, 34.1816 ], [ 73.9607, 34.1808 ], [ 73.9603, 34.1797 ], [ 73.96, 34.1787 ], [ 73.96, 34.1777 ], [ 73.9599, 34.1767 ], [ 73.9599, 34.1755 ], [ 73.9599, 34.1746 ], [ 73.961, 34.1735 ], [ 73.9624, 34.1731 ], [ 73.9637, 34.1727 ], [ 73.9652, 34.1723 ], [ 73.9668, 34.172 ], [ 73.9683, 34.1717 ], [ 73.9688, 34.171 ], [ 73.9688, 34.1704 ], [ 73.9687, 34.1699 ], [ 73.9684, 34.1693 ], [ 73.9682, 34.1686 ], [ 73.968, 34.1679 ], [ 73.9677, 34.167 ], [ 73.9673, 34.1663 ], [ 73.9668, 34.1657 ], [ 73.9662, 34.165 ], [ 73.9656, 34.1646 ], [ 73.9644, 34.1644 ], [ 73.9628, 34.1643 ], [ 73.9615, 34.1643 ], [ 73.9606, 34.1645 ], [ 73.9599, 34.1647 ], [ 73.9591, 34.1651 ], [ 73.9582, 34.1653 ], [ 73.9575, 34.1656 ], [ 73.9562, 34.1657 ], [ 73.955, 34.1655 ], [ 73.9543, 34.1651 ], [ 73.9537, 34.1646 ], [ 73.9537, 34.1638 ], [ 73.9538, 34.1629 ], [ 73.9541, 34.1618 ], [ 73.9545, 34.1609 ], [ 73.9544, 34.1604 ], [ 73.9542, 34.1599 ], [ 73.9535, 34.1595 ], [ 73.9528, 34.1591 ], [ 73.9517, 34.1585 ], [ 73.9508, 34.1578 ], [ 73.9501, 34.1575 ], [ 73.9493, 34.157 ], [ 73.9483, 34.1565 ], [ 73.9474, 34.1561 ], [ 73.947, 34.1558 ], [ 73.947, 34.1553 ], [ 73.9471, 34.1548 ], [ 73.9476, 34.1545 ], [ 73.9484, 34.1544 ], [ 73.9492, 34.1544 ], [ 73.9496, 34.1542 ], [ 73.9497, 34.1537 ], [ 73.9496, 34.1531 ], [ 73.9495, 34.1522 ], [ 73.9496, 34.1513 ], [ 73.9496, 34.1502 ], [ 73.9493, 34.1495 ], [ 73.9488, 34.1492 ], [ 73.9481, 34.1491 ], [ 73.9472, 34.1493 ], [ 73.9464, 34.1495 ], [ 73.9458, 34.1494 ], [ 73.9452, 34.1492 ], [ 73.9448, 34.1487 ], [ 73.9442, 34.1484 ], [ 73.9436, 34.1481 ], [ 73.9429, 34.1478 ], [ 73.9423, 34.1472 ], [ 73.9414, 34.1466 ], [ 73.9406, 34.1462 ], [ 73.9395, 34.1457 ], [ 73.9383, 34.1452 ], [ 73.9371, 34.145 ], [ 73.935, 34.1446 ], [ 73.9339, 34.1444 ], [ 73.933, 34.1444 ], [ 73.9321, 34.1442 ], [ 73.9316, 34.1437 ], [ 73.9308, 34.1434 ], [ 73.9299, 34.143 ], [ 73.9291, 34.1424 ], [ 73.9285, 34.1419 ], [ 73.9281, 34.1412 ], [ 73.9278, 34.1403 ], [ 73.9276, 34.1394 ], [ 73.9275, 34.1385 ], [ 73.9275, 34.1373 ], [ 73.9275, 34.1364 ], [ 73.9279, 34.1354 ], [ 73.9286, 34.1343 ], [ 73.9291, 34.1329 ], [ 73.9291, 34.1319 ], [ 73.9291, 34.1312 ], [ 73.9291, 34.1301 ], [ 73.929, 34.1291 ], [ 73.9289, 34.1279 ], [ 73.9289, 34.1268 ], [ 73.9287, 34.126 ], [ 73.9284, 34.125 ], [ 73.9282, 34.1241 ], [ 73.9277, 34.1225 ], [ 73.9275, 34.1214 ], [ 73.9272, 34.1203 ], [ 73.9268, 34.1194 ], [ 73.9265, 34.1185 ], [ 73.9265, 34.1173 ], [ 73.9264, 34.1167 ], [ 73.9259, 34.1161 ], [ 73.9247, 34.1157 ], [ 73.9229, 34.1157 ], [ 73.9215, 34.116 ], [ 73.9206, 34.1166 ], [ 73.9196, 34.1172 ], [ 73.919, 34.1177 ], [ 73.9179, 34.1181 ], [ 73.9161, 34.1182 ], [ 73.9145, 34.1182 ], [ 73.913, 34.1181 ], [ 73.9112, 34.1184 ], [ 73.9095, 34.1188 ], [ 73.9078, 34.1188 ], [ 73.9069, 34.1183 ], [ 73.9061, 34.1179 ], [ 73.9056, 34.1171 ], [ 73.9054, 34.1162 ], [ 73.9054, 34.1151 ], [ 73.9055, 34.1141 ], [ 73.9055, 34.1132 ], [ 73.9055, 34.1122 ], [ 73.9053, 34.111 ], [ 73.905, 34.1097 ], [ 73.9047, 34.1088 ], [ 73.9046, 34.1075 ], [ 73.904, 34.1066 ], [ 73.9043, 34.1061 ], [ 73.9046, 34.1057 ], [ 73.9044, 34.1051 ], [ 73.9039, 34.1047 ], [ 73.9032, 34.1046 ], [ 73.9027, 34.1042 ], [ 73.9022, 34.1035 ], [ 73.9022, 34.1026 ], [ 73.9021, 34.1015 ], [ 73.9028, 34.1009 ], [ 73.9034, 34.1001 ], [ 73.9041, 34.0996 ], [ 73.9052, 34.0996 ], [ 73.9064, 34.0997 ], [ 73.9069, 34.0993 ], [ 73.9076, 34.0989 ], [ 73.9082, 34.0982 ], [ 73.9086, 34.0973 ], [ 73.9089, 34.096 ], [ 73.9084, 34.0955 ], [ 73.9078, 34.0954 ], [ 73.9073, 34.0949 ], [ 73.9068, 34.0941 ], [ 73.9065, 34.0927 ], [ 73.9061, 34.0916 ], [ 73.9058, 34.0904 ], [ 73.9054, 34.0893 ], [ 73.9047, 34.0882 ], [ 73.9041, 34.0877 ], [ 73.9031, 34.0876 ], [ 73.9024, 34.0875 ], [ 73.9014, 34.087 ], [ 73.9007, 34.0862 ], [ 73.9007, 34.0854 ], [ 73.9007, 34.0843 ], [ 73.9007, 34.0833 ], [ 73.9004, 34.0824 ], [ 73.8998, 34.0817 ], [ 73.8992, 34.0813 ], [ 73.8987, 34.0808 ], [ 73.8984, 34.0803 ], [ 73.898, 34.0793 ], [ 73.8977, 34.0785 ], [ 73.8977, 34.0776 ], [ 73.8977, 34.0766 ], [ 73.8976, 34.0757 ], [ 73.8973, 34.0751 ], [ 73.8969, 34.0744 ], [ 73.8967, 34.0733 ], [ 73.8967, 34.0723 ], [ 73.897, 34.0712 ], [ 73.8972, 34.07 ], [ 73.8979, 34.0688 ], [ 73.8982, 34.0683 ], [ 73.8987, 34.0674 ], [ 73.8994, 34.0662 ], [ 73.8998, 34.0654 ], [ 73.9002, 34.0643 ], [ 73.9006, 34.0632 ], [ 73.9008, 34.0628 ], [ 73.9013, 34.0622 ], [ 73.9017, 34.0616 ], [ 73.9023, 34.0609 ], [ 73.903, 34.0602 ], [ 73.9038, 34.0596 ], [ 73.9046, 34.0589 ], [ 73.9053, 34.0582 ], [ 73.9061, 34.0574 ], [ 73.9069, 34.057 ], [ 73.9076, 34.0564 ], [ 73.9083, 34.0556 ], [ 73.9089, 34.0549 ], [ 73.9095, 34.0543 ], [ 73.9105, 34.0541 ], [ 73.9116, 34.0539 ], [ 73.9124, 34.0539 ], [ 73.9138, 34.0537 ], [ 73.9148, 34.0535 ], [ 73.916, 34.0533 ], [ 73.917, 34.0529 ], [ 73.9181, 34.0532 ], [ 73.9193, 34.0531 ], [ 73.9197, 34.0526 ], [ 73.9203, 34.0517 ], [ 73.9213, 34.0507 ], [ 73.9219, 34.0498 ], [ 73.9223, 34.0487 ], [ 73.9231, 34.0474 ], [ 73.9234, 34.046 ], [ 73.9237, 34.0448 ], [ 73.9242, 34.0435 ], [ 73.9245, 34.042 ], [ 73.925, 34.0412 ], [ 73.9255, 34.0401 ], [ 73.926, 34.0394 ], [ 73.9263, 34.0383 ], [ 73.9265, 34.0376 ], [ 73.9274, 34.0373 ], [ 73.9272, 34.0367 ], [ 73.9267, 34.0365 ], [ 73.926, 34.0361 ], [ 73.9254, 34.0356 ], [ 73.9246, 34.035 ], [ 73.9238, 34.0346 ], [ 73.9222, 34.0347 ], [ 73.9209, 34.0339 ], [ 73.9196, 34.0336 ], [ 73.9188, 34.033 ], [ 73.918, 34.0325 ], [ 73.9171, 34.032 ], [ 73.9164, 34.0314 ], [ 73.9157, 34.031 ], [ 73.9153, 34.0306 ], [ 73.9148, 34.0304 ], [ 73.9147, 34.0304 ], [ 73.9135, 34.0301 ], [ 73.9128, 34.0305 ], [ 73.9114, 34.031 ], [ 73.9106, 34.0312 ], [ 73.9094, 34.0317 ], [ 73.9087, 34.0321 ], [ 73.9078, 34.0324 ], [ 73.9072, 34.0324 ], [ 73.9067, 34.0322 ], [ 73.9063, 34.032 ], [ 73.9058, 34.0316 ], [ 73.9054, 34.0311 ], [ 73.9048, 34.0303 ], [ 73.9062, 34.0303 ], [ 73.908, 34.0294 ], [ 73.9092, 34.0291 ], [ 73.9101, 34.0288 ], [ 73.9111, 34.0284 ], [ 73.9119, 34.0279 ], [ 73.9127, 34.0273 ], [ 73.9139, 34.0268 ], [ 73.9146, 34.0262 ], [ 73.9154, 34.0255 ], [ 73.9162, 34.0249 ], [ 73.917, 34.0246 ], [ 73.9175, 34.0243 ], [ 73.9185, 34.0239 ], [ 73.9197, 34.0236 ], [ 73.9209, 34.0235 ], [ 73.9219, 34.0235 ], [ 73.9231, 34.0235 ], [ 73.9237, 34.0238 ], [ 73.9257, 34.0238 ], [ 73.9277, 34.0237 ], [ 73.9284, 34.0232 ], [ 73.9297, 34.023 ], [ 73.9312, 34.023 ], [ 73.9334, 34.0237 ], [ 73.9345, 34.0239 ], [ 73.9352, 34.0241 ], [ 73.9364, 34.0242 ], [ 73.9371, 34.0246 ], [ 73.9377, 34.025 ], [ 73.9384, 34.0257 ], [ 73.9388, 34.0261 ], [ 73.9395, 34.0266 ], [ 73.9404, 34.0273 ], [ 73.9414, 34.0282 ], [ 73.942, 34.0287 ], [ 73.9425, 34.0289 ], [ 73.9436, 34.029 ], [ 73.9444, 34.0289 ], [ 73.9456, 34.0287 ], [ 73.9464, 34.0284 ], [ 73.947, 34.0281 ], [ 73.949, 34.0276 ], [ 73.9499, 34.0272 ], [ 73.9505, 34.0268 ], [ 73.9512, 34.0267 ], [ 73.9516, 34.0266 ], [ 73.9525, 34.0266 ], [ 73.9533, 34.0266 ], [ 73.9558, 34.0266 ], [ 73.9561, 34.0258 ], [ 73.9561, 34.0254 ], [ 73.9566, 34.0252 ], [ 73.9573, 34.0251 ], [ 73.9584, 34.0249 ], [ 73.9602, 34.0248 ], [ 73.9614, 34.0243 ], [ 73.9621, 34.0241 ], [ 73.9635, 34.0238 ], [ 73.9642, 34.0234 ], [ 73.9651, 34.023 ], [ 73.9659, 34.0228 ], [ 73.9662, 34.0228 ], [ 73.9666, 34.0234 ], [ 73.967, 34.024 ], [ 73.9675, 34.0244 ], [ 73.9681, 34.0245 ], [ 73.9692, 34.0245 ], [ 73.97, 34.0242 ], [ 73.9709, 34.0239 ], [ 73.9718, 34.0238 ], [ 73.9723, 34.0238 ], [ 73.9729, 34.024 ], [ 73.9735, 34.0243 ], [ 73.9741, 34.0247 ], [ 73.9746, 34.025 ], [ 73.9759, 34.0253 ], [ 73.9765, 34.0253 ], [ 73.9774, 34.0253 ], [ 73.9778, 34.0252 ], [ 73.9783, 34.0249 ], [ 73.9787, 34.0247 ], [ 73.9794, 34.0245 ], [ 73.9801, 34.0243 ], [ 73.9809, 34.0243 ], [ 73.9815, 34.0243 ], [ 73.9823, 34.0243 ], [ 73.9832, 34.0241 ], [ 73.9841, 34.0241 ], [ 73.9848, 34.0241 ], [ 73.9853, 34.0241 ], [ 73.9858, 34.0241 ], [ 73.9862, 34.0241 ], [ 73.9867, 34.0242 ], [ 73.9873, 34.0244 ], [ 73.9883, 34.0247 ], [ 73.9885, 34.0249 ], [ 73.9903, 34.0256 ], [ 73.9913, 34.027 ], [ 73.9924, 34.0271 ], [ 73.9934, 34.0274 ], [ 73.9939, 34.0278 ], [ 73.9947, 34.0283 ], [ 73.9964, 34.029 ], [ 73.9966, 34.0292 ], [ 73.9973, 34.0298 ], [ 73.9978, 34.0302 ], [ 73.9983, 34.0307 ], [ 73.9986, 34.0307 ], [ 74.0005, 34.0323 ], [ 74.0007, 34.0332 ], [ 74.0019, 34.0344 ], [ 74.003, 34.0354 ], [ 74.004, 34.0361 ], [ 74.0046, 34.0369 ], [ 74.0054, 34.038 ], [ 74.006, 34.0392 ], [ 74.0062, 34.04 ], [ 74.0066, 34.0408 ], [ 74.0069, 34.0416 ], [ 74.0073, 34.0425 ], [ 74.0074, 34.0436 ], [ 74.0077, 34.0443 ], [ 74.0082, 34.0454 ], [ 74.0092, 34.0467 ], [ 74.0103, 34.0475 ], [ 74.0116, 34.0477 ], [ 74.0131, 34.0477 ], [ 74.0143, 34.0473 ], [ 74.0153, 34.047 ], [ 74.0174, 34.0466 ], [ 74.0182, 34.046 ], [ 74.0195, 34.0448 ], [ 74.0207, 34.0441 ], [ 74.0229, 34.0431 ], [ 74.0239, 34.0424 ], [ 74.0251, 34.0409 ], [ 74.026, 34.0404 ], [ 74.0273, 34.0396 ], [ 74.0287, 34.039 ], [ 74.0304, 34.0385 ], [ 74.0316, 34.0385 ], [ 74.0333, 34.0385 ], [ 74.0355, 34.0386 ], [ 74.0368, 34.0401 ], [ 74.0375, 34.0407 ], [ 74.0384, 34.0411 ], [ 74.0398, 34.0412 ], [ 74.0407, 34.0412 ], [ 74.0423, 34.0416 ], [ 74.0437, 34.0418 ], [ 74.0457, 34.0418 ], [ 74.0468, 34.0419 ], [ 74.0484, 34.0419 ], [ 74.0502, 34.0427 ], [ 74.051, 34.043 ], [ 74.0519, 34.0433 ], [ 74.0528, 34.0437 ], [ 74.0544, 34.0439 ], [ 74.0555, 34.0443 ], [ 74.0562, 34.0449 ], [ 74.0572, 34.0453 ], [ 74.0583, 34.0456 ], [ 74.0588, 34.0459 ], [ 74.0593, 34.046 ], [ 74.0598, 34.0462 ], [ 74.0606, 34.0464 ], [ 74.0616, 34.0467 ], [ 74.0623, 34.047 ], [ 74.0639, 34.0471 ], [ 74.0659, 34.0472 ], [ 74.0667, 34.0477 ], [ 74.0672, 34.0479 ], [ 74.0684, 34.0485 ], [ 74.0695, 34.0485 ], [ 74.0703, 34.0485 ], [ 74.0712, 34.0486 ], [ 74.072, 34.0486 ], [ 74.0726, 34.0486 ], [ 74.0733, 34.0484 ], [ 74.0737, 34.0483 ], [ 74.0747, 34.0482 ], [ 74.0754, 34.048 ], [ 74.0758, 34.0473 ], [ 74.0763, 34.0468 ], [ 74.0767, 34.0468 ], [ 74.0775, 34.047 ], [ 74.0777, 34.0475 ], [ 74.0788, 34.0479 ], [ 74.0792, 34.0479 ], [ 74.0797, 34.0479 ], [ 74.0799, 34.0477 ], [ 74.0803, 34.0474 ], [ 74.082, 34.047 ], [ 74.0831, 34.0468 ], [ 74.0838, 34.0472 ], [ 74.0838, 34.048 ], [ 74.0835, 34.0486 ], [ 74.0832, 34.049 ], [ 74.0829, 34.0494 ], [ 74.0826, 34.0501 ], [ 74.0826, 34.0509 ], [ 74.0837, 34.0513 ], [ 74.0851, 34.0506 ], [ 74.0862, 34.0502 ], [ 74.0876, 34.0501 ], [ 74.0888, 34.0502 ], [ 74.0895, 34.0504 ], [ 74.0918, 34.0505 ], [ 74.0927, 34.0505 ], [ 74.0939, 34.0506 ], [ 74.0946, 34.0507 ], [ 74.0957, 34.0509 ], [ 74.0969, 34.0511 ], [ 74.0995, 34.0513 ], [ 74.1001, 34.0513 ], [ 74.1009, 34.0511 ], [ 74.1017, 34.0508 ], [ 74.103, 34.0508 ], [ 74.104, 34.0508 ], [ 74.1048, 34.0504 ], [ 74.1053, 34.0501 ], [ 74.1065, 34.0498 ], [ 74.1079, 34.0498 ], [ 74.1107, 34.0498 ], [ 74.1116, 34.0502 ], [ 74.1124, 34.0509 ], [ 74.1134, 34.0515 ], [ 74.1149, 34.0515 ], [ 74.1159, 34.0509 ], [ 74.1168, 34.0505 ], [ 74.118, 34.0503 ], [ 74.1198, 34.0493 ], [ 74.1211, 34.0489 ], [ 74.1233, 34.0485 ], [ 74.1247, 34.0474 ], [ 74.1257, 34.0473 ], [ 74.1274, 34.0477 ], [ 74.1285, 34.0486 ], [ 74.13, 34.049 ], [ 74.1309, 34.0491 ], [ 74.132, 34.0492 ], [ 74.1333, 34.0492 ], [ 74.1345, 34.0489 ], [ 74.1356, 34.0489 ], [ 74.137, 34.0489 ], [ 74.1384, 34.0486 ], [ 74.1398, 34.0481 ], [ 74.1413, 34.0478 ], [ 74.1427, 34.0471 ], [ 74.1448, 34.0467 ], [ 74.1457, 34.0467 ], [ 74.1477, 34.0467 ], [ 74.1485, 34.0467 ], [ 74.1493, 34.0467 ], [ 74.1501, 34.0467 ], [ 74.1506, 34.0468 ], [ 74.1514, 34.0473 ], [ 74.1523, 34.0477 ], [ 74.1529, 34.048 ], [ 74.1545, 34.0489 ], [ 74.1553, 34.0492 ], [ 74.1559, 34.0494 ], [ 74.1568, 34.0495 ], [ 74.1577, 34.0495 ], [ 74.1585, 34.0495 ], [ 74.1602, 34.0488 ], [ 74.161, 34.0485 ], [ 74.1629, 34.0477 ], [ 74.1633, 34.0477 ], [ 74.1642, 34.0472 ], [ 74.1651, 34.047 ], [ 74.1666, 34.047 ], [ 74.1674, 34.0471 ], [ 74.1681, 34.0474 ], [ 74.1689, 34.0474 ], [ 74.1696, 34.0471 ], [ 74.1706, 34.0468 ], [ 74.1709, 34.0468 ], [ 74.1711, 34.0466 ], [ 74.1716, 34.0465 ], [ 74.1727, 34.0462 ], [ 74.173, 34.046 ], [ 74.1733, 34.0455 ], [ 74.1733, 34.0449 ], [ 74.1733, 34.0443 ], [ 74.1734, 34.0437 ], [ 74.1736, 34.0426 ], [ 74.1736, 34.042 ], [ 74.1737, 34.0414 ], [ 74.1738, 34.0406 ], [ 74.174, 34.0402 ], [ 74.1745, 34.0394 ], [ 74.1746, 34.0386 ], [ 74.1751, 34.0379 ], [ 74.1755, 34.0374 ], [ 74.1759, 34.0369 ], [ 74.1767, 34.0365 ], [ 74.1776, 34.036 ], [ 74.1785, 34.0357 ], [ 74.1802, 34.0357 ], [ 74.1814, 34.0357 ], [ 74.1833, 34.0352 ], [ 74.1857, 34.0343 ], [ 74.1872, 34.034 ], [ 74.1893, 34.0339 ], [ 74.1917, 34.0343 ], [ 74.1923, 34.0343 ], [ 74.1929, 34.0346 ], [ 74.1935, 34.0346 ], [ 74.1942, 34.0346 ], [ 74.195, 34.0347 ], [ 74.1967, 34.0341 ], [ 74.1975, 34.034 ], [ 74.1992, 34.0339 ], [ 74.1995, 34.0336 ], [ 74.1998, 34.033 ], [ 74.2002, 34.0323 ], [ 74.2002, 34.0317 ], [ 74.1997, 34.0312 ], [ 74.1988, 34.0307 ], [ 74.198, 34.0302 ], [ 74.1974, 34.03 ], [ 74.1967, 34.0294 ], [ 74.1966, 34.029 ], [ 74.1966, 34.0284 ], [ 74.1967, 34.0277 ], [ 74.1971, 34.0271 ], [ 74.1973, 34.0266 ], [ 74.1977, 34.0262 ], [ 74.1977, 34.0254 ], [ 74.1973, 34.025 ], [ 74.1966, 34.0242 ], [ 74.1965, 34.0236 ], [ 74.1961, 34.0231 ], [ 74.1958, 34.0225 ], [ 74.1956, 34.0218 ], [ 74.1953, 34.0201 ], [ 74.1952, 34.0193 ], [ 74.1952, 34.0186 ], [ 74.1952, 34.018 ], [ 74.1955, 34.0175 ], [ 74.1955, 34.0167 ], [ 74.1954, 34.0155 ], [ 74.195, 34.0146 ], [ 74.1958, 34.014 ], [ 74.1965, 34.0131 ], [ 74.1968, 34.0124 ], [ 74.1976, 34.0115 ], [ 74.1987, 34.011 ], [ 74.2008, 34.011 ], [ 74.2032, 34.0107 ], [ 74.2044, 34.0105 ], [ 74.2051, 34.0105 ], [ 74.2083, 34.0105 ], [ 74.2095, 34.0105 ], [ 74.211, 34.0102 ], [ 74.2119, 34.0102 ], [ 74.2128, 34.0104 ], [ 74.2143, 34.0105 ], [ 74.2161, 34.0105 ], [ 74.2174, 34.0105 ], [ 74.2187, 34.0105 ], [ 74.2199, 34.0109 ], [ 74.2227, 34.0112 ], [ 74.2227, 34.0121 ], [ 74.2235, 34.013 ], [ 74.2245, 34.013 ], [ 74.2269, 34.0124 ], [ 74.2284, 34.0124 ], [ 74.229, 34.0126 ], [ 74.2312, 34.013 ], [ 74.2321, 34.0127 ], [ 74.2342, 34.0127 ], [ 74.2349, 34.0124 ], [ 74.2369, 34.0117 ], [ 74.2375, 34.0117 ], [ 74.2413, 34.0114 ], [ 74.2417, 34.0116 ], [ 74.242, 34.012 ], [ 74.2428, 34.0121 ], [ 74.2441, 34.0122 ], [ 74.2469, 34.0122 ], [ 74.2484, 34.0122 ], [ 74.2491, 34.0121 ], [ 74.2504, 34.0118 ], [ 74.2523, 34.0111 ], [ 74.2536, 34.0108 ], [ 74.2544, 34.0105 ], [ 74.2557, 34.01 ], [ 74.2569, 34.0095 ], [ 74.2582, 34.0079 ], [ 74.2587, 34.0074 ], [ 74.2595, 34.0065 ], [ 74.2603, 34.0059 ], [ 74.2608, 34.0053 ], [ 74.2614, 34.0042 ], [ 74.2618, 34.0034 ], [ 74.2623, 34.0023 ], [ 74.2626, 34.0012 ], [ 74.2629, 34.0003 ], [ 74.263, 33.9996 ], [ 74.263, 33.9989 ], [ 74.2628, 33.9981 ], [ 74.2623, 33.9976 ], [ 74.2618, 33.9969 ], [ 74.2613, 33.9961 ], [ 74.2609, 33.9954 ], [ 74.2601, 33.9945 ], [ 74.2598, 33.9936 ], [ 74.2596, 33.993 ], [ 74.2594, 33.9923 ], [ 74.2594, 33.9916 ], [ 74.2598, 33.991 ], [ 74.2603, 33.9904 ], [ 74.2609, 33.9899 ], [ 74.2613, 33.9892 ], [ 74.2618, 33.9886 ], [ 74.2624, 33.988 ], [ 74.2628, 33.9879 ], [ 74.2634, 33.9878 ], [ 74.2644, 33.9878 ], [ 74.2651, 33.9878 ], [ 74.2661, 33.9874 ], [ 74.2669, 33.9869 ], [ 74.2682, 33.9862 ], [ 74.2691, 33.9859 ], [ 74.27, 33.9856 ], [ 74.2723, 33.9849 ], [ 74.2727, 33.9847 ], [ 74.2736, 33.9838 ], [ 74.2745, 33.9829 ], [ 74.275, 33.9823 ], [ 74.2753, 33.9817 ], [ 74.2753, 33.9807 ], [ 74.2752, 33.9794 ], [ 74.2744, 33.9785 ], [ 74.2738, 33.9777 ], [ 74.2731, 33.9773 ], [ 74.272, 33.976 ], [ 74.272, 33.9748 ], [ 74.2717, 33.9741 ], [ 74.2712, 33.9732 ], [ 74.2712, 33.9726 ], [ 74.2711, 33.9708 ], [ 74.2711, 33.9705 ], [ 74.2708, 33.9703 ], [ 74.27, 33.97 ], [ 74.2696, 33.9697 ], [ 74.2679, 33.9695 ], [ 74.2672, 33.9691 ], [ 74.2668, 33.9685 ], [ 74.2665, 33.968 ], [ 74.2665, 33.9674 ], [ 74.2667, 33.9672 ], [ 74.2671, 33.9666 ], [ 74.2683, 33.9657 ], [ 74.2689, 33.9653 ], [ 74.2691, 33.9651 ], [ 74.2698, 33.9644 ], [ 74.2703, 33.9642 ], [ 74.2714, 33.9638 ], [ 74.2721, 33.9636 ], [ 74.273, 33.9635 ], [ 74.2735, 33.9635 ], [ 74.2743, 33.9629 ], [ 74.2744, 33.9622 ], [ 74.2747, 33.9615 ], [ 74.2756, 33.9606 ], [ 74.276, 33.96 ], [ 74.2765, 33.9592 ], [ 74.2767, 33.9589 ], [ 74.2774, 33.9585 ], [ 74.278, 33.958 ], [ 74.2783, 33.9573 ], [ 74.2786, 33.9567 ], [ 74.2789, 33.9561 ], [ 74.2792, 33.9554 ], [ 74.2796, 33.9546 ], [ 74.2801, 33.9542 ], [ 74.2806, 33.9534 ], [ 74.2809, 33.9525 ], [ 74.2814, 33.9515 ], [ 74.2814, 33.9504 ], [ 74.2814, 33.9497 ], [ 74.281, 33.9493 ], [ 74.2807, 33.9488 ], [ 74.2804, 33.9479 ], [ 74.28, 33.9474 ], [ 74.2795, 33.9468 ], [ 74.2789, 33.9463 ], [ 74.2785, 33.9457 ], [ 74.278, 33.9448 ], [ 74.2774, 33.9439 ], [ 74.2773, 33.943 ], [ 74.2769, 33.9418 ], [ 74.2769, 33.9409 ], [ 74.2771, 33.9398 ], [ 74.2771, 33.9389 ], [ 74.277, 33.9379 ], [ 74.2761, 33.937 ], [ 74.2755, 33.9362 ], [ 74.2748, 33.9349 ], [ 74.2747, 33.9339 ], [ 74.2747, 33.9332 ], [ 74.2748, 33.9323 ], [ 74.2753, 33.9316 ], [ 74.2759, 33.931 ], [ 74.2759, 33.9304 ], [ 74.2761, 33.9296 ], [ 74.2761, 33.929 ], [ 74.2761, 33.9283 ], [ 74.2759, 33.9276 ], [ 74.2759, 33.9267 ], [ 74.2763, 33.926 ], [ 74.277, 33.9254 ], [ 74.2773, 33.9247 ], [ 74.2773, 33.9239 ], [ 74.2768, 33.9235 ], [ 74.2763, 33.9232 ], [ 74.2759, 33.9224 ], [ 74.2747, 33.9219 ], [ 74.2743, 33.9213 ], [ 74.2751, 33.92 ], [ 74.2758, 33.9197 ], [ 74.2765, 33.9194 ], [ 74.2771, 33.9189 ], [ 74.2772, 33.9185 ], [ 74.2774, 33.9179 ], [ 74.278, 33.9173 ], [ 74.2787, 33.9169 ], [ 74.2793, 33.9164 ], [ 74.2799, 33.9161 ], [ 74.2808, 33.9154 ], [ 74.2809, 33.9148 ], [ 74.2804, 33.9142 ], [ 74.2795, 33.9139 ], [ 74.2785, 33.9128 ], [ 74.2773, 33.9124 ], [ 74.2768, 33.9119 ], [ 74.2759, 33.9114 ], [ 74.2752, 33.9106 ], [ 74.275, 33.9099 ], [ 74.2747, 33.9092 ], [ 74.2749, 33.9084 ], [ 74.2752, 33.9077 ], [ 74.2751, 33.9069 ], [ 74.2742, 33.9062 ], [ 74.2733, 33.9055 ], [ 74.2729, 33.9051 ], [ 74.2723, 33.9044 ], [ 74.2719, 33.9044 ], [ 74.2712, 33.9042 ], [ 74.2702, 33.904 ], [ 74.269, 33.9036 ], [ 74.268, 33.9033 ], [ 74.2668, 33.9031 ], [ 74.2653, 33.9024 ], [ 74.2647, 33.9021 ], [ 74.2634, 33.9016 ], [ 74.2628, 33.9013 ], [ 74.2614, 33.9009 ], [ 74.2603, 33.9006 ], [ 74.2588, 33.9005 ], [ 74.2577, 33.9002 ], [ 74.2571, 33.8997 ], [ 74.2562, 33.8996 ], [ 74.2549, 33.8992 ], [ 74.2538, 33.8989 ], [ 74.2528, 33.8984 ], [ 74.252, 33.8977 ], [ 74.2508, 33.8967 ], [ 74.2499, 33.8962 ], [ 74.2484, 33.896 ], [ 74.248, 33.8951 ], [ 74.2471, 33.8946 ], [ 74.2459, 33.8937 ], [ 74.2449, 33.8933 ], [ 74.2438, 33.8924 ], [ 74.243, 33.8916 ], [ 74.2417, 33.8911 ], [ 74.2403, 33.8901 ], [ 74.2401, 33.8897 ], [ 74.2392, 33.8893 ], [ 74.2386, 33.8889 ], [ 74.2381, 33.8883 ], [ 74.2377, 33.8878 ], [ 74.2371, 33.8871 ], [ 74.2363, 33.8864 ], [ 74.2357, 33.886 ], [ 74.235, 33.8856 ], [ 74.2345, 33.8851 ], [ 74.2336, 33.8843 ], [ 74.2327, 33.8837 ], [ 74.2321, 33.8831 ], [ 74.2312, 33.8818 ], [ 74.2303, 33.8811 ], [ 74.2297, 33.8805 ], [ 74.229, 33.88 ], [ 74.228, 33.8792 ], [ 74.2272, 33.8784 ], [ 74.2262, 33.8772 ], [ 74.2256, 33.8764 ], [ 74.2249, 33.8761 ], [ 74.2237, 33.8755 ], [ 74.223, 33.8748 ], [ 74.2223, 33.8741 ], [ 74.2217, 33.8735 ], [ 74.221, 33.8729 ], [ 74.2203, 33.8722 ], [ 74.2195, 33.8716 ], [ 74.2188, 33.871 ], [ 74.2181, 33.8707 ], [ 74.2171, 33.87 ], [ 74.2168, 33.8694 ], [ 74.2162, 33.8692 ], [ 74.2158, 33.8691 ], [ 74.2154, 33.8691 ], [ 74.2148, 33.8691 ], [ 74.2142, 33.8698 ], [ 74.2139, 33.87 ], [ 74.2133, 33.8702 ], [ 74.213, 33.8704 ], [ 74.2123, 33.8708 ], [ 74.2119, 33.8708 ], [ 74.2113, 33.8708 ], [ 74.2106, 33.8708 ], [ 74.2098, 33.8708 ], [ 74.2091, 33.8707 ], [ 74.2087, 33.87 ], [ 74.2084, 33.8692 ], [ 74.2082, 33.868 ], [ 74.2083, 33.867 ], [ 74.2089, 33.8662 ], [ 74.2091, 33.8652 ], [ 74.2092, 33.8642 ], [ 74.2092, 33.8633 ], [ 74.2081, 33.8627 ], [ 74.2074, 33.8622 ], [ 74.2069, 33.8618 ], [ 74.2065, 33.8613 ], [ 74.2061, 33.8607 ], [ 74.2059, 33.8606 ], [ 74.2053, 33.8602 ], [ 74.2053, 33.86 ], [ 74.205, 33.8598 ], [ 74.2048, 33.8596 ], [ 74.2046, 33.8594 ], [ 74.2045, 33.8596 ], [ 74.2041, 33.86 ], [ 74.2039, 33.8603 ], [ 74.2035, 33.8606 ], [ 74.2032, 33.8609 ], [ 74.203, 33.8613 ], [ 74.2027, 33.8614 ], [ 74.2023, 33.8614 ], [ 74.2018, 33.8614 ], [ 74.2013, 33.8614 ], [ 74.1996, 33.8614 ], [ 74.1999, 33.8619 ], [ 74.1994, 33.8625 ], [ 74.199, 33.8628 ], [ 74.1987, 33.8631 ], [ 74.1981, 33.8631 ], [ 74.1978, 33.8628 ], [ 74.1974, 33.8622 ], [ 74.197, 33.8616 ], [ 74.1967, 33.8607 ], [ 74.1963, 33.86 ], [ 74.1961, 33.8591 ], [ 74.1961, 33.8583 ], [ 74.1961, 33.8574 ], [ 74.1962, 33.8561 ], [ 74.1962, 33.855 ], [ 74.1946, 33.8537 ], [ 74.1935, 33.8532 ], [ 74.193, 33.8529 ], [ 74.1922, 33.8527 ], [ 74.1913, 33.8524 ], [ 74.1899, 33.8519 ], [ 74.1887, 33.8515 ], [ 74.1876, 33.8513 ], [ 74.1859, 33.8512 ], [ 74.1846, 33.851 ], [ 74.1833, 33.8509 ], [ 74.1818, 33.8506 ], [ 74.1798, 33.8505 ], [ 74.1788, 33.8499 ], [ 74.1773, 33.8499 ], [ 74.176, 33.8499 ], [ 74.1745, 33.8499 ], [ 74.1734, 33.8497 ], [ 74.172, 33.8497 ], [ 74.1703, 33.8496 ], [ 74.1683, 33.8498 ], [ 74.1675, 33.8493 ], [ 74.1668, 33.849 ], [ 74.166, 33.8486 ], [ 74.1647, 33.8482 ], [ 74.1635, 33.8476 ], [ 74.1629, 33.8473 ], [ 74.1622, 33.8471 ], [ 74.161, 33.8465 ], [ 74.1601, 33.8462 ], [ 74.1591, 33.8458 ], [ 74.1583, 33.8452 ], [ 74.1572, 33.8448 ], [ 74.1566, 33.8446 ], [ 74.1558, 33.8443 ], [ 74.1548, 33.8442 ], [ 74.1539, 33.8442 ], [ 74.1529, 33.8438 ], [ 74.1518, 33.8436 ], [ 74.1511, 33.8436 ], [ 74.1502, 33.8436 ], [ 74.1498, 33.8435 ], [ 74.1489, 33.8435 ], [ 74.1481, 33.8435 ], [ 74.1474, 33.8435 ], [ 74.1468, 33.8435 ], [ 74.1459, 33.8436 ], [ 74.1452, 33.844 ], [ 74.1441, 33.844 ], [ 74.1436, 33.8435 ], [ 74.1431, 33.8433 ], [ 74.1425, 33.8432 ], [ 74.1419, 33.843 ], [ 74.1413, 33.8429 ], [ 74.1401, 33.8429 ], [ 74.1397, 33.8429 ], [ 74.1388, 33.8426 ], [ 74.1383, 33.8425 ], [ 74.1375, 33.8423 ], [ 74.1369, 33.8422 ], [ 74.1362, 33.842 ], [ 74.1356, 33.8416 ], [ 74.1344, 33.8411 ], [ 74.1336, 33.8408 ], [ 74.1328, 33.8404 ], [ 74.1319, 33.8399 ], [ 74.1313, 33.8394 ], [ 74.1158, 33.8351 ], [ 74.1153, 33.8348 ], [ 74.1146, 33.8348 ], [ 74.114, 33.8351 ], [ 74.1137, 33.8355 ], [ 74.1135, 33.8359 ], [ 74.1131, 33.8363 ], [ 74.1128, 33.8367 ], [ 74.1122, 33.8371 ], [ 74.1115, 33.8372 ], [ 74.1109, 33.8372 ], [ 74.1093, 33.8372 ], [ 74.1087, 33.8372 ], [ 74.1075, 33.8371 ], [ 74.1067, 33.8367 ], [ 74.1058, 33.8365 ], [ 74.1048, 33.8364 ], [ 74.1041, 33.8364 ], [ 74.1035, 33.8364 ], [ 74.1024, 33.8364 ], [ 74.1013, 33.8364 ], [ 74.1002, 33.8368 ], [ 74.0996, 33.837 ], [ 74.0985, 33.837 ], [ 74.0981, 33.8372 ], [ 74.0976, 33.8375 ], [ 74.097, 33.8381 ], [ 74.0965, 33.8385 ], [ 74.0961, 33.8388 ], [ 74.0953, 33.8393 ], [ 74.0942, 33.8394 ], [ 74.0932, 33.8393 ], [ 74.0919, 33.8392 ], [ 74.0906, 33.8391 ], [ 74.0888, 33.839 ], [ 74.0879, 33.8389 ], [ 74.0868, 33.8386 ], [ 74.0861, 33.8385 ], [ 74.0853, 33.8383 ], [ 74.0842, 33.8382 ], [ 74.0833, 33.8382 ], [ 74.0823, 33.8382 ], [ 74.0809, 33.838 ], [ 74.0799, 33.8379 ], [ 74.0781, 33.8384 ], [ 74.0756, 33.8378 ], [ 74.0747, 33.8378 ], [ 74.0742, 33.8376 ], [ 74.0737, 33.8374 ], [ 74.0728, 33.8372 ], [ 74.0717, 33.8368 ], [ 74.0713, 33.8368 ], [ 74.0706, 33.8368 ], [ 74.0697, 33.837 ], [ 74.0684, 33.837 ], [ 74.0677, 33.837 ], [ 74.0664, 33.837 ], [ 74.0658, 33.837 ], [ 74.0648, 33.8365 ], [ 74.0638, 33.8364 ], [ 74.062, 33.8361 ], [ 74.0607, 33.8356 ], [ 74.0599, 33.8353 ], [ 74.059, 33.8346 ], [ 74.058, 33.8336 ], [ 74.0574, 33.8329 ], [ 74.0565, 33.8327 ], [ 74.0555, 33.8323 ], [ 74.0546, 33.8317 ], [ 74.054, 33.8315 ], [ 74.0531, 33.8309 ], [ 74.0523, 33.8305 ], [ 74.0516, 33.8298 ], [ 74.0508, 33.829 ], [ 74.05, 33.8282 ], [ 74.0501, 33.8276 ], [ 74.0501, 33.8274 ], [ 74.0493, 33.8271 ], [ 74.0488, 33.8271 ], [ 74.0487, 33.8264 ], [ 74.0491, 33.8251 ], [ 74.0495, 33.8247 ], [ 74.0499, 33.8244 ], [ 74.0504, 33.8239 ], [ 74.0506, 33.8234 ], [ 74.0504, 33.8231 ], [ 74.0491, 33.8225 ], [ 74.0481, 33.8223 ], [ 74.0467, 33.8217 ], [ 74.0457, 33.821 ], [ 74.0457, 33.8203 ], [ 74.0457, 33.8195 ], [ 74.0457, 33.8188 ], [ 74.0453, 33.818 ], [ 74.0444, 33.8169 ], [ 74.0438, 33.8165 ], [ 74.0426, 33.8165 ], [ 74.0416, 33.8164 ], [ 74.0407, 33.8165 ], [ 74.0392, 33.817 ], [ 74.0381, 33.817 ], [ 74.0372, 33.8164 ], [ 74.0365, 33.8158 ], [ 74.0358, 33.8153 ], [ 74.035, 33.8147 ], [ 74.0347, 33.8143 ], [ 74.0341, 33.8136 ], [ 74.0332, 33.8124 ], [ 74.033, 33.8115 ], [ 74.0329, 33.8108 ], [ 74.0329, 33.8093 ], [ 74.0329, 33.8086 ], [ 74.0328, 33.8079 ], [ 74.0329, 33.8074 ], [ 74.0327, 33.807 ], [ 74.0315, 33.8062 ], [ 74.031, 33.8056 ], [ 74.0305, 33.805 ], [ 74.0301, 33.8045 ], [ 74.0297, 33.804 ], [ 74.0289, 33.8034 ], [ 74.0286, 33.803 ], [ 74.0284, 33.8027 ], [ 74.0277, 33.8023 ], [ 74.0275, 33.802 ], [ 74.0271, 33.8014 ], [ 74.0267, 33.8009 ], [ 74.0259, 33.7998 ], [ 74.0255, 33.7993 ], [ 74.0246, 33.7983 ], [ 74.0242, 33.7978 ], [ 74.0238, 33.7974 ], [ 74.0235, 33.7968 ], [ 74.023, 33.7962 ], [ 74.0224, 33.7959 ], [ 74.0215, 33.7952 ], [ 74.0203, 33.7945 ], [ 74.0194, 33.7939 ], [ 74.0178, 33.7931 ], [ 74.0168, 33.7926 ], [ 74.0155, 33.7921 ], [ 74.0141, 33.7912 ], [ 74.0124, 33.7902 ], [ 74.012, 33.7898 ], [ 74.0109, 33.7893 ], [ 74.0099, 33.7886 ], [ 74.0092, 33.7881 ], [ 74.0083, 33.7875 ], [ 74.008, 33.7868 ], [ 74.0075, 33.7847 ], [ 74.0075, 33.7837 ], [ 74.0075, 33.7833 ], [ 74.0078, 33.7825 ], [ 74.0081, 33.7819 ], [ 74.0087, 33.7801 ], [ 74.0091, 33.7789 ], [ 74.01, 33.7778 ], [ 74.0105, 33.777 ], [ 74.0112, 33.7757 ], [ 74.0117, 33.7742 ], [ 74.0119, 33.7731 ], [ 74.0114, 33.7728 ], [ 74.0114, 33.7722 ], [ 74.0108, 33.7717 ], [ 74.0101, 33.7709 ], [ 74.0093, 33.7698 ], [ 74.0088, 33.7689 ], [ 74.0081, 33.7682 ], [ 74.0076, 33.7674 ], [ 74.0068, 33.7669 ], [ 74.0065, 33.7664 ], [ 74.0068, 33.766 ], [ 74.0068, 33.765 ], [ 74.0068, 33.764 ], [ 74.0063, 33.7633 ], [ 74.0061, 33.7626 ], [ 74.0056, 33.7618 ], [ 74.005, 33.7609 ], [ 74.0043, 33.7593 ], [ 74.0039, 33.7581 ], [ 74.0029, 33.7573 ], [ 74.002, 33.7559 ], [ 74.0016, 33.7547 ], [ 74.0011, 33.754 ], [ 74.0, 33.7534 ], [ 73.999, 33.7529 ], [ 73.9968, 33.7519 ], [ 73.9941, 33.7483 ], [ 73.9938, 33.748 ], [ 73.9925, 33.7471 ], [ 73.9903, 33.746 ], [ 73.9894, 33.7457 ], [ 73.9882, 33.7448 ], [ 73.987, 33.7438 ], [ 73.9869, 33.7431 ], [ 73.9882, 33.7419 ], [ 73.9878, 33.7402 ], [ 73.9869, 33.7392 ], [ 73.9858, 33.7378 ], [ 73.9857, 33.7367 ], [ 73.9854, 33.7353 ], [ 73.9847, 33.7337 ], [ 73.9844, 33.7319 ], [ 73.9832, 33.7308 ], [ 73.982, 33.7293 ], [ 73.9817, 33.7284 ], [ 73.9796, 33.7279 ], [ 73.978, 33.7275 ], [ 73.9756, 33.7267 ], [ 73.9748, 33.7261 ], [ 73.9743, 33.724 ], [ 73.9743, 33.7217 ], [ 73.9746, 33.7198 ], [ 73.975, 33.7179 ], [ 73.9755, 33.7162 ], [ 73.9767, 33.7145 ], [ 73.9784, 33.7133 ], [ 73.9802, 33.7122 ], [ 73.9812, 33.7115 ], [ 73.9825, 33.7103 ], [ 73.9833, 33.7097 ], [ 73.9847, 33.7086 ], [ 73.9864, 33.707 ], [ 73.9867, 33.7052 ], [ 73.9876, 33.7034 ], [ 73.9886, 33.7022 ], [ 73.9896, 33.7015 ], [ 73.9929, 33.7002 ], [ 73.9939, 33.6989 ], [ 73.9943, 33.6982 ], [ 73.9951, 33.6974 ], [ 73.9957, 33.6966 ], [ 73.9964, 33.6954 ], [ 73.9969, 33.6943 ], [ 73.997, 33.6933 ], [ 73.9972, 33.6919 ], [ 73.9972, 33.6908 ], [ 73.9972, 33.6892 ], [ 73.9972, 33.6877 ], [ 73.9969, 33.6862 ], [ 73.9962, 33.6852 ], [ 73.9957, 33.6838 ], [ 73.9949, 33.6827 ], [ 73.9942, 33.6813 ], [ 73.9941, 33.6808 ], [ 73.9937, 33.6787 ], [ 73.9948, 33.6772 ], [ 73.9952, 33.675 ], [ 73.9955, 33.6732 ], [ 73.9965, 33.6726 ], [ 73.997, 33.6714 ], [ 73.9978, 33.6706 ], [ 73.9988, 33.6698 ], [ 73.9995, 33.6693 ], [ 74.0004, 33.6683 ], [ 74.001, 33.6669 ], [ 74.0007, 33.666 ], [ 73.9998, 33.6649 ], [ 73.9991, 33.6632 ], [ 73.9989, 33.6609 ], [ 73.9989, 33.6591 ], [ 73.9992, 33.6573 ], [ 73.9992, 33.6558 ], [ 73.9991, 33.6544 ], [ 73.9987, 33.6524 ], [ 73.9987, 33.6511 ], [ 73.9991, 33.6492 ], [ 73.9991, 33.6479 ], [ 73.9977, 33.646 ], [ 73.9971, 33.6443 ], [ 73.9968, 33.6432 ], [ 73.998, 33.6388 ], [ 73.9993, 33.6373 ], [ 74.0001, 33.6354 ], [ 74.001, 33.6344 ], [ 74.0019, 33.6335 ], [ 74.0019, 33.6333 ], [ 74.0019, 33.6322 ], [ 74.0016, 33.6299 ], [ 74.0018, 33.6285 ], [ 74.0032, 33.628 ], [ 74.004, 33.6276 ], [ 74.0054, 33.6266 ], [ 74.0064, 33.6258 ], [ 74.008, 33.6248 ], [ 74.0093, 33.6239 ], [ 74.0108, 33.6227 ], [ 74.0119, 33.6217 ], [ 74.0131, 33.6207 ], [ 74.0136, 33.62 ], [ 74.0141, 33.6196 ], [ 74.0149, 33.6184 ], [ 74.0156, 33.6171 ], [ 74.0166, 33.6152 ], [ 74.0174, 33.6141 ], [ 74.0183, 33.6137 ], [ 74.0187, 33.6129 ], [ 74.0192, 33.6116 ], [ 74.02, 33.611 ], [ 74.0217, 33.6105 ], [ 74.0222, 33.6095 ], [ 74.0229, 33.6085 ], [ 74.0235, 33.608 ], [ 74.0244, 33.607 ], [ 74.0252, 33.6062 ], [ 74.0259, 33.6054 ], [ 74.0265, 33.6048 ], [ 74.027, 33.6037 ], [ 74.0277, 33.6026 ], [ 74.0281, 33.6017 ], [ 74.0285, 33.6009 ], [ 74.029, 33.6003 ], [ 74.0295, 33.5988 ], [ 74.0298, 33.5978 ], [ 74.0304, 33.5964 ], [ 74.0308, 33.5954 ], [ 74.0313, 33.5942 ], [ 74.0317, 33.5933 ], [ 74.0321, 33.5925 ], [ 74.0326, 33.5919 ], [ 74.0331, 33.591 ], [ 74.0335, 33.5902 ], [ 74.034, 33.5891 ], [ 74.0347, 33.5882 ], [ 74.0354, 33.5877 ], [ 74.0364, 33.5875 ], [ 74.0378, 33.5875 ], [ 74.0391, 33.5874 ], [ 74.0401, 33.5871 ], [ 74.0416, 33.5869 ], [ 74.043, 33.5867 ], [ 74.0446, 33.5865 ], [ 74.0455, 33.5866 ], [ 74.0469, 33.5864 ], [ 74.0478, 33.5864 ], [ 74.0491, 33.5863 ], [ 74.0504, 33.5862 ], [ 74.0512, 33.5862 ], [ 74.0524, 33.5862 ], [ 74.0533, 33.5862 ], [ 74.0543, 33.5862 ], [ 74.0551, 33.5867 ], [ 74.0568, 33.5873 ], [ 74.0575, 33.5881 ], [ 74.0585, 33.5885 ], [ 74.0589, 33.5896 ], [ 74.0592, 33.5907 ], [ 74.0599, 33.5914 ], [ 74.0612, 33.5924 ], [ 74.0624, 33.5931 ], [ 74.0634, 33.5936 ], [ 74.0644, 33.5938 ], [ 74.0651, 33.5938 ], [ 74.0659, 33.5939 ], [ 74.0665, 33.5942 ], [ 74.0672, 33.5945 ], [ 74.0678, 33.5949 ], [ 74.0683, 33.595 ], [ 74.0696, 33.5953 ], [ 74.0703, 33.5953 ], [ 74.0709, 33.5953 ], [ 74.0726, 33.5946 ], [ 74.0744, 33.594 ], [ 74.0759, 33.5939 ], [ 74.077, 33.5946 ], [ 74.078, 33.5952 ], [ 74.0791, 33.5957 ], [ 74.0804, 33.5961 ], [ 74.0809, 33.5961 ], [ 74.0828, 33.5952 ], [ 74.084, 33.5943 ], [ 74.085, 33.5935 ], [ 74.0856, 33.5932 ], [ 74.0876, 33.5915 ], [ 74.0884, 33.5904 ], [ 74.0896, 33.5899 ], [ 74.0905, 33.5895 ], [ 74.0915, 33.5889 ], [ 74.0921, 33.5879 ], [ 74.0928, 33.587 ], [ 74.0936, 33.586 ], [ 74.0944, 33.5849 ], [ 74.0953, 33.584 ], [ 74.0969, 33.5832 ], [ 74.0991, 33.5827 ], [ 74.1008, 33.5827 ], [ 74.1023, 33.5835 ], [ 74.1039, 33.5841 ], [ 74.1056, 33.5848 ], [ 74.1068, 33.5851 ], [ 74.1091, 33.5849 ], [ 74.1102, 33.5838 ], [ 74.1112, 33.5829 ], [ 74.1124, 33.5821 ], [ 74.1141, 33.5812 ], [ 74.1152, 33.5802 ], [ 74.1162, 33.5794 ], [ 74.117, 33.5785 ], [ 74.118, 33.5778 ], [ 74.1189, 33.5773 ], [ 74.1197, 33.5768 ], [ 74.1212, 33.5755 ], [ 74.1221, 33.5749 ], [ 74.1229, 33.5746 ], [ 74.1239, 33.5743 ], [ 74.1254, 33.5742 ], [ 74.126, 33.574 ], [ 74.1271, 33.5738 ], [ 74.1278, 33.5735 ], [ 74.1278, 33.5727 ], [ 74.1282, 33.572 ], [ 74.1288, 33.5714 ], [ 74.1297, 33.5714 ], [ 74.1323, 33.5705 ], [ 74.1332, 33.57 ], [ 74.1341, 33.5693 ], [ 74.1346, 33.5688 ], [ 74.136, 33.5686 ], [ 74.1366, 33.5685 ], [ 74.1373, 33.5682 ], [ 74.1385, 33.5681 ], [ 74.1396, 33.5677 ], [ 74.1411, 33.567 ], [ 74.1417, 33.5664 ], [ 74.1422, 33.5657 ], [ 74.143, 33.5651 ], [ 74.1435, 33.5645 ], [ 74.1442, 33.564 ], [ 74.1446, 33.5636 ], [ 74.1451, 33.5634 ], [ 74.146, 33.563 ], [ 74.1468, 33.5624 ], [ 74.1472, 33.5617 ], [ 74.1475, 33.5609 ], [ 74.1478, 33.5602 ], [ 74.1478, 33.559 ], [ 74.1478, 33.5584 ], [ 74.1478, 33.5576 ], [ 74.1482, 33.5571 ], [ 74.1487, 33.5567 ], [ 74.15, 33.5559 ], [ 74.1512, 33.5552 ], [ 74.1525, 33.5543 ], [ 74.1537, 33.5537 ], [ 74.1544, 33.553 ], [ 74.1551, 33.5521 ], [ 74.1558, 33.5515 ], [ 74.1559, 33.5504 ], [ 74.156, 33.5497 ], [ 74.156, 33.5484 ], [ 74.156, 33.5478 ], [ 74.1564, 33.5474 ], [ 74.1567, 33.5469 ], [ 74.1571, 33.5462 ], [ 74.1576, 33.5454 ], [ 74.158, 33.5448 ], [ 74.1582, 33.5438 ], [ 74.1585, 33.543 ], [ 74.1585, 33.5421 ], [ 74.1586, 33.5414 ], [ 74.1589, 33.5403 ], [ 74.1589, 33.5394 ], [ 74.159, 33.5385 ], [ 74.159, 33.5375 ], [ 74.1587, 33.5379 ], [ 74.1587, 33.537 ], [ 74.1587, 33.5359 ], [ 74.1587, 33.5348 ], [ 74.1587, 33.5325 ], [ 74.1591, 33.532 ], [ 74.1592, 33.5307 ], [ 74.1592, 33.5297 ], [ 74.159, 33.5286 ], [ 74.1587, 33.5271 ], [ 74.1588, 33.5257 ], [ 74.1596, 33.525 ], [ 74.1604, 33.5242 ], [ 74.1613, 33.5228 ], [ 74.1617, 33.5209 ], [ 74.1624, 33.5198 ], [ 74.1628, 33.5187 ], [ 74.1636, 33.5181 ], [ 74.1648, 33.5168 ], [ 74.1648, 33.5151 ], [ 74.1644, 33.514 ], [ 74.1645, 33.5131 ], [ 74.1653, 33.512 ], [ 74.1662, 33.511 ], [ 74.1671, 33.5102 ], [ 74.17, 33.5088 ], [ 74.1714, 33.5082 ], [ 74.1726, 33.5077 ], [ 74.1735, 33.5071 ], [ 74.1746, 33.5061 ], [ 74.1753, 33.5052 ], [ 74.1767, 33.5041 ], [ 74.1767, 33.5037 ], [ 74.1772, 33.5025 ], [ 74.1781, 33.5017 ], [ 74.1789, 33.5009 ], [ 74.18, 33.5002 ], [ 74.1807, 33.4999 ], [ 74.182, 33.4995 ], [ 74.1833, 33.4992 ], [ 74.1846, 33.4986 ], [ 74.1853, 33.4981 ], [ 74.1862, 33.4976 ], [ 74.1866, 33.4971 ], [ 74.1875, 33.4966 ], [ 74.1887, 33.4959 ], [ 74.1896, 33.4956 ], [ 74.19, 33.4951 ], [ 74.1907, 33.4943 ], [ 74.1913, 33.4936 ], [ 74.1919, 33.4924 ], [ 74.1924, 33.4917 ], [ 74.1934, 33.4912 ], [ 74.1937, 33.4908 ], [ 74.1947, 33.4899 ], [ 74.1954, 33.4891 ], [ 74.1958, 33.4885 ], [ 74.1958, 33.4875 ], [ 74.1958, 33.4865 ], [ 74.1957, 33.4843 ], [ 74.195, 33.4834 ], [ 74.191, 33.4817 ], [ 74.1874, 33.4806 ], [ 74.1866, 33.4784 ], [ 74.1873, 33.4776 ], [ 74.1874, 33.4762 ], [ 74.1879, 33.4742 ], [ 74.1879, 33.4729 ], [ 74.1871, 33.4716 ], [ 74.1866, 33.4707 ], [ 74.1859, 33.4701 ], [ 74.1851, 33.4685 ], [ 74.1851, 33.4678 ], [ 74.185, 33.4666 ], [ 74.1845, 33.4655 ], [ 74.1842, 33.4647 ], [ 74.1841, 33.4641 ], [ 74.1844, 33.4633 ], [ 74.1849, 33.4626 ], [ 74.1852, 33.4619 ], [ 74.1852, 33.4611 ], [ 74.1855, 33.4604 ], [ 74.1861, 33.4598 ], [ 74.1865, 33.4587 ], [ 74.1869, 33.4581 ], [ 74.1874, 33.4569 ], [ 74.1872, 33.4561 ], [ 74.1862, 33.456 ], [ 74.1855, 33.4558 ], [ 74.1851, 33.4552 ], [ 74.1845, 33.4541 ], [ 74.1837, 33.4538 ], [ 74.1834, 33.4531 ], [ 74.1828, 33.4527 ], [ 74.1828, 33.4519 ], [ 74.1811, 33.451 ], [ 74.1809, 33.4503 ], [ 74.1807, 33.4495 ], [ 74.1799, 33.4485 ], [ 74.1799, 33.448 ], [ 74.1795, 33.4473 ], [ 74.1795, 33.4467 ], [ 74.1795, 33.4458 ], [ 74.1795, 33.4448 ], [ 74.1796, 33.444 ], [ 74.1805, 33.4432 ], [ 74.1807, 33.443 ], [ 74.1813, 33.4422 ], [ 74.182, 33.4414 ], [ 74.182, 33.44 ], [ 74.182, 33.4389 ], [ 74.182, 33.4376 ], [ 74.1825, 33.436 ], [ 74.1824, 33.4352 ], [ 74.1824, 33.4341 ], [ 74.1821, 33.4334 ], [ 74.1822, 33.4332 ], [ 74.1822, 33.4321 ], [ 74.1818, 33.4309 ], [ 74.1817, 33.4299 ], [ 74.1817, 33.429 ], [ 74.1817, 33.4271 ], [ 74.1817, 33.4265 ], [ 74.1817, 33.4254 ], [ 74.1817, 33.4244 ], [ 74.1838, 33.4227 ], [ 74.1849, 33.4225 ], [ 74.1857, 33.4222 ], [ 74.1866, 33.4218 ], [ 74.1879, 33.4213 ], [ 74.1889, 33.4207 ], [ 74.1901, 33.4205 ], [ 74.1912, 33.4202 ], [ 74.1916, 33.4197 ], [ 74.192, 33.4189 ], [ 74.1922, 33.4178 ], [ 74.1922, 33.4168 ], [ 74.1924, 33.4151 ], [ 74.1918, 33.4138 ], [ 74.1918, 33.4124 ], [ 74.1917, 33.411 ], [ 74.1916, 33.4097 ], [ 74.1913, 33.4086 ], [ 74.1913, 33.4074 ], [ 74.1912, 33.4057 ], [ 74.1912, 33.4044 ], [ 74.1912, 33.4039 ], [ 74.1912, 33.4027 ], [ 74.1912, 33.4015 ], [ 74.1912, 33.4 ], [ 74.1912, 33.3989 ], [ 74.191, 33.3975 ], [ 74.1899, 33.3951 ], [ 74.1893, 33.3945 ], [ 74.1887, 33.3935 ], [ 74.188, 33.393 ], [ 74.187, 33.3916 ], [ 74.1862, 33.3906 ], [ 74.186, 33.3897 ], [ 74.1857, 33.389 ], [ 74.1856, 33.3864 ], [ 74.1852, 33.3853 ], [ 74.1852, 33.3847 ], [ 74.1849, 33.3838 ], [ 74.1841, 33.3827 ], [ 74.184, 33.3822 ], [ 74.1834, 33.3818 ], [ 74.1826, 33.3818 ], [ 74.1819, 33.3818 ], [ 74.1808, 33.3818 ], [ 74.1802, 33.3818 ], [ 74.1797, 33.3824 ], [ 74.1792, 33.3828 ], [ 74.1787, 33.383 ], [ 74.178, 33.383 ], [ 74.177, 33.3829 ], [ 74.1766, 33.3819 ], [ 74.1762, 33.3812 ], [ 74.1758, 33.3804 ], [ 74.1758, 33.3795 ], [ 74.1758, 33.3785 ], [ 74.1757, 33.3777 ], [ 74.175, 33.377 ], [ 74.1744, 33.3763 ], [ 74.174, 33.3755 ], [ 74.1735, 33.3745 ], [ 74.1731, 33.3734 ], [ 74.1731, 33.3725 ], [ 74.173, 33.3723 ], [ 74.1727, 33.3713 ], [ 74.1725, 33.3704 ], [ 74.1722, 33.3697 ], [ 74.1719, 33.3685 ], [ 74.1719, 33.3677 ], [ 74.1719, 33.3667 ], [ 74.1718, 33.3656 ], [ 74.1713, 33.3647 ], [ 74.1712, 33.364 ], [ 74.1712, 33.363 ], [ 74.1712, 33.3619 ], [ 74.1701, 33.3608 ], [ 74.1691, 33.3594 ], [ 74.1691, 33.3588 ], [ 74.1691, 33.3575 ], [ 74.1695, 33.3566 ], [ 74.1703, 33.3564 ], [ 74.171, 33.3557 ], [ 74.1711, 33.3549 ], [ 74.1711, 33.3543 ], [ 74.1709, 33.3526 ], [ 74.1704, 33.3514 ], [ 74.1701, 33.3503 ], [ 74.1699, 33.3492 ], [ 74.1695, 33.3487 ], [ 74.1684, 33.3481 ], [ 74.1678, 33.3475 ], [ 74.1669, 33.347 ], [ 74.1656, 33.3465 ], [ 74.1646, 33.3461 ], [ 74.1639, 33.3459 ], [ 74.1634, 33.3457 ], [ 74.1625, 33.3457 ], [ 74.1616, 33.3456 ], [ 74.1604, 33.3456 ], [ 74.1596, 33.3453 ], [ 74.1582, 33.3449 ], [ 74.1581, 33.3439 ], [ 74.1589, 33.3434 ], [ 74.1593, 33.3432 ], [ 74.1593, 33.3428 ], [ 74.1593, 33.342 ], [ 74.1591, 33.3419 ], [ 74.1591, 33.3409 ], [ 74.1592, 33.3406 ], [ 74.1593, 33.3401 ], [ 74.16, 33.3395 ], [ 74.1601, 33.3391 ], [ 74.1601, 33.3384 ], [ 74.1596, 33.3374 ], [ 74.1589, 33.3369 ], [ 74.1579, 33.3363 ], [ 74.157, 33.3356 ], [ 74.1562, 33.3351 ], [ 74.155, 33.3344 ], [ 74.1537, 33.3337 ], [ 74.1528, 33.3335 ], [ 74.1519, 33.3335 ], [ 74.1511, 33.3335 ], [ 74.1498, 33.3334 ], [ 74.1487, 33.3329 ], [ 74.1479, 33.3321 ], [ 74.1471, 33.3315 ], [ 74.1466, 33.3311 ], [ 74.1458, 33.3304 ], [ 74.1458, 33.3296 ], [ 74.1457, 33.3292 ], [ 74.145, 33.3289 ], [ 74.1446, 33.3283 ], [ 74.144, 33.3276 ], [ 74.1433, 33.3267 ], [ 74.1423, 33.3258 ], [ 74.142, 33.3253 ], [ 74.141, 33.3246 ], [ 74.1397, 33.3239 ], [ 74.139, 33.3231 ], [ 74.1384, 33.3226 ], [ 74.1375, 33.3219 ], [ 74.1372, 33.321 ], [ 74.137, 33.3203 ], [ 74.1366, 33.3196 ], [ 74.1349, 33.3192 ], [ 74.1341, 33.3186 ], [ 74.1332, 33.3181 ], [ 74.132, 33.3176 ], [ 74.1312, 33.317 ], [ 74.1303, 33.3162 ], [ 74.1299, 33.3155 ], [ 74.1293, 33.3148 ], [ 74.1287, 33.314 ], [ 74.1277, 33.3139 ], [ 74.1268, 33.3139 ], [ 74.1255, 33.314 ], [ 74.125, 33.3141 ], [ 74.1241, 33.3136 ], [ 74.124, 33.3131 ], [ 74.1234, 33.313 ], [ 74.1228, 33.3136 ], [ 74.1221, 33.3138 ], [ 74.1211, 33.3139 ], [ 74.1201, 33.3139 ], [ 74.1193, 33.3139 ], [ 74.1186, 33.3133 ], [ 74.1176, 33.3129 ], [ 74.1167, 33.3129 ], [ 74.1161, 33.3128 ], [ 74.1157, 33.3122 ], [ 74.1155, 33.3112 ], [ 74.1152, 33.3105 ], [ 74.1147, 33.3098 ], [ 74.1139, 33.3098 ], [ 74.1133, 33.3103 ], [ 74.1126, 33.3105 ], [ 74.1119, 33.3105 ], [ 74.1113, 33.3105 ], [ 74.1108, 33.3098 ], [ 74.1105, 33.3092 ], [ 74.1098, 33.3087 ], [ 74.1091, 33.3082 ], [ 74.1085, 33.3075 ], [ 74.1069, 33.3063 ], [ 74.1065, 33.3057 ], [ 74.1057, 33.3052 ], [ 74.1052, 33.3048 ], [ 74.1043, 33.3044 ], [ 74.1038, 33.3042 ], [ 74.1033, 33.3037 ], [ 74.1025, 33.3031 ], [ 74.1016, 33.302 ], [ 74.1009, 33.3009 ], [ 74.1005, 33.2995 ], [ 74.0995, 33.2988 ], [ 74.0986, 33.2985 ], [ 74.097, 33.2984 ], [ 74.0962, 33.298 ], [ 74.0959, 33.2975 ], [ 74.0958, 33.2964 ], [ 74.0958, 33.2957 ], [ 74.0959, 33.2951 ], [ 74.0954, 33.2948 ], [ 74.0951, 33.2942 ], [ 74.0942, 33.2942 ], [ 74.093, 33.2946 ], [ 74.0917, 33.2951 ], [ 74.089, 33.296 ], [ 74.0876, 33.2957 ], [ 74.0865, 33.2952 ], [ 74.0859, 33.2952 ], [ 74.0848, 33.2952 ], [ 74.0834, 33.2951 ], [ 74.0825, 33.2951 ], [ 74.0816, 33.2956 ], [ 74.0805, 33.2956 ], [ 74.0795, 33.2955 ], [ 74.0782, 33.2951 ], [ 74.0773, 33.2945 ], [ 74.0761, 33.2943 ], [ 74.0751, 33.2937 ], [ 74.0743, 33.2937 ], [ 74.0735, 33.2937 ], [ 74.0725, 33.2937 ], [ 74.0709, 33.2931 ], [ 74.0708, 33.2921 ], [ 74.0703, 33.2914 ], [ 74.0694, 33.2911 ], [ 74.0673, 33.2911 ], [ 74.067, 33.2911 ], [ 74.0663, 33.2913 ], [ 74.0651, 33.2915 ], [ 74.064, 33.2915 ], [ 74.0622, 33.2908 ], [ 74.061, 33.2898 ], [ 74.0602, 33.2896 ], [ 74.0592, 33.2895 ], [ 74.0584, 33.2894 ], [ 74.0579, 33.2894 ], [ 74.0579, 33.29 ], [ 74.0576, 33.2907 ], [ 74.0566, 33.2917 ], [ 74.0562, 33.2926 ], [ 74.0557, 33.2933 ], [ 74.0545, 33.2945 ], [ 74.054, 33.2951 ], [ 74.0528, 33.2958 ], [ 74.0515, 33.2959 ], [ 74.0505, 33.2959 ], [ 74.0493, 33.2951 ], [ 74.0482, 33.2944 ], [ 74.0477, 33.293 ], [ 74.0478, 33.2913 ], [ 74.0478, 33.2905 ], [ 74.0478, 33.2894 ], [ 74.0476, 33.2888 ], [ 74.0464, 33.2882 ], [ 74.0455, 33.2876 ], [ 74.0445, 33.2871 ], [ 74.0433, 33.2867 ], [ 74.042, 33.2862 ], [ 74.041, 33.2858 ], [ 74.0399, 33.2857 ], [ 74.0389, 33.2853 ], [ 74.0376, 33.2847 ], [ 74.0367, 33.2843 ], [ 74.0356, 33.2836 ], [ 74.0349, 33.2833 ], [ 74.0335, 33.2824 ], [ 74.033, 33.282 ], [ 74.0325, 33.281 ], [ 74.0319, 33.2808 ], [ 74.0308, 33.2807 ], [ 74.0308, 33.2796 ], [ 74.031, 33.279 ], [ 74.0312, 33.2782 ], [ 74.0304, 33.2774 ], [ 74.0299, 33.2764 ], [ 74.0294, 33.2757 ], [ 74.028, 33.2755 ], [ 74.0268, 33.2756 ], [ 74.026, 33.2763 ], [ 74.0251, 33.277 ], [ 74.0242, 33.2774 ], [ 74.0232, 33.2781 ], [ 74.0209, 33.2788 ], [ 74.0202, 33.2786 ], [ 74.0196, 33.278 ], [ 74.0188, 33.2773 ], [ 74.0182, 33.2764 ], [ 74.0171, 33.2753 ], [ 74.0162, 33.2744 ], [ 74.0167, 33.274 ], [ 74.0169, 33.2732 ], [ 74.0172, 33.2726 ], [ 74.0176, 33.2716 ], [ 74.0185, 33.2711 ], [ 74.0189, 33.2709 ], [ 74.0192, 33.27 ], [ 74.0191, 33.2694 ], [ 74.0189, 33.2687 ], [ 74.0189, 33.268 ], [ 74.0189, 33.2667 ], [ 74.0178, 33.2656 ], [ 74.0178, 33.2645 ], [ 74.0174, 33.2635 ], [ 74.0164, 33.2626 ], [ 74.0147, 33.2617 ], [ 74.0122, 33.2606 ], [ 74.0095, 33.2599 ], [ 74.0081, 33.2598 ], [ 74.0071, 33.2598 ], [ 74.0062, 33.2597 ], [ 74.005, 33.2562 ], [ 74.0035, 33.2525 ], [ 74.0036, 33.2502 ], [ 74.0039, 33.2483 ], [ 74.0055, 33.2457 ], [ 74.0065, 33.2425 ], [ 74.0059, 33.241 ], [ 74.0044, 33.2359 ], [ 74.0047, 33.2336 ], [ 74.0054, 33.2278 ], [ 74.0059, 33.227 ], [ 74.0072, 33.2257 ], [ 74.01, 33.2241 ], [ 74.0114, 33.2237 ], [ 74.0141, 33.2229 ], [ 74.0161, 33.222 ], [ 74.0176, 33.2209 ], [ 74.0193, 33.2186 ], [ 74.0217, 33.2168 ], [ 74.0231, 33.2162 ], [ 74.0262, 33.2154 ], [ 74.0282, 33.2144 ], [ 74.0301, 33.2128 ], [ 74.0328, 33.2111 ], [ 74.0363, 33.211 ], [ 74.0393, 33.2123 ], [ 74.0426, 33.2138 ], [ 74.0452, 33.2135 ], [ 74.0488, 33.2118 ], [ 74.0509, 33.2095 ], [ 74.0529, 33.2076 ], [ 74.0534, 33.2049 ], [ 74.0575, 33.2064 ], [ 74.0637, 33.2048 ], [ 74.067, 33.2038 ], [ 74.07, 33.2024 ], [ 74.0721, 33.2014 ], [ 74.0755, 33.1995 ], [ 74.0771, 33.1976 ], [ 74.0786, 33.1957 ], [ 74.0813, 33.1928 ], [ 74.0828, 33.1913 ], [ 74.0839, 33.1896 ], [ 74.0856, 33.1876 ], [ 74.0879, 33.1855 ], [ 74.09, 33.1836 ], [ 74.0924, 33.1819 ], [ 74.0938, 33.1812 ], [ 74.0961, 33.1808 ], [ 74.0976, 33.1808 ], [ 74.1043, 33.1812 ], [ 74.1066, 33.1809 ], [ 74.1094, 33.1803 ], [ 74.1109, 33.1804 ], [ 74.113, 33.1792 ], [ 74.116, 33.1766 ], [ 74.1182, 33.1746 ], [ 74.1216, 33.1726 ], [ 74.123, 33.1718 ], [ 74.1246, 33.1713 ], [ 74.1299, 33.1706 ], [ 74.1326, 33.1696 ], [ 74.1339, 33.1695 ], [ 74.1376, 33.1673 ], [ 74.1414, 33.1637 ], [ 74.1435, 33.1621 ], [ 74.1471, 33.1578 ], [ 74.1493, 33.1551 ], [ 74.1514, 33.1521 ], [ 74.1538, 33.1482 ], [ 74.1556, 33.1448 ], [ 74.1575, 33.1416 ], [ 74.1592, 33.1391 ], [ 74.1602, 33.1384 ], [ 74.1642, 33.1382 ], [ 74.1651, 33.1364 ], [ 74.165, 33.1319 ], [ 74.1648, 33.13 ], [ 74.1638, 33.1265 ], [ 74.164, 33.1241 ], [ 74.1647, 33.1212 ], [ 74.1662, 33.1187 ], [ 74.1675, 33.117 ], [ 74.1695, 33.1156 ], [ 74.1704, 33.1148 ], [ 74.1725, 33.1135 ], [ 74.1737, 33.1128 ], [ 74.1754, 33.1117 ], [ 74.1772, 33.1108 ], [ 74.1795, 33.1095 ], [ 74.1809, 33.1078 ], [ 74.1832, 33.1046 ], [ 74.1836, 33.1025 ], [ 74.1833, 33.1013 ], [ 74.1815, 33.0998 ], [ 74.1768, 33.0998 ], [ 74.1759, 33.0989 ], [ 74.1754, 33.0975 ], [ 74.1752, 33.0959 ], [ 74.1731, 33.0939 ], [ 74.1731, 33.0927 ], [ 74.1726, 33.0916 ], [ 74.1742, 33.0876 ], [ 74.1772, 33.0876 ], [ 74.1794, 33.0871 ], [ 74.1822, 33.0871 ], [ 74.187, 33.0879 ], [ 74.1889, 33.0875 ], [ 74.1914, 33.0861 ], [ 74.1982, 33.0816 ], [ 74.2014, 33.0799 ], [ 74.2026, 33.0792 ], [ 74.2038, 33.0793 ], [ 74.2061, 33.0803 ], [ 74.2084, 33.0816 ], [ 74.2109, 33.0813 ], [ 74.2121, 33.0799 ], [ 74.214, 33.0774 ], [ 74.2155, 33.0757 ], [ 74.2167, 33.0752 ], [ 74.2182, 33.075 ], [ 74.2203, 33.0743 ], [ 74.2213, 33.0736 ], [ 74.2238, 33.0722 ], [ 74.2251, 33.0718 ], [ 74.2272, 33.0714 ], [ 74.2293, 33.0709 ], [ 74.2333, 33.0697 ], [ 74.2382, 33.066 ], [ 74.2437, 33.0631 ], [ 74.2454, 33.0615 ], [ 74.2479, 33.0599 ], [ 74.25, 33.059 ], [ 74.2505, 33.0574 ], [ 74.2512, 33.0569 ], [ 74.2538, 33.0567 ], [ 74.255, 33.0562 ], [ 74.2555, 33.0552 ], [ 74.2571, 33.0539 ], [ 74.2578, 33.0539 ], [ 74.2611, 33.0542 ], [ 74.263, 33.0548 ], [ 74.2649, 33.0556 ], [ 74.2673, 33.054 ], [ 74.268, 33.0531 ], [ 74.2688, 33.0527 ], [ 74.2705, 33.052 ], [ 74.2729, 33.0512 ], [ 74.2736, 33.0505 ], [ 74.2766, 33.0488 ], [ 74.2783, 33.0472 ], [ 74.2799, 33.0457 ], [ 74.2814, 33.0443 ], [ 74.2839, 33.0436 ], [ 74.2872, 33.0437 ], [ 74.2914, 33.0416 ], [ 74.2952, 33.0402 ], [ 74.2991, 33.0393 ], [ 74.302, 33.0391 ], [ 74.3057, 33.04 ], [ 74.3085, 33.0386 ], [ 74.3124, 33.038 ], [ 74.3155, 33.0385 ], [ 74.3184, 33.0391 ], [ 74.3212, 33.0386 ], [ 74.3221, 33.0379 ], [ 74.3222, 33.0367 ], [ 74.3224, 33.0357 ], [ 74.322, 33.0346 ], [ 74.321, 33.0334 ], [ 74.3193, 33.0314 ], [ 74.318, 33.0294 ], [ 74.318, 33.0285 ], [ 74.3201, 33.0275 ], [ 74.3216, 33.024 ], [ 74.3209, 33.0218 ], [ 74.3213, 33.0208 ], [ 74.3213, 33.0187 ], [ 74.324, 33.0131 ], [ 74.3253, 33.005 ], [ 74.3272, 32.9965 ], [ 74.3298, 32.987 ], [ 74.3327, 32.9764 ], [ 74.3344, 32.9698 ], [ 74.3356, 32.9658 ], [ 74.3369, 32.9614 ], [ 74.338, 32.9574 ], [ 74.3368, 32.9557 ], [ 74.3313, 32.9521 ], [ 74.3275, 32.9494 ], [ 74.3186, 32.9433 ], [ 74.3153, 32.9411 ], [ 74.3133, 32.9354 ], [ 74.3143, 32.9344 ], [ 74.3152, 32.9333 ], [ 74.3165, 32.9323 ], [ 74.3172, 32.931 ], [ 74.3185, 32.9307 ], [ 74.3194, 32.9299 ], [ 74.321, 32.9297 ], [ 74.3214, 32.9282 ], [ 74.3221, 32.927 ], [ 74.3237, 32.9267 ], [ 74.3251, 32.9266 ], [ 74.3261, 32.926 ], [ 74.3272, 32.9263 ], [ 74.3296, 32.9267 ], [ 74.333, 32.9277 ], [ 74.3359, 32.928 ], [ 74.3386, 32.9276 ], [ 74.3425, 32.929 ], [ 74.3447, 32.9302 ], [ 74.347, 32.9297 ], [ 74.3495, 32.9289 ], [ 74.3526, 32.9283 ], [ 74.3554, 32.9274 ], [ 74.3579, 32.9267 ], [ 74.359, 32.926 ], [ 74.3605, 32.9264 ], [ 74.3622, 32.9259 ], [ 74.3637, 32.9259 ], [ 74.3668, 32.9259 ], [ 74.3684, 32.9262 ], [ 74.3696, 32.9257 ], [ 74.3699, 32.9252 ], [ 74.3707, 32.9241 ], [ 74.3717, 32.9236 ], [ 74.372, 32.9233 ], [ 74.3725, 32.9229 ], [ 74.3726, 32.922 ], [ 74.369, 32.9228 ], [ 74.3682, 32.922 ], [ 74.3702, 32.921 ], [ 74.3733, 32.9195 ], [ 74.3769, 32.919 ], [ 74.3808, 32.9188 ], [ 74.3834, 32.9186 ], [ 74.3851, 32.918 ], [ 74.3858, 32.9177 ], [ 74.3865, 32.9171 ], [ 74.3884, 32.9157 ], [ 74.3918, 32.9126 ], [ 74.3929, 32.9116 ], [ 74.3944, 32.9103 ], [ 74.3958, 32.9094 ], [ 74.3972, 32.9094 ], [ 74.4002, 32.9088 ], [ 74.4025, 32.9086 ], [ 74.4048, 32.9078 ], [ 74.4059, 32.9073 ], [ 74.4075, 32.9067 ], [ 74.4097, 32.9058 ], [ 74.4119, 32.9042 ], [ 74.4121, 32.9032 ], [ 74.4124, 32.9022 ], [ 74.4131, 32.9016 ], [ 74.4121, 32.9009 ], [ 74.4124, 32.899 ], [ 74.4134, 32.8962 ], [ 74.4144, 32.8949 ], [ 74.4146, 32.8933 ], [ 74.4142, 32.8903 ], [ 74.4136, 32.8884 ], [ 74.413, 32.8867 ], [ 74.4124, 32.8847 ], [ 74.412, 32.883 ], [ 74.4114, 32.8811 ], [ 74.4106, 32.8789 ], [ 74.4109, 32.8769 ], [ 74.4112, 32.8748 ], [ 74.4116, 32.8731 ], [ 74.4126, 32.8717 ], [ 74.4131, 32.8694 ], [ 74.4136, 32.8682 ], [ 74.414, 32.8664 ], [ 74.4146, 32.8651 ], [ 74.416, 32.8626 ], [ 74.4172, 32.8618 ], [ 74.4194, 32.8592 ], [ 74.4216, 32.857 ], [ 74.4223, 32.855 ], [ 74.4242, 32.8502 ], [ 74.426, 32.8475 ], [ 74.4282, 32.8448 ], [ 74.43, 32.8429 ], [ 74.431, 32.8418 ], [ 74.4324, 32.8402 ], [ 74.4342, 32.8378 ], [ 74.4354, 32.8352 ], [ 74.4365, 32.8335 ], [ 74.4369, 32.832 ], [ 74.4379, 32.8302 ], [ 74.4381, 32.829 ], [ 74.4387, 32.8281 ], [ 74.4392, 32.826 ], [ 74.4396, 32.8235 ], [ 74.4402, 32.8216 ], [ 74.4416, 32.8177 ], [ 74.4434, 32.8126 ], [ 74.4441, 32.8114 ], [ 74.4447, 32.81 ], [ 74.4447, 32.8085 ], [ 74.452, 32.7823 ], [ 74.4565, 32.7602 ], [ 74.4609, 32.7353 ], [ 74.4589, 32.7347 ], [ 74.4579, 32.7341 ] ] ] ] } },
{ "type": "Feature", "properties": { "id": 3 }, "geometry": { "type": "MultiPolygon", "coordinates": [ [ [ [ 77.73551, 35.43384 ], [ 77.76037, 35.45117 ], [ 77.77467, 35.46016 ], [ 77.81465, 35.48525 ], [ 77.81929, 35.49329 ], [ 77.82393, 35.50133 ], [ 77.84082, 35.50111 ], [ 77.84308, 35.50098 ], [ 77.84678, 35.50078 ], [ 77.85019, 35.49173 ], [ 77.85132, 35.48874 ], [ 77.86267, 35.45859 ], [ 77.86872, 35.45052 ], [ 77.87942, 35.43625 ], [ 77.88477, 35.43196 ], [ 77.88862, 35.42887 ], [ 77.89957, 35.4279 ], [ 77.90297, 35.42759 ], [ 77.91019, 35.42936 ], [ 77.91988, 35.43434 ], [ 77.92093, 35.43488 ], [ 77.92802, 35.44054 ], [ 77.94378, 35.46296 ], [ 77.94459, 35.46411 ], [ 77.95128, 35.47364 ], [ 77.96172, 35.48006 ], [ 77.96688, 35.48132 ], [ 77.99065, 35.48711 ], [ 78.00999, 35.48919 ], [ 78.01998, 35.49026 ], [ 78.04536, 35.49109 ], [ 78.06375, 35.49169 ], [ 78.06482, 35.49172 ], [ 78.07935, 35.4922 ], [ 78.08195, 35.4917 ], [ 78.0877, 35.49059 ], [ 78.0943, 35.4893 ], [ 78.10399, 35.48446 ], [ 78.10705, 35.48043 ], [ 78.10983, 35.47677 ], [ 78.1108, 35.47266 ], [ 78.1077, 35.46457 ], [ 78.1045, 35.46182 ], [ 78.09733, 35.45564 ], [ 78.07964, 35.44815 ], [ 78.07183, 35.44685 ], [ 78.07019, 35.44464 ], [ 78.06888, 35.44288 ], [ 78.03169, 35.42306 ], [ 78.0301, 35.42047 ], [ 78.02983, 35.42003 ], [ 78.02846, 35.41928 ], [ 78.0246, 35.41717 ], [ 78.0212, 35.41688 ], [ 78.02077, 35.41647 ], [ 78.01949, 35.41526 ], [ 77.99707, 35.39409 ], [ 77.99029, 35.37903 ], [ 77.98996, 35.36364 ], [ 77.99185, 35.34855 ], [ 77.99435, 35.34493 ], [ 78.00151, 35.29797 ], [ 78.00202, 35.29462 ], [ 78.00636, 35.29035 ], [ 78.0137, 35.26419 ], [ 78.01774, 35.24975 ], [ 78.03184, 35.22023 ], [ 78.04276, 35.20233 ], [ 78.04361, 35.20133 ], [ 78.05222, 35.1911 ], [ 78.05756, 35.18475 ], [ 78.05972, 35.18311 ], [ 78.06902, 35.17604 ], [ 78.0774, 35.17271 ], [ 78.07835, 35.17233 ], [ 78.11605, 35.14535 ], [ 78.11844, 35.14244 ], [ 78.12418, 35.13542 ], [ 78.12605, 35.12904 ], [ 78.12531, 35.12599 ], [ 78.12431, 35.12189 ], [ 78.1171, 35.11164 ], [ 78.11102, 35.10734 ], [ 78.09772, 35.09793 ], [ 78.08894, 35.09583 ], [ 78.08832, 35.09568 ], [ 78.08428, 35.09077 ], [ 78.08287, 35.08249 ], [ 78.09495, 35.0569 ], [ 78.11483, 35.01476 ], [ 78.11828, 35.00665 ], [ 78.12111, 35.0 ], [ 78.13031, 34.97834 ], [ 78.13348, 34.97087 ], [ 78.14364, 34.95324 ], [ 78.16731, 34.91214 ], [ 78.1736, 34.9063 ], [ 78.17516, 34.90281 ], [ 78.18465, 34.88152 ], [ 78.18834, 34.86278 ], [ 78.20732, 34.76611 ], [ 78.2104, 34.75894 ], [ 78.21869, 34.73956 ], [ 78.22105, 34.73403 ], [ 78.23157, 34.7168 ], [ 78.23177, 34.71654 ], [ 78.24803, 34.6951 ], [ 78.2657, 34.67939 ], [ 78.2726, 34.67495 ], [ 78.27405, 34.67401 ], [ 78.28436, 34.66736 ], [ 78.30034, 34.66193 ], [ 78.3068, 34.66092 ], [ 78.31734, 34.65928 ], [ 78.32354, 34.65658 ], [ 78.32492, 34.65598 ], [ 78.38718, 34.65163 ], [ 78.39552, 34.64939 ], [ 78.39836, 34.64863 ], [ 78.39873, 34.64835 ], [ 78.40459, 34.64392 ], [ 78.40701, 34.63663 ], [ 78.40689, 34.62103 ], [ 78.40932, 34.6135 ], [ 78.41813, 34.6054 ], [ 78.42512, 34.60346 ], [ 78.43546, 34.60286 ], [ 78.44315, 34.6024 ], [ 78.45915, 34.60279 ], [ 78.48223, 34.60334 ], [ 78.51154, 34.60911 ], [ 78.53712, 34.61415 ], [ 78.55817, 34.61475 ], [ 78.56934, 34.61195 ], [ 78.58208, 34.60315 ], [ 78.61109, 34.58306 ], [ 78.62101, 34.57428 ], [ 78.63763, 34.5523 ], [ 78.64383, 34.54781 ], [ 78.65249, 34.53815 ], [ 78.66006, 34.52972 ], [ 78.68062, 34.5156 ], [ 78.68619, 34.51276 ], [ 78.69632, 34.50759 ], [ 78.71664, 34.50101 ], [ 78.73008, 34.49665 ], [ 78.73612, 34.49167 ], [ 78.73827, 34.48989 ], [ 78.74936, 34.47699 ], [ 78.75035, 34.47505 ], [ 78.75284, 34.47017 ], [ 78.75405, 34.46901 ], [ 78.76302, 34.46046 ], [ 78.78848, 34.44142 ], [ 78.79938, 34.43327 ], [ 78.82495, 34.41413 ], [ 78.83726, 34.40702 ], [ 78.8381, 34.40653 ], [ 78.87569, 34.39465 ], [ 78.89156, 34.38964 ], [ 78.91504, 34.37884 ], [ 78.92255, 34.37539 ], [ 78.92744, 34.37164 ], [ 78.92918, 34.3703 ], [ 78.93989, 34.36208 ], [ 78.96074, 34.3461 ], [ 78.96885, 34.34163 ], [ 78.97674, 34.33393 ], [ 78.98146, 34.33285 ], [ 78.98923, 34.31927 ], [ 78.99005, 34.31783 ], [ 78.99422, 34.30252 ], [ 78.9934, 34.28874 ], [ 78.98499, 34.26779 ], [ 78.97501, 34.24286 ], [ 78.9562, 34.21783 ], [ 78.94212, 34.20479 ], [ 78.93534, 34.19961 ], [ 78.91036, 34.1805 ], [ 78.89436, 34.17002 ], [ 78.88888, 34.16643 ], [ 78.87904, 34.16133 ], [ 78.87115, 34.15723 ], [ 78.85883, 34.1518 ], [ 78.81532, 34.13261 ], [ 78.77426, 34.11451 ], [ 78.77094, 34.11374 ], [ 78.76389, 34.11211 ], [ 78.76067, 34.11136 ], [ 78.75946, 34.11108 ], [ 78.72923, 34.0957 ], [ 78.72443, 34.0914 ], [ 78.71332, 34.08146 ], [ 78.70638, 34.07218 ], [ 78.70615, 34.05864 ], [ 78.71212, 34.05048 ], [ 78.73185, 34.04253 ], [ 78.75954, 34.03634 ], [ 78.75987, 34.03627 ], [ 78.76064, 34.0361 ], [ 78.76595, 34.03251 ], [ 78.76829, 34.02575 ], [ 78.77036, 34.01973 ], [ 78.76842, 34.01447 ], [ 78.76363, 34.00151 ], [ 78.7429, 33.98728 ], [ 78.72842, 33.97734 ], [ 78.71579, 33.96453 ], [ 78.71426, 33.95947 ], [ 78.71616, 33.94894 ], [ 78.71725, 33.94896 ], [ 78.71666, 33.93909 ], [ 78.71493, 33.93345 ], [ 78.71156, 33.9225 ], [ 78.71725, 33.89048 ], [ 78.72567, 33.87112 ], [ 78.74178, 33.84018 ], [ 78.76132, 33.81734 ], [ 78.76203, 33.81651 ], [ 78.77506, 33.80125 ], [ 78.78055, 33.78919 ], [ 78.78399, 33.77043 ], [ 78.77529, 33.7464 ], [ 78.77522, 33.74622 ], [ 78.7624, 33.73066 ], [ 78.75756, 33.72646 ], [ 78.73732, 33.70888 ], [ 78.73724, 33.70882 ], [ 78.73175, 33.70404 ], [ 78.7093, 33.67961 ], [ 78.70843, 33.67611 ], [ 78.70679, 33.66948 ], [ 78.70935, 33.66055 ], [ 78.71098, 33.65487 ], [ 78.72728, 33.62278 ], [ 78.72993, 33.61757 ], [ 78.74223, 33.59741 ], [ 78.74348, 33.59538 ], [ 78.75811, 33.57139 ], [ 78.7632, 33.56305 ], [ 78.77068, 33.55204 ], [ 78.78387, 33.53265 ], [ 78.79115, 33.52519 ], [ 78.80387, 33.50681 ], [ 78.8186, 33.48908 ], [ 78.82073, 33.48651 ], [ 78.82326, 33.48349 ], [ 78.8704, 33.4397 ], [ 78.87153, 33.43908 ], [ 78.87566, 33.4368 ], [ 78.89539, 33.42031 ], [ 78.92126, 33.3987 ], [ 78.9411, 33.39008 ], [ 78.95481, 33.37418 ], [ 78.97269, 33.36732 ], [ 78.97953, 33.35878 ], [ 78.98866, 33.34737 ], [ 78.9987, 33.34023 ], [ 79.00415, 33.33635 ], [ 79.01955, 33.3308 ], [ 79.0338, 33.31358 ], [ 79.03657, 33.31209 ], [ 79.04765, 33.30611 ], [ 79.0666, 33.29589 ], [ 79.07079, 33.29092 ], [ 79.07311, 33.2836 ], [ 79.06927, 33.27311 ], [ 79.06611, 33.26448 ], [ 79.06685, 33.25462 ], [ 79.06721, 33.24983 ], [ 79.07147, 33.23816 ], [ 79.07496, 33.22861 ], [ 79.09299, 33.22046 ], [ 79.11328, 33.21128 ], [ 79.12773, 33.20474 ], [ 79.14144, 33.2001 ], [ 79.15701, 33.19791 ], [ 79.16477, 33.19682 ], [ 79.1805, 33.19461 ], [ 79.18298, 33.19292 ], [ 79.18546, 33.19123 ], [ 79.20622, 33.19395 ], [ 79.21237, 33.19476 ], [ 79.31517, 33.1888 ], [ 79.35584, 33.18953 ], [ 79.37726, 33.18991 ], [ 79.39362, 33.18893 ], [ 79.39909, 33.18715 ], [ 79.40198, 33.1849 ], [ 79.40984, 33.17877 ], [ 79.41683, 33.16669 ], [ 79.41754, 33.15524 ], [ 79.41547, 33.14766 ], [ 79.4132, 33.14191 ], [ 79.41075, 33.1357 ], [ 79.39854, 33.11471 ], [ 79.39726, 33.10943 ], [ 79.39503, 33.1072 ], [ 79.39328, 33.10544 ], [ 79.39056, 33.10271 ], [ 79.37359, 33.07343 ], [ 79.37328, 33.072 ], [ 79.37231, 33.06746 ], [ 79.36761, 33.06161 ], [ 79.36618, 33.05984 ], [ 79.35493, 33.03061 ], [ 79.35302, 33.02259 ], [ 79.35187, 33.01774 ], [ 79.35003, 32.99618 ], [ 79.35073, 32.99126 ], [ 79.35099, 32.98942 ], [ 79.35122, 32.98782 ], [ 79.35247, 32.97903 ], [ 79.36211, 32.96206 ], [ 79.36503, 32.95692 ], [ 79.38111, 32.93957 ], [ 79.38313, 32.93739 ], [ 79.38712, 32.93308 ], [ 79.39096, 32.93044 ], [ 79.39906, 32.92487 ], [ 79.41867, 32.9114 ], [ 79.43206, 32.90511 ], [ 79.43485, 32.90033 ], [ 79.44186, 32.89466 ], [ 79.44621, 32.89114 ], [ 79.44858, 32.88923 ], [ 79.4544, 32.88035 ], [ 79.45506, 32.87806 ], [ 79.45697, 32.87143 ], [ 79.46452, 32.81674 ], [ 79.47123, 32.80282 ], [ 79.47782, 32.79624 ], [ 79.48442, 32.78966 ], [ 79.49631, 32.78411 ], [ 79.51523, 32.77528 ], [ 79.52673, 32.76759 ], [ 79.53334, 32.75986 ], [ 79.54053, 32.74869 ], [ 79.54403, 32.7395 ], [ 79.54541, 32.73587 ], [ 79.54739, 32.73065 ], [ 79.5554, 32.70964 ], [ 79.56125, 32.68403 ], [ 79.56259, 32.67817 ], [ 79.56429, 32.67076 ], [ 79.55777, 32.63062 ], [ 79.55356, 32.62027 ], [ 79.54983, 32.61439 ], [ 79.54536, 32.60736 ], [ 79.52405, 32.59589 ], [ 79.522, 32.59479 ], [ 79.51437, 32.59286 ], [ 79.50879, 32.59146 ], [ 79.48854, 32.59283 ], [ 79.48497, 32.59307 ], [ 79.47813, 32.59293 ], [ 79.46415, 32.59265 ], [ 79.44801, 32.58608 ], [ 79.43631, 32.5799 ], [ 79.43031, 32.57674 ], [ 79.40382, 32.55769 ], [ 79.36222, 32.53756 ], [ 79.36149, 32.53704 ], [ 79.35997, 32.53595 ], [ 79.35324, 32.53113 ], [ 79.34698, 32.52664 ], [ 79.32025, 32.4913 ], [ 79.31374, 32.48789 ], [ 79.31222, 32.48709 ], [ 79.30493, 32.48655 ], [ 79.29734, 32.48853 ], [ 79.27012, 32.51778 ], [ 79.26072, 32.52228 ], [ 79.25841, 32.52338 ], [ 79.25794, 32.52334 ], [ 79.25322, 32.52286 ], [ 79.24816, 32.52235 ], [ 79.23498, 32.51899 ], [ 79.23309, 32.51851 ], [ 79.22311, 32.51596 ], [ 79.22089, 32.5154 ], [ 79.21383, 32.5136 ], [ 79.20693, 32.51184 ], [ 79.20296, 32.51083 ], [ 79.1833, 32.50102 ], [ 79.16507, 32.49192 ], [ 79.14886, 32.48383 ], [ 79.12894, 32.46643 ], [ 79.12653, 32.46431 ], [ 79.12173, 32.45611 ], [ 79.12025, 32.45358 ], [ 79.12008, 32.45329 ], [ 79.11815, 32.45 ], [ 79.11978, 32.43832 ], [ 79.12188, 32.42324 ], [ 79.12134, 32.41762 ], [ 79.12119, 32.41613 ], [ 79.1118, 32.39929 ], [ 79.10912, 32.38322 ], [ 79.10447, 32.37171 ], [ 79.09564, 32.36794 ], [ 79.09185, 32.36903 ], [ 79.07663, 32.37902 ], [ 79.06754, 32.38498 ], [ 79.06424, 32.38523 ], [ 79.0597, 32.38557 ], [ 79.04922, 32.38337 ], [ 79.04905, 32.38326 ], [ 79.04655, 32.38157 ], [ 79.02499, 32.36701 ], [ 78.99376, 32.3643 ], [ 78.98253, 32.34582 ], [ 78.9772, 32.34277 ], [ 78.97373, 32.34361 ], [ 78.97096, 32.34428 ], [ 78.924, 32.36332 ], [ 78.91886, 32.3654 ], [ 78.91467, 32.36709 ], [ 78.91414, 32.36771 ], [ 78.90233, 32.38139 ], [ 78.90002, 32.38407 ], [ 78.888, 32.39237 ], [ 78.88583, 32.39598 ], [ 78.87457, 32.41462 ], [ 78.86745, 32.41909 ], [ 78.85692, 32.41894 ], [ 78.83602, 32.42528 ], [ 78.82122, 32.43627 ], [ 78.81981, 32.43732 ], [ 78.8179, 32.43874 ], [ 78.81636, 32.44062 ], [ 78.79793, 32.46318 ], [ 78.79642, 32.46428 ], [ 78.78118, 32.4753 ], [ 78.77667, 32.48393 ], [ 78.77543, 32.49055 ], [ 78.77558, 32.51635 ], [ 78.7756, 32.51966 ], [ 78.77261, 32.54435 ], [ 78.76792, 32.55327 ], [ 78.76675, 32.55549 ], [ 78.76556, 32.55776 ], [ 78.76425, 32.56484 ], [ 78.76371, 32.56781 ], [ 78.76517, 32.57494 ], [ 78.7765, 32.58818 ], [ 78.78033, 32.59832 ], [ 78.7793, 32.60225 ], [ 78.77579, 32.61563 ], [ 78.77057, 32.63552 ], [ 78.76806, 32.66298 ], [ 78.76521, 32.67369 ], [ 78.76456, 32.67609 ], [ 78.76392, 32.67849 ], [ 78.76028, 32.68417 ], [ 78.74593, 32.69608 ], [ 78.74214, 32.69602 ], [ 78.73645, 32.69593 ], [ 78.71703, 32.68073 ], [ 78.66427, 32.65649 ], [ 78.65443, 32.64923 ], [ 78.65163, 32.64442 ], [ 78.63234, 32.61106 ], [ 78.62567, 32.60705 ], [ 78.60329, 32.60438 ], [ 78.59977, 32.60526 ], [ 78.59471, 32.60652 ], [ 78.58695, 32.60846 ], [ 78.55927, 32.61234 ], [ 78.54985, 32.61232 ], [ 78.54951, 32.61232 ], [ 78.5452, 32.61231 ], [ 78.54493, 32.61231 ], [ 78.53894, 32.61043 ], [ 78.53705, 32.60983 ], [ 78.53675, 32.60974 ], [ 78.53108, 32.60796 ], [ 78.52641, 32.60649 ], [ 78.50886, 32.59472 ], [ 78.50328, 32.58956 ], [ 78.49591, 32.58275 ], [ 78.48561, 32.57322 ], [ 78.47966, 32.57312 ], [ 78.47274, 32.57786 ], [ 78.4725, 32.57803 ], [ 78.47152, 32.57824 ], [ 78.47028, 32.5785 ], [ 78.46162, 32.58035 ], [ 78.45272, 32.5795 ], [ 78.44333, 32.57207 ], [ 78.43789, 32.56777 ], [ 78.41224, 32.55606 ], [ 78.41145, 32.55431 ], [ 78.40433, 32.53873 ], [ 78.40523, 32.52523 ], [ 78.41126, 32.51983 ], [ 78.41205, 32.51912 ], [ 78.41653, 32.5151 ], [ 78.41334, 32.51324 ], [ 78.41076, 32.51174 ], [ 78.40917, 32.51202 ], [ 78.40892, 32.51271 ], [ 78.40523, 32.51423 ], [ 78.40526, 32.51512 ], [ 78.40141, 32.51818 ], [ 78.40025, 32.52368 ], [ 78.39906, 32.52637 ], [ 78.39792, 32.52707 ], [ 78.39439, 32.52853 ], [ 78.38243, 32.52965 ], [ 78.37669, 32.52605 ], [ 78.35636, 32.51266 ], [ 78.31041, 32.47593 ], [ 78.30624, 32.47775 ], [ 78.27852, 32.50793 ], [ 78.29504, 32.52246 ], [ 78.29917, 32.52927 ], [ 78.29662, 32.57751 ], [ 78.30237, 32.5787 ], [ 78.31799, 32.58021 ], [ 78.33176, 32.58487 ], [ 78.34062, 32.59306 ], [ 78.37707, 32.61488 ], [ 78.38882, 32.62323 ], [ 78.37591, 32.62961 ], [ 78.37093, 32.63816 ], [ 78.36315, 32.67199 ], [ 78.36368, 32.68553 ], [ 78.36757, 32.69952 ], [ 78.37782, 32.71931 ], [ 78.37495, 32.72265 ], [ 78.37122, 32.7337 ], [ 78.37074, 32.74585 ], [ 78.37277, 32.76015 ], [ 78.37135, 32.76183 ], [ 78.36428, 32.76298 ], [ 78.34474, 32.76343 ], [ 78.31395, 32.74898 ], [ 78.28766, 32.73783 ], [ 78.29462, 32.73161 ], [ 78.29811, 32.72483 ], [ 78.29856, 32.71974 ], [ 78.29572, 32.71281 ], [ 78.28487, 32.70678 ], [ 78.27274, 32.70293 ], [ 78.25912, 32.70292 ], [ 78.23659, 32.69467 ], [ 78.23326, 32.6837 ], [ 78.22497, 32.67556 ], [ 78.21294, 32.66919 ], [ 78.20164, 32.6652 ], [ 78.19499, 32.66733 ], [ 78.18395, 32.66387 ], [ 78.17951, 32.67041 ], [ 78.17048, 32.67721 ], [ 78.15842, 32.67913 ], [ 78.15254, 32.67902 ], [ 78.14445, 32.6766 ], [ 78.136, 32.67032 ], [ 78.13066, 32.66006 ], [ 78.12666, 32.6491 ], [ 78.1215, 32.64235 ], [ 78.11616, 32.64241 ], [ 78.10699, 32.64974 ], [ 78.09926, 32.65997 ], [ 78.09338, 32.66215 ], [ 78.08852, 32.65983 ], [ 78.079, 32.65279 ], [ 78.07294, 32.6444 ], [ 78.06746, 32.62562 ], [ 78.06533, 32.62428 ], [ 78.05901, 32.62458 ], [ 78.0441, 32.62884 ], [ 78.0339, 32.63561 ], [ 78.03274, 32.63375 ], [ 78.03244, 32.62839 ], [ 78.03443, 32.61565 ], [ 78.03676, 32.61086 ], [ 78.04147, 32.6053 ], [ 78.04161, 32.59924 ], [ 78.0358, 32.59195 ], [ 78.02744, 32.58865 ], [ 78.01743, 32.58703 ], [ 77.98705, 32.5882 ], [ 77.98256, 32.58653 ], [ 77.9767, 32.59194 ], [ 77.97495, 32.59637 ], [ 77.96785, 32.60798 ], [ 77.96223, 32.6138 ], [ 77.95947, 32.62074 ], [ 77.95425, 32.62596 ], [ 77.9551, 32.63482 ], [ 77.95266, 32.6404 ], [ 77.94648, 32.64273 ], [ 77.93891, 32.64802 ], [ 77.9323, 32.6562 ], [ 77.92716, 32.66262 ], [ 77.92621, 32.66681 ], [ 77.92021, 32.67951 ], [ 77.91097, 32.68818 ], [ 77.90325, 32.6931 ], [ 77.9024, 32.69841 ], [ 77.90566, 32.70359 ], [ 77.90626, 32.71235 ], [ 77.90848, 32.71639 ], [ 77.90944, 32.72139 ], [ 77.91203, 32.72577 ], [ 77.91847, 32.73079 ], [ 77.91563, 32.73369 ], [ 77.91183, 32.73651 ], [ 77.91432, 32.74178 ], [ 77.91441, 32.74454 ], [ 77.91716, 32.75188 ], [ 77.91793, 32.75692 ], [ 77.91689, 32.76273 ], [ 77.91513, 32.76606 ], [ 77.91228, 32.76717 ], [ 77.90893, 32.77212 ], [ 77.9035, 32.7729 ], [ 77.8995, 32.77532 ], [ 77.89088, 32.77451 ], [ 77.88748, 32.77526 ], [ 77.8809, 32.77541 ], [ 77.8763, 32.78001 ], [ 77.87224, 32.78625 ], [ 77.86697, 32.79029 ], [ 77.869, 32.80037 ], [ 77.86455, 32.80652 ], [ 77.86383, 32.81145 ], [ 77.86127, 32.81616 ], [ 77.85497, 32.82119 ], [ 77.85255, 32.82518 ], [ 77.8476, 32.82841 ], [ 77.83138, 32.83504 ], [ 77.82509, 32.83987 ], [ 77.81882, 32.83853 ], [ 77.81432, 32.83617 ], [ 77.80821, 32.83604 ], [ 77.799, 32.84584 ], [ 77.79188, 32.84927 ], [ 77.78774, 32.84976 ], [ 77.78088, 32.8541 ], [ 77.77579, 32.8547 ], [ 77.76772, 32.85847 ], [ 77.76143, 32.86483 ], [ 77.76598, 32.88029 ], [ 77.77274, 32.89091 ], [ 77.78699, 32.89169 ], [ 77.7925, 32.89808 ], [ 77.79017, 32.90543 ], [ 77.78175, 32.91003 ], [ 77.77803, 32.91578 ], [ 77.75957, 32.92741 ], [ 77.75099, 32.93603 ], [ 77.74763, 32.93942 ], [ 77.74746, 32.94051 ], [ 77.74718, 32.94221 ], [ 77.74479, 32.94587 ], [ 77.73895, 32.94727 ], [ 77.73642, 32.94787 ], [ 77.73412, 32.95032 ], [ 77.72734, 32.95755 ], [ 77.72314, 32.96436 ], [ 77.71249, 32.9718 ], [ 77.70833, 32.96732 ], [ 77.70369, 32.96613 ], [ 77.69988, 32.96904 ], [ 77.69671, 32.97335 ], [ 77.69501, 32.97782 ], [ 77.69087, 32.97942 ], [ 77.67949, 32.97778 ], [ 77.678, 32.98072 ], [ 77.67086, 32.98627 ], [ 77.66521, 32.98603 ], [ 77.66308, 32.97593 ], [ 77.65999, 32.96896 ], [ 77.65637, 32.96596 ], [ 77.65331, 32.9594 ], [ 77.64988, 32.95829 ], [ 77.64335, 32.95785 ], [ 77.6385, 32.95614 ], [ 77.62337, 32.94454 ], [ 77.61726, 32.944 ], [ 77.61296, 32.94141 ], [ 77.61071, 32.94231 ], [ 77.60615, 32.94241 ], [ 77.59344, 32.94154 ], [ 77.58637, 32.9399 ], [ 77.58392, 32.9438 ], [ 77.58153, 32.93923 ], [ 77.58096, 32.9345 ], [ 77.57966, 32.93168 ], [ 77.56965, 32.92166 ], [ 77.55385, 32.91311 ], [ 77.54949, 32.91336 ], [ 77.54471, 32.91173 ], [ 77.53532, 32.90229 ], [ 77.527, 32.89228 ], [ 77.5232, 32.88978 ], [ 77.51956, 32.88738 ], [ 77.51129, 32.88543 ], [ 77.50623, 32.88307 ], [ 77.49435, 32.88151 ], [ 77.48455, 32.88654 ], [ 77.47318, 32.87879 ], [ 77.45522, 32.86174 ], [ 77.44835, 32.86168 ], [ 77.43617, 32.86589 ], [ 77.43224, 32.87045 ], [ 77.43122, 32.87582 ], [ 77.42572, 32.88367 ], [ 77.41775, 32.87921 ], [ 77.41013, 32.87822 ], [ 77.40312, 32.88145 ], [ 77.39918, 32.88393 ], [ 77.39733, 32.88699 ], [ 77.39542, 32.88733 ], [ 77.38747, 32.88552 ], [ 77.37939, 32.88083 ], [ 77.37124, 32.86742 ], [ 77.36307, 32.86353 ], [ 77.35968, 32.85958 ], [ 77.35872, 32.8564 ], [ 77.35981, 32.85162 ], [ 77.36267, 32.8466 ], [ 77.36185, 32.84261 ], [ 77.35955, 32.83816 ], [ 77.35648, 32.82527 ], [ 77.3484, 32.8212 ], [ 77.34046, 32.82054 ], [ 77.33596, 32.81891 ], [ 77.3279, 32.81988 ], [ 77.32162, 32.82239 ], [ 77.32066, 32.8281 ], [ 77.31651, 32.82975 ], [ 77.31087, 32.83767 ], [ 77.3125, 32.84631 ], [ 77.30516, 32.85405 ], [ 77.29796, 32.85401 ], [ 77.28874, 32.85262 ], [ 77.28128, 32.85565 ], [ 77.27434, 32.85976 ], [ 77.27009, 32.8664 ], [ 77.25832, 32.87636 ], [ 77.24758, 32.86493 ], [ 77.23887, 32.86516 ], [ 77.23803, 32.86901 ], [ 77.23627, 32.8723 ], [ 77.22783, 32.87697 ], [ 77.22482, 32.88002 ], [ 77.22408, 32.8827 ], [ 77.22746, 32.88393 ], [ 77.2293, 32.8868 ], [ 77.22826, 32.89557 ], [ 77.21799, 32.89731 ], [ 77.20454, 32.90637 ], [ 77.18896, 32.91006 ], [ 77.1818, 32.91545 ], [ 77.17386, 32.93113 ], [ 77.16658, 32.92805 ], [ 77.16373, 32.92511 ], [ 77.16157, 32.92112 ], [ 77.16043, 32.91608 ], [ 77.15743, 32.91324 ], [ 77.14619, 32.91402 ], [ 77.15072, 32.92023 ], [ 77.14695, 32.93438 ], [ 77.14855, 32.93791 ], [ 77.14878, 32.94138 ], [ 77.14611, 32.94277 ], [ 77.14613, 32.95639 ], [ 77.13638, 32.95777 ], [ 77.13528, 32.96094 ], [ 77.13554, 32.96468 ], [ 77.13431, 32.96949 ], [ 77.13586, 32.97445 ], [ 77.13639, 32.98046 ], [ 77.1275, 32.98384 ], [ 77.12007, 32.98271 ], [ 77.11238, 32.98413 ], [ 77.10316, 32.9872 ], [ 77.09712, 32.97758 ], [ 77.08418, 32.97367 ], [ 77.0749, 32.97335 ], [ 77.07167, 32.97623 ], [ 77.06593, 32.98553 ], [ 77.05847, 32.98608 ], [ 77.05238, 32.99089 ], [ 77.03532, 32.99968 ], [ 77.02442, 32.99696 ], [ 77.01992, 32.99175 ], [ 77.01124, 32.99324 ], [ 76.99847, 32.98957 ], [ 76.99402, 32.99229 ], [ 76.99147, 32.99286 ], [ 76.98694, 32.99592 ], [ 76.98083, 33.00146 ], [ 76.96652, 33.00721 ], [ 76.96371, 33.01004 ], [ 76.96213, 33.01393 ], [ 76.95678, 33.01674 ], [ 76.94833, 33.01849 ], [ 76.93266, 33.02845 ], [ 76.92415, 33.02897 ], [ 76.91751, 33.03368 ], [ 76.91461, 33.03882 ], [ 76.91332, 33.04421 ], [ 76.91025, 33.05021 ], [ 76.90012, 33.06414 ], [ 76.89694, 33.07099 ], [ 76.89639, 33.07581 ], [ 76.89075, 33.08076 ], [ 76.89093, 33.0846 ], [ 76.89499, 33.09142 ], [ 76.89431, 33.09514 ], [ 76.88477, 33.09744 ], [ 76.87742, 33.10722 ], [ 76.8772, 33.11424 ], [ 76.86869, 33.12022 ], [ 76.86044, 33.11638 ], [ 76.85257, 33.11155 ], [ 76.84444, 33.1123 ], [ 76.83916, 33.1153 ], [ 76.83411, 33.12056 ], [ 76.8374, 33.12639 ], [ 76.82809, 33.13168 ], [ 76.82917, 33.13772 ], [ 76.82297, 33.14129 ], [ 76.81725, 33.142 ], [ 76.81496, 33.14617 ], [ 76.80949, 33.14855 ], [ 76.80346, 33.15569 ], [ 76.80144, 33.16154 ], [ 76.80202, 33.16603 ], [ 76.79926, 33.16946 ], [ 76.79813, 33.1733 ], [ 76.80042, 33.1778 ], [ 76.80518, 33.18226 ], [ 76.80661, 33.18473 ], [ 76.80331, 33.19385 ], [ 76.81859, 33.20557 ], [ 76.81716, 33.21223 ], [ 76.81108, 33.21546 ], [ 76.81305, 33.22272 ], [ 76.81786, 33.23114 ], [ 76.8232, 33.23738 ], [ 76.82887, 33.24255 ], [ 76.82835, 33.2464 ], [ 76.82717, 33.24675 ], [ 76.82355, 33.24786 ], [ 76.82192, 33.24835 ], [ 76.81728, 33.2485 ], [ 76.81394, 33.24744 ], [ 76.80917, 33.2443 ], [ 76.80846, 33.24232 ], [ 76.8063, 33.23623 ], [ 76.80276, 33.23666 ], [ 76.79694, 33.24121 ], [ 76.78544, 33.25359 ], [ 76.77827, 33.25571 ], [ 76.76356, 33.25433 ], [ 76.75997, 33.25298 ], [ 76.75688, 33.25054 ], [ 76.75534, 33.24949 ], [ 76.7552, 33.24741 ], [ 76.75757, 33.24312 ], [ 76.76236, 33.23954 ], [ 76.75988, 33.22467 ], [ 76.75605, 33.21982 ], [ 76.75056, 33.21013 ], [ 76.74558, 33.20435 ], [ 76.74213, 33.19749 ], [ 76.73435, 33.19312 ], [ 76.73061, 33.18528 ], [ 76.72987, 33.17943 ], [ 76.71419, 33.17744 ], [ 76.70847, 33.1813 ], [ 76.69672, 33.18148 ], [ 76.69366, 33.1776 ], [ 76.68527, 33.17404 ], [ 76.66948, 33.17332 ], [ 76.66055, 33.17135 ], [ 76.65945, 33.17111 ], [ 76.65874, 33.17117 ], [ 76.65111, 33.17183 ], [ 76.64075, 33.16468 ], [ 76.62701, 33.16248 ], [ 76.61256, 33.16597 ], [ 76.59959, 33.17376 ], [ 76.59847, 33.17651 ], [ 76.59886, 33.18391 ], [ 76.59733, 33.18803 ], [ 76.59254, 33.19063 ], [ 76.588, 33.19 ], [ 76.58404, 33.19307 ], [ 76.5847, 33.19956 ], [ 76.58619, 33.20422 ], [ 76.5819, 33.20687 ], [ 76.57674, 33.2058 ], [ 76.56762, 33.20705 ], [ 76.56295, 33.20618 ], [ 76.55589, 33.20685 ], [ 76.54748, 33.20953 ], [ 76.54196, 33.20677 ], [ 76.53418, 33.19935 ], [ 76.52023, 33.20041 ], [ 76.50576, 33.19578 ], [ 76.49883, 33.19669 ], [ 76.49597, 33.19603 ], [ 76.48878, 33.19016 ], [ 76.46906, 33.17991 ], [ 76.46614, 33.17988 ], [ 76.45555, 33.18332 ], [ 76.4502, 33.18292 ], [ 76.44181, 33.18047 ], [ 76.42977, 33.18281 ], [ 76.42178, 33.18181 ], [ 76.40769, 33.18842 ], [ 76.40067, 33.18656 ], [ 76.39168, 33.18669 ], [ 76.38456, 33.18289 ], [ 76.37985, 33.17646 ], [ 76.37351, 33.17346 ], [ 76.36616, 33.16804 ], [ 76.36081, 33.16275 ], [ 76.35886, 33.1575 ], [ 76.35579, 33.1546 ], [ 76.35213, 33.15484 ], [ 76.33559, 33.14627 ], [ 76.31554, 33.1302 ], [ 76.30692, 33.12722 ], [ 76.29195, 33.12021 ], [ 76.288, 33.11316 ], [ 76.275, 33.10399 ], [ 76.27687, 33.10063 ], [ 76.27584, 33.09803 ], [ 76.27123, 33.09636 ], [ 76.26752, 33.08611 ], [ 76.25524, 33.05228 ], [ 76.23729, 33.03259 ], [ 76.22979, 33.03083 ], [ 76.22947, 33.03026 ], [ 76.21616, 33.02857 ], [ 76.1883, 33.02758 ], [ 76.15224, 33.0229 ], [ 76.14389, 33.01648 ], [ 76.1282, 33.01008 ], [ 76.12049, 33.01042 ], [ 76.11597, 33.00859 ], [ 76.10732, 33.00789 ], [ 76.09369, 33.00483 ], [ 76.09456, 33.00032 ], [ 76.09124, 32.99275 ], [ 76.08567, 32.97501 ], [ 76.08221, 32.9688 ], [ 76.07835, 32.96607 ], [ 76.07, 32.96222 ], [ 76.06588, 32.95798 ], [ 76.05447, 32.95097 ], [ 76.0504, 32.94427 ], [ 76.0426, 32.94024 ], [ 76.02807, 32.93744 ], [ 76.02365, 32.93158 ], [ 76.02117, 32.92443 ], [ 76.01719, 32.91764 ], [ 76.01351, 32.91594 ], [ 76.00463, 32.91401 ], [ 75.99753, 32.90937 ], [ 75.98742, 32.90058 ], [ 75.9832, 32.9004 ], [ 75.94577, 32.88514 ], [ 75.93955, 32.88422 ], [ 75.93378, 32.88431 ], [ 75.92323, 32.89809 ], [ 75.91357, 32.90621 ], [ 75.90012, 32.9157 ], [ 75.8809, 32.92477 ], [ 75.86712, 32.93021 ], [ 75.85007, 32.93116 ], [ 75.83389, 32.9346 ], [ 75.82812, 32.93408 ], [ 75.82143, 32.93347 ], [ 75.80795, 32.92979 ], [ 75.80332, 32.92355 ], [ 75.79831, 32.91942 ], [ 75.80176, 32.91027 ], [ 75.8, 32.90392 ], [ 75.79836, 32.90216 ], [ 75.79381, 32.89731 ], [ 75.78988, 32.89398 ], [ 75.78742, 32.89332 ], [ 75.78918, 32.88462 ], [ 75.78983, 32.8814 ], [ 75.79465, 32.87019 ], [ 75.79537, 32.86926 ], [ 75.80551, 32.85614 ], [ 75.80831, 32.8532 ], [ 75.81581, 32.84706 ], [ 75.82106, 32.84276 ], [ 75.82753, 32.84037 ], [ 75.83739, 32.83677 ], [ 75.85524, 32.82614 ], [ 75.87379, 32.81369 ], [ 75.88568, 32.79548 ], [ 75.90006, 32.76986 ], [ 75.91248, 32.75712 ], [ 75.91405, 32.74202 ], [ 75.90984, 32.72094 ], [ 75.90486, 32.70936 ], [ 75.89906, 32.70025 ], [ 75.89658, 32.69106 ], [ 75.89886, 32.68062 ], [ 75.9054, 32.67225 ], [ 75.91476, 32.66593 ], [ 75.92406, 32.65822 ], [ 75.92544, 32.65427 ], [ 75.92362, 32.6437 ], [ 75.90776, 32.61914 ], [ 75.90459, 32.61522 ], [ 75.88629, 32.59192 ], [ 75.87254, 32.57619 ], [ 75.87177, 32.57529 ], [ 75.85654, 32.55842 ], [ 75.83784, 32.53761 ], [ 75.83055, 32.52451 ], [ 75.82893, 32.51997 ], [ 75.82504, 32.50922 ], [ 75.82358, 32.50764 ], [ 75.8157, 32.49922 ], [ 75.80434, 32.48706 ], [ 75.79015, 32.47879 ], [ 75.77887, 32.47504 ], [ 75.77247, 32.4751 ], [ 75.75296, 32.47524 ], [ 75.74592, 32.47635 ], [ 75.74506, 32.47426 ], [ 75.74374, 32.46911 ], [ 75.73532, 32.45469 ], [ 75.72971, 32.44506 ], [ 75.72515, 32.43832 ], [ 75.71975, 32.43032 ], [ 75.71535, 32.42383 ], [ 75.71153, 32.41816 ], [ 75.69823, 32.40953 ], [ 75.68496, 32.40062 ], [ 75.66274, 32.39351 ], [ 75.64807, 32.38881 ], [ 75.63698, 32.38738 ], [ 75.59264, 32.3817 ], [ 75.567, 32.37184 ], [ 75.55732, 32.36696 ], [ 75.54515, 32.36082 ], [ 75.52921, 32.34888 ], [ 75.52427, 32.34005 ], [ 75.51582, 32.29799 ], [ 75.5056, 32.28134 ], [ 75.5045, 32.27953 ], [ 75.50123, 32.27605 ], [ 75.49895, 32.27533 ], [ 75.49472, 32.27691 ], [ 75.49002, 32.28798 ], [ 75.49213, 32.3028 ], [ 75.49112, 32.30672 ], [ 75.49023, 32.31021 ], [ 75.48476, 32.31029 ], [ 75.47993, 32.31035 ], [ 75.47142, 32.31465 ], [ 75.46776, 32.31756 ], [ 75.47352, 32.3392 ], [ 75.47224, 32.34005 ], [ 75.46661, 32.33885 ], [ 75.45635, 32.33352 ], [ 75.45179, 32.33176 ], [ 75.44859, 32.33132 ], [ 75.43258, 32.32669 ], [ 75.43108, 32.32649 ], [ 75.41499, 32.32427 ], [ 75.39745, 32.32625 ], [ 75.38596, 32.32769 ], [ 75.37853, 32.3288 ], [ 75.37347, 32.33057 ], [ 75.35919, 32.33492 ], [ 75.34527, 32.33916 ], [ 75.34401, 32.34021 ], [ 75.33178, 32.3447 ], [ 75.3253, 32.34284 ], [ 75.3017, 32.3308 ], [ 75.2981, 32.334 ], [ 75.296, 32.336 ], [ 75.2951, 32.3373 ], [ 75.2951, 32.3375 ], [ 75.2933, 32.3382 ], [ 75.2915, 32.3399 ], [ 75.2896, 32.3423 ], [ 75.2883, 32.3452 ], [ 75.2879, 32.3477 ], [ 75.2874, 32.3502 ], [ 75.2861, 32.3519 ], [ 75.2846, 32.353 ], [ 75.2833, 32.3534 ], [ 75.2818, 32.3532 ], [ 75.2781, 32.3522 ], [ 75.2759, 32.3518 ], [ 75.2729, 32.3521 ], [ 75.2698, 32.3532 ], [ 75.2679, 32.3543 ], [ 75.2655, 32.3553 ], [ 75.2643, 32.357 ], [ 75.2635, 32.359 ], [ 75.2628, 32.3603 ], [ 75.2611, 32.3612 ], [ 75.259, 32.3616 ], [ 75.2542, 32.3619 ], [ 75.2531, 32.3627 ], [ 75.2521, 32.364 ], [ 75.252, 32.3657 ], [ 75.2518, 32.3682 ], [ 75.2521, 32.3713 ], [ 75.2515, 32.3733 ], [ 75.2504, 32.3747 ], [ 75.2488, 32.376 ], [ 75.2469, 32.3771 ], [ 75.2447, 32.378 ], [ 75.2414, 32.379 ], [ 75.2392, 32.3793 ], [ 75.2369, 32.3792 ], [ 75.2352, 32.3786 ], [ 75.233, 32.3776 ], [ 75.2289, 32.3756 ], [ 75.228, 32.3754 ], [ 75.2261, 32.3752 ], [ 75.2246, 32.3756 ], [ 75.2225, 32.3768 ], [ 75.2214, 32.3782 ], [ 75.2207, 32.3812 ], [ 75.2205, 32.3844 ], [ 75.2213, 32.388 ], [ 75.2211, 32.3893 ], [ 75.2207, 32.3903 ], [ 75.2199, 32.391 ], [ 75.2191, 32.3912 ], [ 75.2172, 32.391 ], [ 75.2155, 32.3905 ], [ 75.214, 32.3891 ], [ 75.2121, 32.3872 ], [ 75.2113, 32.3864 ], [ 75.2103, 32.3862 ], [ 75.2079, 32.3862 ], [ 75.2023, 32.3875 ], [ 75.1982, 32.3889 ], [ 75.1967, 32.3897 ], [ 75.1951, 32.3911 ], [ 75.1935, 32.3929 ], [ 75.1908, 32.396 ], [ 75.189, 32.3978 ], [ 75.1862, 32.399 ], [ 75.1839, 32.3994 ], [ 75.1827, 32.3993 ], [ 75.1817, 32.399 ], [ 75.181, 32.3978 ], [ 75.1798, 32.3956 ], [ 75.1782, 32.3942 ], [ 75.1757, 32.3933 ], [ 75.173, 32.3933 ], [ 75.1688, 32.3937 ], [ 75.1643, 32.3954 ], [ 75.1623, 32.3976 ], [ 75.1611, 32.4001 ], [ 75.1613, 32.4022 ], [ 75.1623, 32.4033 ], [ 75.1644, 32.4041 ], [ 75.1675, 32.4051 ], [ 75.1689, 32.4061 ], [ 75.1693, 32.4071 ], [ 75.1689, 32.4089 ], [ 75.1685, 32.4103 ], [ 75.1684, 32.411 ], [ 75.1684, 32.4119 ], [ 75.169, 32.4129 ], [ 75.1689, 32.4137 ], [ 75.1682, 32.4143 ], [ 75.1668, 32.4151 ], [ 75.1643, 32.4158 ], [ 75.1624, 32.4168 ], [ 75.1603, 32.4183 ], [ 75.158, 32.4194 ], [ 75.156, 32.4196 ], [ 75.1543, 32.4192 ], [ 75.1516, 32.4177 ], [ 75.1474, 32.4155 ], [ 75.145, 32.4148 ], [ 75.1426, 32.4147 ], [ 75.1403, 32.4152 ], [ 75.1385, 32.4151 ], [ 75.1371, 32.4149 ], [ 75.1357, 32.4144 ], [ 75.1326, 32.4129 ], [ 75.1304, 32.4127 ], [ 75.1276, 32.4127 ], [ 75.1265, 32.4124 ], [ 75.1253, 32.412 ], [ 75.1243, 32.4111 ], [ 75.1236, 32.4103 ], [ 75.1225, 32.41 ], [ 75.1212, 32.4097 ], [ 75.1202, 32.4094 ], [ 75.1189, 32.4078 ], [ 75.1165, 32.4057 ], [ 75.1146, 32.4043 ], [ 75.1118, 32.403 ], [ 75.1101, 32.4022 ], [ 75.1083, 32.4013 ], [ 75.1061, 32.4012 ], [ 75.1053, 32.4017 ], [ 75.105, 32.403 ], [ 75.1053, 32.4049 ], [ 75.1051, 32.406 ], [ 75.1041, 32.407 ], [ 75.103, 32.4083 ], [ 75.1027, 32.4094 ], [ 75.1027, 32.4099 ], [ 75.1031, 32.4114 ], [ 75.1044, 32.4134 ], [ 75.1055, 32.416 ], [ 75.1054, 32.4173 ], [ 75.1045, 32.4197 ], [ 75.1035, 32.4214 ], [ 75.1017, 32.4232 ], [ 75.0989, 32.4257 ], [ 75.0952, 32.428 ], [ 75.0945, 32.4292 ], [ 75.0944, 32.4305 ], [ 75.0938, 32.4321 ], [ 75.0934, 32.4361 ], [ 75.0933, 32.438 ], [ 75.0924, 32.4397 ], [ 75.0901, 32.4421 ], [ 75.087, 32.4432 ], [ 75.084, 32.4443 ], [ 75.0832, 32.4455 ], [ 75.0831, 32.4468 ], [ 75.0836, 32.4498 ], [ 75.0837, 32.4521 ], [ 75.0834, 32.4535 ], [ 75.0826, 32.4553 ], [ 75.0805, 32.4568 ], [ 75.0781, 32.4579 ], [ 75.075, 32.4589 ], [ 75.0734, 32.4592 ], [ 75.0722, 32.4591 ], [ 75.0711, 32.4586 ], [ 75.0695, 32.4561 ], [ 75.0672, 32.4539 ], [ 75.066, 32.4529 ], [ 75.0651, 32.4525 ], [ 75.0639, 32.4524 ], [ 75.0618, 32.4528 ], [ 75.0591, 32.4541 ], [ 75.055, 32.4559 ], [ 75.0518, 32.4579 ], [ 75.0494, 32.459 ], [ 75.0478, 32.4596 ], [ 75.0451, 32.4599 ], [ 75.0405, 32.4603 ], [ 75.0362, 32.4605 ], [ 75.0334, 32.4609 ], [ 75.0299, 32.4624 ], [ 75.0264, 32.4639 ], [ 75.0211, 32.4662 ], [ 75.0159, 32.4683 ], [ 75.0098, 32.4711 ], [ 75.0078, 32.4715 ], [ 75.0067, 32.4715 ], [ 75.006, 32.471 ], [ 75.005, 32.4701 ], [ 75.004, 32.4667 ], [ 75.0022, 32.4617 ], [ 74.9993, 32.4558 ], [ 74.9975, 32.4522 ], [ 74.9969, 32.4488 ], [ 74.9976, 32.4476 ], [ 74.999, 32.4461 ], [ 74.9992, 32.4453 ], [ 74.9992, 32.4441 ], [ 74.9988, 32.4436 ], [ 74.9979, 32.4429 ], [ 74.996, 32.4426 ], [ 74.9931, 32.442 ], [ 74.9911, 32.4411 ], [ 74.988, 32.4386 ], [ 74.9861, 32.4362 ], [ 74.984, 32.4349 ], [ 74.982, 32.4342 ], [ 74.9813, 32.4336 ], [ 74.9807, 32.4326 ], [ 74.9799, 32.4314 ], [ 74.9783, 32.4302 ], [ 74.9769, 32.4292 ], [ 74.9741, 32.4286 ], [ 74.9721, 32.4285 ], [ 74.9723, 32.4295 ], [ 74.9722, 32.4305 ], [ 74.9723, 32.4318 ], [ 74.9733, 32.4332 ], [ 74.975, 32.4355 ], [ 74.9756, 32.4372 ], [ 74.9756, 32.4383 ], [ 74.975, 32.4392 ], [ 74.9739, 32.4406 ], [ 74.9714, 32.4419 ], [ 74.9679, 32.4435 ], [ 74.9654, 32.4452 ], [ 74.9629, 32.4464 ], [ 74.9602, 32.4479 ], [ 74.9569, 32.4484 ], [ 74.9548, 32.4479 ], [ 74.9521, 32.4465 ], [ 74.9503, 32.4445 ], [ 74.9483, 32.4413 ], [ 74.9464, 32.4376 ], [ 74.945, 32.4358 ], [ 74.9439, 32.4355 ], [ 74.9428, 32.4354 ], [ 74.942, 32.4356 ], [ 74.9407, 32.4365 ], [ 74.9408, 32.4361 ], [ 74.9403, 32.4352 ], [ 74.9392, 32.4343 ], [ 74.9365, 32.4332 ], [ 74.9331, 32.4321 ], [ 74.9299, 32.4307 ], [ 74.9276, 32.4289 ], [ 74.926, 32.4265 ], [ 74.9247, 32.4248 ], [ 74.9234, 32.4234 ], [ 74.9224, 32.4219 ], [ 74.9195, 32.4314 ], [ 74.9171, 32.4387 ], [ 74.9152, 32.4424 ], [ 74.9116, 32.4457 ], [ 74.9075, 32.4484 ], [ 74.904, 32.4507 ], [ 74.9005, 32.4521 ], [ 74.8989, 32.4524 ], [ 74.8981, 32.4524 ], [ 74.8974, 32.4525 ], [ 74.8966, 32.4523 ], [ 74.8963, 32.452 ], [ 74.8953, 32.4512 ], [ 74.8944, 32.4506 ], [ 74.894, 32.4504 ], [ 74.8929, 32.4502 ], [ 74.8911, 32.4505 ], [ 74.888, 32.4512 ], [ 74.8853, 32.4521 ], [ 74.8819, 32.4529 ], [ 74.8804, 32.4532 ], [ 74.8785, 32.4537 ], [ 74.8778, 32.4542 ], [ 74.8773, 32.455 ], [ 74.8768, 32.4561 ], [ 74.8761, 32.4568 ], [ 74.8753, 32.4574 ], [ 74.8749, 32.458 ], [ 74.8748, 32.4589 ], [ 74.8751, 32.4602 ], [ 74.8765, 32.4639 ], [ 74.8772, 32.4653 ], [ 74.8774, 32.4667 ], [ 74.8769, 32.4683 ], [ 74.8757, 32.4694 ], [ 74.874, 32.4704 ], [ 74.8728, 32.4706 ], [ 74.8714, 32.4703 ], [ 74.8694, 32.4695 ], [ 74.8649, 32.4673 ], [ 74.8616, 32.466 ], [ 74.8608, 32.466 ], [ 74.86, 32.4663 ], [ 74.8587, 32.4673 ], [ 74.8565, 32.4686 ], [ 74.8552, 32.4692 ], [ 74.8537, 32.4693 ], [ 74.8523, 32.4693 ], [ 74.849, 32.4685 ], [ 74.8454, 32.4676 ], [ 74.8434, 32.4672 ], [ 74.8424, 32.4673 ], [ 74.8406, 32.4678 ], [ 74.835, 32.4697 ], [ 74.8282, 32.4711 ], [ 74.8221, 32.4721 ], [ 74.8193, 32.4723 ], [ 74.8182, 32.4722 ], [ 74.8175, 32.4718 ], [ 74.8166, 32.471 ], [ 74.8154, 32.4673 ], [ 74.8133, 32.4621 ], [ 74.8122, 32.4598 ], [ 74.8112, 32.459 ], [ 74.81, 32.4584 ], [ 74.8068, 32.4572 ], [ 74.8035, 32.4561 ], [ 74.8007, 32.4549 ], [ 74.7982, 32.4537 ], [ 74.7968, 32.453 ], [ 74.7956, 32.4528 ], [ 74.7946, 32.4527 ], [ 74.7925, 32.453 ], [ 74.7881, 32.4537 ], [ 74.7816, 32.4544 ], [ 74.7746, 32.4551 ], [ 74.7701, 32.4561 ], [ 74.7676, 32.4564 ], [ 74.7648, 32.4567 ], [ 74.7635, 32.4566 ], [ 74.7621, 32.4563 ], [ 74.7608, 32.4554 ], [ 74.7597, 32.4544 ], [ 74.7591, 32.4534 ], [ 74.7583, 32.4531 ], [ 74.7568, 32.4526 ], [ 74.7541, 32.4526 ], [ 74.7471, 32.4528 ], [ 74.742, 32.4533 ], [ 74.7377, 32.4538 ], [ 74.7355, 32.4536 ], [ 74.7333, 32.4534 ], [ 74.7319, 32.4527 ], [ 74.7308, 32.4516 ], [ 74.7299, 32.4504 ], [ 74.7289, 32.4492 ], [ 74.7283, 32.4488 ], [ 74.7276, 32.4487 ], [ 74.7267, 32.4489 ], [ 74.7245, 32.4497 ], [ 74.7208, 32.4512 ], [ 74.7202, 32.4518 ], [ 74.7201, 32.4527 ], [ 74.7201, 32.4548 ], [ 74.7208, 32.4559 ], [ 74.7211, 32.4576 ], [ 74.7208, 32.46 ], [ 74.7199, 32.4615 ], [ 74.7183, 32.4626 ], [ 74.7157, 32.4632 ], [ 74.7131, 32.4637 ], [ 74.7117, 32.4639 ], [ 74.7106, 32.4641 ], [ 74.7101, 32.4641 ], [ 74.7098, 32.4637 ], [ 74.7094, 32.463 ], [ 74.7087, 32.4624 ], [ 74.708, 32.4618 ], [ 74.7072, 32.4617 ], [ 74.706, 32.4616 ], [ 74.705, 32.4613 ], [ 74.7044, 32.4606 ], [ 74.7027, 32.459 ], [ 74.7011, 32.4578 ], [ 74.6999, 32.4574 ], [ 74.6988, 32.4573 ], [ 74.6977, 32.4576 ], [ 74.6971, 32.4583 ], [ 74.6972, 32.4587 ], [ 74.6962, 32.4602 ], [ 74.6942, 32.4631 ], [ 74.6931, 32.4656 ], [ 74.6929, 32.4669 ], [ 74.6933, 32.4685 ], [ 74.6946, 32.4724 ], [ 74.695, 32.4745 ], [ 74.6949, 32.4756 ], [ 74.6941, 32.4773 ], [ 74.6934, 32.4788 ], [ 74.6931, 32.4802 ], [ 74.6936, 32.4825 ], [ 74.6947, 32.4848 ], [ 74.6974, 32.4889 ], [ 74.6991, 32.4937 ], [ 74.6998, 32.4963 ], [ 74.6996, 32.4978 ], [ 74.699, 32.4991 ], [ 74.6982, 32.4999 ], [ 74.6964, 32.5006 ], [ 74.693, 32.5013 ], [ 74.6866, 32.5028 ], [ 74.6812, 32.5046 ], [ 74.6775, 32.5067 ], [ 74.6756, 32.508 ], [ 74.6743, 32.5095 ], [ 74.6735, 32.5111 ], [ 74.6735, 32.5125 ], [ 74.674, 32.5138 ], [ 74.676, 32.5152 ], [ 74.6813, 32.5176 ], [ 74.6829, 32.5185 ], [ 74.6838, 32.519 ], [ 74.6841, 32.5196 ], [ 74.6844, 32.5205 ], [ 74.6836, 32.5237 ], [ 74.6836, 32.5255 ], [ 74.6836, 32.5275 ], [ 74.6834, 32.5292 ], [ 74.6826, 32.5304 ], [ 74.6818, 32.5309 ], [ 74.6803, 32.5309 ], [ 74.6784, 32.5305 ], [ 74.6745, 32.5295 ], [ 74.6711, 32.5289 ], [ 74.6682, 32.5288 ], [ 74.6673, 32.5289 ], [ 74.6665, 32.5293 ], [ 74.6659, 32.5299 ], [ 74.6654, 32.5313 ], [ 74.6654, 32.5356 ], [ 74.665, 32.5412 ], [ 74.6644, 32.5419 ], [ 74.6636, 32.5425 ], [ 74.6617, 32.5437 ], [ 74.6603, 32.5442 ], [ 74.6595, 32.545 ], [ 74.6592, 32.5458 ], [ 74.6592, 32.5469 ], [ 74.6598, 32.5486 ], [ 74.6614, 32.5503 ], [ 74.6636, 32.5517 ], [ 74.6658, 32.5527 ], [ 74.6667, 32.5535 ], [ 74.6671, 32.5546 ], [ 74.6667, 32.5568 ], [ 74.6659, 32.5579 ], [ 74.6648, 32.5581 ], [ 74.6626, 32.5576 ], [ 74.6596, 32.5572 ], [ 74.6565, 32.5574 ], [ 74.654, 32.5582 ], [ 74.6527, 32.5598 ], [ 74.6518, 32.5626 ], [ 74.6513, 32.565 ], [ 74.6508, 32.5668 ], [ 74.6501, 32.5693 ], [ 74.6501, 32.5702 ], [ 74.6509, 32.5708 ], [ 74.6519, 32.571 ], [ 74.6531, 32.5709 ], [ 74.6562, 32.5717 ], [ 74.6592, 32.5729 ], [ 74.6608, 32.5743 ], [ 74.6615, 32.5761 ], [ 74.6623, 32.5793 ], [ 74.6624, 32.5845 ], [ 74.6621, 32.5898 ], [ 74.6625, 32.5912 ], [ 74.6636, 32.5918 ], [ 74.6657, 32.5918 ], [ 74.6679, 32.5915 ], [ 74.6694, 32.5918 ], [ 74.6716, 32.5926 ], [ 74.6732, 32.5942 ], [ 74.675, 32.5974 ], [ 74.6761, 32.5996 ], [ 74.6781, 32.6016 ], [ 74.6817, 32.6043 ], [ 74.6852, 32.6059 ], [ 74.69, 32.6074 ], [ 74.6925, 32.6082 ], [ 74.6941, 32.6096 ], [ 74.6953, 32.6111 ], [ 74.6964, 32.6133 ], [ 74.6973, 32.6165 ], [ 74.6973, 32.6184 ], [ 74.6968, 32.6202 ], [ 74.6959, 32.6209 ], [ 74.6938, 32.6214 ], [ 74.6907, 32.6224 ], [ 74.6887, 32.6232 ], [ 74.6858, 32.6241 ], [ 74.6838, 32.6244 ], [ 74.6799, 32.6256 ], [ 74.6758, 32.6269 ], [ 74.6725, 32.6281 ], [ 74.6714, 32.6288 ], [ 74.6697, 32.6306 ], [ 74.6679, 32.6324 ], [ 74.6665, 32.6346 ], [ 74.6646, 32.6378 ], [ 74.6633, 32.6401 ], [ 74.6618, 32.642 ], [ 74.6608, 32.6447 ], [ 74.6601, 32.6485 ], [ 74.6604, 32.652 ], [ 74.6615, 32.6567 ], [ 74.6627, 32.6622 ], [ 74.664, 32.6655 ], [ 74.6655, 32.6688 ], [ 74.6658, 32.6707 ], [ 74.6653, 32.673 ], [ 74.6639, 32.6757 ], [ 74.6626, 32.6775 ], [ 74.6632, 32.6798 ], [ 74.6649, 32.6832 ], [ 74.6663, 32.6864 ], [ 74.6687, 32.6899 ], [ 74.6715, 32.6933 ], [ 74.673, 32.6964 ], [ 74.675, 32.6997 ], [ 74.6763, 32.7034 ], [ 74.6772, 32.7072 ], [ 74.6778, 32.7136 ], [ 74.6781, 32.7155 ], [ 74.6787, 32.7173 ], [ 74.6816, 32.7228 ], [ 74.6863, 32.7316 ], [ 74.6903, 32.7396 ], [ 74.6936, 32.7469 ], [ 74.6959, 32.7515 ], [ 74.6987, 32.7568 ], [ 74.7001, 32.7592 ], [ 74.7012, 32.7637 ], [ 74.7013, 32.7656 ], [ 74.701, 32.7681 ], [ 74.7008, 32.7709 ], [ 74.7002, 32.7775 ], [ 74.6997, 32.7808 ], [ 74.6992, 32.7816 ], [ 74.6986, 32.7816 ], [ 74.6969, 32.7811 ], [ 74.6925, 32.7794 ], [ 74.6873, 32.7777 ], [ 74.6821, 32.7761 ], [ 74.6784, 32.7751 ], [ 74.6748, 32.7738 ], [ 74.6732, 32.7729 ], [ 74.6715, 32.7711 ], [ 74.669, 32.7686 ], [ 74.6663, 32.7665 ], [ 74.6645, 32.7658 ], [ 74.6627, 32.7659 ], [ 74.6619, 32.7667 ], [ 74.6605, 32.7694 ], [ 74.6588, 32.7712 ], [ 74.6577, 32.772 ], [ 74.6556, 32.7725 ], [ 74.6541, 32.7723 ], [ 74.6523, 32.7712 ], [ 74.6508, 32.7697 ], [ 74.6492, 32.768 ], [ 74.6467, 32.7652 ], [ 74.6435, 32.7625 ], [ 74.6421, 32.7608 ], [ 74.6402, 32.7583 ], [ 74.6385, 32.7562 ], [ 74.6368, 32.7542 ], [ 74.6361, 32.7526 ], [ 74.6357, 32.7507 ], [ 74.6354, 32.7481 ], [ 74.636, 32.7462 ], [ 74.6373, 32.7445 ], [ 74.6422, 32.7404 ], [ 74.6467, 32.7375 ], [ 74.6505, 32.7354 ], [ 74.6533, 32.7333 ], [ 74.6555, 32.7323 ], [ 74.6572, 32.7306 ], [ 74.6576, 32.7291 ], [ 74.6572, 32.7275 ], [ 74.6557, 32.7261 ], [ 74.6543, 32.7253 ], [ 74.6526, 32.7247 ], [ 74.6485, 32.7247 ], [ 74.6421, 32.7248 ], [ 74.6403, 32.7245 ], [ 74.6381, 32.7235 ], [ 74.6364, 32.7215 ], [ 74.6346, 32.7195 ], [ 74.6344, 32.7183 ], [ 74.6346, 32.7166 ], [ 74.6352, 32.7141 ], [ 74.636, 32.7117 ], [ 74.6378, 32.7088 ], [ 74.6398, 32.7063 ], [ 74.6416, 32.7039 ], [ 74.6422, 32.702 ], [ 74.6425, 32.7 ], [ 74.6419, 32.6982 ], [ 74.6408, 32.6975 ], [ 74.6392, 32.6971 ], [ 74.6369, 32.6979 ], [ 74.6344, 32.6996 ], [ 74.6308, 32.7018 ], [ 74.6285, 32.7034 ], [ 74.6268, 32.7045 ], [ 74.6237, 32.705 ], [ 74.6209, 32.705 ], [ 74.6176, 32.7042 ], [ 74.6144, 32.703 ], [ 74.6099, 32.702 ], [ 74.6036, 32.7007 ], [ 74.6014, 32.7 ], [ 74.5996, 32.6991 ], [ 74.5985, 32.6977 ], [ 74.5977, 32.6969 ], [ 74.5963, 32.6967 ], [ 74.5949, 32.6969 ], [ 74.5928, 32.6969 ], [ 74.5897, 32.6961 ], [ 74.5869, 32.6946 ], [ 74.5854, 32.6941 ], [ 74.5848, 32.6942 ], [ 74.5843, 32.6947 ], [ 74.5852, 32.6962 ], [ 74.5855, 32.6982 ], [ 74.5849, 32.7003 ], [ 74.5835, 32.7016 ], [ 74.5819, 32.7023 ], [ 74.5795, 32.7028 ], [ 74.5737, 32.7027 ], [ 74.5711, 32.7027 ], [ 74.5686, 32.7023 ], [ 74.5654, 32.7014 ], [ 74.5636, 32.7003 ], [ 74.562, 32.6992 ], [ 74.5606, 32.6974 ], [ 74.5584, 32.6943 ], [ 74.5572, 32.6934 ], [ 74.5556, 32.6935 ], [ 74.5555, 32.6939 ], [ 74.5537, 32.6935 ], [ 74.5508, 32.693 ], [ 74.5495, 32.6924 ], [ 74.549, 32.6918 ], [ 74.5486, 32.6904 ], [ 74.5483, 32.6892 ], [ 74.5472, 32.6888 ], [ 74.5454, 32.6895 ], [ 74.5428, 32.6903 ], [ 74.5409, 32.6905 ], [ 74.5363, 32.6902 ], [ 74.5312, 32.6887 ], [ 74.5281, 32.6882 ], [ 74.5268, 32.6883 ], [ 74.5259, 32.6895 ], [ 74.5265, 32.6912 ], [ 74.5293, 32.6952 ], [ 74.53, 32.6977 ], [ 74.53, 32.7007 ], [ 74.5287, 32.7034 ], [ 74.5265, 32.705 ], [ 74.5245, 32.7061 ], [ 74.5223, 32.7066 ], [ 74.5182, 32.7068 ], [ 74.5153, 32.7063 ], [ 74.5109, 32.706 ], [ 74.5041, 32.706 ], [ 74.5018, 32.7065 ], [ 74.4997, 32.7077 ], [ 74.4973, 32.7098 ], [ 74.4939, 32.7124 ], [ 74.4912, 32.7145 ], [ 74.4898, 32.7151 ], [ 74.4873, 32.7155 ], [ 74.4838, 32.7159 ], [ 74.483, 32.7159 ], [ 74.4817, 32.7176 ], [ 74.4792, 32.7203 ], [ 74.4772, 32.7223 ], [ 74.4764, 32.7235 ], [ 74.4759, 32.7242 ], [ 74.475, 32.7245 ], [ 74.4739, 32.7246 ], [ 74.4714, 32.7256 ], [ 74.4694, 32.7278 ], [ 74.4671, 32.7322 ], [ 74.4657, 32.7344 ], [ 74.4609, 32.7353 ], [ 74.4565, 32.7602 ], [ 74.452, 32.7823 ], [ 74.4447, 32.8085 ], [ 74.4447, 32.81 ], [ 74.4441, 32.8114 ], [ 74.4434, 32.8126 ], [ 74.4416, 32.8177 ], [ 74.4402, 32.8216 ], [ 74.4396, 32.8235 ], [ 74.4392, 32.826 ], [ 74.4387, 32.8281 ], [ 74.4381, 32.829 ], [ 74.4379, 32.8302 ], [ 74.4369, 32.832 ], [ 74.4365, 32.8335 ], [ 74.4354, 32.8352 ], [ 74.4342, 32.8378 ], [ 74.4324, 32.8402 ], [ 74.431, 32.8418 ], [ 74.43, 32.8429 ], [ 74.4282, 32.8448 ], [ 74.426, 32.8475 ], [ 74.4242, 32.8502 ], [ 74.4223, 32.855 ], [ 74.4216, 32.857 ], [ 74.4194, 32.8592 ], [ 74.4172, 32.8618 ], [ 74.416, 32.8626 ], [ 74.4146, 32.8651 ], [ 74.414, 32.8664 ], [ 74.4136, 32.8682 ], [ 74.4131, 32.8694 ], [ 74.4126, 32.8717 ], [ 74.4116, 32.8731 ], [ 74.4112, 32.8748 ], [ 74.4109, 32.8769 ], [ 74.4106, 32.8789 ], [ 74.4114, 32.8811 ], [ 74.412, 32.883 ], [ 74.4124, 32.8847 ], [ 74.413, 32.8867 ], [ 74.4136, 32.8884 ], [ 74.4142, 32.8903 ], [ 74.4146, 32.8933 ], [ 74.4144, 32.8949 ], [ 74.4134, 32.8962 ], [ 74.4124, 32.899 ], [ 74.4121, 32.9009 ], [ 74.4131, 32.9016 ], [ 74.4124, 32.9022 ], [ 74.4121, 32.9032 ], [ 74.4119, 32.9042 ], [ 74.4097, 32.9058 ], [ 74.4075, 32.9067 ], [ 74.4059, 32.9073 ], [ 74.4048, 32.9078 ], [ 74.4025, 32.9086 ], [ 74.4002, 32.9088 ], [ 74.3972, 32.9094 ], [ 74.3958, 32.9094 ], [ 74.3944, 32.9103 ], [ 74.3929, 32.9116 ], [ 74.3918, 32.9126 ], [ 74.3884, 32.9157 ], [ 74.3865, 32.9171 ], [ 74.3858, 32.9177 ], [ 74.3851, 32.918 ], [ 74.3834, 32.9186 ], [ 74.3808, 32.9188 ], [ 74.3769, 32.919 ], [ 74.3733, 32.9195 ], [ 74.3702, 32.921 ], [ 74.3682, 32.922 ], [ 74.369, 32.9228 ], [ 74.3726, 32.922 ], [ 74.3725, 32.9229 ], [ 74.372, 32.9233 ], [ 74.3717, 32.9236 ], [ 74.3707, 32.9241 ], [ 74.3699, 32.9252 ], [ 74.3696, 32.9257 ], [ 74.3684, 32.9262 ], [ 74.3668, 32.9259 ], [ 74.3637, 32.9259 ], [ 74.3622, 32.9259 ], [ 74.3605, 32.9264 ], [ 74.359, 32.926 ], [ 74.3579, 32.9267 ], [ 74.3554, 32.9274 ], [ 74.3526, 32.9283 ], [ 74.3495, 32.9289 ], [ 74.347, 32.9297 ], [ 74.3447, 32.9302 ], [ 74.3425, 32.929 ], [ 74.3386, 32.9276 ], [ 74.3359, 32.928 ], [ 74.333, 32.9277 ], [ 74.3296, 32.9267 ], [ 74.3272, 32.9263 ], [ 74.3261, 32.926 ], [ 74.3251, 32.9266 ], [ 74.3237, 32.9267 ], [ 74.3221, 32.927 ], [ 74.3214, 32.9282 ], [ 74.321, 32.9297 ], [ 74.3194, 32.9299 ], [ 74.3185, 32.9307 ], [ 74.3172, 32.931 ], [ 74.3165, 32.9323 ], [ 74.3152, 32.9333 ], [ 74.3143, 32.9344 ], [ 74.3133, 32.9354 ], [ 74.3153, 32.9411 ], [ 74.3186, 32.9433 ], [ 74.3275, 32.9494 ], [ 74.3313, 32.9521 ], [ 74.3368, 32.9557 ], [ 74.338, 32.9574 ], [ 74.3369, 32.9614 ], [ 74.3356, 32.9658 ], [ 74.3344, 32.9698 ], [ 74.3327, 32.9764 ], [ 74.3298, 32.987 ], [ 74.3272, 32.9965 ], [ 74.3253, 33.005 ], [ 74.324, 33.0131 ], [ 74.3213, 33.0187 ], [ 74.3213, 33.0208 ], [ 74.3209, 33.0218 ], [ 74.3216, 33.024 ], [ 74.3201, 33.0275 ], [ 74.318, 33.0285 ], [ 74.318, 33.0294 ], [ 74.3193, 33.0314 ], [ 74.321, 33.0334 ], [ 74.322, 33.0346 ], [ 74.3224, 33.0357 ], [ 74.3222, 33.0367 ], [ 74.3221, 33.0379 ], [ 74.3212, 33.0386 ], [ 74.3184, 33.0391 ], [ 74.3155, 33.0385 ], [ 74.3124, 33.038 ], [ 74.3085, 33.0386 ], [ 74.3057, 33.04 ], [ 74.302, 33.0391 ], [ 74.2991, 33.0393 ], [ 74.2952, 33.0402 ], [ 74.2914, 33.0416 ], [ 74.2872, 33.0437 ], [ 74.2839, 33.0436 ], [ 74.2814, 33.0443 ], [ 74.2799, 33.0457 ], [ 74.2783, 33.0472 ], [ 74.2766, 33.0488 ], [ 74.2736, 33.0505 ], [ 74.2729, 33.0512 ], [ 74.2705, 33.052 ], [ 74.2688, 33.0527 ], [ 74.268, 33.0531 ], [ 74.2673, 33.054 ], [ 74.2649, 33.0556 ], [ 74.263, 33.0548 ], [ 74.2611, 33.0542 ], [ 74.2578, 33.0539 ], [ 74.2571, 33.0539 ], [ 74.2555, 33.0552 ], [ 74.255, 33.0562 ], [ 74.2538, 33.0567 ], [ 74.2512, 33.0569 ], [ 74.2505, 33.0574 ], [ 74.25, 33.059 ], [ 74.2479, 33.0599 ], [ 74.2454, 33.0615 ], [ 74.2437, 33.0631 ], [ 74.2382, 33.066 ], [ 74.2333, 33.0697 ], [ 74.2293, 33.0709 ], [ 74.2272, 33.0714 ], [ 74.2251, 33.0718 ], [ 74.2238, 33.0722 ], [ 74.2213, 33.0736 ], [ 74.2203, 33.0743 ], [ 74.2182, 33.075 ], [ 74.2167, 33.0752 ], [ 74.2155, 33.0757 ], [ 74.214, 33.0774 ], [ 74.2121, 33.0799 ], [ 74.2109, 33.0813 ], [ 74.2084, 33.0816 ], [ 74.2061, 33.0803 ], [ 74.2038, 33.0793 ], [ 74.2026, 33.0792 ], [ 74.2014, 33.0799 ], [ 74.1982, 33.0816 ], [ 74.1914, 33.0861 ], [ 74.1889, 33.0875 ], [ 74.187, 33.0879 ], [ 74.1822, 33.0871 ], [ 74.1794, 33.0871 ], [ 74.1772, 33.0876 ], [ 74.1742, 33.0876 ], [ 74.1726, 33.0916 ], [ 74.1731, 33.0927 ], [ 74.1731, 33.0939 ], [ 74.1752, 33.0959 ], [ 74.1754, 33.0975 ], [ 74.1759, 33.0989 ], [ 74.1768, 33.0998 ], [ 74.1815, 33.0998 ], [ 74.1833, 33.1013 ], [ 74.1836, 33.1025 ], [ 74.1832, 33.1046 ], [ 74.1809, 33.1078 ], [ 74.1795, 33.1095 ], [ 74.1772, 33.1108 ], [ 74.1754, 33.1117 ], [ 74.1737, 33.1128 ], [ 74.1725, 33.1135 ], [ 74.1704, 33.1148 ], [ 74.1695, 33.1156 ], [ 74.1675, 33.117 ], [ 74.1662, 33.1187 ], [ 74.1647, 33.1212 ], [ 74.164, 33.1241 ], [ 74.1638, 33.1265 ], [ 74.1648, 33.13 ], [ 74.165, 33.1319 ], [ 74.1651, 33.1364 ], [ 74.1642, 33.1382 ], [ 74.1602, 33.1384 ], [ 74.1592, 33.1391 ], [ 74.1575, 33.1416 ], [ 74.1556, 33.1448 ], [ 74.1538, 33.1482 ], [ 74.1514, 33.1521 ], [ 74.1493, 33.1551 ], [ 74.1471, 33.1578 ], [ 74.1435, 33.1621 ], [ 74.1414, 33.1637 ], [ 74.1376, 33.1673 ], [ 74.1339, 33.1695 ], [ 74.1326, 33.1696 ], [ 74.1299, 33.1706 ], [ 74.1246, 33.1713 ], [ 74.123, 33.1718 ], [ 74.1216, 33.1726 ], [ 74.1182, 33.1746 ], [ 74.116, 33.1766 ], [ 74.113, 33.1792 ], [ 74.1109, 33.1804 ], [ 74.1094, 33.1803 ], [ 74.1066, 33.1809 ], [ 74.1043, 33.1812 ], [ 74.0976, 33.1808 ], [ 74.0961, 33.1808 ], [ 74.0938, 33.1812 ], [ 74.0924, 33.1819 ], [ 74.09, 33.1836 ], [ 74.0879, 33.1855 ], [ 74.0856, 33.1876 ], [ 74.0839, 33.1896 ], [ 74.0828, 33.1913 ], [ 74.0813, 33.1928 ], [ 74.0786, 33.1957 ], [ 74.0771, 33.1976 ], [ 74.0755, 33.1995 ], [ 74.0721, 33.2014 ], [ 74.07, 33.2024 ], [ 74.067, 33.2038 ], [ 74.0637, 33.2048 ], [ 74.0575, 33.2064 ], [ 74.0534, 33.2049 ], [ 74.0529, 33.2076 ], [ 74.0509, 33.2095 ], [ 74.0488, 33.2118 ], [ 74.0452, 33.2135 ], [ 74.0426, 33.2138 ], [ 74.0393, 33.2123 ], [ 74.0363, 33.211 ], [ 74.0328, 33.2111 ], [ 74.0301, 33.2128 ], [ 74.0282, 33.2144 ], [ 74.0262, 33.2154 ], [ 74.0231, 33.2162 ], [ 74.0217, 33.2168 ], [ 74.0193, 33.2186 ], [ 74.0176, 33.2209 ], [ 74.0161, 33.222 ], [ 74.0141, 33.2229 ], [ 74.0114, 33.2237 ], [ 74.01, 33.2241 ], [ 74.0072, 33.2257 ], [ 74.0059, 33.227 ], [ 74.0054, 33.2278 ], [ 74.0047, 33.2336 ], [ 74.0044, 33.2359 ], [ 74.0059, 33.241 ], [ 74.0065, 33.2425 ], [ 74.0055, 33.2457 ], [ 74.0039, 33.2483 ], [ 74.0036, 33.2502 ], [ 74.0035, 33.2525 ], [ 74.005, 33.2562 ], [ 74.0062, 33.2597 ], [ 74.0071, 33.2598 ], [ 74.0081, 33.2598 ], [ 74.0095, 33.2599 ], [ 74.0122, 33.2606 ], [ 74.0147, 33.2617 ], [ 74.0164, 33.2626 ], [ 74.0174, 33.2635 ], [ 74.0178, 33.2645 ], [ 74.0178, 33.2656 ], [ 74.0189, 33.2667 ], [ 74.0189, 33.268 ], [ 74.0189, 33.2687 ], [ 74.0191, 33.2694 ], [ 74.0192, 33.27 ], [ 74.0189, 33.2709 ], [ 74.0185, 33.2711 ], [ 74.0176, 33.2716 ], [ 74.0172, 33.2726 ], [ 74.0169, 33.2732 ], [ 74.0167, 33.274 ], [ 74.0162, 33.2744 ], [ 74.0171, 33.2753 ], [ 74.0182, 33.2764 ], [ 74.0188, 33.2773 ], [ 74.0196, 33.278 ], [ 74.0202, 33.2786 ], [ 74.0209, 33.2788 ], [ 74.0232, 33.2781 ], [ 74.0242, 33.2774 ], [ 74.0251, 33.277 ], [ 74.026, 33.2763 ], [ 74.0268, 33.2756 ], [ 74.028, 33.2755 ], [ 74.0294, 33.2757 ], [ 74.0299, 33.2764 ], [ 74.0304, 33.2774 ], [ 74.0312, 33.2782 ], [ 74.031, 33.279 ], [ 74.0308, 33.2796 ], [ 74.0308, 33.2807 ], [ 74.0319, 33.2808 ], [ 74.0325, 33.281 ], [ 74.033, 33.282 ], [ 74.0335, 33.2824 ], [ 74.0349, 33.2833 ], [ 74.0356, 33.2836 ], [ 74.0367, 33.2843 ], [ 74.0376, 33.2847 ], [ 74.0389, 33.2853 ], [ 74.0399, 33.2857 ], [ 74.041, 33.2858 ], [ 74.042, 33.2862 ], [ 74.0433, 33.2867 ], [ 74.0445, 33.2871 ], [ 74.0455, 33.2876 ], [ 74.0464, 33.2882 ], [ 74.0476, 33.2888 ], [ 74.0478, 33.2894 ], [ 74.0478, 33.2905 ], [ 74.0478, 33.2913 ], [ 74.0477, 33.293 ], [ 74.0482, 33.2944 ], [ 74.0493, 33.2951 ], [ 74.0505, 33.2959 ], [ 74.0515, 33.2959 ], [ 74.0528, 33.2958 ], [ 74.054, 33.2951 ], [ 74.0545, 33.2945 ], [ 74.0557, 33.2933 ], [ 74.0562, 33.2926 ], [ 74.0566, 33.2917 ], [ 74.0576, 33.2907 ], [ 74.0579, 33.29 ], [ 74.0579, 33.2894 ], [ 74.0584, 33.2894 ], [ 74.0592, 33.2895 ], [ 74.0602, 33.2896 ], [ 74.061, 33.2898 ], [ 74.0622, 33.2908 ], [ 74.064, 33.2915 ], [ 74.0651, 33.2915 ], [ 74.0663, 33.2913 ], [ 74.067, 33.2911 ], [ 74.0673, 33.2911 ], [ 74.0694, 33.2911 ], [ 74.0703, 33.2914 ], [ 74.0708, 33.2921 ], [ 74.0709, 33.2931 ], [ 74.0725, 33.2937 ], [ 74.0735, 33.2937 ], [ 74.0743, 33.2937 ], [ 74.0751, 33.2937 ], [ 74.0761, 33.2943 ], [ 74.0773, 33.2945 ], [ 74.0782, 33.2951 ], [ 74.0795, 33.2955 ], [ 74.0805, 33.2956 ], [ 74.0816, 33.2956 ], [ 74.0825, 33.2951 ], [ 74.0834, 33.2951 ], [ 74.0848, 33.2952 ], [ 74.0859, 33.2952 ], [ 74.0865, 33.2952 ], [ 74.0876, 33.2957 ], [ 74.089, 33.296 ], [ 74.0917, 33.2951 ], [ 74.093, 33.2946 ], [ 74.0942, 33.2942 ], [ 74.0951, 33.2942 ], [ 74.0954, 33.2948 ], [ 74.0959, 33.2951 ], [ 74.0958, 33.2957 ], [ 74.0958, 33.2964 ], [ 74.0959, 33.2975 ], [ 74.0962, 33.298 ], [ 74.097, 33.2984 ], [ 74.0986, 33.2985 ], [ 74.0995, 33.2988 ], [ 74.1005, 33.2995 ], [ 74.1009, 33.3009 ], [ 74.1016, 33.302 ], [ 74.1025, 33.3031 ], [ 74.1033, 33.3037 ], [ 74.1038, 33.3042 ], [ 74.1043, 33.3044 ], [ 74.1052, 33.3048 ], [ 74.1057, 33.3052 ], [ 74.1065, 33.3057 ], [ 74.1069, 33.3063 ], [ 74.1085, 33.3075 ], [ 74.1091, 33.3082 ], [ 74.1098, 33.3087 ], [ 74.1105, 33.3092 ], [ 74.1108, 33.3098 ], [ 74.1113, 33.3105 ], [ 74.1119, 33.3105 ], [ 74.1126, 33.3105 ], [ 74.1133, 33.3103 ], [ 74.1139, 33.3098 ], [ 74.1147, 33.3098 ], [ 74.1152, 33.3105 ], [ 74.1155, 33.3112 ], [ 74.1157, 33.3122 ], [ 74.1161, 33.3128 ], [ 74.1167, 33.3129 ], [ 74.1176, 33.3129 ], [ 74.1186, 33.3133 ], [ 74.1193, 33.3139 ], [ 74.1201, 33.3139 ], [ 74.1211, 33.3139 ], [ 74.1221, 33.3138 ], [ 74.1228, 33.3136 ], [ 74.1234, 33.313 ], [ 74.124, 33.3131 ], [ 74.1241, 33.3136 ], [ 74.125, 33.3141 ], [ 74.1255, 33.314 ], [ 74.1268, 33.3139 ], [ 74.1277, 33.3139 ], [ 74.1287, 33.314 ], [ 74.1293, 33.3148 ], [ 74.1299, 33.3155 ], [ 74.1303, 33.3162 ], [ 74.1312, 33.317 ], [ 74.132, 33.3176 ], [ 74.1332, 33.3181 ], [ 74.1341, 33.3186 ], [ 74.1349, 33.3192 ], [ 74.1366, 33.3196 ], [ 74.137, 33.3203 ], [ 74.1372, 33.321 ], [ 74.1375, 33.3219 ], [ 74.1384, 33.3226 ], [ 74.139, 33.3231 ], [ 74.1397, 33.3239 ], [ 74.141, 33.3246 ], [ 74.142, 33.3253 ], [ 74.1423, 33.3258 ], [ 74.1433, 33.3267 ], [ 74.144, 33.3276 ], [ 74.1446, 33.3283 ], [ 74.145, 33.3289 ], [ 74.1457, 33.3292 ], [ 74.1458, 33.3296 ], [ 74.1458, 33.3304 ], [ 74.1466, 33.3311 ], [ 74.1471, 33.3315 ], [ 74.1479, 33.3321 ], [ 74.1487, 33.3329 ], [ 74.1498, 33.3334 ], [ 74.1511, 33.3335 ], [ 74.1519, 33.3335 ], [ 74.1528, 33.3335 ], [ 74.1537, 33.3337 ], [ 74.155, 33.3344 ], [ 74.1562, 33.3351 ], [ 74.157, 33.3356 ], [ 74.1579, 33.3363 ], [ 74.1589, 33.3369 ], [ 74.1596, 33.3374 ], [ 74.1601, 33.3384 ], [ 74.1601, 33.3391 ], [ 74.16, 33.3395 ], [ 74.1593, 33.3401 ], [ 74.1592, 33.3406 ], [ 74.1591, 33.3409 ], [ 74.1591, 33.3419 ], [ 74.1593, 33.342 ], [ 74.1593, 33.3428 ], [ 74.1593, 33.3432 ], [ 74.1589, 33.3434 ], [ 74.1581, 33.3439 ], [ 74.1582, 33.3449 ], [ 74.1596, 33.3453 ], [ 74.1604, 33.3456 ], [ 74.1616, 33.3456 ], [ 74.1625, 33.3457 ], [ 74.1634, 33.3457 ], [ 74.1639, 33.3459 ], [ 74.1646, 33.3461 ], [ 74.1656, 33.3465 ], [ 74.1669, 33.347 ], [ 74.1678, 33.3475 ], [ 74.1684, 33.3481 ], [ 74.1695, 33.3487 ], [ 74.1699, 33.3492 ], [ 74.1701, 33.3503 ], [ 74.1704, 33.3514 ], [ 74.1709, 33.3526 ], [ 74.1711, 33.3543 ], [ 74.1711, 33.3549 ], [ 74.171, 33.3557 ], [ 74.1703, 33.3564 ], [ 74.1695, 33.3566 ], [ 74.1691, 33.3575 ], [ 74.1691, 33.3588 ], [ 74.1691, 33.3594 ], [ 74.1701, 33.3608 ], [ 74.1712, 33.3619 ], [ 74.1712, 33.363 ], [ 74.1712, 33.364 ], [ 74.1713, 33.3647 ], [ 74.1718, 33.3656 ], [ 74.1719, 33.3667 ], [ 74.1719, 33.3677 ], [ 74.1719, 33.3685 ], [ 74.1722, 33.3697 ], [ 74.1725, 33.3704 ], [ 74.1727, 33.3713 ], [ 74.173, 33.3723 ], [ 74.1731, 33.3725 ], [ 74.1731, 33.3734 ], [ 74.1735, 33.3745 ], [ 74.174, 33.3755 ], [ 74.1744, 33.3763 ], [ 74.175, 33.377 ], [ 74.1757, 33.3777 ], [ 74.1758, 33.3785 ], [ 74.1758, 33.3795 ], [ 74.1758, 33.3804 ], [ 74.1762, 33.3812 ], [ 74.1766, 33.3819 ], [ 74.177, 33.3829 ], [ 74.178, 33.383 ], [ 74.1787, 33.383 ], [ 74.1792, 33.3828 ], [ 74.1797, 33.3824 ], [ 74.1802, 33.3818 ], [ 74.1808, 33.3818 ], [ 74.1819, 33.3818 ], [ 74.1826, 33.3818 ], [ 74.1834, 33.3818 ], [ 74.184, 33.3822 ], [ 74.1841, 33.3827 ], [ 74.1849, 33.3838 ], [ 74.1852, 33.3847 ], [ 74.1852, 33.3853 ], [ 74.1856, 33.3864 ], [ 74.1857, 33.389 ], [ 74.186, 33.3897 ], [ 74.1862, 33.3906 ], [ 74.187, 33.3916 ], [ 74.188, 33.393 ], [ 74.1887, 33.3935 ], [ 74.1893, 33.3945 ], [ 74.1899, 33.3951 ], [ 74.191, 33.3975 ], [ 74.1912, 33.3989 ], [ 74.1912, 33.4 ], [ 74.1912, 33.4015 ], [ 74.1912, 33.4027 ], [ 74.1912, 33.4039 ], [ 74.1912, 33.4044 ], [ 74.1912, 33.4057 ], [ 74.1913, 33.4074 ], [ 74.1913, 33.4086 ], [ 74.1916, 33.4097 ], [ 74.1917, 33.411 ], [ 74.1918, 33.4124 ], [ 74.1918, 33.4138 ], [ 74.1924, 33.4151 ], [ 74.1922, 33.4168 ], [ 74.1922, 33.4178 ], [ 74.192, 33.4189 ], [ 74.1916, 33.4197 ], [ 74.1912, 33.4202 ], [ 74.1901, 33.4205 ], [ 74.1889, 33.4207 ], [ 74.1879, 33.4213 ], [ 74.1866, 33.4218 ], [ 74.1857, 33.4222 ], [ 74.1849, 33.4225 ], [ 74.1838, 33.4227 ], [ 74.1817, 33.4244 ], [ 74.1817, 33.4254 ], [ 74.1817, 33.4265 ], [ 74.1817, 33.4271 ], [ 74.1817, 33.429 ], [ 74.1817, 33.4299 ], [ 74.1818, 33.4309 ], [ 74.1822, 33.4321 ], [ 74.1822, 33.4332 ], [ 74.1821, 33.4334 ], [ 74.1824, 33.4341 ], [ 74.1824, 33.4352 ], [ 74.1825, 33.436 ], [ 74.182, 33.4376 ], [ 74.182, 33.4389 ], [ 74.182, 33.44 ], [ 74.182, 33.4414 ], [ 74.1813, 33.4422 ], [ 74.1807, 33.443 ], [ 74.1805, 33.4432 ], [ 74.1796, 33.444 ], [ 74.1795, 33.4448 ], [ 74.1795, 33.4458 ], [ 74.1795, 33.4467 ], [ 74.1795, 33.4473 ], [ 74.1799, 33.448 ], [ 74.1799, 33.4485 ], [ 74.1807, 33.4495 ], [ 74.1809, 33.4503 ], [ 74.1811, 33.451 ], [ 74.1828, 33.4519 ], [ 74.1828, 33.4527 ], [ 74.1834, 33.4531 ], [ 74.1837, 33.4538 ], [ 74.1845, 33.4541 ], [ 74.1851, 33.4552 ], [ 74.1855, 33.4558 ], [ 74.1862, 33.456 ], [ 74.1872, 33.4561 ], [ 74.1874, 33.4569 ], [ 74.1869, 33.4581 ], [ 74.1865, 33.4587 ], [ 74.1861, 33.4598 ], [ 74.1855, 33.4604 ], [ 74.1852, 33.4611 ], [ 74.1852, 33.4619 ], [ 74.1849, 33.4626 ], [ 74.1844, 33.4633 ], [ 74.1841, 33.4641 ], [ 74.1842, 33.4647 ], [ 74.1845, 33.4655 ], [ 74.185, 33.4666 ], [ 74.1851, 33.4678 ], [ 74.1851, 33.4685 ], [ 74.1859, 33.4701 ], [ 74.1866, 33.4707 ], [ 74.1871, 33.4716 ], [ 74.1879, 33.4729 ], [ 74.1879, 33.4742 ], [ 74.1874, 33.4762 ], [ 74.1873, 33.4776 ], [ 74.1866, 33.4784 ], [ 74.1874, 33.4806 ], [ 74.191, 33.4817 ], [ 74.195, 33.4834 ], [ 74.1957, 33.4843 ], [ 74.1958, 33.4865 ], [ 74.1958, 33.4875 ], [ 74.1958, 33.4885 ], [ 74.1954, 33.4891 ], [ 74.1947, 33.4899 ], [ 74.1937, 33.4908 ], [ 74.1934, 33.4912 ], [ 74.1924, 33.4917 ], [ 74.1919, 33.4924 ], [ 74.1913, 33.4936 ], [ 74.1907, 33.4943 ], [ 74.19, 33.4951 ], [ 74.1896, 33.4956 ], [ 74.1887, 33.4959 ], [ 74.1875, 33.4966 ], [ 74.1866, 33.4971 ], [ 74.1862, 33.4976 ], [ 74.1853, 33.4981 ], [ 74.1846, 33.4986 ], [ 74.1833, 33.4992 ], [ 74.182, 33.4995 ], [ 74.1807, 33.4999 ], [ 74.18, 33.5002 ], [ 74.1789, 33.5009 ], [ 74.1781, 33.5017 ], [ 74.1772, 33.5025 ], [ 74.1767, 33.5037 ], [ 74.1767, 33.5041 ], [ 74.1753, 33.5052 ], [ 74.1746, 33.5061 ], [ 74.1735, 33.5071 ], [ 74.1726, 33.5077 ], [ 74.1714, 33.5082 ], [ 74.17, 33.5088 ], [ 74.1671, 33.5102 ], [ 74.1662, 33.511 ], [ 74.1653, 33.512 ], [ 74.1645, 33.5131 ], [ 74.1644, 33.514 ], [ 74.1648, 33.5151 ], [ 74.1648, 33.5168 ], [ 74.1636, 33.5181 ], [ 74.1628, 33.5187 ], [ 74.1624, 33.5198 ], [ 74.1617, 33.5209 ], [ 74.1613, 33.5228 ], [ 74.1604, 33.5242 ], [ 74.1596, 33.525 ], [ 74.1588, 33.5257 ], [ 74.1587, 33.5271 ], [ 74.159, 33.5286 ], [ 74.1592, 33.5297 ], [ 74.1592, 33.5307 ], [ 74.1591, 33.532 ], [ 74.1587, 33.5325 ], [ 74.1587, 33.5348 ], [ 74.1587, 33.5359 ], [ 74.1587, 33.537 ], [ 74.1587, 33.5379 ], [ 74.159, 33.5375 ], [ 74.159, 33.5385 ], [ 74.1589, 33.5394 ], [ 74.1589, 33.5403 ], [ 74.1586, 33.5414 ], [ 74.1585, 33.5421 ], [ 74.1585, 33.543 ], [ 74.1582, 33.5438 ], [ 74.158, 33.5448 ], [ 74.1576, 33.5454 ], [ 74.1571, 33.5462 ], [ 74.1567, 33.5469 ], [ 74.1564, 33.5474 ], [ 74.156, 33.5478 ], [ 74.156, 33.5484 ], [ 74.156, 33.5497 ], [ 74.1559, 33.5504 ], [ 74.1558, 33.5515 ], [ 74.1551, 33.5521 ], [ 74.1544, 33.553 ], [ 74.1537, 33.5537 ], [ 74.1525, 33.5543 ], [ 74.1512, 33.5552 ], [ 74.15, 33.5559 ], [ 74.1487, 33.5567 ], [ 74.1482, 33.5571 ], [ 74.1478, 33.5576 ], [ 74.1478, 33.5584 ], [ 74.1478, 33.559 ], [ 74.1478, 33.5602 ], [ 74.1475, 33.5609 ], [ 74.1472, 33.5617 ], [ 74.1468, 33.5624 ], [ 74.146, 33.563 ], [ 74.1451, 33.5634 ], [ 74.1446, 33.5636 ], [ 74.1442, 33.564 ], [ 74.1435, 33.5645 ], [ 74.143, 33.5651 ], [ 74.1422, 33.5657 ], [ 74.1417, 33.5664 ], [ 74.1411, 33.567 ], [ 74.1396, 33.5677 ], [ 74.1385, 33.5681 ], [ 74.1373, 33.5682 ], [ 74.1366, 33.5685 ], [ 74.136, 33.5686 ], [ 74.1346, 33.5688 ], [ 74.1341, 33.5693 ], [ 74.1332, 33.57 ], [ 74.1323, 33.5705 ], [ 74.1297, 33.5714 ], [ 74.1288, 33.5714 ], [ 74.1282, 33.572 ], [ 74.1278, 33.5727 ], [ 74.1278, 33.5735 ], [ 74.1271, 33.5738 ], [ 74.126, 33.574 ], [ 74.1254, 33.5742 ], [ 74.1239, 33.5743 ], [ 74.1229, 33.5746 ], [ 74.1221, 33.5749 ], [ 74.1212, 33.5755 ], [ 74.1197, 33.5768 ], [ 74.1189, 33.5773 ], [ 74.118, 33.5778 ], [ 74.117, 33.5785 ], [ 74.1162, 33.5794 ], [ 74.1152, 33.5802 ], [ 74.1141, 33.5812 ], [ 74.1124, 33.5821 ], [ 74.1112, 33.5829 ], [ 74.1102, 33.5838 ], [ 74.1091, 33.5849 ], [ 74.1068, 33.5851 ], [ 74.1056, 33.5848 ], [ 74.1039, 33.5841 ], [ 74.1023, 33.5835 ], [ 74.1008, 33.5827 ], [ 74.0991, 33.5827 ], [ 74.0969, 33.5832 ], [ 74.0953, 33.584 ], [ 74.0944, 33.5849 ], [ 74.0936, 33.586 ], [ 74.0928, 33.587 ], [ 74.0921, 33.5879 ], [ 74.0915, 33.5889 ], [ 74.0905, 33.5895 ], [ 74.0896, 33.5899 ], [ 74.0884, 33.5904 ], [ 74.0876, 33.5915 ], [ 74.0856, 33.5932 ], [ 74.085, 33.5935 ], [ 74.084, 33.5943 ], [ 74.0828, 33.5952 ], [ 74.0809, 33.5961 ], [ 74.0804, 33.5961 ], [ 74.0791, 33.5957 ], [ 74.078, 33.5952 ], [ 74.077, 33.5946 ], [ 74.0759, 33.5939 ], [ 74.0744, 33.594 ], [ 74.0726, 33.5946 ], [ 74.0709, 33.5953 ], [ 74.0703, 33.5953 ], [ 74.0696, 33.5953 ], [ 74.0683, 33.595 ], [ 74.0678, 33.5949 ], [ 74.0672, 33.5945 ], [ 74.0665, 33.5942 ], [ 74.0659, 33.5939 ], [ 74.0651, 33.5938 ], [ 74.0644, 33.5938 ], [ 74.0634, 33.5936 ], [ 74.0624, 33.5931 ], [ 74.0612, 33.5924 ], [ 74.0599, 33.5914 ], [ 74.0592, 33.5907 ], [ 74.0589, 33.5896 ], [ 74.0585, 33.5885 ], [ 74.0575, 33.5881 ], [ 74.0568, 33.5873 ], [ 74.0551, 33.5867 ], [ 74.0543, 33.5862 ], [ 74.0533, 33.5862 ], [ 74.0524, 33.5862 ], [ 74.0512, 33.5862 ], [ 74.0504, 33.5862 ], [ 74.0491, 33.5863 ], [ 74.0478, 33.5864 ], [ 74.0469, 33.5864 ], [ 74.0455, 33.5866 ], [ 74.0446, 33.5865 ], [ 74.043, 33.5867 ], [ 74.0416, 33.5869 ], [ 74.0401, 33.5871 ], [ 74.0391, 33.5874 ], [ 74.0378, 33.5875 ], [ 74.0364, 33.5875 ], [ 74.0354, 33.5877 ], [ 74.0347, 33.5882 ], [ 74.034, 33.5891 ], [ 74.0335, 33.5902 ], [ 74.0331, 33.591 ], [ 74.0326, 33.5919 ], [ 74.0321, 33.5925 ], [ 74.0317, 33.5933 ], [ 74.0313, 33.5942 ], [ 74.0308, 33.5954 ], [ 74.0304, 33.5964 ], [ 74.0298, 33.5978 ], [ 74.0295, 33.5988 ], [ 74.029, 33.6003 ], [ 74.0285, 33.6009 ], [ 74.0281, 33.6017 ], [ 74.0277, 33.6026 ], [ 74.027, 33.6037 ], [ 74.0265, 33.6048 ], [ 74.0259, 33.6054 ], [ 74.0252, 33.6062 ], [ 74.0244, 33.607 ], [ 74.0235, 33.608 ], [ 74.0229, 33.6085 ], [ 74.0222, 33.6095 ], [ 74.0217, 33.6105 ], [ 74.02, 33.611 ], [ 74.0192, 33.6116 ], [ 74.0187, 33.6129 ], [ 74.0183, 33.6137 ], [ 74.0174, 33.6141 ], [ 74.0166, 33.6152 ], [ 74.0156, 33.6171 ], [ 74.0149, 33.6184 ], [ 74.0141, 33.6196 ], [ 74.0136, 33.62 ], [ 74.0131, 33.6207 ], [ 74.0119, 33.6217 ], [ 74.0108, 33.6227 ], [ 74.0093, 33.6239 ], [ 74.008, 33.6248 ], [ 74.0064, 33.6258 ], [ 74.0054, 33.6266 ], [ 74.004, 33.6276 ], [ 74.0032, 33.628 ], [ 74.0018, 33.6285 ], [ 74.0016, 33.6299 ], [ 74.0019, 33.6322 ], [ 74.0019, 33.6333 ], [ 74.0019, 33.6335 ], [ 74.001, 33.6344 ], [ 74.0001, 33.6354 ], [ 73.9993, 33.6373 ], [ 73.998, 33.6388 ], [ 73.9968, 33.6432 ], [ 73.9971, 33.6443 ], [ 73.9977, 33.646 ], [ 73.9991, 33.6479 ], [ 73.9991, 33.6492 ], [ 73.9987, 33.6511 ], [ 73.9987, 33.6524 ], [ 73.9991, 33.6544 ], [ 73.9992, 33.6558 ], [ 73.9992, 33.6573 ], [ 73.9989, 33.6591 ], [ 73.9989, 33.6609 ], [ 73.9991, 33.6632 ], [ 73.9998, 33.6649 ], [ 74.0007, 33.666 ], [ 74.001, 33.6669 ], [ 74.0004, 33.6683 ], [ 73.9995, 33.6693 ], [ 73.9988, 33.6698 ], [ 73.9978, 33.6706 ], [ 73.997, 33.6714 ], [ 73.9965, 33.6726 ], [ 73.9955, 33.6732 ], [ 73.9952, 33.675 ], [ 73.9948, 33.6772 ], [ 73.9937, 33.6787 ], [ 73.9941, 33.6808 ], [ 73.9942, 33.6813 ], [ 73.9949, 33.6827 ], [ 73.9957, 33.6838 ], [ 73.9962, 33.6852 ], [ 73.9969, 33.6862 ], [ 73.9972, 33.6877 ], [ 73.9972, 33.6892 ], [ 73.9972, 33.6908 ], [ 73.9972, 33.6919 ], [ 73.997, 33.6933 ], [ 73.9969, 33.6943 ], [ 73.9964, 33.6954 ], [ 73.9957, 33.6966 ], [ 73.9951, 33.6974 ], [ 73.9943, 33.6982 ], [ 73.9939, 33.6989 ], [ 73.9929, 33.7002 ], [ 73.9896, 33.7015 ], [ 73.9886, 33.7022 ], [ 73.9876, 33.7034 ], [ 73.9867, 33.7052 ], [ 73.9864, 33.707 ], [ 73.9847, 33.7086 ], [ 73.9833, 33.7097 ], [ 73.9825, 33.7103 ], [ 73.9812, 33.7115 ], [ 73.9802, 33.7122 ], [ 73.9784, 33.7133 ], [ 73.9767, 33.7145 ], [ 73.9755, 33.7162 ], [ 73.975, 33.7179 ], [ 73.9746, 33.7198 ], [ 73.9743, 33.7217 ], [ 73.9743, 33.724 ], [ 73.9748, 33.7261 ], [ 73.9756, 33.7267 ], [ 73.978, 33.7275 ], [ 73.9796, 33.7279 ], [ 73.9817, 33.7284 ], [ 73.982, 33.7293 ], [ 73.9832, 33.7308 ], [ 73.9844, 33.7319 ], [ 73.9847, 33.7337 ], [ 73.9854, 33.7353 ], [ 73.9857, 33.7367 ], [ 73.9858, 33.7378 ], [ 73.9869, 33.7392 ], [ 73.9878, 33.7402 ], [ 73.9882, 33.7419 ], [ 73.9869, 33.7431 ], [ 73.987, 33.7438 ], [ 73.9882, 33.7448 ], [ 73.9894, 33.7457 ], [ 73.9903, 33.746 ], [ 73.9925, 33.7471 ], [ 73.9938, 33.748 ], [ 73.9941, 33.7483 ], [ 73.9968, 33.7519 ], [ 73.999, 33.7529 ], [ 74.0, 33.7534 ], [ 74.0011, 33.754 ], [ 74.0016, 33.7547 ], [ 74.002, 33.7559 ], [ 74.0029, 33.7573 ], [ 74.0039, 33.7581 ], [ 74.0043, 33.7593 ], [ 74.005, 33.7609 ], [ 74.0056, 33.7618 ], [ 74.0061, 33.7626 ], [ 74.0063, 33.7633 ], [ 74.0068, 33.764 ], [ 74.0068, 33.765 ], [ 74.0068, 33.766 ], [ 74.0065, 33.7664 ], [ 74.0068, 33.7669 ], [ 74.0076, 33.7674 ], [ 74.0081, 33.7682 ], [ 74.0088, 33.7689 ], [ 74.0093, 33.7698 ], [ 74.0101, 33.7709 ], [ 74.0108, 33.7717 ], [ 74.0114, 33.7722 ], [ 74.0114, 33.7728 ], [ 74.0119, 33.7731 ], [ 74.0117, 33.7742 ], [ 74.0112, 33.7757 ], [ 74.0105, 33.777 ], [ 74.01, 33.7778 ], [ 74.0091, 33.7789 ], [ 74.0087, 33.7801 ], [ 74.0081, 33.7819 ], [ 74.0078, 33.7825 ], [ 74.0075, 33.7833 ], [ 74.0075, 33.7837 ], [ 74.0075, 33.7847 ], [ 74.008, 33.7868 ], [ 74.0083, 33.7875 ], [ 74.0092, 33.7881 ], [ 74.0099, 33.7886 ], [ 74.0109, 33.7893 ], [ 74.012, 33.7898 ], [ 74.0124, 33.7902 ], [ 74.0141, 33.7912 ], [ 74.0155, 33.7921 ], [ 74.0168, 33.7926 ], [ 74.0178, 33.7931 ], [ 74.0194, 33.7939 ], [ 74.0203, 33.7945 ], [ 74.0215, 33.7952 ], [ 74.0224, 33.7959 ], [ 74.023, 33.7962 ], [ 74.0235, 33.7968 ], [ 74.0238, 33.7974 ], [ 74.0242, 33.7978 ], [ 74.0246, 33.7983 ], [ 74.0255, 33.7993 ], [ 74.0259, 33.7998 ], [ 74.0267, 33.8009 ], [ 74.0271, 33.8014 ], [ 74.0275, 33.802 ], [ 74.0277, 33.8023 ], [ 74.0284, 33.8027 ], [ 74.0286, 33.803 ], [ 74.0289, 33.8034 ], [ 74.0297, 33.804 ], [ 74.0301, 33.8045 ], [ 74.0305, 33.805 ], [ 74.031, 33.8056 ], [ 74.0315, 33.8062 ], [ 74.0327, 33.807 ], [ 74.0329, 33.8074 ], [ 74.0328, 33.8079 ], [ 74.0329, 33.8086 ], [ 74.0329, 33.8093 ], [ 74.0329, 33.8108 ], [ 74.033, 33.8115 ], [ 74.0332, 33.8124 ], [ 74.0341, 33.8136 ], [ 74.0347, 33.8143 ], [ 74.035, 33.8147 ], [ 74.0358, 33.8153 ], [ 74.0365, 33.8158 ], [ 74.0372, 33.8164 ], [ 74.0381, 33.817 ], [ 74.0392, 33.817 ], [ 74.0407, 33.8165 ], [ 74.0416, 33.8164 ], [ 74.0426, 33.8165 ], [ 74.0438, 33.8165 ], [ 74.0444, 33.8169 ], [ 74.0453, 33.818 ], [ 74.0457, 33.8188 ], [ 74.0457, 33.8195 ], [ 74.0457, 33.8203 ], [ 74.0457, 33.821 ], [ 74.0467, 33.8217 ], [ 74.0481, 33.8223 ], [ 74.0491, 33.8225 ], [ 74.0504, 33.8231 ], [ 74.0506, 33.8234 ], [ 74.0504, 33.8239 ], [ 74.0499, 33.8244 ], [ 74.0495, 33.8247 ], [ 74.0491, 33.8251 ], [ 74.0487, 33.8264 ], [ 74.0488, 33.8271 ], [ 74.0493, 33.8271 ], [ 74.0501, 33.8274 ], [ 74.0501, 33.8276 ], [ 74.05, 33.8282 ], [ 74.0508, 33.829 ], [ 74.0516, 33.8298 ], [ 74.0523, 33.8305 ], [ 74.0531, 33.8309 ], [ 74.054, 33.8315 ], [ 74.0546, 33.8317 ], [ 74.0555, 33.8323 ], [ 74.0565, 33.8327 ], [ 74.0574, 33.8329 ], [ 74.058, 33.8336 ], [ 74.059, 33.8346 ], [ 74.0599, 33.8353 ], [ 74.0607, 33.8356 ], [ 74.062, 33.8361 ], [ 74.0638, 33.8364 ], [ 74.0648, 33.8365 ], [ 74.0658, 33.837 ], [ 74.0664, 33.837 ], [ 74.0677, 33.837 ], [ 74.0684, 33.837 ], [ 74.0697, 33.837 ], [ 74.0706, 33.8368 ], [ 74.0713, 33.8368 ], [ 74.0717, 33.8368 ], [ 74.0728, 33.8372 ], [ 74.0737, 33.8374 ], [ 74.0742, 33.8376 ], [ 74.0747, 33.8378 ], [ 74.0756, 33.8378 ], [ 74.0781, 33.8384 ], [ 74.0799, 33.8379 ], [ 74.0809, 33.838 ], [ 74.0823, 33.8382 ], [ 74.0833, 33.8382 ], [ 74.0842, 33.8382 ], [ 74.0853, 33.8383 ], [ 74.0861, 33.8385 ], [ 74.0868, 33.8386 ], [ 74.0879, 33.8389 ], [ 74.0888, 33.839 ], [ 74.0906, 33.8391 ], [ 74.0919, 33.8392 ], [ 74.0932, 33.8393 ], [ 74.0942, 33.8394 ], [ 74.0953, 33.8393 ], [ 74.0961, 33.8388 ], [ 74.0965, 33.8385 ], [ 74.097, 33.8381 ], [ 74.0976, 33.8375 ], [ 74.0981, 33.8372 ], [ 74.0985, 33.837 ], [ 74.0996, 33.837 ], [ 74.1002, 33.8368 ], [ 74.1013, 33.8364 ], [ 74.1024, 33.8364 ], [ 74.1035, 33.8364 ], [ 74.1041, 33.8364 ], [ 74.1048, 33.8364 ], [ 74.1058, 33.8365 ], [ 74.1067, 33.8367 ], [ 74.1075, 33.8371 ], [ 74.1087, 33.8372 ], [ 74.1093, 33.8372 ], [ 74.1109, 33.8372 ], [ 74.1115, 33.8372 ], [ 74.1122, 33.8371 ], [ 74.1128, 33.8367 ], [ 74.1131, 33.8363 ], [ 74.1135, 33.8359 ], [ 74.1137, 33.8355 ], [ 74.114, 33.8351 ], [ 74.1146, 33.8348 ], [ 74.1153, 33.8348 ], [ 74.1158, 33.8351 ], [ 74.116, 33.8353 ], [ 74.1167, 33.8359 ], [ 74.1172, 33.8361 ], [ 74.1176, 33.8364 ], [ 74.1185, 33.8364 ], [ 74.1189, 33.8364 ], [ 74.1192, 33.8364 ], [ 74.1195, 33.8368 ], [ 74.1198, 33.8372 ], [ 74.1204, 33.8378 ], [ 74.1214, 33.8379 ], [ 74.1223, 33.838 ], [ 74.1228, 33.8381 ], [ 74.1232, 33.8381 ], [ 74.124, 33.8382 ], [ 74.1253, 33.8385 ], [ 74.1263, 33.8386 ], [ 74.1267, 33.8386 ], [ 74.128, 33.8386 ], [ 74.12842, 33.8386 ], [ 74.1313, 33.8394 ], [ 74.1319, 33.8399 ], [ 74.1328, 33.8404 ], [ 74.1336, 33.8408 ], [ 74.1344, 33.8411 ], [ 74.1356, 33.8416 ], [ 74.1362, 33.842 ], [ 74.1369, 33.8422 ], [ 74.1375, 33.8423 ], [ 74.1383, 33.8425 ], [ 74.1388, 33.8426 ], [ 74.1397, 33.8429 ], [ 74.1401, 33.8429 ], [ 74.1413, 33.8429 ], [ 74.1419, 33.843 ], [ 74.1425, 33.8432 ], [ 74.1431, 33.8433 ], [ 74.1436, 33.8435 ], [ 74.1441, 33.844 ], [ 74.1452, 33.844 ], [ 74.1459, 33.8436 ], [ 74.1468, 33.8435 ], [ 74.1474, 33.8435 ], [ 74.1481, 33.8435 ], [ 74.1489, 33.8435 ], [ 74.1498, 33.8435 ], [ 74.1502, 33.8436 ], [ 74.1511, 33.8436 ], [ 74.1518, 33.8436 ], [ 74.1529, 33.8438 ], [ 74.1539, 33.8442 ], [ 74.1548, 33.8442 ], [ 74.1558, 33.8443 ], [ 74.1566, 33.8446 ], [ 74.1572, 33.8448 ], [ 74.1583, 33.8452 ], [ 74.1591, 33.8458 ], [ 74.1601, 33.8462 ], [ 74.161, 33.8465 ], [ 74.1622, 33.8471 ], [ 74.1629, 33.8473 ], [ 74.1635, 33.8476 ], [ 74.1647, 33.8482 ], [ 74.166, 33.8486 ], [ 74.1668, 33.849 ], [ 74.1675, 33.8493 ], [ 74.1683, 33.8498 ], [ 74.1703, 33.8496 ], [ 74.172, 33.8497 ], [ 74.1734, 33.8497 ], [ 74.1745, 33.8499 ], [ 74.176, 33.8499 ], [ 74.1773, 33.8499 ], [ 74.1788, 33.8499 ], [ 74.1798, 33.8505 ], [ 74.1818, 33.8506 ], [ 74.1833, 33.8509 ], [ 74.1846, 33.851 ], [ 74.1859, 33.8512 ], [ 74.1876, 33.8513 ], [ 74.1887, 33.8515 ], [ 74.1899, 33.8519 ], [ 74.1913, 33.8524 ], [ 74.1922, 33.8527 ], [ 74.193, 33.8529 ], [ 74.1935, 33.8532 ], [ 74.1946, 33.8537 ], [ 74.1962, 33.855 ], [ 74.1962, 33.8561 ], [ 74.1961, 33.8574 ], [ 74.1961, 33.8583 ], [ 74.1961, 33.8591 ], [ 74.1963, 33.86 ], [ 74.1967, 33.8607 ], [ 74.197, 33.8616 ], [ 74.1974, 33.8622 ], [ 74.1978, 33.8628 ], [ 74.1981, 33.8631 ], [ 74.1987, 33.8631 ], [ 74.199, 33.8628 ], [ 74.1994, 33.8625 ], [ 74.1999, 33.8619 ], [ 74.1996, 33.8614 ], [ 74.2013, 33.8614 ], [ 74.2018, 33.8614 ], [ 74.2023, 33.8614 ], [ 74.2027, 33.8614 ], [ 74.203, 33.8613 ], [ 74.2032, 33.8609 ], [ 74.2035, 33.8606 ], [ 74.2039, 33.8603 ], [ 74.2041, 33.86 ], [ 74.2045, 33.8596 ], [ 74.2046, 33.8594 ], [ 74.2048, 33.8596 ], [ 74.205, 33.8598 ], [ 74.2053, 33.86 ], [ 74.2053, 33.8602 ], [ 74.2059, 33.8606 ], [ 74.2061, 33.8607 ], [ 74.2065, 33.8613 ], [ 74.2069, 33.8618 ], [ 74.2074, 33.8622 ], [ 74.2081, 33.8627 ], [ 74.2092, 33.8633 ], [ 74.2092, 33.8642 ], [ 74.2091, 33.8652 ], [ 74.2089, 33.8662 ], [ 74.2083, 33.867 ], [ 74.2082, 33.868 ], [ 74.2084, 33.8692 ], [ 74.2087, 33.87 ], [ 74.2091, 33.8707 ], [ 74.2098, 33.8708 ], [ 74.2106, 33.8708 ], [ 74.2113, 33.8708 ], [ 74.2119, 33.8708 ], [ 74.2123, 33.8708 ], [ 74.213, 33.8704 ], [ 74.2133, 33.8702 ], [ 74.2139, 33.87 ], [ 74.2142, 33.8698 ], [ 74.2148, 33.8691 ], [ 74.2154, 33.8691 ], [ 74.2158, 33.8691 ], [ 74.2162, 33.8692 ], [ 74.2168, 33.8694 ], [ 74.2171, 33.87 ], [ 74.2181, 33.8707 ], [ 74.2188, 33.871 ], [ 74.2195, 33.8716 ], [ 74.2203, 33.8722 ], [ 74.221, 33.8729 ], [ 74.2217, 33.8735 ], [ 74.2223, 33.8741 ], [ 74.223, 33.8748 ], [ 74.2237, 33.8755 ], [ 74.2249, 33.8761 ], [ 74.2256, 33.8764 ], [ 74.2262, 33.8772 ], [ 74.2272, 33.8784 ], [ 74.228, 33.8792 ], [ 74.229, 33.88 ], [ 74.2297, 33.8805 ], [ 74.2303, 33.8811 ], [ 74.2312, 33.8818 ], [ 74.2321, 33.8831 ], [ 74.2327, 33.8837 ], [ 74.2336, 33.8843 ], [ 74.2345, 33.8851 ], [ 74.235, 33.8856 ], [ 74.2357, 33.886 ], [ 74.2363, 33.8864 ], [ 74.2371, 33.8871 ], [ 74.2377, 33.8878 ], [ 74.2381, 33.8883 ], [ 74.2386, 33.8889 ], [ 74.2392, 33.8893 ], [ 74.2401, 33.8897 ], [ 74.2403, 33.8901 ], [ 74.2417, 33.8911 ], [ 74.243, 33.8916 ], [ 74.2438, 33.8924 ], [ 74.2449, 33.8933 ], [ 74.2459, 33.8937 ], [ 74.2471, 33.8946 ], [ 74.248, 33.8951 ], [ 74.2484, 33.896 ], [ 74.2499, 33.8962 ], [ 74.2508, 33.8967 ], [ 74.252, 33.8977 ], [ 74.2528, 33.8984 ], [ 74.2538, 33.8989 ], [ 74.2549, 33.8992 ], [ 74.2562, 33.8996 ], [ 74.2571, 33.8997 ], [ 74.2577, 33.9002 ], [ 74.2588, 33.9005 ], [ 74.2603, 33.9006 ], [ 74.2614, 33.9009 ], [ 74.2628, 33.9013 ], [ 74.2634, 33.9016 ], [ 74.2647, 33.9021 ], [ 74.2653, 33.9024 ], [ 74.2668, 33.9031 ], [ 74.268, 33.9033 ], [ 74.269, 33.9036 ], [ 74.2702, 33.904 ], [ 74.2712, 33.9042 ], [ 74.2719, 33.9044 ], [ 74.2723, 33.9044 ], [ 74.2729, 33.9051 ], [ 74.2733, 33.9055 ], [ 74.2742, 33.9062 ], [ 74.2751, 33.9069 ], [ 74.2752, 33.9077 ], [ 74.2749, 33.9084 ], [ 74.2747, 33.9092 ], [ 74.275, 33.9099 ], [ 74.2752, 33.9106 ], [ 74.2759, 33.9114 ], [ 74.2768, 33.9119 ], [ 74.2773, 33.9124 ], [ 74.2785, 33.9128 ], [ 74.2795, 33.9139 ], [ 74.2804, 33.9142 ], [ 74.2809, 33.9148 ], [ 74.2808, 33.9154 ], [ 74.2799, 33.9161 ], [ 74.2793, 33.9164 ], [ 74.2787, 33.9169 ], [ 74.278, 33.9173 ], [ 74.2774, 33.9179 ], [ 74.2772, 33.9185 ], [ 74.2771, 33.9189 ], [ 74.2765, 33.9194 ], [ 74.2758, 33.9197 ], [ 74.2751, 33.92 ], [ 74.2743, 33.9213 ], [ 74.2747, 33.9219 ], [ 74.2759, 33.9224 ], [ 74.2763, 33.9232 ], [ 74.2768, 33.9235 ], [ 74.2773, 33.9239 ], [ 74.2773, 33.9247 ], [ 74.277, 33.9254 ], [ 74.2763, 33.926 ], [ 74.2759, 33.9267 ], [ 74.2759, 33.9276 ], [ 74.2761, 33.9283 ], [ 74.2761, 33.929 ], [ 74.2761, 33.9296 ], [ 74.2759, 33.9304 ], [ 74.2759, 33.931 ], [ 74.2753, 33.9316 ], [ 74.2748, 33.9323 ], [ 74.2747, 33.9332 ], [ 74.2747, 33.9339 ], [ 74.2748, 33.9349 ], [ 74.2755, 33.9362 ], [ 74.2761, 33.937 ], [ 74.277, 33.9379 ], [ 74.2771, 33.9389 ], [ 74.2771, 33.9398 ], [ 74.2769, 33.9409 ], [ 74.2769, 33.9418 ], [ 74.2773, 33.943 ], [ 74.2774, 33.9439 ], [ 74.278, 33.9448 ], [ 74.2785, 33.9457 ], [ 74.2789, 33.9463 ], [ 74.2795, 33.9468 ], [ 74.28, 33.9474 ], [ 74.2804, 33.9479 ], [ 74.2807, 33.9488 ], [ 74.281, 33.9493 ], [ 74.2814, 33.9497 ], [ 74.2814, 33.9504 ], [ 74.2814, 33.9515 ], [ 74.2809, 33.9525 ], [ 74.2806, 33.9534 ], [ 74.2801, 33.9542 ], [ 74.2796, 33.9546 ], [ 74.2792, 33.9554 ], [ 74.2789, 33.9561 ], [ 74.2786, 33.9567 ], [ 74.2783, 33.9573 ], [ 74.278, 33.958 ], [ 74.2774, 33.9585 ], [ 74.2767, 33.9589 ], [ 74.2765, 33.9592 ], [ 74.276, 33.96 ], [ 74.2756, 33.9606 ], [ 74.2747, 33.9615 ], [ 74.2744, 33.9622 ], [ 74.2743, 33.9629 ], [ 74.2735, 33.9635 ], [ 74.273, 33.9635 ], [ 74.2721, 33.9636 ], [ 74.2714, 33.9638 ], [ 74.2703, 33.9642 ], [ 74.2698, 33.9644 ], [ 74.2691, 33.9651 ], [ 74.2689, 33.9653 ], [ 74.2683, 33.9657 ], [ 74.2671, 33.9666 ], [ 74.2667, 33.9672 ], [ 74.2665, 33.9674 ], [ 74.2665, 33.968 ], [ 74.2668, 33.9685 ], [ 74.2672, 33.9691 ], [ 74.2679, 33.9695 ], [ 74.2696, 33.9697 ], [ 74.27, 33.97 ], [ 74.2708, 33.9703 ], [ 74.2711, 33.9705 ], [ 74.2711, 33.9708 ], [ 74.2712, 33.9726 ], [ 74.2712, 33.9732 ], [ 74.2717, 33.9741 ], [ 74.272, 33.9748 ], [ 74.272, 33.976 ], [ 74.2731, 33.9773 ], [ 74.2738, 33.9777 ], [ 74.2744, 33.9785 ], [ 74.2752, 33.9794 ], [ 74.2753, 33.9807 ], [ 74.2753, 33.9817 ], [ 74.275, 33.9823 ], [ 74.2745, 33.9829 ], [ 74.2736, 33.9838 ], [ 74.2727, 33.9847 ], [ 74.2723, 33.9849 ], [ 74.27, 33.9856 ], [ 74.2691, 33.9859 ], [ 74.2682, 33.9862 ], [ 74.2669, 33.9869 ], [ 74.2661, 33.9874 ], [ 74.2651, 33.9878 ], [ 74.2644, 33.9878 ], [ 74.2634, 33.9878 ], [ 74.2628, 33.9879 ], [ 74.2624, 33.988 ], [ 74.2618, 33.9886 ], [ 74.2613, 33.9892 ], [ 74.2609, 33.9899 ], [ 74.2603, 33.9904 ], [ 74.2598, 33.991 ], [ 74.2594, 33.9916 ], [ 74.2594, 33.9923 ], [ 74.2596, 33.993 ], [ 74.2598, 33.9936 ], [ 74.2601, 33.9945 ], [ 74.2609, 33.9954 ], [ 74.2613, 33.9961 ], [ 74.2618, 33.9969 ], [ 74.2623, 33.9976 ], [ 74.2628, 33.9981 ], [ 74.263, 33.9989 ], [ 74.263, 33.9996 ], [ 74.2629, 34.0003 ], [ 74.2626, 34.0012 ], [ 74.2623, 34.0023 ], [ 74.2618, 34.0034 ], [ 74.2614, 34.0042 ], [ 74.2608, 34.0053 ], [ 74.2603, 34.0059 ], [ 74.2595, 34.0065 ], [ 74.2587, 34.0074 ], [ 74.2582, 34.0079 ], [ 74.2569, 34.0095 ], [ 74.2557, 34.01 ], [ 74.2544, 34.0105 ], [ 74.2536, 34.0108 ], [ 74.2523, 34.0111 ], [ 74.2504, 34.0118 ], [ 74.2491, 34.0121 ], [ 74.2484, 34.0122 ], [ 74.2469, 34.0122 ], [ 74.2441, 34.0122 ], [ 74.2428, 34.0121 ], [ 74.242, 34.012 ], [ 74.2417, 34.0116 ], [ 74.2413, 34.0114 ], [ 74.2375, 34.0117 ], [ 74.2369, 34.0117 ], [ 74.2349, 34.0124 ], [ 74.2342, 34.0127 ], [ 74.2321, 34.0127 ], [ 74.2312, 34.013 ], [ 74.229, 34.0126 ], [ 74.2284, 34.0124 ], [ 74.2269, 34.0124 ], [ 74.2245, 34.013 ], [ 74.2235, 34.013 ], [ 74.2227, 34.0121 ], [ 74.2227, 34.0112 ], [ 74.2199, 34.0109 ], [ 74.2187, 34.0105 ], [ 74.2174, 34.0105 ], [ 74.2161, 34.0105 ], [ 74.2143, 34.0105 ], [ 74.2128, 34.0104 ], [ 74.2119, 34.0102 ], [ 74.211, 34.0102 ], [ 74.2095, 34.0105 ], [ 74.2083, 34.0105 ], [ 74.2051, 34.0105 ], [ 74.2044, 34.0105 ], [ 74.2032, 34.0107 ], [ 74.2008, 34.011 ], [ 74.1987, 34.011 ], [ 74.1976, 34.0115 ], [ 74.1968, 34.0124 ], [ 74.1965, 34.0131 ], [ 74.1958, 34.014 ], [ 74.195, 34.0146 ], [ 74.1954, 34.0155 ], [ 74.1955, 34.0167 ], [ 74.1955, 34.0175 ], [ 74.1952, 34.018 ], [ 74.1952, 34.0186 ], [ 74.1952, 34.0193 ], [ 74.1953, 34.0201 ], [ 74.1956, 34.0218 ], [ 74.1958, 34.0225 ], [ 74.1961, 34.0231 ], [ 74.1965, 34.0236 ], [ 74.1966, 34.0242 ], [ 74.1973, 34.025 ], [ 74.1977, 34.0254 ], [ 74.1977, 34.0262 ], [ 74.1973, 34.0266 ], [ 74.1971, 34.0271 ], [ 74.1967, 34.0277 ], [ 74.1966, 34.0284 ], [ 74.1966, 34.029 ], [ 74.1967, 34.0294 ], [ 74.1974, 34.03 ], [ 74.198, 34.0302 ], [ 74.1988, 34.0307 ], [ 74.1997, 34.0312 ], [ 74.2002, 34.0317 ], [ 74.2002, 34.0323 ], [ 74.1998, 34.033 ], [ 74.1995, 34.0336 ], [ 74.1992, 34.0339 ], [ 74.1975, 34.034 ], [ 74.1967, 34.0341 ], [ 74.195, 34.0347 ], [ 74.1942, 34.0346 ], [ 74.1935, 34.0346 ], [ 74.1929, 34.0346 ], [ 74.1923, 34.0343 ], [ 74.1917, 34.0343 ], [ 74.1893, 34.0339 ], [ 74.1872, 34.034 ], [ 74.1857, 34.0343 ], [ 74.1833, 34.0352 ], [ 74.1814, 34.0357 ], [ 74.1802, 34.0357 ], [ 74.1785, 34.0357 ], [ 74.1776, 34.036 ], [ 74.1767, 34.0365 ], [ 74.1759, 34.0369 ], [ 74.1755, 34.0374 ], [ 74.1751, 34.0379 ], [ 74.1746, 34.0386 ], [ 74.1745, 34.0394 ], [ 74.174, 34.0402 ], [ 74.1738, 34.0406 ], [ 74.1737, 34.0414 ], [ 74.1736, 34.042 ], [ 74.1736, 34.0426 ], [ 74.1734, 34.0437 ], [ 74.1733, 34.0443 ], [ 74.1733, 34.0449 ], [ 74.1733, 34.0455 ], [ 74.173, 34.046 ], [ 74.1727, 34.0462 ], [ 74.1716, 34.0465 ], [ 74.1711, 34.0466 ], [ 74.1709, 34.0468 ], [ 74.1706, 34.0468 ], [ 74.1696, 34.0471 ], [ 74.1689, 34.0474 ], [ 74.1681, 34.0474 ], [ 74.1674, 34.0471 ], [ 74.1666, 34.047 ], [ 74.1651, 34.047 ], [ 74.1642, 34.0472 ], [ 74.1633, 34.0477 ], [ 74.1629, 34.0477 ], [ 74.161, 34.0485 ], [ 74.1602, 34.0488 ], [ 74.1585, 34.0495 ], [ 74.1577, 34.0495 ], [ 74.1568, 34.0495 ], [ 74.1559, 34.0494 ], [ 74.1553, 34.0492 ], [ 74.1545, 34.0489 ], [ 74.1529, 34.048 ], [ 74.1523, 34.0477 ], [ 74.1514, 34.0473 ], [ 74.1506, 34.0468 ], [ 74.1501, 34.0467 ], [ 74.1493, 34.0467 ], [ 74.1485, 34.0467 ], [ 74.1477, 34.0467 ], [ 74.1457, 34.0467 ], [ 74.1448, 34.0467 ], [ 74.1427, 34.0471 ], [ 74.1413, 34.0478 ], [ 74.1398, 34.0481 ], [ 74.1384, 34.0486 ], [ 74.137, 34.0489 ], [ 74.1356, 34.0489 ], [ 74.1345, 34.0489 ], [ 74.1333, 34.0492 ], [ 74.132, 34.0492 ], [ 74.1309, 34.0491 ], [ 74.13, 34.049 ], [ 74.1285, 34.0486 ], [ 74.1274, 34.0477 ], [ 74.1257, 34.0473 ], [ 74.1247, 34.0474 ], [ 74.1233, 34.0485 ], [ 74.1211, 34.0489 ], [ 74.1198, 34.0493 ], [ 74.118, 34.0503 ], [ 74.1168, 34.0505 ], [ 74.1159, 34.0509 ], [ 74.1149, 34.0515 ], [ 74.1134, 34.0515 ], [ 74.1124, 34.0509 ], [ 74.1116, 34.0502 ], [ 74.1107, 34.0498 ], [ 74.1079, 34.0498 ], [ 74.1065, 34.0498 ], [ 74.1053, 34.0501 ], [ 74.1048, 34.0504 ], [ 74.104, 34.0508 ], [ 74.103, 34.0508 ], [ 74.1017, 34.0508 ], [ 74.1009, 34.0511 ], [ 74.1001, 34.0513 ], [ 74.0995, 34.0513 ], [ 74.0969, 34.0511 ], [ 74.0957, 34.0509 ], [ 74.0946, 34.0507 ], [ 74.0939, 34.0506 ], [ 74.0927, 34.0505 ], [ 74.0918, 34.0505 ], [ 74.0895, 34.0504 ], [ 74.0888, 34.0502 ], [ 74.0876, 34.0501 ], [ 74.0862, 34.0502 ], [ 74.0851, 34.0506 ], [ 74.0837, 34.0513 ], [ 74.0826, 34.0509 ], [ 74.0826, 34.0501 ], [ 74.0829, 34.0494 ], [ 74.0832, 34.049 ], [ 74.0835, 34.0486 ], [ 74.0838, 34.048 ], [ 74.0838, 34.0472 ], [ 74.0831, 34.0468 ], [ 74.082, 34.047 ], [ 74.0803, 34.0474 ], [ 74.0799, 34.0477 ], [ 74.0797, 34.0479 ], [ 74.0792, 34.0479 ], [ 74.0788, 34.0479 ], [ 74.0777, 34.0475 ], [ 74.0775, 34.047 ], [ 74.0767, 34.0468 ], [ 74.0763, 34.0468 ], [ 74.0758, 34.0473 ], [ 74.0754, 34.048 ], [ 74.0747, 34.0482 ], [ 74.0737, 34.0483 ], [ 74.0733, 34.0484 ], [ 74.0726, 34.0486 ], [ 74.072, 34.0486 ], [ 74.0712, 34.0486 ], [ 74.0703, 34.0485 ], [ 74.0695, 34.0485 ], [ 74.0684, 34.0485 ], [ 74.0672, 34.0479 ], [ 74.0667, 34.0477 ], [ 74.0659, 34.0472 ], [ 74.0639, 34.0471 ], [ 74.0623, 34.047 ], [ 74.0616, 34.0467 ], [ 74.0606, 34.0464 ], [ 74.0598, 34.0462 ], [ 74.0593, 34.046 ], [ 74.0588, 34.0459 ], [ 74.0583, 34.0456 ], [ 74.0572, 34.0453 ], [ 74.0562, 34.0449 ], [ 74.0555, 34.0443 ], [ 74.0544, 34.0439 ], [ 74.0528, 34.0437 ], [ 74.0519, 34.0433 ], [ 74.051, 34.043 ], [ 74.0502, 34.0427 ], [ 74.0484, 34.0419 ], [ 74.0468, 34.0419 ], [ 74.0457, 34.0418 ], [ 74.0437, 34.0418 ], [ 74.0423, 34.0416 ], [ 74.0407, 34.0412 ], [ 74.0398, 34.0412 ], [ 74.0384, 34.0411 ], [ 74.0375, 34.0407 ], [ 74.0368, 34.0401 ], [ 74.0355, 34.0386 ], [ 74.0333, 34.0385 ], [ 74.0316, 34.0385 ], [ 74.0304, 34.0385 ], [ 74.0287, 34.039 ], [ 74.0273, 34.0396 ], [ 74.026, 34.0404 ], [ 74.0251, 34.0409 ], [ 74.0239, 34.0424 ], [ 74.0229, 34.0431 ], [ 74.0207, 34.0441 ], [ 74.0195, 34.0448 ], [ 74.0182, 34.046 ], [ 74.0174, 34.0466 ], [ 74.0153, 34.047 ], [ 74.0143, 34.0473 ], [ 74.0131, 34.0477 ], [ 74.0116, 34.0477 ], [ 74.0103, 34.0475 ], [ 74.0092, 34.0467 ], [ 74.0082, 34.0454 ], [ 74.0077, 34.0443 ], [ 74.0074, 34.0436 ], [ 74.0073, 34.0425 ], [ 74.0069, 34.0416 ], [ 74.0066, 34.0408 ], [ 74.0062, 34.04 ], [ 74.006, 34.0392 ], [ 74.0054, 34.038 ], [ 74.0046, 34.0369 ], [ 74.004, 34.0361 ], [ 74.003, 34.0354 ], [ 74.0019, 34.0344 ], [ 74.0007, 34.0332 ], [ 74.0005, 34.0323 ], [ 73.9986, 34.0307 ], [ 73.9983, 34.0307 ], [ 73.9978, 34.0302 ], [ 73.9973, 34.0298 ], [ 73.9966, 34.0292 ], [ 73.9964, 34.029 ], [ 73.9947, 34.0283 ], [ 73.9939, 34.0278 ], [ 73.9934, 34.0274 ], [ 73.9924, 34.0271 ], [ 73.9913, 34.027 ], [ 73.9903, 34.0256 ], [ 73.9885, 34.0249 ], [ 73.9883, 34.0247 ], [ 73.9873, 34.0244 ], [ 73.9867, 34.0242 ], [ 73.9862, 34.0241 ], [ 73.9858, 34.0241 ], [ 73.9853, 34.0241 ], [ 73.9848, 34.0241 ], [ 73.9841, 34.0241 ], [ 73.9832, 34.0241 ], [ 73.9823, 34.0243 ], [ 73.9815, 34.0243 ], [ 73.9809, 34.0243 ], [ 73.9801, 34.0243 ], [ 73.9794, 34.0245 ], [ 73.9787, 34.0247 ], [ 73.9783, 34.0249 ], [ 73.9778, 34.0252 ], [ 73.9774, 34.0253 ], [ 73.9765, 34.0253 ], [ 73.9759, 34.0253 ], [ 73.9746, 34.025 ], [ 73.9741, 34.0247 ], [ 73.9735, 34.0243 ], [ 73.9729, 34.024 ], [ 73.9723, 34.0238 ], [ 73.9718, 34.0238 ], [ 73.9709, 34.0239 ], [ 73.97, 34.0242 ], [ 73.9692, 34.0245 ], [ 73.9681, 34.0245 ], [ 73.9675, 34.0244 ], [ 73.967, 34.024 ], [ 73.9666, 34.0234 ], [ 73.9662, 34.0228 ], [ 73.9659, 34.0228 ], [ 73.9651, 34.023 ], [ 73.9642, 34.0234 ], [ 73.9635, 34.0238 ], [ 73.9621, 34.0241 ], [ 73.9614, 34.0243 ], [ 73.9602, 34.0248 ], [ 73.9584, 34.0249 ], [ 73.9573, 34.0251 ], [ 73.9566, 34.0252 ], [ 73.9561, 34.0254 ], [ 73.9561, 34.0258 ], [ 73.9558, 34.0266 ], [ 73.9533, 34.0266 ], [ 73.9525, 34.0266 ], [ 73.9516, 34.0266 ], [ 73.9512, 34.0267 ], [ 73.9505, 34.0268 ], [ 73.9499, 34.0272 ], [ 73.949, 34.0276 ], [ 73.947, 34.0281 ], [ 73.9464, 34.0284 ], [ 73.9456, 34.0287 ], [ 73.9444, 34.0289 ], [ 73.9436, 34.029 ], [ 73.9425, 34.0289 ], [ 73.942, 34.0287 ], [ 73.9414, 34.0282 ], [ 73.9404, 34.0273 ], [ 73.9395, 34.0266 ], [ 73.9388, 34.0261 ], [ 73.9384, 34.0257 ], [ 73.9377, 34.025 ], [ 73.9371, 34.0246 ], [ 73.9364, 34.0242 ], [ 73.9352, 34.0241 ], [ 73.9345, 34.0239 ], [ 73.9334, 34.0237 ], [ 73.9312, 34.023 ], [ 73.9297, 34.023 ], [ 73.9284, 34.0232 ], [ 73.9277, 34.0237 ], [ 73.9257, 34.0238 ], [ 73.9237, 34.0238 ], [ 73.9231, 34.0235 ], [ 73.9219, 34.0235 ], [ 73.9209, 34.0235 ], [ 73.9197, 34.0236 ], [ 73.9185, 34.0239 ], [ 73.9175, 34.0243 ], [ 73.917, 34.0246 ], [ 73.9162, 34.0249 ], [ 73.9154, 34.0255 ], [ 73.9146, 34.0262 ], [ 73.9139, 34.0268 ], [ 73.9127, 34.0273 ], [ 73.9119, 34.0279 ], [ 73.9111, 34.0284 ], [ 73.9101, 34.0288 ], [ 73.9092, 34.0291 ], [ 73.908, 34.0294 ], [ 73.9062, 34.0303 ], [ 73.9048, 34.0303 ], [ 73.9054, 34.0311 ], [ 73.9058, 34.0316 ], [ 73.9063, 34.032 ], [ 73.9067, 34.0322 ], [ 73.9072, 34.0324 ], [ 73.9078, 34.0324 ], [ 73.9087, 34.0321 ], [ 73.9094, 34.0317 ], [ 73.9106, 34.0312 ], [ 73.9114, 34.031 ], [ 73.9128, 34.0305 ], [ 73.9135, 34.0301 ], [ 73.9147, 34.0304 ], [ 73.9148, 34.0304 ], [ 73.9153, 34.0306 ], [ 73.9157, 34.031 ], [ 73.9164, 34.0314 ], [ 73.9171, 34.032 ], [ 73.918, 34.0325 ], [ 73.9188, 34.033 ], [ 73.9196, 34.0336 ], [ 73.9209, 34.0339 ], [ 73.9222, 34.0347 ], [ 73.9238, 34.0346 ], [ 73.9246, 34.035 ], [ 73.9254, 34.0356 ], [ 73.926, 34.0361 ], [ 73.9267, 34.0365 ], [ 73.9272, 34.0367 ], [ 73.9274, 34.0373 ], [ 73.9265, 34.0376 ], [ 73.9263, 34.0383 ], [ 73.926, 34.0394 ], [ 73.9255, 34.0401 ], [ 73.925, 34.0412 ], [ 73.9245, 34.042 ], [ 73.9242, 34.0435 ], [ 73.9237, 34.0448 ], [ 73.9234, 34.046 ], [ 73.9231, 34.0474 ], [ 73.9223, 34.0487 ], [ 73.9219, 34.0498 ], [ 73.9213, 34.0507 ], [ 73.9203, 34.0517 ], [ 73.9197, 34.0526 ], [ 73.9193, 34.0531 ], [ 73.9181, 34.0532 ], [ 73.917, 34.0529 ], [ 73.916, 34.0533 ], [ 73.9148, 34.0535 ], [ 73.9138, 34.0537 ], [ 73.9124, 34.0539 ], [ 73.9116, 34.0539 ], [ 73.9105, 34.0541 ], [ 73.9095, 34.0543 ], [ 73.9089, 34.0549 ], [ 73.9083, 34.0556 ], [ 73.9076, 34.0564 ], [ 73.9069, 34.057 ], [ 73.9061, 34.0574 ], [ 73.9053, 34.0582 ], [ 73.9046, 34.0589 ], [ 73.9038, 34.0596 ], [ 73.903, 34.0602 ], [ 73.9023, 34.0609 ], [ 73.9017, 34.0616 ], [ 73.9013, 34.0622 ], [ 73.9008, 34.0628 ], [ 73.9006, 34.0632 ], [ 73.9002, 34.0643 ], [ 73.8998, 34.0654 ], [ 73.8994, 34.0662 ], [ 73.8987, 34.0674 ], [ 73.8982, 34.0683 ], [ 73.8979, 34.0688 ], [ 73.8972, 34.07 ], [ 73.897, 34.0712 ], [ 73.8967, 34.0723 ], [ 73.8967, 34.0733 ], [ 73.8969, 34.0744 ], [ 73.8973, 34.0751 ], [ 73.8976, 34.0757 ], [ 73.8977, 34.0766 ], [ 73.8977, 34.0776 ], [ 73.8977, 34.0785 ], [ 73.898, 34.0793 ], [ 73.8984, 34.0803 ], [ 73.8987, 34.0808 ], [ 73.8992, 34.0813 ], [ 73.8998, 34.0817 ], [ 73.9004, 34.0824 ], [ 73.9007, 34.0833 ], [ 73.9007, 34.0843 ], [ 73.9007, 34.0854 ], [ 73.9007, 34.0862 ], [ 73.9014, 34.087 ], [ 73.9024, 34.0875 ], [ 73.9031, 34.0876 ], [ 73.9041, 34.0877 ], [ 73.9047, 34.0882 ], [ 73.9054, 34.0893 ], [ 73.9058, 34.0904 ], [ 73.9061, 34.0916 ], [ 73.9065, 34.0927 ], [ 73.9068, 34.0941 ], [ 73.9073, 34.0949 ], [ 73.9078, 34.0954 ], [ 73.9084, 34.0955 ], [ 73.9089, 34.096 ], [ 73.9086, 34.0973 ], [ 73.9082, 34.0982 ], [ 73.9076, 34.0989 ], [ 73.9069, 34.0993 ], [ 73.9064, 34.0997 ], [ 73.9052, 34.0996 ], [ 73.9041, 34.0996 ], [ 73.9034, 34.1001 ], [ 73.9028, 34.1009 ], [ 73.9021, 34.1015 ], [ 73.9022, 34.1026 ], [ 73.9022, 34.1035 ], [ 73.9027, 34.1042 ], [ 73.9032, 34.1046 ], [ 73.9039, 34.1047 ], [ 73.9044, 34.1051 ], [ 73.9046, 34.1057 ], [ 73.9043, 34.1061 ], [ 73.904, 34.1066 ], [ 73.9046, 34.1075 ], [ 73.9047, 34.1088 ], [ 73.905, 34.1097 ], [ 73.9053, 34.111 ], [ 73.9055, 34.1122 ], [ 73.9055, 34.1132 ], [ 73.9055, 34.1141 ], [ 73.9054, 34.1151 ], [ 73.9054, 34.1162 ], [ 73.9056, 34.1171 ], [ 73.9061, 34.1179 ], [ 73.9069, 34.1183 ], [ 73.9078, 34.1188 ], [ 73.9095, 34.1188 ], [ 73.9112, 34.1184 ], [ 73.913, 34.1181 ], [ 73.9145, 34.1182 ], [ 73.9161, 34.1182 ], [ 73.9179, 34.1181 ], [ 73.919, 34.1177 ], [ 73.9196, 34.1172 ], [ 73.9206, 34.1166 ], [ 73.9215, 34.116 ], [ 73.9229, 34.1157 ], [ 73.9247, 34.1157 ], [ 73.9259, 34.1161 ], [ 73.9264, 34.1167 ], [ 73.9265, 34.1173 ], [ 73.9265, 34.1185 ], [ 73.9268, 34.1194 ], [ 73.9272, 34.1203 ], [ 73.9275, 34.1214 ], [ 73.9277, 34.1225 ], [ 73.9282, 34.1241 ], [ 73.9284, 34.125 ], [ 73.9287, 34.126 ], [ 73.9289, 34.1268 ], [ 73.9289, 34.1279 ], [ 73.929, 34.1291 ], [ 73.9291, 34.1301 ], [ 73.9291, 34.1312 ], [ 73.9291, 34.1319 ], [ 73.9291, 34.1329 ], [ 73.9286, 34.1343 ], [ 73.9279, 34.1354 ], [ 73.9275, 34.1364 ], [ 73.9275, 34.1373 ], [ 73.9275, 34.1385 ], [ 73.9276, 34.1394 ], [ 73.9278, 34.1403 ], [ 73.9281, 34.1412 ], [ 73.9285, 34.1419 ], [ 73.9291, 34.1424 ], [ 73.9299, 34.143 ], [ 73.9308, 34.1434 ], [ 73.9316, 34.1437 ], [ 73.9321, 34.1442 ], [ 73.933, 34.1444 ], [ 73.9339, 34.1444 ], [ 73.935, 34.1446 ], [ 73.9371, 34.145 ], [ 73.9383, 34.1452 ], [ 73.9395, 34.1457 ], [ 73.9406, 34.1462 ], [ 73.9414, 34.1466 ], [ 73.9423, 34.1472 ], [ 73.9429, 34.1478 ], [ 73.9436, 34.1481 ], [ 73.9442, 34.1484 ], [ 73.9448, 34.1487 ], [ 73.9452, 34.1492 ], [ 73.9458, 34.1494 ], [ 73.9464, 34.1495 ], [ 73.9472, 34.1493 ], [ 73.9481, 34.1491 ], [ 73.9488, 34.1492 ], [ 73.9493, 34.1495 ], [ 73.9496, 34.1502 ], [ 73.9496, 34.1513 ], [ 73.9495, 34.1522 ], [ 73.9496, 34.1531 ], [ 73.9497, 34.1537 ], [ 73.9496, 34.1542 ], [ 73.9492, 34.1544 ], [ 73.9484, 34.1544 ], [ 73.9476, 34.1545 ], [ 73.9471, 34.1548 ], [ 73.947, 34.1553 ], [ 73.947, 34.1558 ], [ 73.9474, 34.1561 ], [ 73.9483, 34.1565 ], [ 73.9493, 34.157 ], [ 73.9501, 34.1575 ], [ 73.9508, 34.1578 ], [ 73.9517, 34.1585 ], [ 73.9528, 34.1591 ], [ 73.9535, 34.1595 ], [ 73.9542, 34.1599 ], [ 73.9544, 34.1604 ], [ 73.9545, 34.1609 ], [ 73.9541, 34.1618 ], [ 73.9538, 34.1629 ], [ 73.9537, 34.1638 ], [ 73.9537, 34.1646 ], [ 73.9543, 34.1651 ], [ 73.955, 34.1655 ], [ 73.9562, 34.1657 ], [ 73.9575, 34.1656 ], [ 73.9582, 34.1653 ], [ 73.9591, 34.1651 ], [ 73.9599, 34.1647 ], [ 73.9606, 34.1645 ], [ 73.9615, 34.1643 ], [ 73.9628, 34.1643 ], [ 73.9644, 34.1644 ], [ 73.9656, 34.1646 ], [ 73.9662, 34.165 ], [ 73.9668, 34.1657 ], [ 73.9673, 34.1663 ], [ 73.9677, 34.167 ], [ 73.968, 34.1679 ], [ 73.9682, 34.1686 ], [ 73.9684, 34.1693 ], [ 73.9687, 34.1699 ], [ 73.9688, 34.1704 ], [ 73.9688, 34.171 ], [ 73.9683, 34.1717 ], [ 73.9668, 34.172 ], [ 73.9652, 34.1723 ], [ 73.9637, 34.1727 ], [ 73.9624, 34.1731 ], [ 73.961, 34.1735 ], [ 73.9599, 34.1746 ], [ 73.9599, 34.1755 ], [ 73.9599, 34.1767 ], [ 73.96, 34.1777 ], [ 73.96, 34.1787 ], [ 73.9603, 34.1797 ], [ 73.9607, 34.1808 ], [ 73.9612, 34.1816 ], [ 73.9616, 34.1821 ], [ 73.9621, 34.1828 ], [ 73.963, 34.1831 ], [ 73.9635, 34.1829 ], [ 73.964, 34.1824 ], [ 73.9645, 34.182 ], [ 73.9652, 34.1816 ], [ 73.9658, 34.1816 ], [ 73.9664, 34.1816 ], [ 73.9669, 34.1817 ], [ 73.9679, 34.182 ], [ 73.9687, 34.1825 ], [ 73.9695, 34.1835 ], [ 73.9698, 34.184 ], [ 73.9704, 34.1847 ], [ 73.9707, 34.1854 ], [ 73.971, 34.1859 ], [ 73.9715, 34.1861 ], [ 73.9724, 34.1858 ], [ 73.9727, 34.1851 ], [ 73.9734, 34.1847 ], [ 73.974, 34.1845 ], [ 73.9754, 34.1845 ], [ 73.9768, 34.1848 ], [ 73.9783, 34.1855 ], [ 73.9789, 34.1861 ], [ 73.9799, 34.1866 ], [ 73.9808, 34.1873 ], [ 73.9815, 34.188 ], [ 73.9821, 34.1887 ], [ 73.9825, 34.1889 ], [ 73.9835, 34.1889 ], [ 73.9846, 34.1882 ], [ 73.9859, 34.1882 ], [ 73.987, 34.1882 ], [ 73.9884, 34.1881 ], [ 73.9896, 34.1881 ], [ 73.9913, 34.1882 ], [ 73.9923, 34.1888 ], [ 73.9932, 34.1892 ], [ 73.994, 34.1897 ], [ 73.9945, 34.1902 ], [ 73.995, 34.1906 ], [ 73.9959, 34.1911 ], [ 73.9969, 34.1917 ], [ 73.9976, 34.1921 ], [ 73.9985, 34.1925 ], [ 73.9989, 34.1928 ], [ 73.9992, 34.1933 ], [ 73.9992, 34.1941 ], [ 73.9994, 34.1946 ], [ 73.9996, 34.1951 ], [ 73.9998, 34.1956 ], [ 74.0001, 34.196 ], [ 74.0001, 34.197 ], [ 73.9999, 34.1986 ], [ 73.9999, 34.1999 ], [ 74.0003, 34.2006 ], [ 74.0003, 34.2018 ], [ 74.0001, 34.2027 ], [ 74.0001, 34.2036 ], [ 74.0, 34.2047 ], [ 73.9995, 34.2056 ], [ 73.9993, 34.2066 ], [ 73.9991, 34.2072 ], [ 73.9992, 34.2081 ], [ 73.9998, 34.2088 ], [ 73.9999, 34.2095 ], [ 74.0003, 34.2101 ], [ 74.0004, 34.211 ], [ 74.0004, 34.2118 ], [ 74.0002, 34.2124 ], [ 73.9999, 34.2133 ], [ 73.9997, 34.2143 ], [ 73.9994, 34.2157 ], [ 73.9996, 34.2172 ], [ 73.9996, 34.2181 ], [ 73.9994, 34.2194 ], [ 73.9994, 34.2204 ], [ 73.9996, 34.2214 ], [ 73.9997, 34.222 ], [ 73.9997, 34.2229 ], [ 73.9998, 34.2235 ], [ 74.0002, 34.224 ], [ 74.0004, 34.2245 ], [ 74.0004, 34.2255 ], [ 74.0005, 34.2265 ], [ 74.0005, 34.2273 ], [ 74.0, 34.2287 ], [ 73.9999, 34.2299 ], [ 73.9995, 34.2313 ], [ 73.999, 34.2321 ], [ 73.9986, 34.2331 ], [ 73.9985, 34.2346 ], [ 73.9985, 34.2358 ], [ 73.9987, 34.2366 ], [ 73.9986, 34.2374 ], [ 73.9986, 34.2381 ], [ 73.999, 34.2386 ], [ 73.9995, 34.2391 ], [ 73.9997, 34.2399 ], [ 73.9997, 34.2415 ], [ 73.9996, 34.2426 ], [ 73.9997, 34.2439 ], [ 73.9997, 34.2448 ], [ 73.9996, 34.2457 ], [ 73.9995, 34.2463 ], [ 73.9994, 34.2469 ], [ 73.999, 34.2476 ], [ 73.999, 34.2481 ], [ 73.9987, 34.249 ], [ 73.9984, 34.25 ], [ 73.9984, 34.2507 ], [ 73.9986, 34.2519 ], [ 73.9984, 34.2538 ], [ 73.9986, 34.255 ], [ 73.999, 34.2555 ], [ 73.9991, 34.2559 ], [ 73.9992, 34.2566 ], [ 73.9997, 34.2572 ], [ 74.0001, 34.2576 ], [ 74.0002, 34.2585 ], [ 74.0002, 34.2594 ], [ 74.0001, 34.2604 ], [ 74.0001, 34.2616 ], [ 74.0001, 34.2623 ], [ 74.0001, 34.263 ], [ 73.9994, 34.2639 ], [ 73.9985, 34.2652 ], [ 73.998, 34.2661 ], [ 73.9973, 34.2668 ], [ 73.9966, 34.2677 ], [ 73.9956, 34.2684 ], [ 73.9948, 34.2694 ], [ 73.9943, 34.2702 ], [ 73.9933, 34.2711 ], [ 73.993, 34.272 ], [ 73.993, 34.2732 ], [ 73.9933, 34.2743 ], [ 73.9935, 34.2751 ], [ 73.9935, 34.2766 ], [ 73.9936, 34.2779 ], [ 73.9938, 34.2792 ], [ 73.9938, 34.2805 ], [ 73.9943, 34.2821 ], [ 73.9943, 34.2829 ], [ 73.9943, 34.2836 ], [ 73.9937, 34.2839 ], [ 73.9926, 34.284 ], [ 73.9914, 34.284 ], [ 73.9901, 34.2842 ], [ 73.9883, 34.2845 ], [ 73.9874, 34.2848 ], [ 73.9864, 34.2851 ], [ 73.9852, 34.2854 ], [ 73.9841, 34.2858 ], [ 73.9827, 34.2861 ], [ 73.9813, 34.2865 ], [ 73.9801, 34.2871 ], [ 73.9788, 34.2872 ], [ 73.9774, 34.2872 ], [ 73.9765, 34.2874 ], [ 73.975, 34.2876 ], [ 73.9733, 34.2875 ], [ 73.9721, 34.2872 ], [ 73.9711, 34.2869 ], [ 73.9702, 34.2871 ], [ 73.9689, 34.2876 ], [ 73.9676, 34.2878 ], [ 73.9664, 34.2879 ], [ 73.9649, 34.2881 ], [ 73.964, 34.2881 ], [ 73.963, 34.2881 ], [ 73.9619, 34.2879 ], [ 73.961, 34.2879 ], [ 73.9598, 34.2882 ], [ 73.9585, 34.2885 ], [ 73.9574, 34.2891 ], [ 73.9563, 34.289 ], [ 73.9554, 34.2888 ], [ 73.9545, 34.2885 ], [ 73.9535, 34.2883 ], [ 73.9526, 34.2883 ], [ 73.9516, 34.2883 ], [ 73.9502, 34.2885 ], [ 73.949, 34.2889 ], [ 73.9479, 34.2896 ], [ 73.9471, 34.2903 ], [ 73.9469, 34.2914 ], [ 73.9465, 34.2926 ], [ 73.946, 34.2937 ], [ 73.9453, 34.2948 ], [ 73.9443, 34.2956 ], [ 73.9432, 34.2959 ], [ 73.9421, 34.2959 ], [ 73.9413, 34.2959 ], [ 73.9403, 34.2959 ], [ 73.9394, 34.2959 ], [ 73.9385, 34.2959 ], [ 73.9378, 34.2963 ], [ 73.9376, 34.297 ], [ 73.9376, 34.2979 ], [ 73.9377, 34.299 ], [ 73.9378, 34.2999 ], [ 73.938, 34.301 ], [ 73.938, 34.3025 ], [ 73.9381, 34.3035 ], [ 73.9379, 34.3053 ], [ 73.9382, 34.3065 ], [ 73.9381, 34.3077 ], [ 73.9382, 34.3083 ], [ 73.9384, 34.3087 ], [ 73.9391, 34.3087 ], [ 73.94, 34.3091 ], [ 73.9411, 34.3095 ], [ 73.9423, 34.31 ], [ 73.9437, 34.3108 ], [ 73.9449, 34.3114 ], [ 73.9456, 34.3119 ], [ 73.9461, 34.3124 ], [ 73.9459, 34.3134 ], [ 73.9459, 34.3152 ], [ 73.9458, 34.3163 ], [ 73.946, 34.3179 ], [ 73.9462, 34.3189 ], [ 73.9463, 34.32 ], [ 73.9463, 34.321 ], [ 73.9461, 34.3224 ], [ 73.9455, 34.3233 ], [ 73.9449, 34.324 ], [ 73.9443, 34.3244 ], [ 73.943, 34.3247 ], [ 73.9415, 34.3247 ], [ 73.9404, 34.3247 ], [ 73.9392, 34.3247 ], [ 73.938, 34.3245 ], [ 73.9364, 34.3245 ], [ 73.9357, 34.3245 ], [ 73.935, 34.3244 ], [ 73.9344, 34.3243 ], [ 73.9337, 34.324 ], [ 73.9335, 34.3234 ], [ 73.9335, 34.3229 ], [ 73.9337, 34.322 ], [ 73.9337, 34.3214 ], [ 73.934, 34.3208 ], [ 73.934, 34.3204 ], [ 73.9338, 34.3198 ], [ 73.9333, 34.3194 ], [ 73.9332, 34.3188 ], [ 73.9331, 34.3183 ], [ 73.9329, 34.3178 ], [ 73.9325, 34.3175 ], [ 73.9314, 34.3173 ], [ 73.9302, 34.3175 ], [ 73.9291, 34.3175 ], [ 73.9275, 34.3176 ], [ 73.9264, 34.3178 ], [ 73.9249, 34.318 ], [ 73.9233, 34.3181 ], [ 73.9222, 34.3181 ], [ 73.9213, 34.3183 ], [ 73.9207, 34.3189 ], [ 73.9204, 34.3198 ], [ 73.9204, 34.3207 ], [ 73.9205, 34.3217 ], [ 73.9209, 34.3229 ], [ 73.9213, 34.3238 ], [ 73.9217, 34.3245 ], [ 73.9221, 34.325 ], [ 73.9227, 34.3257 ], [ 73.9235, 34.3261 ], [ 73.9242, 34.3267 ], [ 73.9254, 34.3276 ], [ 73.9265, 34.3282 ], [ 73.9272, 34.3287 ], [ 73.9279, 34.3291 ], [ 73.9285, 34.3297 ], [ 73.929, 34.33 ], [ 73.9298, 34.3306 ], [ 73.9305, 34.332 ], [ 73.9307, 34.3332 ], [ 73.9314, 34.3341 ], [ 73.9321, 34.3349 ], [ 73.933, 34.336 ], [ 73.9336, 34.3366 ], [ 73.9342, 34.3375 ], [ 73.9348, 34.3381 ], [ 73.9354, 34.3388 ], [ 73.9358, 34.3396 ], [ 73.9366, 34.3404 ], [ 73.9372, 34.3415 ], [ 73.9379, 34.3423 ], [ 73.9383, 34.3431 ], [ 73.939, 34.344 ], [ 73.9397, 34.3451 ], [ 73.9399, 34.346 ], [ 73.9406, 34.3469 ], [ 73.9411, 34.3478 ], [ 73.941, 34.3487 ], [ 73.9403, 34.3491 ], [ 73.9388, 34.3494 ], [ 73.9375, 34.3497 ], [ 73.936, 34.3499 ], [ 73.9345, 34.3499 ], [ 73.9327, 34.3503 ], [ 73.9312, 34.3507 ], [ 73.93, 34.3511 ], [ 73.9286, 34.3517 ], [ 73.9273, 34.3522 ], [ 73.9262, 34.3529 ], [ 73.9254, 34.3539 ], [ 73.9244, 34.3548 ], [ 73.923, 34.3555 ], [ 73.921, 34.3557 ], [ 73.9201, 34.3558 ], [ 73.9191, 34.3556 ], [ 73.9176, 34.3555 ], [ 73.9155, 34.3556 ], [ 73.9136, 34.3555 ], [ 73.912, 34.3555 ], [ 73.9097, 34.3555 ], [ 73.9084, 34.3556 ], [ 73.9073, 34.3552 ], [ 73.9062, 34.3554 ], [ 73.9047, 34.3552 ], [ 73.9032, 34.3545 ], [ 73.9018, 34.3538 ], [ 73.9004, 34.3532 ], [ 73.8991, 34.3526 ], [ 73.8974, 34.3519 ], [ 73.8962, 34.3516 ], [ 73.8949, 34.3512 ], [ 73.894, 34.3508 ], [ 73.8929, 34.3505 ], [ 73.8917, 34.3498 ], [ 73.8912, 34.3491 ], [ 73.8907, 34.3484 ], [ 73.8902, 34.3478 ], [ 73.8897, 34.347 ], [ 73.8893, 34.3463 ], [ 73.8885, 34.3458 ], [ 73.8873, 34.3457 ], [ 73.8861, 34.3456 ], [ 73.8844, 34.3454 ], [ 73.883, 34.3454 ], [ 73.8809, 34.3454 ], [ 73.8792, 34.3454 ], [ 73.8773, 34.3454 ], [ 73.8759, 34.3457 ], [ 73.8744, 34.3459 ], [ 73.8728, 34.3463 ], [ 73.8716, 34.3467 ], [ 73.8706, 34.3471 ], [ 73.8688, 34.3472 ], [ 73.8675, 34.3472 ], [ 73.8663, 34.3466 ], [ 73.8661, 34.3457 ], [ 73.8658, 34.3449 ], [ 73.8653, 34.3439 ], [ 73.8646, 34.3432 ], [ 73.8633, 34.3418 ], [ 73.8625, 34.3411 ], [ 73.8616, 34.3398 ], [ 73.8609, 34.3387 ], [ 73.8605, 34.3377 ], [ 73.8601, 34.3365 ], [ 73.8592, 34.3356 ], [ 73.8581, 34.335 ], [ 73.8568, 34.3345 ], [ 73.8559, 34.3341 ], [ 73.8542, 34.334 ], [ 73.8535, 34.3346 ], [ 73.8521, 34.3355 ], [ 73.8518, 34.3367 ], [ 73.8513, 34.3375 ], [ 73.8504, 34.3388 ], [ 73.8493, 34.3396 ], [ 73.8481, 34.3403 ], [ 73.8465, 34.3407 ], [ 73.8451, 34.3412 ], [ 73.8436, 34.3417 ], [ 73.8425, 34.3422 ], [ 73.8411, 34.3424 ], [ 73.8393, 34.3425 ], [ 73.8376, 34.3427 ], [ 73.836, 34.3428 ], [ 73.8344, 34.3429 ], [ 73.8333, 34.3429 ], [ 73.8319, 34.3429 ], [ 73.83, 34.3429 ], [ 73.8286, 34.343 ], [ 73.8272, 34.3429 ], [ 73.8252, 34.3431 ], [ 73.8232, 34.3431 ], [ 73.8212, 34.3432 ], [ 73.8193, 34.3433 ], [ 73.8177, 34.3436 ], [ 73.8168, 34.3439 ], [ 73.8155, 34.345 ], [ 73.8144, 34.3461 ], [ 73.8133, 34.3471 ], [ 73.8129, 34.3479 ], [ 73.8126, 34.3485 ], [ 73.8114, 34.3486 ], [ 73.8105, 34.3486 ], [ 73.8102, 34.3494 ], [ 73.8105, 34.35 ], [ 73.8112, 34.3506 ], [ 73.8117, 34.3509 ], [ 73.8124, 34.3514 ], [ 73.813, 34.352 ], [ 73.8136, 34.3529 ], [ 73.8138, 34.3538 ], [ 73.8139, 34.3546 ], [ 73.8146, 34.3551 ], [ 73.8158, 34.356 ], [ 73.8163, 34.357 ], [ 73.8164, 34.3577 ], [ 73.8164, 34.3583 ], [ 73.8161, 34.3588 ], [ 73.8152, 34.3588 ], [ 73.8148, 34.3582 ], [ 73.8143, 34.3578 ], [ 73.8137, 34.3571 ], [ 73.8127, 34.3567 ], [ 73.8112, 34.3567 ], [ 73.8104, 34.3575 ], [ 73.8097, 34.3579 ], [ 73.8086, 34.3581 ], [ 73.8074, 34.3577 ], [ 73.8066, 34.3575 ], [ 73.8057, 34.3575 ], [ 73.8044, 34.3578 ], [ 73.8034, 34.3581 ], [ 73.8024, 34.3581 ], [ 73.8015, 34.3579 ], [ 73.801, 34.357 ], [ 73.8004, 34.3562 ], [ 73.7995, 34.3558 ], [ 73.7991, 34.3548 ], [ 73.799, 34.354 ], [ 73.7995, 34.3532 ], [ 73.7999, 34.3524 ], [ 73.7999, 34.3514 ], [ 73.799, 34.3509 ], [ 73.7981, 34.3504 ], [ 73.7971, 34.3501 ], [ 73.7959, 34.3496 ], [ 73.7943, 34.3495 ], [ 73.793, 34.3491 ], [ 73.7914, 34.3487 ], [ 73.7906, 34.3483 ], [ 73.789, 34.3479 ], [ 73.7877, 34.3478 ], [ 73.7853, 34.3474 ], [ 73.7843, 34.3468 ], [ 73.7824, 34.3465 ], [ 73.7808, 34.3462 ], [ 73.779, 34.3458 ], [ 73.7775, 34.3455 ], [ 73.7764, 34.3453 ], [ 73.7749, 34.3451 ], [ 73.7737, 34.3451 ], [ 73.7727, 34.3454 ], [ 73.7712, 34.3464 ], [ 73.7699, 34.3474 ], [ 73.7685, 34.3484 ], [ 73.7664, 34.3497 ], [ 73.7651, 34.3508 ], [ 73.7624, 34.3528 ], [ 73.7621, 34.353 ], [ 73.7603, 34.3544 ], [ 73.7592, 34.3557 ], [ 73.7584, 34.3565 ], [ 73.7576, 34.3571 ], [ 73.7561, 34.3571 ], [ 73.7541, 34.3567 ], [ 73.7527, 34.3567 ], [ 73.7514, 34.3565 ], [ 73.7507, 34.3564 ], [ 73.7502, 34.3568 ], [ 73.75, 34.3575 ], [ 73.75, 34.3585 ], [ 73.75, 34.3594 ], [ 73.7503, 34.3604 ], [ 73.7507, 34.3613 ], [ 73.7511, 34.3624 ], [ 73.7513, 34.363 ], [ 73.7516, 34.364 ], [ 73.7522, 34.3653 ], [ 73.7525, 34.3666 ], [ 73.7527, 34.368 ], [ 73.7531, 34.3697 ], [ 73.7531, 34.371 ], [ 73.7531, 34.3723 ], [ 73.7531, 34.3737 ], [ 73.7528, 34.375 ], [ 73.7519, 34.3759 ], [ 73.7513, 34.3769 ], [ 73.7506, 34.3774 ], [ 73.7505, 34.3781 ], [ 73.7507, 34.3792 ], [ 73.7511, 34.3799 ], [ 73.7512, 34.3812 ], [ 73.7517, 34.3824 ], [ 73.7521, 34.3832 ], [ 73.7526, 34.3841 ], [ 73.753, 34.3848 ], [ 73.7537, 34.3857 ], [ 73.7543, 34.3863 ], [ 73.7555, 34.3871 ], [ 73.7562, 34.3878 ], [ 73.757, 34.3885 ], [ 73.7573, 34.389 ], [ 73.7574, 34.3896 ], [ 73.7568, 34.3905 ], [ 73.7564, 34.3915 ], [ 73.7557, 34.3922 ], [ 73.7556, 34.3927 ], [ 73.7577, 34.3947 ], [ 73.7582, 34.3951 ], [ 73.7588, 34.3958 ], [ 73.7595, 34.3962 ], [ 73.7606, 34.3966 ], [ 73.7618, 34.3969 ], [ 73.764, 34.397 ], [ 73.7656, 34.397 ], [ 73.7667, 34.397 ], [ 73.7677, 34.3975 ], [ 73.7683, 34.3983 ], [ 73.769, 34.399 ], [ 73.7694, 34.3999 ], [ 73.7699, 34.4006 ], [ 73.7701, 34.4014 ], [ 73.7706, 34.4022 ], [ 73.771, 34.4033 ], [ 73.7718, 34.4045 ], [ 73.7723, 34.4058 ], [ 73.7727, 34.4068 ], [ 73.7732, 34.4079 ], [ 73.7739, 34.4092 ], [ 73.7752, 34.4103 ], [ 73.7761, 34.411 ], [ 73.7768, 34.4117 ], [ 73.7775, 34.4124 ], [ 73.7781, 34.4131 ], [ 73.779, 34.4139 ], [ 73.7796, 34.4145 ], [ 73.7806, 34.4151 ], [ 73.7816, 34.4156 ], [ 73.7824, 34.4161 ], [ 73.7832, 34.4168 ], [ 73.7838, 34.4175 ], [ 73.7844, 34.4182 ], [ 73.785, 34.4189 ], [ 73.786, 34.4192 ], [ 73.7873, 34.4196 ], [ 73.7891, 34.4201 ], [ 73.79, 34.4208 ], [ 73.7928, 34.423 ], [ 73.7941, 34.4238 ], [ 73.7947, 34.4249 ], [ 73.7953, 34.4257 ], [ 73.7968, 34.4269 ], [ 73.7979, 34.4277 ], [ 73.799, 34.4287 ], [ 73.7997, 34.4291 ], [ 73.8007, 34.4297 ], [ 73.8021, 34.4309 ], [ 73.8027, 34.4319 ], [ 73.8031, 34.4325 ], [ 73.8034, 34.4333 ], [ 73.8038, 34.4342 ], [ 73.8041, 34.4355 ], [ 73.8044, 34.4364 ], [ 73.8044, 34.4374 ], [ 73.8046, 34.4383 ], [ 73.8049, 34.439 ], [ 73.8054, 34.4396 ], [ 73.806, 34.4396 ], [ 73.807, 34.4392 ], [ 73.8084, 34.4386 ], [ 73.8093, 34.4385 ], [ 73.8108, 34.4384 ], [ 73.8122, 34.4384 ], [ 73.8143, 34.4384 ], [ 73.8162, 34.4386 ], [ 73.818, 34.4386 ], [ 73.8197, 34.4384 ], [ 73.8212, 34.4385 ], [ 73.8232, 34.4385 ], [ 73.8255, 34.4384 ], [ 73.827, 34.4384 ], [ 73.8289, 34.4384 ], [ 73.8301, 34.4383 ], [ 73.8322, 34.4383 ], [ 73.834, 34.4383 ], [ 73.8356, 34.4383 ], [ 73.8375, 34.4382 ], [ 73.8393, 34.4381 ], [ 73.8406, 34.4381 ], [ 73.8417, 34.4386 ], [ 73.8426, 34.4389 ], [ 73.8428, 34.4394 ], [ 73.843, 34.44 ], [ 73.8426, 34.4407 ], [ 73.8421, 34.4416 ], [ 73.8417, 34.4423 ], [ 73.8411, 34.4432 ], [ 73.8407, 34.4439 ], [ 73.8406, 34.4446 ], [ 73.8408, 34.4453 ], [ 73.8416, 34.4459 ], [ 73.8421, 34.4464 ], [ 73.8426, 34.4468 ], [ 73.843, 34.4471 ], [ 73.8441, 34.4468 ], [ 73.8448, 34.4464 ], [ 73.8455, 34.4461 ], [ 73.8464, 34.4458 ], [ 73.847, 34.4454 ], [ 73.847, 34.4449 ], [ 73.8474, 34.4442 ], [ 73.8479, 34.4436 ], [ 73.8484, 34.4431 ], [ 73.8488, 34.4427 ], [ 73.8494, 34.4429 ], [ 73.8498, 34.4433 ], [ 73.8505, 34.4438 ], [ 73.8514, 34.4443 ], [ 73.852, 34.4447 ], [ 73.8535, 34.4457 ], [ 73.8551, 34.4465 ], [ 73.8562, 34.4472 ], [ 73.8573, 34.4479 ], [ 73.8588, 34.4488 ], [ 73.8602, 34.4497 ], [ 73.8613, 34.4503 ], [ 73.8626, 34.4511 ], [ 73.8631, 34.4516 ], [ 73.864, 34.452 ], [ 73.8646, 34.4523 ], [ 73.8657, 34.4533 ], [ 73.8665, 34.4539 ], [ 73.8678, 34.4547 ], [ 73.8684, 34.4556 ], [ 73.8696, 34.4563 ], [ 73.8706, 34.4572 ], [ 73.8716, 34.4579 ], [ 73.8729, 34.4587 ], [ 73.8737, 34.4594 ], [ 73.8743, 34.4601 ], [ 73.8753, 34.4607 ], [ 73.8761, 34.4614 ], [ 73.8769, 34.462 ], [ 73.8782, 34.463 ], [ 73.8789, 34.4634 ], [ 73.8797, 34.4644 ], [ 73.8804, 34.4649 ], [ 73.8818, 34.4651 ], [ 73.8836, 34.4649 ], [ 73.8859, 34.4649 ], [ 73.8877, 34.4647 ], [ 73.889, 34.4646 ], [ 73.8895, 34.465 ], [ 73.8895, 34.4659 ], [ 73.8896, 34.4672 ], [ 73.8896, 34.4687 ], [ 73.8896, 34.4703 ], [ 73.8896, 34.4714 ], [ 73.8896, 34.4727 ], [ 73.8899, 34.4741 ], [ 73.8901, 34.4753 ], [ 73.8902, 34.4762 ], [ 73.8895, 34.4768 ], [ 73.8885, 34.4766 ], [ 73.8876, 34.4768 ], [ 73.8873, 34.4774 ], [ 73.8877, 34.4781 ], [ 73.8881, 34.479 ], [ 73.8884, 34.4798 ], [ 73.8886, 34.4804 ], [ 73.8881, 34.4811 ], [ 73.8874, 34.482 ], [ 73.8869, 34.4829 ], [ 73.8865, 34.4838 ], [ 73.886, 34.4846 ], [ 73.8856, 34.4853 ], [ 73.8854, 34.4857 ], [ 73.8848, 34.4858 ], [ 73.8838, 34.4858 ], [ 73.8835, 34.4865 ], [ 73.8835, 34.488 ], [ 73.8838, 34.489 ], [ 73.8838, 34.4893 ], [ 73.884, 34.4901 ], [ 73.884, 34.4914 ], [ 73.8842, 34.4925 ], [ 73.8842, 34.4935 ], [ 73.8844, 34.4945 ], [ 73.8849, 34.495 ], [ 73.8856, 34.4952 ], [ 73.8869, 34.4956 ], [ 73.8878, 34.4958 ], [ 73.8893, 34.4964 ], [ 73.8896, 34.497 ], [ 73.89, 34.4978 ], [ 73.8905, 34.4987 ], [ 73.8911, 34.4993 ], [ 73.8915, 34.4998 ], [ 73.892, 34.5008 ], [ 73.8926, 34.5015 ], [ 73.8931, 34.5023 ], [ 73.8933, 34.503 ], [ 73.8935, 34.5038 ], [ 73.8936, 34.5047 ], [ 73.8932, 34.5054 ], [ 73.8927, 34.5062 ], [ 73.8922, 34.507 ], [ 73.8918, 34.5079 ], [ 73.8912, 34.5093 ], [ 73.8907, 34.511 ], [ 73.8907, 34.5121 ], [ 73.8913, 34.5127 ], [ 73.8918, 34.5135 ], [ 73.8922, 34.5146 ], [ 73.8927, 34.5154 ], [ 73.8933, 34.5161 ], [ 73.8944, 34.5165 ], [ 73.8958, 34.5169 ], [ 73.8966, 34.5178 ], [ 73.8977, 34.5185 ], [ 73.8982, 34.5193 ], [ 73.8988, 34.5199 ], [ 73.8994, 34.5204 ], [ 73.9002, 34.5209 ], [ 73.901, 34.5214 ], [ 73.9018, 34.5217 ], [ 73.9028, 34.522 ], [ 73.9033, 34.5225 ], [ 73.9048, 34.523 ], [ 73.9063, 34.5232 ], [ 73.907, 34.5234 ], [ 73.9076, 34.5238 ], [ 73.9093, 34.524 ], [ 73.9106, 34.5241 ], [ 73.9119, 34.5241 ], [ 73.9126, 34.5244 ], [ 73.9134, 34.5248 ], [ 73.9144, 34.525 ], [ 73.9152, 34.5253 ], [ 73.9162, 34.5256 ], [ 73.9169, 34.5262 ], [ 73.9178, 34.5271 ], [ 73.9185, 34.5277 ], [ 73.9196, 34.5284 ], [ 73.9206, 34.529 ], [ 73.9214, 34.5296 ], [ 73.9221, 34.53 ], [ 73.923, 34.5304 ], [ 73.9236, 34.5313 ], [ 73.9243, 34.5324 ], [ 73.9246, 34.5341 ], [ 73.9249, 34.5355 ], [ 73.9255, 34.5364 ], [ 73.9265, 34.5372 ], [ 73.9275, 34.5381 ], [ 73.9294, 34.5388 ], [ 73.9311, 34.5393 ], [ 73.9322, 34.5398 ], [ 73.9331, 34.5402 ], [ 73.9348, 34.5406 ], [ 73.9362, 34.541 ], [ 73.938, 34.5415 ], [ 73.9395, 34.542 ], [ 73.9413, 34.5428 ], [ 73.9427, 34.5435 ], [ 73.9439, 34.5445 ], [ 73.9456, 34.5451 ], [ 73.9489, 34.5467 ], [ 73.9495, 34.5474 ], [ 73.9508, 34.5481 ], [ 73.9516, 34.549 ], [ 73.9526, 34.5499 ], [ 73.9532, 34.5504 ], [ 73.9536, 34.5506 ], [ 73.9546, 34.5503 ], [ 73.9555, 34.5499 ], [ 73.9572, 34.5499 ], [ 73.9591, 34.5497 ], [ 73.9607, 34.5493 ], [ 73.962, 34.5483 ], [ 73.9625, 34.5477 ], [ 73.9636, 34.547 ], [ 73.9642, 34.5462 ], [ 73.9646, 34.5459 ], [ 73.9652, 34.5456 ], [ 73.9659, 34.5461 ], [ 73.9665, 34.547 ], [ 73.9672, 34.5477 ], [ 73.9683, 34.5488 ], [ 73.9692, 34.5496 ], [ 73.9706, 34.5505 ], [ 73.9719, 34.5515 ], [ 73.9727, 34.5521 ], [ 73.9746, 34.5531 ], [ 73.9756, 34.5534 ], [ 73.9765, 34.5535 ], [ 73.9777, 34.5535 ], [ 73.9787, 34.5536 ], [ 73.9804, 34.5539 ], [ 73.9819, 34.5544 ], [ 73.9832, 34.555 ], [ 73.9846, 34.5558 ], [ 73.9851, 34.5562 ], [ 73.9864, 34.5564 ], [ 73.987, 34.5569 ], [ 73.9872, 34.5578 ], [ 73.9881, 34.5585 ], [ 73.9888, 34.5589 ], [ 73.9891, 34.5602 ], [ 73.9894, 34.5612 ], [ 73.9897, 34.562 ], [ 73.9903, 34.5634 ], [ 73.9906, 34.5644 ], [ 73.991, 34.565 ], [ 73.992, 34.5657 ], [ 73.9935, 34.5668 ], [ 73.9947, 34.5676 ], [ 73.9959, 34.5681 ], [ 73.997, 34.5689 ], [ 73.998, 34.5699 ], [ 73.999, 34.5705 ], [ 74.0, 34.5713 ], [ 74.0006, 34.5721 ], [ 74.0017, 34.5723 ], [ 74.0033, 34.5724 ], [ 74.0049, 34.5731 ], [ 74.0069, 34.5736 ], [ 74.0089, 34.5742 ], [ 74.0099, 34.5748 ], [ 74.011, 34.5757 ], [ 74.013, 34.5762 ], [ 74.0145, 34.5765 ], [ 74.0161, 34.5769 ], [ 74.0173, 34.5772 ], [ 74.0184, 34.5775 ], [ 74.0199, 34.5771 ], [ 74.0213, 34.5763 ], [ 74.0217, 34.576 ], [ 74.0221, 34.576 ], [ 74.0227, 34.5764 ], [ 74.024, 34.5771 ], [ 74.0248, 34.5776 ], [ 74.026, 34.5783 ], [ 74.0271, 34.5788 ], [ 74.0281, 34.5796 ], [ 74.0292, 34.5797 ], [ 74.03, 34.5791 ], [ 74.0315, 34.5784 ], [ 74.033, 34.5779 ], [ 74.0338, 34.5773 ], [ 74.0346, 34.577 ], [ 74.0354, 34.5766 ], [ 74.0368, 34.576 ], [ 74.0378, 34.576 ], [ 74.039, 34.5762 ], [ 74.0404, 34.5767 ], [ 74.0424, 34.5775 ], [ 74.0433, 34.5779 ], [ 74.0448, 34.579 ], [ 74.0457, 34.58 ], [ 74.0466, 34.5813 ], [ 74.0474, 34.5829 ], [ 74.0482, 34.584 ], [ 74.0491, 34.5849 ], [ 74.0497, 34.5862 ], [ 74.0506, 34.5874 ], [ 74.0512, 34.5891 ], [ 74.0514, 34.5898 ], [ 74.0515, 34.5909 ], [ 74.0517, 34.5918 ], [ 74.0521, 34.5929 ], [ 74.0529, 34.5939 ], [ 74.0536, 34.5948 ], [ 74.0543, 34.5955 ], [ 74.0551, 34.5963 ], [ 74.0556, 34.5967 ], [ 74.0566, 34.5978 ], [ 74.0573, 34.5987 ], [ 74.058, 34.5999 ], [ 74.0583, 34.6016 ], [ 74.0584, 34.6031 ], [ 74.0587, 34.6043 ], [ 74.0589, 34.6051 ], [ 74.0599, 34.6052 ], [ 74.0613, 34.6052 ], [ 74.0628, 34.6046 ], [ 74.0639, 34.6037 ], [ 74.0648, 34.6029 ], [ 74.0658, 34.6021 ], [ 74.0666, 34.6012 ], [ 74.0671, 34.6006 ], [ 74.0678, 34.5998 ], [ 74.0689, 34.5983 ], [ 74.0696, 34.5974 ], [ 74.0701, 34.5963 ], [ 74.0706, 34.5956 ], [ 74.0711, 34.5947 ], [ 74.0717, 34.594 ], [ 74.0721, 34.5934 ], [ 74.0726, 34.5933 ], [ 74.0733, 34.5938 ], [ 74.074, 34.5943 ], [ 74.0754, 34.5943 ], [ 74.0767, 34.5944 ], [ 74.0777, 34.5945 ], [ 74.0789, 34.5944 ], [ 74.0798, 34.5946 ], [ 74.0809, 34.5948 ], [ 74.0821, 34.5954 ], [ 74.0828, 34.5964 ], [ 74.0838, 34.5977 ], [ 74.0843, 34.5986 ], [ 74.0849, 34.5995 ], [ 74.0855, 34.6002 ], [ 74.0871, 34.6 ], [ 74.088, 34.5998 ], [ 74.0895, 34.6003 ], [ 74.0907, 34.6014 ], [ 74.0919, 34.6023 ], [ 74.0929, 34.6031 ], [ 74.0945, 34.604 ], [ 74.095, 34.6048 ], [ 74.0956, 34.6053 ], [ 74.0966, 34.6059 ], [ 74.0972, 34.6063 ], [ 74.0983, 34.6061 ], [ 74.0992, 34.6056 ], [ 74.1001, 34.6047 ], [ 74.1009, 34.604 ], [ 74.1011, 34.6032 ], [ 74.1013, 34.6025 ], [ 74.1018, 34.6012 ], [ 74.1028, 34.6006 ], [ 74.1035, 34.5999 ], [ 74.1044, 34.5992 ], [ 74.1054, 34.5985 ], [ 74.1063, 34.5976 ], [ 74.1074, 34.597 ], [ 74.1088, 34.5963 ], [ 74.11, 34.5953 ], [ 74.1116, 34.5948 ], [ 74.1127, 34.5941 ], [ 74.1147, 34.5934 ], [ 74.1159, 34.593 ], [ 74.1177, 34.5927 ], [ 74.1191, 34.592 ], [ 74.12, 34.5913 ], [ 74.1218, 34.5906 ], [ 74.1227, 34.59 ], [ 74.1241, 34.5892 ], [ 74.1252, 34.5887 ], [ 74.1268, 34.5885 ], [ 74.1281, 34.5887 ], [ 74.1293, 34.589 ], [ 74.1304, 34.5893 ], [ 74.1311, 34.5898 ], [ 74.1312, 34.5911 ], [ 74.1312, 34.5927 ], [ 74.1312, 34.5948 ], [ 74.1312, 34.5958 ], [ 74.1315, 34.597 ], [ 74.1321, 34.5975 ], [ 74.1332, 34.5978 ], [ 74.1348, 34.5982 ], [ 74.1362, 34.5988 ], [ 74.137, 34.5993 ], [ 74.1382, 34.5999 ], [ 74.1389, 34.6006 ], [ 74.1395, 34.6012 ], [ 74.1401, 34.6019 ], [ 74.1406, 34.6025 ], [ 74.1408, 34.603 ], [ 74.141, 34.6037 ], [ 74.1418, 34.6044 ], [ 74.1419, 34.6056 ], [ 74.1421, 34.6064 ], [ 74.1431, 34.6077 ], [ 74.1444, 34.6083 ], [ 74.1461, 34.609 ], [ 74.1476, 34.6097 ], [ 74.1491, 34.6104 ], [ 74.1501, 34.6108 ], [ 74.1511, 34.6114 ], [ 74.1523, 34.6122 ], [ 74.1531, 34.613 ], [ 74.1543, 34.6134 ], [ 74.1555, 34.6131 ], [ 74.1566, 34.6124 ], [ 74.1575, 34.6116 ], [ 74.1581, 34.6111 ], [ 74.1586, 34.6107 ], [ 74.1599, 34.6106 ], [ 74.1614, 34.6107 ], [ 74.1627, 34.6108 ], [ 74.1638, 34.6111 ], [ 74.1648, 34.6114 ], [ 74.1661, 34.612 ], [ 74.1672, 34.613 ], [ 74.1682, 34.6139 ], [ 74.1692, 34.6149 ], [ 74.1703, 34.616 ], [ 74.1712, 34.6168 ], [ 74.1723, 34.6173 ], [ 74.1743, 34.6176 ], [ 74.1768, 34.6175 ], [ 74.1791, 34.6174 ], [ 74.1808, 34.6174 ], [ 74.1824, 34.6175 ], [ 74.184, 34.6181 ], [ 74.1855, 34.6184 ], [ 74.1868, 34.6186 ], [ 74.1885, 34.6192 ], [ 74.1895, 34.6203 ], [ 74.1908, 34.621 ], [ 74.1917, 34.6221 ], [ 74.1925, 34.6229 ], [ 74.1927, 34.624 ], [ 74.1928, 34.6251 ], [ 74.1929, 34.6269 ], [ 74.1929, 34.6283 ], [ 74.1929, 34.6297 ], [ 74.1927, 34.6312 ], [ 74.1929, 34.6323 ], [ 74.1927, 34.6336 ], [ 74.1925, 34.6345 ], [ 74.1922, 34.6353 ], [ 74.1925, 34.6363 ], [ 74.193, 34.6371 ], [ 74.1941, 34.6379 ], [ 74.1958, 34.6384 ], [ 74.1972, 34.6385 ], [ 74.1987, 34.6388 ], [ 74.2001, 34.6388 ], [ 74.2009, 34.6388 ], [ 74.2016, 34.6392 ], [ 74.202, 34.6398 ], [ 74.2021, 34.6418 ], [ 74.2023, 34.6429 ], [ 74.2026, 34.6439 ], [ 74.203, 34.6449 ], [ 74.2033, 34.6461 ], [ 74.2037, 34.6474 ], [ 74.2041, 34.6486 ], [ 74.2046, 34.6502 ], [ 74.2046, 34.6514 ], [ 74.2051, 34.6524 ], [ 74.2053, 34.6532 ], [ 74.2057, 34.6542 ], [ 74.206, 34.6549 ], [ 74.2075, 34.6545 ], [ 74.209, 34.6537 ], [ 74.2104, 34.6529 ], [ 74.2117, 34.6521 ], [ 74.2127, 34.6516 ], [ 74.214, 34.6507 ], [ 74.2153, 34.6502 ], [ 74.2165, 34.6496 ], [ 74.2176, 34.6488 ], [ 74.2192, 34.6481 ], [ 74.2203, 34.6473 ], [ 74.2219, 34.6467 ], [ 74.2233, 34.6459 ], [ 74.2247, 34.6451 ], [ 74.2267, 34.6441 ], [ 74.2277, 34.6435 ], [ 74.2286, 34.6428 ], [ 74.2294, 34.6429 ], [ 74.2304, 34.6437 ], [ 74.2318, 34.6448 ], [ 74.2328, 34.6466 ], [ 74.2337, 34.6476 ], [ 74.2351, 34.6484 ], [ 74.236, 34.6492 ], [ 74.2371, 34.65 ], [ 74.2384, 34.6509 ], [ 74.2396, 34.6516 ], [ 74.2408, 34.6528 ], [ 74.2419, 34.6531 ], [ 74.2431, 34.6532 ], [ 74.2449, 34.6526 ], [ 74.2465, 34.6514 ], [ 74.2477, 34.6508 ], [ 74.2487, 34.6499 ], [ 74.2494, 34.6492 ], [ 74.2508, 34.649 ], [ 74.2522, 34.6493 ], [ 74.254, 34.6494 ], [ 74.2558, 34.6494 ], [ 74.2579, 34.6496 ], [ 74.2603, 34.6499 ], [ 74.2621, 34.6499 ], [ 74.2637, 34.6499 ], [ 74.2652, 34.6492 ], [ 74.2664, 34.6484 ], [ 74.2673, 34.6472 ], [ 74.2683, 34.6465 ], [ 74.2687, 34.6461 ], [ 74.2696, 34.6459 ], [ 74.2707, 34.6459 ], [ 74.2717, 34.6466 ], [ 74.2724, 34.6473 ], [ 74.2741, 34.6477 ], [ 74.2752, 34.648 ], [ 74.2766, 34.6481 ], [ 74.2794, 34.6482 ], [ 74.281, 34.6483 ], [ 74.2827, 34.6483 ], [ 74.2842, 34.6485 ], [ 74.2855, 34.6488 ], [ 74.2855, 34.6501 ], [ 74.2851, 34.6514 ], [ 74.2846, 34.6523 ], [ 74.2835, 34.6531 ], [ 74.282, 34.6539 ], [ 74.2808, 34.6547 ], [ 74.2798, 34.6555 ], [ 74.2789, 34.6564 ], [ 74.2779, 34.6578 ], [ 74.2776, 34.6591 ], [ 74.2774, 34.6605 ], [ 74.2774, 34.6617 ], [ 74.2772, 34.6629 ], [ 74.2769, 34.6643 ], [ 74.2759, 34.6662 ], [ 74.2757, 34.6672 ], [ 74.2759, 34.6687 ], [ 74.2761, 34.6698 ], [ 74.2767, 34.6714 ], [ 74.2767, 34.6727 ], [ 74.2767, 34.6743 ], [ 74.2767, 34.6758 ], [ 74.2766, 34.6775 ], [ 74.2769, 34.6787 ], [ 74.2774, 34.6798 ], [ 74.2776, 34.6802 ], [ 74.2776, 34.6809 ], [ 74.2773, 34.6818 ], [ 74.277, 34.6833 ], [ 74.2766, 34.6845 ], [ 74.2766, 34.6861 ], [ 74.2766, 34.6869 ], [ 74.2766, 34.6877 ], [ 74.2761, 34.6891 ], [ 74.2757, 34.6905 ], [ 74.2757, 34.6917 ], [ 74.2757, 34.693 ], [ 74.2761, 34.694 ], [ 74.2776, 34.6953 ], [ 74.2787, 34.6957 ], [ 74.28, 34.6965 ], [ 74.2808, 34.6973 ], [ 74.2815, 34.6981 ], [ 74.2818, 34.6991 ], [ 74.2824, 34.7004 ], [ 74.2831, 34.7017 ], [ 74.2842, 34.7024 ], [ 74.2851, 34.703 ], [ 74.2862, 34.7034 ], [ 74.2866, 34.7039 ], [ 74.2867, 34.7055 ], [ 74.2867, 34.707 ], [ 74.2868, 34.7082 ], [ 74.2871, 34.7093 ], [ 74.2875, 34.7099 ], [ 74.288, 34.7107 ], [ 74.2887, 34.7108 ], [ 74.2897, 34.7106 ], [ 74.2907, 34.7102 ], [ 74.2923, 34.7097 ], [ 74.2934, 34.709 ], [ 74.2951, 34.7085 ], [ 74.2965, 34.7081 ], [ 74.2979, 34.7076 ], [ 74.2995, 34.707 ], [ 74.3005, 34.7066 ], [ 74.3017, 34.7063 ], [ 74.3034, 34.7055 ], [ 74.3042, 34.7051 ], [ 74.3054, 34.7047 ], [ 74.3067, 34.7041 ], [ 74.3081, 34.7036 ], [ 74.3095, 34.7034 ], [ 74.312, 34.703 ], [ 74.3131, 34.7027 ], [ 74.315, 34.7028 ], [ 74.3168, 34.7031 ], [ 74.319, 34.7039 ], [ 74.3202, 34.7048 ], [ 74.3212, 34.7057 ], [ 74.322, 34.7065 ], [ 74.3224, 34.7089 ], [ 74.3225, 34.7106 ], [ 74.3225, 34.7121 ], [ 74.3225, 34.7133 ], [ 74.3221, 34.7146 ], [ 74.3221, 34.7154 ], [ 74.3231, 34.7168 ], [ 74.3238, 34.7178 ], [ 74.3248, 34.719 ], [ 74.3251, 34.7195 ], [ 74.3251, 34.7207 ], [ 74.3251, 34.7223 ], [ 74.3245, 34.7246 ], [ 74.324, 34.7261 ], [ 74.3239, 34.727 ], [ 74.3239, 34.728 ], [ 74.3239, 34.7292 ], [ 74.3242, 34.7307 ], [ 74.3246, 34.7335 ], [ 74.3246, 34.736 ], [ 74.3246, 34.738 ], [ 74.3249, 34.7395 ], [ 74.3249, 34.7414 ], [ 74.3249, 34.7428 ], [ 74.3252, 34.7439 ], [ 74.3259, 34.7445 ], [ 74.3269, 34.7455 ], [ 74.3275, 34.7461 ], [ 74.328, 34.7469 ], [ 74.3286, 34.7477 ], [ 74.3292, 34.7486 ], [ 74.33, 34.7491 ], [ 74.3308, 34.7495 ], [ 74.3317, 34.7504 ], [ 74.3321, 34.7515 ], [ 74.3317, 34.753 ], [ 74.3317, 34.7547 ], [ 74.332, 34.756 ], [ 74.3315, 34.7574 ], [ 74.331, 34.7584 ], [ 74.3305, 34.7595 ], [ 74.3301, 34.7606 ], [ 74.3298, 34.7616 ], [ 74.3298, 34.7626 ], [ 74.3295, 34.7638 ], [ 74.3294, 34.7648 ], [ 74.3294, 34.7663 ], [ 74.3292, 34.7673 ], [ 74.3288, 34.7688 ], [ 74.3282, 34.7701 ], [ 74.328, 34.7709 ], [ 74.3276, 34.7719 ], [ 74.3271, 34.7723 ], [ 74.3271, 34.7732 ], [ 74.3274, 34.7742 ], [ 74.3276, 34.7747 ], [ 74.3277, 34.7753 ], [ 74.3273, 34.7765 ], [ 74.3266, 34.7774 ], [ 74.3257, 34.7785 ], [ 74.3251, 34.7799 ], [ 74.3239, 34.7814 ], [ 74.3233, 34.7824 ], [ 74.3226, 34.7833 ], [ 74.3223, 34.7844 ], [ 74.3217, 34.7854 ], [ 74.3213, 34.7863 ], [ 74.3212, 34.7875 ], [ 74.3207, 34.7883 ], [ 74.3203, 34.7892 ], [ 74.3198, 34.7897 ], [ 74.3192, 34.7903 ], [ 74.3189, 34.7907 ], [ 74.3187, 34.7911 ], [ 74.3189, 34.7918 ], [ 74.3194, 34.7922 ], [ 74.3201, 34.7927 ], [ 74.3207, 34.7933 ], [ 74.3212, 34.7939 ], [ 74.3218, 34.7948 ], [ 74.3222, 34.7954 ], [ 74.3226, 34.7961 ], [ 74.3231, 34.7968 ], [ 74.3239, 34.7968 ], [ 74.3259, 34.7964 ], [ 74.3267, 34.7963 ], [ 74.3275, 34.7967 ], [ 74.3284, 34.797 ], [ 74.3292, 34.7975 ], [ 74.3304, 34.7978 ], [ 74.3311, 34.7979 ], [ 74.3321, 34.7981 ], [ 74.3336, 34.7978 ], [ 74.3348, 34.7975 ], [ 74.3356, 34.7972 ], [ 74.3368, 34.7975 ], [ 74.3382, 34.7979 ], [ 74.3394, 34.7984 ], [ 74.3405, 34.7986 ], [ 74.3418, 34.799 ], [ 74.3427, 34.7992 ], [ 74.3437, 34.7992 ], [ 74.3446, 34.7993 ], [ 74.3463, 34.7991 ], [ 74.3475, 34.7987 ], [ 74.3486, 34.7981 ], [ 74.3493, 34.798 ], [ 74.3528, 34.7991 ], [ 74.3538, 34.7995 ], [ 74.3552, 34.7996 ], [ 74.3571, 34.7995 ], [ 74.3587, 34.7993 ], [ 74.3607, 34.7992 ], [ 74.3633, 34.7992 ], [ 74.3668, 34.7992 ], [ 74.3698, 34.7989 ], [ 74.3729, 34.799 ], [ 74.375, 34.7988 ], [ 74.377, 34.7985 ], [ 74.3812, 34.7987 ], [ 74.3832, 34.7984 ], [ 74.3862, 34.7986 ], [ 74.3886, 34.7985 ], [ 74.3909, 34.7981 ], [ 74.3929, 34.7976 ], [ 74.3962, 34.7973 ], [ 74.3973, 34.7966 ], [ 74.3987, 34.796 ], [ 74.4006, 34.7951 ], [ 74.4017, 34.7946 ], [ 74.4035, 34.7942 ], [ 74.4046, 34.7942 ], [ 74.4055, 34.7942 ], [ 74.4074, 34.794 ], [ 74.4089, 34.7937 ], [ 74.4103, 34.794 ], [ 74.4111, 34.7944 ], [ 74.4124, 34.7946 ], [ 74.4139, 34.7942 ], [ 74.4146, 34.7935 ], [ 74.4155, 34.7927 ], [ 74.4165, 34.7917 ], [ 74.4169, 34.7911 ], [ 74.4173, 34.7906 ], [ 74.4184, 34.7904 ], [ 74.4195, 34.7902 ], [ 74.4202, 34.7899 ], [ 74.4209, 34.7897 ], [ 74.4217, 34.7895 ], [ 74.4228, 34.7888 ], [ 74.4233, 34.7886 ], [ 74.4241, 34.7885 ], [ 74.4248, 34.7885 ], [ 74.4253, 34.7883 ], [ 74.4262, 34.788 ], [ 74.4267, 34.7877 ], [ 74.4272, 34.7874 ], [ 74.4281, 34.7872 ], [ 74.4288, 34.7873 ], [ 74.4295, 34.7874 ], [ 74.4305, 34.787 ], [ 74.4313, 34.7865 ], [ 74.4319, 34.7861 ], [ 74.4331, 34.7859 ], [ 74.4342, 34.7858 ], [ 74.4352, 34.7858 ], [ 74.4359, 34.7863 ], [ 74.4363, 34.7871 ], [ 74.4367, 34.7881 ], [ 74.4374, 34.789 ], [ 74.4377, 34.7897 ], [ 74.4381, 34.7904 ], [ 74.4385, 34.7911 ], [ 74.4387, 34.7915 ], [ 74.4399, 34.7917 ], [ 74.4413, 34.792 ], [ 74.4424, 34.7922 ], [ 74.4435, 34.7926 ], [ 74.444, 34.7929 ], [ 74.4451, 34.793 ], [ 74.4466, 34.7931 ], [ 74.4476, 34.7935 ], [ 74.4486, 34.7935 ], [ 74.4498, 34.7935 ], [ 74.4508, 34.7935 ], [ 74.4521, 34.7936 ], [ 74.4534, 34.7934 ], [ 74.4548, 34.7935 ], [ 74.4564, 34.7934 ], [ 74.4573, 34.7935 ], [ 74.4582, 34.7934 ], [ 74.4595, 34.7936 ], [ 74.46, 34.7928 ], [ 74.4608, 34.7922 ], [ 74.4608, 34.7914 ], [ 74.4615, 34.7907 ], [ 74.4623, 34.7902 ], [ 74.4625, 34.7892 ], [ 74.4631, 34.7884 ], [ 74.4642, 34.7874 ], [ 74.4645, 34.7865 ], [ 74.465, 34.7856 ], [ 74.4659, 34.7848 ], [ 74.466, 34.7842 ], [ 74.4671, 34.7841 ], [ 74.4685, 34.7841 ], [ 74.4701, 34.7834 ], [ 74.4719, 34.7832 ], [ 74.4731, 34.7828 ], [ 74.4739, 34.783 ], [ 74.4743, 34.7842 ], [ 74.4743, 34.7853 ], [ 74.475, 34.7864 ], [ 74.4751, 34.7882 ], [ 74.4757, 34.7895 ], [ 74.4764, 34.7906 ], [ 74.4768, 34.7919 ], [ 74.4777, 34.792 ], [ 74.4791, 34.7912 ], [ 74.4813, 34.7905 ], [ 74.4824, 34.7898 ], [ 74.4846, 34.7887 ], [ 74.4859, 34.7883 ], [ 74.4873, 34.7879 ], [ 74.4888, 34.7871 ], [ 74.4906, 34.7866 ], [ 74.4921, 34.786 ], [ 74.494, 34.7853 ], [ 74.4949, 34.7846 ], [ 74.4958, 34.7841 ], [ 74.4971, 34.7836 ], [ 74.4981, 34.7833 ], [ 74.5003, 34.7833 ], [ 74.5015, 34.7836 ], [ 74.5034, 34.7833 ], [ 74.5049, 34.7828 ], [ 74.5063, 34.7821 ], [ 74.5077, 34.7816 ], [ 74.5095, 34.7813 ], [ 74.5106, 34.7807 ], [ 74.5122, 34.7795 ], [ 74.5144, 34.7791 ], [ 74.5167, 34.779 ], [ 74.5189, 34.779 ], [ 74.5198, 34.7792 ], [ 74.5205, 34.7796 ], [ 74.5228, 34.7798 ], [ 74.5251, 34.7798 ], [ 74.5275, 34.7797 ], [ 74.5284, 34.7804 ], [ 74.5297, 34.7806 ], [ 74.5308, 34.7806 ], [ 74.532, 34.7808 ], [ 74.5324, 34.7817 ], [ 74.533, 34.7822 ], [ 74.534, 34.7825 ], [ 74.5352, 34.7827 ], [ 74.5357, 34.784 ], [ 74.5364, 34.7846 ], [ 74.5374, 34.7851 ], [ 74.5382, 34.7855 ], [ 74.5389, 34.786 ], [ 74.5393, 34.7863 ], [ 74.5408, 34.7863 ], [ 74.5422, 34.7866 ], [ 74.5433, 34.7869 ], [ 74.5448, 34.7869 ], [ 74.5471, 34.7871 ], [ 74.549, 34.7869 ], [ 74.5502, 34.7868 ], [ 74.551, 34.786 ], [ 74.5519, 34.7857 ], [ 74.5527, 34.7855 ], [ 74.5535, 34.785 ], [ 74.5552, 34.785 ], [ 74.5563, 34.785 ], [ 74.5579, 34.7848 ], [ 74.5589, 34.7846 ], [ 74.5599, 34.7844 ], [ 74.561, 34.784 ], [ 74.5619, 34.7831 ], [ 74.5623, 34.7825 ], [ 74.5637, 34.7821 ], [ 74.5643, 34.7809 ], [ 74.5644, 34.7803 ], [ 74.5649, 34.7793 ], [ 74.5655, 34.7784 ], [ 74.5662, 34.778 ], [ 74.5673, 34.7779 ], [ 74.5683, 34.7772 ], [ 74.5693, 34.7769 ], [ 74.5703, 34.7765 ], [ 74.5716, 34.7764 ], [ 74.5725, 34.7756 ], [ 74.5738, 34.7755 ], [ 74.5749, 34.7749 ], [ 74.5756, 34.7742 ], [ 74.5766, 34.7735 ], [ 74.5783, 34.7735 ], [ 74.5792, 34.7729 ], [ 74.5802, 34.7723 ], [ 74.5813, 34.7718 ], [ 74.5831, 34.7712 ], [ 74.5847, 34.7705 ], [ 74.5862, 34.77 ], [ 74.5873, 34.7692 ], [ 74.589, 34.7689 ], [ 74.591, 34.7686 ], [ 74.5925, 34.7682 ], [ 74.5937, 34.7678 ], [ 74.5949, 34.7678 ], [ 74.5965, 34.7678 ], [ 74.598, 34.7676 ], [ 74.5989, 34.7667 ], [ 74.5996, 34.7659 ], [ 74.6011, 34.7651 ], [ 74.6023, 34.764 ], [ 74.6028, 34.7631 ], [ 74.6034, 34.7616 ], [ 74.6038, 34.7598 ], [ 74.6043, 34.7573 ], [ 74.6049, 34.756 ], [ 74.6052, 34.7548 ], [ 74.6058, 34.7541 ], [ 74.6065, 34.7532 ], [ 74.6066, 34.7524 ], [ 74.607, 34.7513 ], [ 74.6076, 34.7502 ], [ 74.6088, 34.7489 ], [ 74.6099, 34.7479 ], [ 74.611, 34.7471 ], [ 74.6129, 34.7468 ], [ 74.615, 34.7467 ], [ 74.6173, 34.7462 ], [ 74.6183, 34.7458 ], [ 74.6201, 34.7453 ], [ 74.6218, 34.7449 ], [ 74.6232, 34.7437 ], [ 74.6239, 34.7423 ], [ 74.6244, 34.7413 ], [ 74.6246, 34.7404 ], [ 74.625, 34.7396 ], [ 74.6258, 34.7387 ], [ 74.6264, 34.7379 ], [ 74.6271, 34.737 ], [ 74.6277, 34.7361 ], [ 74.6286, 34.7353 ], [ 74.6299, 34.7349 ], [ 74.6313, 34.7346 ], [ 74.6332, 34.7346 ], [ 74.6344, 34.7346 ], [ 74.6351, 34.7344 ], [ 74.6357, 34.7338 ], [ 74.637, 34.7333 ], [ 74.6378, 34.7327 ], [ 74.6392, 34.7319 ], [ 74.6404, 34.7312 ], [ 74.6414, 34.7301 ], [ 74.6422, 34.7296 ], [ 74.6428, 34.729 ], [ 74.6446, 34.7281 ], [ 74.6455, 34.7272 ], [ 74.6469, 34.726 ], [ 74.6481, 34.725 ], [ 74.6493, 34.7242 ], [ 74.6506, 34.7235 ], [ 74.6519, 34.7227 ], [ 74.654, 34.7224 ], [ 74.6553, 34.7219 ], [ 74.6571, 34.7219 ], [ 74.6589, 34.7215 ], [ 74.6604, 34.7217 ], [ 74.6618, 34.7213 ], [ 74.6636, 34.7214 ], [ 74.6655, 34.7214 ], [ 74.6668, 34.7218 ], [ 74.6684, 34.722 ], [ 74.6693, 34.7227 ], [ 74.6712, 34.723 ], [ 74.673, 34.7229 ], [ 74.6747, 34.723 ], [ 74.6766, 34.7227 ], [ 74.6777, 34.7218 ], [ 74.6795, 34.7214 ], [ 74.6806, 34.7212 ], [ 74.682, 34.7212 ], [ 74.6834, 34.7217 ], [ 74.6839, 34.722 ], [ 74.6855, 34.7226 ], [ 74.6863, 34.7232 ], [ 74.687, 34.7236 ], [ 74.6879, 34.7238 ], [ 74.6888, 34.7243 ], [ 74.6897, 34.7249 ], [ 74.6908, 34.7253 ], [ 74.6921, 34.7254 ], [ 74.6931, 34.7257 ], [ 74.6944, 34.7259 ], [ 74.696, 34.7257 ], [ 74.6974, 34.726 ], [ 74.6982, 34.7263 ], [ 74.6993, 34.727 ], [ 74.7007, 34.7272 ], [ 74.7023, 34.727 ], [ 74.7034, 34.7273 ], [ 74.7052, 34.7275 ], [ 74.7067, 34.7277 ], [ 74.7085, 34.7276 ], [ 74.7104, 34.7273 ], [ 74.7119, 34.7267 ], [ 74.714, 34.7264 ], [ 74.7158, 34.7263 ], [ 74.718, 34.7261 ], [ 74.7198, 34.7261 ], [ 74.7217, 34.7259 ], [ 74.7237, 34.7257 ], [ 74.7258, 34.7257 ], [ 74.7288, 34.7257 ], [ 74.7315, 34.7257 ], [ 74.7336, 34.7261 ], [ 74.7349, 34.727 ], [ 74.7357, 34.7277 ], [ 74.7369, 34.7287 ], [ 74.7374, 34.7298 ], [ 74.738, 34.7308 ], [ 74.7393, 34.7319 ], [ 74.7407, 34.7328 ], [ 74.7415, 34.7335 ], [ 74.7425, 34.7342 ], [ 74.7431, 34.7346 ], [ 74.7442, 34.7347 ], [ 74.7452, 34.7355 ], [ 74.7458, 34.7358 ], [ 74.7467, 34.7363 ], [ 74.7477, 34.7363 ], [ 74.7484, 34.7364 ], [ 74.7547, 34.7351 ], [ 74.7597, 34.7345 ], [ 74.7633, 34.7345 ], [ 74.7672, 34.7348 ], [ 74.7708, 34.7357 ], [ 74.7758, 34.7375 ], [ 74.7812, 34.7401 ], [ 74.7848, 34.7428 ], [ 74.7891, 34.7446 ], [ 74.7956, 34.7458 ], [ 74.7999, 34.7482 ], [ 74.8024, 34.7512 ], [ 74.8031, 34.7551 ], [ 74.8017, 34.7601 ], [ 74.7996, 34.7637 ], [ 74.8053, 34.7617 ], [ 74.8089, 34.7609 ], [ 74.8124, 34.7601 ], [ 74.816, 34.7592 ], [ 74.8191, 34.7584 ], [ 74.8222, 34.7575 ], [ 74.8246, 34.7558 ], [ 74.8269, 34.7536 ], [ 74.8289, 34.7512 ], [ 74.8306, 34.7484 ], [ 74.832, 34.7468 ], [ 74.835, 34.7442 ], [ 74.8367, 34.7426 ], [ 74.8387, 34.7401 ], [ 74.841, 34.7386 ], [ 74.8423, 34.7371 ], [ 74.8444, 34.7352 ], [ 74.8476, 34.7323 ], [ 74.8516, 34.7286 ], [ 74.8544, 34.7255 ], [ 74.8573, 34.7223 ], [ 74.8598, 34.7197 ], [ 74.8617, 34.7168 ], [ 74.864, 34.7134 ], [ 74.8662, 34.7097 ], [ 74.8681, 34.7057 ], [ 74.8696, 34.7015 ], [ 74.8715, 34.6976 ], [ 74.8735, 34.6943 ], [ 74.8756, 34.6908 ], [ 74.8779, 34.6864 ], [ 74.8804, 34.6834 ], [ 74.8835, 34.6789 ], [ 74.8861, 34.6764 ], [ 74.8864, 34.676 ], [ 74.8897, 34.6738 ], [ 74.8931, 34.6717 ], [ 74.8969, 34.67 ], [ 74.9021, 34.6674 ], [ 74.9064, 34.665 ], [ 74.9109, 34.6632 ], [ 74.914, 34.6615 ], [ 74.9173, 34.6608 ], [ 74.9214, 34.6619 ], [ 74.9251, 34.6631 ], [ 74.9288, 34.6638 ], [ 74.9314, 34.6633 ], [ 74.935, 34.6603 ], [ 74.9369, 34.6578 ], [ 74.9388, 34.6555 ], [ 74.941, 34.6526 ], [ 74.9428, 34.6499 ], [ 74.9451, 34.6479 ], [ 74.9484, 34.646 ], [ 74.9518, 34.645 ], [ 74.9554, 34.6457 ], [ 74.9596, 34.6472 ], [ 74.9647, 34.6479 ], [ 74.9683, 34.6476 ], [ 74.972, 34.6468 ], [ 74.9754, 34.6459 ], [ 74.9802, 34.6445 ], [ 74.985, 34.6426 ], [ 74.9895, 34.6416 ], [ 74.9949, 34.6395 ], [ 74.9987, 34.638 ], [ 75.001, 34.6366 ], [ 75.0047, 34.6345 ], [ 75.0094, 34.6323 ], [ 75.0143, 34.6306 ], [ 75.0182, 34.6302 ], [ 75.023, 34.6299 ], [ 75.0273, 34.6299 ], [ 75.0331, 34.6296 ], [ 75.0398, 34.6296 ], [ 75.0463, 34.6306 ], [ 75.0504, 34.6334 ], [ 75.0529, 34.6368 ], [ 75.0547, 34.6408 ], [ 75.0571, 34.6447 ], [ 75.061, 34.6477 ], [ 75.0639, 34.6506 ], [ 75.0668, 34.6541 ], [ 75.0702, 34.6569 ], [ 75.0743, 34.6611 ], [ 75.0768, 34.6632 ], [ 75.0813, 34.6656 ], [ 75.0849, 34.6666 ], [ 75.0893, 34.667 ], [ 75.0943, 34.6679 ], [ 75.0987, 34.6691 ], [ 75.1021, 34.67 ], [ 75.1049, 34.6708 ], [ 75.1108, 34.673 ], [ 75.1146, 34.6752 ], [ 75.1178, 34.678 ], [ 75.1188, 34.6819 ], [ 75.1213, 34.6891 ], [ 75.1234, 34.6925 ], [ 75.1254, 34.6964 ], [ 75.1286, 34.6994 ], [ 75.1334, 34.7008 ], [ 75.1379, 34.7019 ], [ 75.1442, 34.7019 ], [ 75.1487, 34.7022 ], [ 75.1521, 34.7014 ], [ 75.1556, 34.7008 ], [ 75.1612, 34.6983 ], [ 75.1674, 34.696 ], [ 75.1722, 34.6938 ], [ 75.1771, 34.6924 ], [ 75.1836, 34.6904 ], [ 75.1886, 34.6883 ], [ 75.1938, 34.6862 ], [ 75.1977, 34.6831 ], [ 75.1997, 34.68 ], [ 75.2022, 34.6777 ], [ 75.204, 34.6744 ], [ 75.2065, 34.6716 ], [ 75.2086, 34.669 ], [ 75.21, 34.6669 ], [ 75.2111, 34.6652 ], [ 75.2128, 34.6626 ], [ 75.2139, 34.6605 ], [ 75.2114, 34.6575 ], [ 75.2108, 34.6557 ], [ 75.2105, 34.6533 ], [ 75.2122, 34.6505 ], [ 75.2151, 34.6496 ], [ 75.2182, 34.6487 ], [ 75.2218, 34.6475 ], [ 75.2257, 34.6465 ], [ 75.2293, 34.647 ], [ 75.2334, 34.6481 ], [ 75.2376, 34.6498 ], [ 75.2404, 34.6512 ], [ 75.2445, 34.6527 ], [ 75.248, 34.6506 ], [ 75.2512, 34.648 ], [ 75.2561, 34.645 ], [ 75.2593, 34.6424 ], [ 75.2607, 34.6394 ], [ 75.2616, 34.6367 ], [ 75.262, 34.6327 ], [ 75.2627, 34.6305 ], [ 75.2634, 34.6276 ], [ 75.2634, 34.6244 ], [ 75.2617, 34.6216 ], [ 75.2613, 34.6186 ], [ 75.2634, 34.6167 ], [ 75.2675, 34.6163 ], [ 75.2714, 34.6145 ], [ 75.2748, 34.6121 ], [ 75.2775, 34.6112 ], [ 75.2817, 34.609 ], [ 75.2851, 34.6079 ], [ 75.289, 34.6081 ], [ 75.2932, 34.6082 ], [ 75.2942, 34.6059 ], [ 75.2959, 34.6025 ], [ 75.2985, 34.6002 ], [ 75.3034, 34.5992 ], [ 75.3091, 34.5989 ], [ 75.3114, 34.5959 ], [ 75.3128, 34.5923 ], [ 75.3154, 34.591 ], [ 75.3193, 34.5899 ], [ 75.3213, 34.5868 ], [ 75.323, 34.5823 ], [ 75.3265, 34.5796 ], [ 75.3312, 34.5803 ], [ 75.3357, 34.5817 ], [ 75.3401, 34.5824 ], [ 75.3437, 34.5807 ], [ 75.3476, 34.5784 ], [ 75.3549, 34.5762 ], [ 75.3611, 34.5756 ], [ 75.3681, 34.5747 ], [ 75.3753, 34.5731 ], [ 75.3819, 34.5722 ], [ 75.3889, 34.5717 ], [ 75.3958, 34.57 ], [ 75.4027, 34.5669 ], [ 75.4093, 34.5619 ], [ 75.4166, 34.5597 ], [ 75.4245, 34.5583 ], [ 75.4328, 34.5569 ], [ 75.4405, 34.5569 ], [ 75.4484, 34.5569 ], [ 75.4557, 34.5555 ], [ 75.4647, 34.5546 ], [ 75.4716, 34.5532 ], [ 75.4796, 34.5518 ], [ 75.4862, 34.5513 ], [ 75.4952, 34.5526 ], [ 75.5032, 34.5549 ], [ 75.5122, 34.5562 ], [ 75.5209, 34.556 ], [ 75.5309, 34.554 ], [ 75.5406, 34.5504 ], [ 75.5517, 34.5476 ], [ 75.5624, 34.544 ], [ 75.5707, 34.5409 ], [ 75.5808, 34.5364 ], [ 75.5915, 34.5333 ], [ 75.5998, 34.5322 ], [ 75.6092, 34.5305 ], [ 75.6154, 34.528 ], [ 75.6255, 34.5247 ], [ 75.6341, 34.5238 ], [ 75.6424, 34.5236 ], [ 75.6508, 34.5233 ], [ 75.6573, 34.5235 ], [ 75.6629, 34.5255 ], [ 75.6702, 34.526 ], [ 75.6775, 34.5255 ], [ 75.6847, 34.5257 ], [ 75.6937, 34.5241 ], [ 75.7017, 34.5238 ], [ 75.71, 34.5229 ], [ 75.7184, 34.5232 ], [ 75.7263, 34.5229 ], [ 75.7336, 34.5229 ], [ 75.7412, 34.5226 ], [ 75.7492, 34.5221 ], [ 75.7558, 34.5226 ], [ 75.7617, 34.5246 ], [ 75.7683, 34.5251 ], [ 75.7738, 34.5257 ], [ 75.7814, 34.5251 ], [ 75.7877, 34.5257 ], [ 75.7939, 34.5265 ], [ 75.8002, 34.5273 ], [ 75.8061, 34.5276 ], [ 75.8144, 34.527 ], [ 75.823, 34.5273 ], [ 75.8289, 34.5292 ], [ 75.8345, 34.5326 ], [ 75.8401, 34.5365 ], [ 75.8442, 34.5395 ], [ 75.8501, 34.5417 ], [ 75.8574, 34.5434 ], [ 75.864, 34.544 ], [ 75.8699, 34.5437 ], [ 75.8782, 34.5442 ], [ 75.8848, 34.5456 ], [ 75.8904, 34.5484 ], [ 75.8963, 34.5515 ], [ 75.9001, 34.5545 ], [ 75.9042, 34.5581 ], [ 75.907, 34.564 ], [ 75.9091, 34.5687 ], [ 75.9126, 34.5743 ], [ 75.9137, 34.579 ], [ 75.9161, 34.5849 ], [ 75.9179, 34.5904 ], [ 75.92, 34.5968 ], [ 75.9227, 34.6038 ], [ 75.9269, 34.6068 ], [ 75.9314, 34.611 ], [ 75.9363, 34.6135 ], [ 75.9412, 34.6155 ], [ 75.9467, 34.6188 ], [ 75.9512, 34.6221 ], [ 75.9557, 34.6249 ], [ 75.9623, 34.6288 ], [ 75.9689, 34.633 ], [ 75.9752, 34.6377 ], [ 75.9811, 34.6422 ], [ 75.9884, 34.6466 ], [ 75.9943, 34.6511 ], [ 76.0005, 34.6558 ], [ 76.0064, 34.6597 ], [ 76.0106, 34.6641 ], [ 76.0106, 34.6689 ], [ 76.0117, 34.6741 ], [ 76.0134, 34.6803 ], [ 76.0152, 34.6856 ], [ 76.02, 34.6842 ], [ 76.027, 34.6805 ], [ 76.0332, 34.678 ], [ 76.0411, 34.6741 ], [ 76.0477, 34.6688 ], [ 76.0539, 34.6655 ], [ 76.0598, 34.6619 ], [ 76.0667, 34.6568 ], [ 76.0723, 34.6524 ], [ 76.0816, 34.6479 ], [ 76.0865, 34.6448 ], [ 76.0941, 34.6409 ], [ 76.102, 34.6379 ], [ 76.1093, 34.6342 ], [ 76.1162, 34.6317 ], [ 76.1256, 34.6289 ], [ 76.1336, 34.6273 ], [ 76.1395, 34.6267 ], [ 76.1467, 34.6264 ], [ 76.153, 34.6233 ], [ 76.1609, 34.62 ], [ 76.1685, 34.6167 ], [ 76.1768, 34.613 ], [ 76.1852, 34.6108 ], [ 76.1924, 34.6108 ], [ 76.2032, 34.6113 ], [ 76.2122, 34.6144 ], [ 76.2191, 34.6169 ], [ 76.2244, 34.6194 ], [ 76.2292, 34.6222 ], [ 76.2361, 34.6233 ], [ 76.2438, 34.6252 ], [ 76.2514, 34.6277 ], [ 76.2597, 34.6288 ], [ 76.2674, 34.6313 ], [ 76.2743, 34.6324 ], [ 76.2826, 34.6355 ], [ 76.2882, 34.6385 ], [ 76.2944, 34.6416 ], [ 76.3003, 34.6461 ], [ 76.3042, 34.6494 ], [ 76.3083, 34.6533 ], [ 76.3135, 34.6555 ], [ 76.3215, 34.658 ], [ 76.3305, 34.6613 ], [ 76.3368, 34.6644 ], [ 76.3427, 34.6675 ], [ 76.3472, 34.6705 ], [ 76.3524, 34.6733 ], [ 76.3576, 34.6761 ], [ 76.3614, 34.6791 ], [ 76.3649, 34.6819 ], [ 76.3691, 34.6858 ], [ 76.37107, 34.68817 ], [ 76.3726, 34.69 ], [ 76.3774, 34.6958 ], [ 76.3816, 34.7 ], [ 76.3865, 34.7056 ], [ 76.3917, 34.7095 ], [ 76.3959, 34.7131 ], [ 76.4004, 34.7181 ], [ 76.4052, 34.7234 ], [ 76.4105, 34.7284 ], [ 76.4157, 34.7348 ], [ 76.4192, 34.7403 ], [ 76.4237, 34.7442 ], [ 76.4289, 34.7484 ], [ 76.4341, 34.7523 ], [ 76.4376, 34.7559 ], [ 76.4424, 34.7601 ], [ 76.4459, 34.764 ], [ 76.4494, 34.7684 ], [ 76.4529, 34.7709 ], [ 76.4553, 34.7743 ], [ 76.4539, 34.7782 ], [ 76.4543, 34.7821 ], [ 76.4574, 34.7849 ], [ 76.4623, 34.7885 ], [ 76.4661, 34.7904 ], [ 76.4699, 34.7932 ], [ 76.4734, 34.7968 ], [ 76.4755, 34.8002 ], [ 76.4797, 34.8032 ], [ 76.4842, 34.8057 ], [ 76.4883, 34.8088 ], [ 76.4939, 34.8096 ], [ 76.4991, 34.8104 ], [ 76.5046, 34.811 ], [ 76.5126, 34.8104 ], [ 76.5216, 34.8104 ], [ 76.5313, 34.8082 ], [ 76.5393, 34.8065 ], [ 76.5497, 34.8045 ], [ 76.559, 34.8045 ], [ 76.5667, 34.8048 ], [ 76.5743, 34.8056 ], [ 76.5809, 34.807 ], [ 76.5909, 34.8098 ], [ 76.5989, 34.812 ], [ 76.6076, 34.8142 ], [ 76.6145, 34.8167 ], [ 76.6218, 34.8181 ], [ 76.6291, 34.8195 ], [ 76.6371, 34.822 ], [ 76.6444, 34.8237 ], [ 76.6513, 34.8262 ], [ 76.6575, 34.8278 ], [ 76.6662, 34.8309 ], [ 76.6745, 34.8362 ], [ 76.6836, 34.8406 ], [ 76.6912, 34.8465 ], [ 76.6992, 34.8509 ], [ 76.7058, 34.8565 ], [ 76.7128, 34.862 ], [ 76.7183, 34.8676 ], [ 76.7242, 34.8729 ], [ 76.7294, 34.8782 ], [ 76.7336, 34.8823 ], [ 76.7388, 34.8862 ], [ 76.7444, 34.8901 ], [ 76.752, 34.8951 ], [ 76.76, 34.8999 ], [ 76.7687, 34.9046 ], [ 76.776, 34.9104 ], [ 76.7819, 34.9154 ], [ 76.7895, 34.9188 ], [ 76.7954, 34.9221 ], [ 76.8017, 34.9243 ], [ 76.8072, 34.9274 ], [ 76.8128, 34.9316 ], [ 76.8201, 34.9357 ], [ 76.8263, 34.9393 ], [ 76.8301, 34.9427 ], [ 76.8357, 34.9455 ], [ 76.8426, 34.9496 ], [ 76.8479, 34.9521 ], [ 76.8527, 34.9552 ], [ 76.8579, 34.9583 ], [ 76.8645, 34.9619 ], [ 76.8708, 34.9644 ], [ 76.8774, 34.9671 ], [ 76.8846, 34.9696 ], [ 76.893, 34.971 ], [ 76.9009, 34.9727 ], [ 76.9107, 34.976 ], [ 76.9179, 34.9791 ], [ 76.927, 34.9833 ], [ 76.9356, 34.9877 ], [ 76.9422, 34.9902 ], [ 76.9488, 34.9944 ], [ 76.9551, 34.9994 ], [ 76.9579, 35.008 ], [ 76.9628, 35.0108 ], [ 76.9711, 35.0141 ], [ 76.9811, 35.0188 ], [ 76.9929, 35.0216 ], [ 77.0002, 35.025 ], [ 77.0054, 35.0283 ], [ 77.012, 35.0305 ], [ 77.0176, 35.033 ], [ 77.0228, 35.0358 ], [ 77.0308, 35.0372 ], [ 77.0401, 35.0391 ], [ 77.0512, 35.0433 ], [ 77.0624, 35.0511 ], [ 77.0811, 35.055 ], [ 77.0974, 35.0577 ], [ 77.1168, 35.0624 ], [ 77.1341, 35.0658 ], [ 77.156, 35.068 ], [ 77.1699, 35.0711 ], [ 77.1838, 35.0812 ], [ 77.1963, 35.0903 ], [ 77.2035, 35.0987 ], [ 77.2091, 35.1052 ], [ 77.2222, 35.1118 ], [ 77.2291, 35.1153 ], [ 77.2383, 35.1242 ], [ 77.2494, 35.1336 ], [ 77.2571, 35.1386 ], [ 77.2703, 35.1447 ], [ 77.2848, 35.1515 ], [ 77.2977, 35.16 ], [ 77.3128, 35.1661 ], [ 77.3199, 35.1703 ], [ 77.3278, 35.1751 ], [ 77.3379, 35.1812 ], [ 77.3503, 35.1886 ], [ 77.3617, 35.1956 ], [ 77.371, 35.2013 ], [ 77.3811, 35.2089 ], [ 77.3899, 35.2155 ], [ 77.4004, 35.2234 ], [ 77.4067, 35.228 ], [ 77.4139, 35.2335 ], [ 77.4206, 35.2407 ], [ 77.4266, 35.2465 ], [ 77.4352, 35.2548 ], [ 77.4488, 35.2632 ], [ 77.4611, 35.2664 ], [ 77.4705, 35.2718 ], [ 77.4838, 35.2765 ], [ 77.4931, 35.2848 ], [ 77.5039, 35.2893 ], [ 77.5109, 35.2951 ], [ 77.518, 35.2998 ], [ 77.5295, 35.3073 ], [ 77.5415, 35.3132 ], [ 77.5574, 35.321 ], [ 77.571, 35.326 ], [ 77.5791, 35.334 ], [ 77.5918, 35.3399 ], [ 77.6008, 35.3471 ], [ 77.6074, 35.3516 ], [ 77.6113, 35.3594 ], [ 77.6138, 35.3629 ], [ 77.6129, 35.3711 ], [ 77.6126, 35.3739 ], [ 77.6121, 35.3786 ], [ 77.6146, 35.3826 ], [ 77.6168, 35.386 ], [ 77.6194, 35.39 ], [ 77.623, 35.3927 ], [ 77.6263, 35.3951 ], [ 77.6328, 35.3999 ], [ 77.6378, 35.4035 ], [ 77.6414, 35.4061 ], [ 77.648, 35.411 ], [ 77.6492, 35.4135 ], [ 77.6516, 35.4181 ], [ 77.6563, 35.4203 ], [ 77.6619, 35.4228 ], [ 77.6673, 35.4251 ], [ 77.6736, 35.4282 ], [ 77.6783, 35.4299 ], [ 77.6812, 35.431 ], [ 77.6835, 35.4331 ], [ 77.685, 35.4371 ], [ 77.6845, 35.4395 ], [ 77.6853, 35.4435 ], [ 77.6859, 35.4469 ], [ 77.687, 35.4487 ], [ 77.6893, 35.4524 ], [ 77.6923, 35.4565 ], [ 77.6931, 35.4605 ], [ 77.73551, 35.43384 ] ] ] ] } },
{ "type": "Feature", "properties": { "id": 4 }, "geometry": { "type": "MultiPolygon", "coordinates": [ [ [ [ 77.84678, 35.50078 ], [ 77.85109, 35.50055 ], [ 77.8586, 35.49944 ], [ 77.8672, 35.49722 ], [ 77.8911, 35.48804 ], [ 77.90749, 35.48666 ], [ 77.9247, 35.48972 ], [ 77.93332, 35.49471 ], [ 77.94026, 35.50166 ], [ 77.95082, 35.51712 ], [ 77.95282, 35.52005 ], [ 77.95999, 35.53055 ], [ 77.96666, 35.55305 ], [ 77.96609, 35.56721 ], [ 77.97249, 35.57417 ], [ 77.97832, 35.57417 ], [ 77.98276, 35.57305 ], [ 77.99081, 35.56889 ], [ 78.00166, 35.56972 ], [ 78.01361, 35.56805 ], [ 78.04276, 35.56055 ], [ 78.04776, 35.55777 ], [ 78.05998, 35.55388 ], [ 78.08089, 35.54829 ], [ 78.08236, 35.5479 ], [ 78.08388, 35.54749 ], [ 78.09694, 35.5461 ], [ 78.10277, 35.54361 ], [ 78.12137, 35.54166 ], [ 78.12943, 35.54194 ], [ 78.13693, 35.54333 ], [ 78.14665, 35.55027 ], [ 78.14861, 35.55527 ], [ 78.14943, 35.58388 ], [ 78.15248, 35.58888 ], [ 78.15776, 35.60278 ], [ 78.17221, 35.61944 ], [ 78.18553, 35.62943 ], [ 78.19136, 35.63221 ], [ 78.20193, 35.63916 ], [ 78.20804, 35.64194 ], [ 78.23221, 35.64805 ], [ 78.24832, 35.6511 ], [ 78.25471, 35.65388 ], [ 78.26527, 35.66027 ], [ 78.27609, 35.67277 ], [ 78.28276, 35.68665 ], [ 78.28638, 35.69083 ], [ 78.28859, 35.69499 ], [ 78.29915, 35.70193 ], [ 78.30525, 35.70471 ], [ 78.32083, 35.7086 ], [ 78.3622, 35.71666 ], [ 78.37608, 35.7211 ], [ 78.39526, 35.72916 ], [ 78.40443, 35.73611 ], [ 78.40749, 35.7411 ], [ 78.4236, 35.75555 ], [ 78.44386, 35.76361 ], [ 78.46637, 35.76819 ], [ 78.47499, 35.77027 ], [ 78.50943, 35.76833 ], [ 78.52499, 35.77249 ], [ 78.53888, 35.77777 ], [ 78.55664, 35.78611 ], [ 78.56999, 35.79138 ], [ 78.58638, 35.8011 ], [ 78.6136, 35.81138 ], [ 78.62553, 35.81667 ], [ 78.63611, 35.82277 ], [ 78.64249, 35.82527 ], [ 78.64722, 35.82916 ], [ 78.65359, 35.83167 ], [ 78.67499, 35.84415 ], [ 78.68359, 35.85139 ], [ 78.69026, 35.86055 ], [ 78.69193, 35.86527 ], [ 78.69748, 35.87444 ], [ 78.70055, 35.88194 ], [ 78.7061, 35.88277 ], [ 78.7086, 35.88583 ], [ 78.70277, 35.8875 ], [ 78.72415, 35.91166 ], [ 78.72916, 35.91499 ], [ 78.74193, 35.92027 ], [ 78.75888, 35.92388 ], [ 78.77249, 35.92361 ], [ 78.77998, 35.925 ], [ 78.79553, 35.9261 ], [ 78.80942, 35.92583 ], [ 78.82249, 35.92444 ], [ 78.82832, 35.92194 ], [ 78.83499, 35.92194 ], [ 78.86415, 35.91305 ], [ 78.87442, 35.90833 ], [ 78.88081, 35.90665 ], [ 78.89166, 35.90138 ], [ 78.90305, 35.89805 ], [ 78.90999, 35.89694 ], [ 78.92082, 35.89361 ], [ 78.92747, 35.89249 ], [ 78.93442, 35.89249 ], [ 78.96555, 35.90027 ], [ 78.97276, 35.90388 ], [ 78.98776, 35.90777 ], [ 79.01971, 35.92138 ], [ 79.02777, 35.92305 ], [ 79.03998, 35.92833 ], [ 79.06137, 35.9361 ], [ 79.0786, 35.93888 ], [ 79.08665, 35.9411 ], [ 79.1022, 35.94221 ], [ 79.11859, 35.94527 ], [ 79.15305, 35.94415 ], [ 79.15999, 35.94471 ], [ 79.1797, 35.94138 ], [ 79.18665, 35.94221 ], [ 79.19359, 35.9411 ], [ 79.20915, 35.94332 ], [ 79.21666, 35.9436 ], [ 79.2247, 35.94582 ], [ 79.2336, 35.94694 ], [ 79.23915, 35.94971 ], [ 79.24748, 35.95249 ], [ 79.28249, 35.96888 ], [ 79.29887, 35.97832 ], [ 79.31387, 35.98333 ], [ 79.32832, 35.98638 ], [ 79.34332, 35.98611 ], [ 79.37581, 35.98221 ], [ 79.38109, 35.97971 ], [ 79.40498, 35.9736 ], [ 79.41582, 35.96915 ], [ 79.42776, 35.96583 ], [ 79.43803, 35.96055 ], [ 79.44247, 35.9561 ], [ 79.44582, 35.95139 ], [ 79.45055, 35.93916 ], [ 79.45721, 35.92888 ], [ 79.45583, 35.92332 ], [ 79.45166, 35.91972 ], [ 79.44525, 35.9111 ], [ 79.44331, 35.90582 ], [ 79.44054, 35.88999 ], [ 79.44026, 35.87888 ], [ 79.44331, 35.87249 ], [ 79.4472, 35.86805 ], [ 79.45749, 35.86194 ], [ 79.46193, 35.85805 ], [ 79.47388, 35.855 ], [ 79.49275, 35.85278 ], [ 79.50027, 35.85278 ], [ 79.51582, 35.85666 ], [ 79.54359, 35.86583 ], [ 79.55942, 35.86971 ], [ 79.56749, 35.87083 ], [ 79.57443, 35.87083 ], [ 79.5811, 35.86971 ], [ 79.58693, 35.86777 ], [ 79.59137, 35.86472 ], [ 79.59526, 35.86055 ], [ 79.5961, 35.85388 ], [ 79.59499, 35.84833 ], [ 79.60138, 35.83804 ], [ 79.60721, 35.83499 ], [ 79.64415, 35.82888 ], [ 79.65054, 35.82639 ], [ 79.65887, 35.81916 ], [ 79.66193, 35.81361 ], [ 79.66582, 35.80166 ], [ 79.66331, 35.79666 ], [ 79.65665, 35.78833 ], [ 79.64777, 35.78166 ], [ 79.6436, 35.77749 ], [ 79.63889, 35.77444 ], [ 79.63472, 35.76472 ], [ 79.63443, 35.75916 ], [ 79.63666, 35.75222 ], [ 79.64305, 35.74222 ], [ 79.66304, 35.72083 ], [ 79.66776, 35.7086 ], [ 79.6711, 35.70305 ], [ 79.67499, 35.68333 ], [ 79.68193, 35.6636 ], [ 79.68526, 35.65888 ], [ 79.69359, 35.65083 ], [ 79.69859, 35.64888 ], [ 79.7036, 35.645 ], [ 79.7086, 35.64305 ], [ 79.72748, 35.63889 ], [ 79.74054, 35.63721 ], [ 79.7686, 35.63611 ], [ 79.77499, 35.63499 ], [ 79.78859, 35.63444 ], [ 79.80803, 35.63166 ], [ 79.81303, 35.62943 ], [ 79.82138, 35.62138 ], [ 79.82777, 35.61166 ], [ 79.83055, 35.60444 ], [ 79.83083, 35.59833 ], [ 79.83472, 35.57916 ], [ 79.83804, 35.57444 ], [ 79.84833, 35.56916 ], [ 79.85887, 35.5661 ], [ 79.87276, 35.57083 ], [ 79.88805, 35.58083 ], [ 79.89166, 35.58443 ], [ 79.89777, 35.59332 ], [ 79.90138, 35.59721 ], [ 79.90971, 35.61055 ], [ 79.91388, 35.61472 ], [ 79.91914, 35.61749 ], [ 79.92609, 35.61777 ], [ 79.93442, 35.61472 ], [ 79.9447, 35.60889 ], [ 79.96416, 35.59583 ], [ 79.96748, 35.59027 ], [ 79.97527, 35.58111 ], [ 79.98442, 35.5661 ], [ 79.98692, 35.55999 ], [ 79.99304, 35.53916 ], [ 80.0011, 35.50639 ], [ 80.00665, 35.47471 ], [ 80.0186, 35.44221 ], [ 80.02916, 35.42805 ], [ 80.0336, 35.42471 ], [ 80.0372, 35.42055 ], [ 80.05247, 35.41027 ], [ 80.05748, 35.40777 ], [ 80.0636, 35.40638 ], [ 80.07054, 35.4061 ], [ 80.08499, 35.40999 ], [ 80.09027, 35.4136 ], [ 80.10248, 35.41888 ], [ 80.11775, 35.4286 ], [ 80.13611, 35.44582 ], [ 80.14305, 35.45416 ], [ 80.14777, 35.45721 ], [ 80.15027, 35.46138 ], [ 80.15915, 35.46915 ], [ 80.16582, 35.47777 ], [ 80.16776, 35.48193 ], [ 80.17137, 35.49166 ], [ 80.17581, 35.51333 ], [ 80.17609, 35.51888 ], [ 80.1797, 35.5286 ], [ 80.18526, 35.53722 ], [ 80.18719, 35.5425 ], [ 80.19081, 35.54639 ], [ 80.19275, 35.5511 ], [ 80.19609, 35.55527 ], [ 80.20665, 35.56194 ], [ 80.21416, 35.56305 ], [ 80.22748, 35.56138 ], [ 80.23804, 35.55777 ], [ 80.25444, 35.54944 ], [ 80.26639, 35.53805 ], [ 80.26971, 35.53249 ], [ 80.27411, 35.52753 ], [ 80.27609, 35.52193 ], [ 80.28249, 35.51055 ], [ 80.29276, 35.50527 ], [ 80.29776, 35.50333 ], [ 80.30582, 35.50361 ], [ 80.3111, 35.50694 ], [ 80.31902, 35.5091 ], [ 80.32916, 35.515 ], [ 80.34943, 35.52277 ], [ 80.3636, 35.52249 ], [ 80.37886, 35.515 ], [ 80.38388, 35.51111 ], [ 80.38721, 35.50639 ], [ 80.3886, 35.49944 ], [ 80.38777, 35.49416 ], [ 80.38666, 35.46583 ], [ 80.38794, 35.45747 ], [ 80.3875, 35.43111 ], [ 80.38666, 35.42527 ], [ 80.38361, 35.42138 ], [ 80.37915, 35.41166 ], [ 80.37248, 35.40332 ], [ 80.35498, 35.38889 ], [ 80.33916, 35.37971 ], [ 80.33221, 35.37694 ], [ 80.32277, 35.37027 ], [ 80.31219, 35.36444 ], [ 80.30331, 35.35694 ], [ 80.28943, 35.33999 ], [ 80.28387, 35.32527 ], [ 80.28305, 35.32055 ], [ 80.27998, 35.31554 ], [ 80.28082, 35.30388 ], [ 80.27943, 35.29833 ], [ 80.28166, 35.28583 ], [ 80.2836, 35.2786 ], [ 80.29414, 35.25527 ], [ 80.29776, 35.24249 ], [ 80.29999, 35.22971 ], [ 80.29942, 35.21305 ], [ 80.29803, 35.2075 ], [ 80.29221, 35.1936 ], [ 80.27943, 35.1825 ], [ 80.27277, 35.17416 ], [ 80.265, 35.16638 ], [ 80.24109, 35.14861 ], [ 80.23859, 35.14444 ], [ 80.21609, 35.12582 ], [ 80.21388, 35.12166 ], [ 80.20915, 35.1186 ], [ 80.20499, 35.11444 ], [ 80.19832, 35.10638 ], [ 80.1947, 35.09666 ], [ 80.19026, 35.08765 ], [ 80.19165, 35.08028 ], [ 80.19193, 35.06889 ], [ 80.1972, 35.04666 ], [ 80.19693, 35.04111 ], [ 80.19859, 35.035 ], [ 80.19859, 35.02249 ], [ 80.2, 35.01583 ], [ 80.19914, 34.99361 ], [ 80.2, 34.9875 ], [ 80.19859, 34.98249 ], [ 80.19832, 34.97083 ], [ 80.20027, 34.94694 ], [ 80.19887, 34.94138 ], [ 80.19971, 34.93499 ], [ 80.19971, 34.92332 ], [ 80.20221, 34.91055 ], [ 80.20193, 34.90499 ], [ 80.20055, 34.89944 ], [ 80.20166, 34.89388 ], [ 80.19859, 34.88889 ], [ 80.19582, 34.87916 ], [ 80.19054, 34.87027 ], [ 80.18665, 34.86082 ], [ 80.17998, 34.85249 ], [ 80.17776, 34.84833 ], [ 80.16415, 34.83665 ], [ 80.15887, 34.8336 ], [ 80.15555, 34.82999 ], [ 80.13971, 34.81999 ], [ 80.13721, 34.81583 ], [ 80.12387, 34.80416 ], [ 80.12137, 34.8 ], [ 80.11665, 34.79583 ], [ 80.11443, 34.79166 ], [ 80.10776, 34.78361 ], [ 80.10582, 34.77888 ], [ 80.10248, 34.77471 ], [ 80.0961, 34.76111 ], [ 80.08916, 34.74083 ], [ 80.08832, 34.73611 ], [ 80.0836, 34.72638 ], [ 80.08138, 34.71583 ], [ 80.07832, 34.68888 ], [ 80.07416, 34.67361 ], [ 80.07138, 34.66944 ], [ 80.06442, 34.66694 ], [ 80.05914, 34.66332 ], [ 80.0522, 34.66166 ], [ 80.04526, 34.65888 ], [ 80.02998, 34.65694 ], [ 80.02277, 34.65665 ], [ 79.99609, 34.65916 ], [ 79.96721, 34.65999 ], [ 79.94312, 34.66395 ], [ 79.92165, 34.66527 ], [ 79.90915, 34.66694 ], [ 79.90138, 34.66554 ], [ 79.89388, 34.66527 ], [ 79.8875, 34.66277 ], [ 79.87637, 34.65083 ], [ 79.87442, 34.6461 ], [ 79.87137, 34.63666 ], [ 79.86943, 34.62527 ], [ 79.86693, 34.62138 ], [ 79.8647, 34.60999 ], [ 79.85971, 34.59527 ], [ 79.85748, 34.59083 ], [ 79.85081, 34.5825 ], [ 79.8486, 34.57833 ], [ 79.84387, 34.57444 ], [ 79.83333, 34.56805 ], [ 79.82083, 34.56277 ], [ 79.80554, 34.56027 ], [ 79.79082, 34.55916 ], [ 79.78387, 34.55943 ], [ 79.76805, 34.55555 ], [ 79.75082, 34.54749 ], [ 79.7336, 34.53805 ], [ 79.72832, 34.53416 ], [ 79.7247, 34.52999 ], [ 79.72276, 34.52527 ], [ 79.72276, 34.51971 ], [ 79.72554, 34.5061 ], [ 79.73776, 34.49332 ], [ 79.7422, 34.49055 ], [ 79.74582, 34.48611 ], [ 79.75417, 34.4786 ], [ 79.76054, 34.4686 ], [ 79.76332, 34.46166 ], [ 79.76361, 34.45499 ], [ 79.76166, 34.45055 ], [ 79.75417, 34.44276 ], [ 79.73387, 34.42638 ], [ 79.72276, 34.42055 ], [ 79.71609, 34.41833 ], [ 79.70552, 34.41639 ], [ 79.70082, 34.41444 ], [ 79.6922, 34.41277 ], [ 79.66998, 34.4111 ], [ 79.65721, 34.4136 ], [ 79.63805, 34.41582 ], [ 79.63304, 34.41833 ], [ 79.62692, 34.41972 ], [ 79.62192, 34.42277 ], [ 79.59943, 34.42916 ], [ 79.58665, 34.43194 ], [ 79.57416, 34.4336 ], [ 79.56081, 34.43388 ], [ 79.55276, 34.4325 ], [ 79.54553, 34.43277 ], [ 79.53915, 34.42999 ], [ 79.53665, 34.42583 ], [ 79.53166, 34.41055 ], [ 79.53305, 34.39861 ], [ 79.53777, 34.38583 ], [ 79.54109, 34.37971 ], [ 79.54248, 34.37332 ], [ 79.55193, 34.34638 ], [ 79.55304, 34.33388 ], [ 79.55582, 34.32777 ], [ 79.55775, 34.31527 ], [ 79.56026, 34.30804 ], [ 79.56053, 34.2961 ], [ 79.56442, 34.27721 ], [ 79.5647, 34.27083 ], [ 79.57222, 34.2386 ], [ 79.575, 34.23277 ], [ 79.57805, 34.2086 ], [ 79.57555, 34.20361 ], [ 79.57222, 34.19943 ], [ 79.56248, 34.19249 ], [ 79.55664, 34.18999 ], [ 79.54387, 34.19249 ], [ 79.52721, 34.19749 ], [ 79.52026, 34.19777 ], [ 79.51527, 34.19444 ], [ 79.51166, 34.19027 ], [ 79.50972, 34.18526 ], [ 79.50777, 34.175 ], [ 79.50888, 34.1686 ], [ 79.51332, 34.15582 ], [ 79.5211, 34.14583 ], [ 79.52638, 34.13472 ], [ 79.52666, 34.1286 ], [ 79.5247, 34.11805 ], [ 79.52222, 34.11388 ], [ 79.5125, 34.10694 ], [ 79.51027, 34.10249 ], [ 79.50139, 34.09554 ], [ 79.48442, 34.08665 ], [ 79.47415, 34.07999 ], [ 79.46776, 34.07722 ], [ 79.46277, 34.07417 ], [ 79.4586, 34.07027 ], [ 79.45221, 34.06221 ], [ 79.44498, 34.04833 ], [ 79.4422, 34.03249 ], [ 79.43942, 34.02833 ], [ 79.42915, 34.02166 ], [ 79.42331, 34.01888 ], [ 79.41331, 34.01694 ], [ 79.39972, 34.01721 ], [ 79.38026, 34.01971 ], [ 79.37331, 34.01999 ], [ 79.36665, 34.01916 ], [ 79.35332, 34.02166 ], [ 79.33472, 34.02388 ], [ 79.32805, 34.02361 ], [ 79.28777, 34.0261 ], [ 79.26915, 34.02888 ], [ 79.25526, 34.02916 ], [ 79.21693, 34.02416 ], [ 79.20332, 34.02444 ], [ 79.19109, 34.0261 ], [ 79.18442, 34.0261 ], [ 79.17804, 34.02777 ], [ 79.17137, 34.02833 ], [ 79.16582, 34.02972 ], [ 79.16081, 34.03221 ], [ 79.14749, 34.03249 ], [ 79.13054, 34.02916 ], [ 79.12526, 34.02583 ], [ 79.11887, 34.01749 ], [ 79.11665, 34.01333 ], [ 79.1086, 34.00555 ], [ 79.09444, 34.00139 ], [ 79.08083, 34.00194 ], [ 79.06915, 34.005 ], [ 79.06303, 34.00777 ], [ 79.05247, 34.01083 ], [ 79.0397, 34.01389 ], [ 79.03387, 34.01389 ], [ 79.02721, 34.01555 ], [ 79.0211, 34.01221 ], [ 79.01443, 34.01277 ], [ 79.00888, 34.01444 ], [ 79.00082, 34.01389 ], [ 78.98248, 34.01721 ], [ 78.97527, 34.01721 ], [ 78.96721, 34.01639 ], [ 78.95526, 34.01111 ], [ 78.95193, 34.00639 ], [ 78.93915, 33.99554 ], [ 78.93581, 33.99138 ], [ 78.92082, 33.98138 ], [ 78.9136, 33.97388 ], [ 78.90887, 33.97027 ], [ 78.90526, 33.96055 ], [ 78.90498, 33.94943 ], [ 78.90749, 33.93665 ], [ 78.91081, 33.93221 ], [ 78.91304, 33.92555 ], [ 78.91609, 33.91999 ], [ 78.92609, 33.90582 ], [ 78.93027, 33.90138 ], [ 78.93359, 33.89583 ], [ 78.93831, 33.88277 ], [ 78.94136, 33.87027 ], [ 78.94165, 33.8575 ], [ 78.94443, 33.8511 ], [ 78.9447, 33.84499 ], [ 78.94942, 33.83221 ], [ 78.95915, 33.81583 ], [ 78.96887, 33.80138 ], [ 78.97331, 33.7961 ], [ 78.99026, 33.78194 ], [ 78.99971, 33.77555 ], [ 79.01166, 33.76333 ], [ 79.0161, 33.76055 ], [ 79.01944, 33.75444 ], [ 79.01962, 33.75 ], [ 79.01971, 33.74777 ], [ 79.0161, 33.73249 ], [ 79.015, 33.71583 ], [ 79.01999, 33.70277 ], [ 79.02138, 33.69554 ], [ 79.02777, 33.68472 ], [ 79.03137, 33.67166 ], [ 79.03888, 33.65221 ], [ 79.04082, 33.63943 ], [ 79.03831, 33.63444 ], [ 79.03137, 33.6261 ], [ 79.02361, 33.62499 ], [ 79.01694, 33.62582 ], [ 79.00526, 33.62888 ], [ 78.99471, 33.63333 ], [ 78.9836, 33.63666 ], [ 78.96193, 33.63943 ], [ 78.94832, 33.63999 ], [ 78.94498, 33.6386 ], [ 78.93166, 33.6386 ], [ 78.91805, 33.63361 ], [ 78.91582, 33.62943 ], [ 78.91277, 33.61916 ], [ 78.91054, 33.60249 ], [ 78.90887, 33.59749 ], [ 78.90498, 33.57639 ], [ 78.90498, 33.57083 ], [ 78.90804, 33.56527 ], [ 78.91638, 33.55777 ], [ 78.92581, 33.5511 ], [ 78.92886, 33.54639 ], [ 78.93135, 33.53864 ], [ 78.93248, 33.53416 ], [ 78.93166, 33.51749 ], [ 78.93359, 33.49916 ], [ 78.93166, 33.48916 ], [ 78.93248, 33.48249 ], [ 78.93109, 33.47221 ], [ 78.93221, 33.46527 ], [ 78.93248, 33.45416 ], [ 78.93109, 33.42527 ], [ 78.93651, 33.408 ], [ 78.9411, 33.39008 ], [ 78.92126, 33.3987 ], [ 78.89539, 33.42031 ], [ 78.87566, 33.4368 ], [ 78.87153, 33.43908 ], [ 78.8704, 33.4397 ], [ 78.82326, 33.48349 ], [ 78.82073, 33.48651 ], [ 78.8186, 33.48908 ], [ 78.80387, 33.50681 ], [ 78.79115, 33.52519 ], [ 78.78387, 33.53265 ], [ 78.77068, 33.55204 ], [ 78.7632, 33.56305 ], [ 78.75811, 33.57139 ], [ 78.74348, 33.59538 ], [ 78.74223, 33.59741 ], [ 78.72993, 33.61757 ], [ 78.72728, 33.62278 ], [ 78.71098, 33.65487 ], [ 78.70935, 33.66055 ], [ 78.70679, 33.66948 ], [ 78.70843, 33.67611 ], [ 78.7093, 33.67961 ], [ 78.73175, 33.70404 ], [ 78.73724, 33.70882 ], [ 78.73732, 33.70888 ], [ 78.75756, 33.72646 ], [ 78.7624, 33.73066 ], [ 78.77522, 33.74622 ], [ 78.77529, 33.7464 ], [ 78.78399, 33.77043 ], [ 78.78055, 33.78919 ], [ 78.77506, 33.80125 ], [ 78.76203, 33.81651 ], [ 78.76132, 33.81734 ], [ 78.74178, 33.84018 ], [ 78.72567, 33.87112 ], [ 78.71725, 33.89048 ], [ 78.71156, 33.9225 ], [ 78.71493, 33.93345 ], [ 78.71666, 33.93909 ], [ 78.71725, 33.94896 ], [ 78.71616, 33.94894 ], [ 78.71426, 33.95947 ], [ 78.71579, 33.96453 ], [ 78.72842, 33.97734 ], [ 78.7429, 33.98728 ], [ 78.76363, 34.00151 ], [ 78.76842, 34.01447 ], [ 78.77036, 34.01973 ], [ 78.76829, 34.02575 ], [ 78.76595, 34.03251 ], [ 78.76064, 34.0361 ], [ 78.75987, 34.03627 ], [ 78.75954, 34.03634 ], [ 78.73185, 34.04253 ], [ 78.71212, 34.05048 ], [ 78.70615, 34.05864 ], [ 78.70638, 34.07218 ], [ 78.71332, 34.08146 ], [ 78.72443, 34.0914 ], [ 78.72923, 34.0957 ], [ 78.75946, 34.11108 ], [ 78.76067, 34.11136 ], [ 78.76389, 34.11211 ], [ 78.77094, 34.11374 ], [ 78.77426, 34.11451 ], [ 78.81532, 34.13261 ], [ 78.85883, 34.1518 ], [ 78.87115, 34.15723 ], [ 78.87904, 34.16133 ], [ 78.88888, 34.16643 ], [ 78.89436, 34.17002 ], [ 78.91036, 34.1805 ], [ 78.93534, 34.19961 ], [ 78.94212, 34.20479 ], [ 78.9562, 34.21783 ], [ 78.97501, 34.24286 ], [ 78.98499, 34.26779 ], [ 78.9934, 34.28874 ], [ 78.99422, 34.30252 ], [ 78.99005, 34.31783 ], [ 78.98923, 34.31927 ], [ 78.98146, 34.33285 ], [ 78.97674, 34.33393 ], [ 78.96885, 34.34163 ], [ 78.96074, 34.3461 ], [ 78.93989, 34.36208 ], [ 78.92918, 34.3703 ], [ 78.92744, 34.37164 ], [ 78.92255, 34.37539 ], [ 78.91504, 34.37884 ], [ 78.89156, 34.38964 ], [ 78.87569, 34.39465 ], [ 78.8381, 34.40653 ], [ 78.83726, 34.40702 ], [ 78.82495, 34.41413 ], [ 78.79938, 34.43327 ], [ 78.78848, 34.44142 ], [ 78.76302, 34.46046 ], [ 78.75405, 34.46901 ], [ 78.75284, 34.47017 ], [ 78.75035, 34.47505 ], [ 78.74936, 34.47699 ], [ 78.73827, 34.48989 ], [ 78.73612, 34.49167 ], [ 78.73008, 34.49665 ], [ 78.71664, 34.50101 ], [ 78.69632, 34.50759 ], [ 78.68619, 34.51276 ], [ 78.68062, 34.5156 ], [ 78.66006, 34.52972 ], [ 78.65249, 34.53815 ], [ 78.64383, 34.54781 ], [ 78.63763, 34.5523 ], [ 78.62101, 34.57428 ], [ 78.61109, 34.58306 ], [ 78.58208, 34.60315 ], [ 78.56934, 34.61195 ], [ 78.55817, 34.61475 ], [ 78.53712, 34.61415 ], [ 78.51154, 34.60911 ], [ 78.48223, 34.60334 ], [ 78.45915, 34.60279 ], [ 78.44315, 34.6024 ], [ 78.43546, 34.60286 ], [ 78.42512, 34.60346 ], [ 78.41813, 34.6054 ], [ 78.40932, 34.6135 ], [ 78.40689, 34.62103 ], [ 78.40701, 34.63663 ], [ 78.40459, 34.64392 ], [ 78.39873, 34.64835 ], [ 78.39836, 34.64863 ], [ 78.39552, 34.64939 ], [ 78.38718, 34.65163 ], [ 78.32492, 34.65598 ], [ 78.32354, 34.65658 ], [ 78.31734, 34.65928 ], [ 78.3068, 34.66092 ], [ 78.30034, 34.66193 ], [ 78.28436, 34.66736 ], [ 78.27405, 34.67401 ], [ 78.2726, 34.67495 ], [ 78.2657, 34.67939 ], [ 78.24803, 34.6951 ], [ 78.23177, 34.71654 ], [ 78.23157, 34.7168 ], [ 78.22105, 34.73403 ], [ 78.21869, 34.73956 ], [ 78.2104, 34.75894 ], [ 78.20732, 34.76611 ], [ 78.18834, 34.86278 ], [ 78.18465, 34.88152 ], [ 78.17516, 34.90281 ], [ 78.1736, 34.9063 ], [ 78.16731, 34.91214 ], [ 78.14364, 34.95324 ], [ 78.13348, 34.97087 ], [ 78.13031, 34.97834 ], [ 78.12111, 35.0 ], [ 78.11828, 35.00665 ], [ 78.11483, 35.01476 ], [ 78.09495, 35.0569 ], [ 78.08287, 35.08249 ], [ 78.08428, 35.09077 ], [ 78.08832, 35.09568 ], [ 78.08894, 35.09583 ], [ 78.09772, 35.09793 ], [ 78.11102, 35.10734 ], [ 78.1171, 35.11164 ], [ 78.12431, 35.12189 ], [ 78.12531, 35.12599 ], [ 78.12605, 35.12904 ], [ 78.12418, 35.13542 ], [ 78.11844, 35.14244 ], [ 78.11605, 35.14535 ], [ 78.07835, 35.17233 ], [ 78.0774, 35.17271 ], [ 78.06902, 35.17604 ], [ 78.05972, 35.18311 ], [ 78.05756, 35.18475 ], [ 78.05222, 35.1911 ], [ 78.04361, 35.20133 ], [ 78.04276, 35.20233 ], [ 78.03184, 35.22023 ], [ 78.01774, 35.24975 ], [ 78.0137, 35.26419 ], [ 78.00636, 35.29035 ], [ 78.00202, 35.29462 ], [ 78.00151, 35.29797 ], [ 77.99435, 35.34493 ], [ 77.99185, 35.34855 ], [ 77.98996, 35.36364 ], [ 77.99029, 35.37903 ], [ 77.99707, 35.39409 ], [ 78.01949, 35.41526 ], [ 78.02077, 35.41647 ], [ 78.0212, 35.41688 ], [ 78.0246, 35.41717 ], [ 78.02846, 35.41928 ], [ 78.02983, 35.42003 ], [ 78.0301, 35.42047 ], [ 78.03169, 35.42306 ], [ 78.06888, 35.44288 ], [ 78.07019, 35.44464 ], [ 78.07183, 35.44685 ], [ 78.07964, 35.44815 ], [ 78.09733, 35.45564 ], [ 78.1045, 35.46182 ], [ 78.1077, 35.46457 ], [ 78.1108, 35.47266 ], [ 78.10983, 35.47677 ], [ 78.10705, 35.48043 ], [ 78.10399, 35.48446 ], [ 78.0943, 35.4893 ], [ 78.0877, 35.49059 ], [ 78.08195, 35.4917 ], [ 78.07935, 35.4922 ], [ 78.06482, 35.49172 ], [ 78.06375, 35.49169 ], [ 78.04536, 35.49109 ], [ 78.01998, 35.49026 ], [ 78.00999, 35.48919 ], [ 77.99065, 35.48711 ], [ 77.96688, 35.48132 ], [ 77.96172, 35.48006 ], [ 77.95128, 35.47364 ], [ 77.94459, 35.46411 ], [ 77.94378, 35.46296 ], [ 77.92802, 35.44054 ], [ 77.92093, 35.43488 ], [ 77.91988, 35.43434 ], [ 77.91019, 35.42936 ], [ 77.90297, 35.42759 ], [ 77.89957, 35.4279 ], [ 77.88862, 35.42887 ], [ 77.88477, 35.43196 ], [ 77.87942, 35.43625 ], [ 77.86872, 35.45052 ], [ 77.86267, 35.45859 ], [ 77.85132, 35.48874 ], [ 77.85019, 35.49173 ], [ 77.84678, 35.50078 ] ] ] ] } },
{ "type": "Feature", "properties": { "id": 5 }, "geometry": { "type": "MultiPolygon", "coordinates": [ [ [ [ 35.6232, 23.1467 ], [ 35.62589, 23.14925 ], [ 35.62804, 23.14772 ], [ 35.62993, 23.14046 ], [ 35.63228, 23.12953 ], [ 35.63692, 23.11398 ], [ 35.64529, 23.09897 ], [ 35.64818, 23.09294 ], [ 35.64988, 23.08939 ], [ 35.65856, 23.07024 ], [ 35.66167, 23.0609 ], [ 35.66321, 23.04585 ], [ 35.66323, 23.03735 ], [ 35.66592, 23.02458 ], [ 35.66339, 23.01128 ], [ 35.66812, 23.00262 ], [ 35.6712, 22.99168 ], [ 35.67422, 22.98534 ], [ 35.6776, 22.97841 ], [ 35.67855, 22.97507 ], [ 35.67543, 22.97373 ], [ 35.6725, 22.97686 ], [ 35.67109, 22.98284 ], [ 35.66725, 22.98357 ], [ 35.66239, 22.9811 ], [ 35.66158, 22.9756 ], [ 35.6648, 22.96638 ], [ 35.66952, 22.95703 ], [ 35.67169, 22.9523 ], [ 35.66906, 22.9506 ], [ 35.6704, 22.94875 ], [ 35.67402, 22.95043 ], [ 35.67726, 22.95189 ], [ 35.67733, 22.94776 ], [ 35.68094, 22.94921 ], [ 35.68084, 22.95105 ], [ 35.68065, 22.95564 ], [ 35.68179, 22.95781 ], [ 35.68287, 22.95873 ], [ 35.6838, 22.95951 ], [ 35.68689, 22.95948 ], [ 35.68624, 22.95662 ], [ 35.6877, 22.95465 ], [ 35.69036, 22.94934 ], [ 35.69473, 22.9424 ], [ 35.69706, 22.93078 ], [ 35.69996, 22.92512 ], [ 35.70302, 22.92245 ], [ 35.70817, 22.91872 ], [ 35.71216, 22.91098 ], [ 35.71444, 22.90522 ], [ 35.71749, 22.90163 ], [ 35.72244, 22.89193 ], [ 35.7272, 22.88717 ], [ 35.73619, 22.88317 ], [ 35.74323, 22.88171 ], [ 35.74327, 22.87516 ], [ 35.7452, 22.87147 ], [ 35.74974, 22.86809 ], [ 35.75461, 22.86218 ], [ 35.76058, 22.85488 ], [ 35.76445, 22.84818 ], [ 35.775, 22.84117 ], [ 35.77745, 22.83862 ], [ 35.78221, 22.8342 ], [ 35.78752, 22.83333 ], [ 35.79337, 22.8351 ], [ 35.79538, 22.83784 ], [ 35.79505, 22.84048 ], [ 35.79335, 22.84337 ], [ 35.78991, 22.84525 ], [ 35.78618, 22.84345 ], [ 35.7842, 22.84405 ], [ 35.78451, 22.84852 ], [ 35.78703, 22.85205 ], [ 35.79214, 22.85395 ], [ 35.7948, 22.84932 ], [ 35.79463, 22.84634 ], [ 35.79819, 22.84389 ], [ 35.80256, 22.83787 ], [ 35.80681, 22.83162 ], [ 35.80884, 22.82643 ], [ 35.80854, 22.82219 ], [ 35.80492, 22.82016 ], [ 35.80673, 22.8167 ], [ 35.81286, 22.81204 ], [ 35.81626, 22.80729 ], [ 35.82012, 22.80013 ], [ 35.82965, 22.79163 ], [ 35.84161, 22.77933 ], [ 35.84991, 22.77085 ], [ 35.85146, 22.76848 ], [ 35.86153, 22.76033 ], [ 35.87414, 22.75077 ], [ 35.88665, 22.74316 ], [ 35.88774, 22.74166 ], [ 35.8888, 22.7382 ], [ 35.89097, 22.7337 ], [ 35.89662, 22.73122 ], [ 35.90346, 22.72551 ], [ 35.90753, 22.7242 ], [ 35.90713, 22.7226 ], [ 35.90478, 22.72239 ], [ 35.90207, 22.72346 ], [ 35.89889, 22.72545 ], [ 35.89657, 22.72789 ], [ 35.89222, 22.7261 ], [ 35.89253, 22.72185 ], [ 35.89732, 22.71927 ], [ 35.90543, 22.71573 ], [ 35.91567, 22.71457 ], [ 35.91924, 22.71281 ], [ 35.92149, 22.71507 ], [ 35.92066, 22.71704 ], [ 35.91796, 22.71879 ], [ 35.91565, 22.72146 ], [ 35.91763, 22.72178 ], [ 35.92402, 22.71895 ], [ 35.92596, 22.71582 ], [ 35.9245, 22.70941 ], [ 35.92046, 22.70338 ], [ 35.92189, 22.69969 ], [ 35.92495, 22.69724 ], [ 35.92942, 22.69856 ], [ 35.93156, 22.70141 ], [ 35.93149, 22.70485 ], [ 35.93267, 22.70989 ], [ 35.93321, 22.71275 ], [ 35.93448, 22.71526 ], [ 35.93895, 22.71647 ], [ 35.94192, 22.71643 ], [ 35.94434, 22.7133 ], [ 35.94416, 22.7094 ], [ 35.9419, 22.70645 ], [ 35.94222, 22.70288 ], [ 35.94434, 22.69574 ], [ 35.94628, 22.69342 ], [ 35.94951, 22.69418 ], [ 35.95175, 22.69542 ], [ 35.95537, 22.69778 ], [ 35.96136, 22.70161 ], [ 35.96363, 22.70457 ], [ 35.96506, 22.70949 ], [ 35.96793, 22.71106 ], [ 35.97264, 22.71146 ], [ 35.9743, 22.70719 ], [ 35.97461, 22.7026 ], [ 35.97493, 22.69961 ], [ 35.97714, 22.6982 ], [ 35.98084, 22.69758 ], [ 35.98554, 22.69764 ], [ 35.99368, 22.69673 ], [ 36.00024, 22.69677 ], [ 36.01112, 22.69674 ], [ 36.02024, 22.69513 ], [ 36.03551, 22.69069 ], [ 36.03782, 22.68837 ], [ 36.04332, 22.68393 ], [ 36.04541, 22.68345 ], [ 36.04753, 22.68457 ], [ 36.04743, 22.68641 ], [ 36.04461, 22.68771 ], [ 36.0439, 22.68989 ], [ 36.04872, 22.68983 ], [ 36.05269, 22.6907 ], [ 36.05605, 22.69203 ], [ 36.05838, 22.69108 ], [ 36.0634, 22.68792 ], [ 36.06683, 22.68558 ], [ 36.07164, 22.68517 ], [ 36.07573, 22.68581 ], [ 36.08053, 22.68391 ], [ 36.08643, 22.68199 ], [ 36.09197, 22.68043 ], [ 36.09846, 22.67644 ], [ 36.10191, 22.67582 ], [ 36.10822, 22.67597 ], [ 36.1144, 22.67623 ], [ 36.12303, 22.67485 ], [ 36.12762, 22.67582 ], [ 36.13257, 22.67622 ], [ 36.1385, 22.67579 ], [ 36.14346, 22.67676 ], [ 36.14799, 22.67452 ], [ 36.15055, 22.67195 ], [ 36.15545, 22.66948 ], [ 36.1631, 22.66834 ], [ 36.16692, 22.66783 ], [ 36.17077, 22.66881 ], [ 36.17291, 22.67096 ], [ 36.17497, 22.67633 ], [ 36.17665, 22.68067 ], [ 36.17877, 22.68179 ], [ 36.18148, 22.68175 ], [ 36.1865, 22.67881 ], [ 36.1872, 22.67593 ], [ 36.18886, 22.67166 ], [ 36.19391, 22.66321 ], [ 36.20061, 22.65681 ], [ 36.20539, 22.65456 ], [ 36.20982, 22.65358 ], [ 36.21354, 22.65422 ], [ 36.21842, 22.65036 ], [ 36.2253, 22.64786 ], [ 36.2294, 22.64149 ], [ 36.23754, 22.63334 ], [ 36.24213, 22.62719 ], [ 36.24578, 22.62335 ], [ 36.25118, 22.62109 ], [ 36.25862, 22.62305 ], [ 36.25994, 22.62063 ], [ 36.25992, 22.61236 ], [ 36.26059, 22.60765 ], [ 36.2624, 22.60498 ], [ 36.26762, 22.59997 ], [ 36.2717, 22.5998 ], [ 36.27722, 22.59765 ], [ 36.28276, 22.58943 ], [ 36.28613, 22.58398 ], [ 36.28827, 22.57925 ], [ 36.28889, 22.57189 ], [ 36.29085, 22.5636 ], [ 36.29703, 22.55674 ], [ 36.29736, 22.5541 ], [ 36.29655, 22.54986 ], [ 36.29605, 22.54264 ], [ 36.29616, 22.53414 ], [ 36.29773, 22.52506 ], [ 36.29976, 22.52112 ], [ 36.30389, 22.51716 ], [ 36.30766, 22.51378 ], [ 36.31066, 22.50846 ], [ 36.31171, 22.505 ], [ 36.31422, 22.50014 ], [ 36.3203, 22.49443 ], [ 36.32517, 22.49057 ], [ 36.33077, 22.48647 ], [ 36.33614, 22.48261 ], [ 36.34671, 22.47316 ], [ 36.35919, 22.46689 ], [ 36.36604, 22.46301 ], [ 36.3746, 22.45863 ], [ 36.37923, 22.45546 ], [ 36.38435, 22.4516 ], [ 36.39106, 22.44737 ], [ 36.39949, 22.44265 ], [ 36.40244, 22.44181 ], [ 36.4059, 22.44233 ], [ 36.4074, 22.44368 ], [ 36.40844, 22.44631 ], [ 36.41154, 22.44718 ], [ 36.41633, 22.44596 ], [ 36.42232, 22.44311 ], [ 36.42695, 22.43983 ], [ 36.42887, 22.43659 ], [ 36.43111, 22.43082 ], [ 36.43064, 22.42532 ], [ 36.42614, 22.42183 ], [ 36.42496, 22.41794 ], [ 36.42721, 22.4124 ], [ 36.4291, 22.40813 ], [ 36.43126, 22.39742 ], [ 36.43069, 22.39318 ], [ 36.43172, 22.38881 ], [ 36.43679, 22.38253 ], [ 36.44155, 22.37259 ], [ 36.44614, 22.36691 ], [ 36.44879, 22.36365 ], [ 36.45613, 22.36032 ], [ 36.4615, 22.35725 ], [ 36.4663, 22.35684 ], [ 36.46972, 22.35495 ], [ 36.47285, 22.351 ], [ 36.47738, 22.34898 ], [ 36.48133, 22.34938 ], [ 36.4848, 22.35047 ], [ 36.48944, 22.34822 ], [ 36.49663, 22.34318 ], [ 36.49892, 22.34073 ], [ 36.50537, 22.33581 ], [ 36.50982, 22.33632 ], [ 36.51461, 22.33567 ], [ 36.52356, 22.33277 ], [ 36.52882, 22.33063 ], [ 36.5488, 22.3178 ], [ 36.55393, 22.31577 ], [ 36.55422, 22.31772 ], [ 36.55658, 22.31883 ], [ 36.55849, 22.31535 ], [ 36.56074, 22.31073 ], [ 36.56684, 22.30731 ], [ 36.57455, 22.30431 ], [ 36.581, 22.29997 ], [ 36.58415, 22.29693 ], [ 36.59521, 22.28872 ], [ 36.60039, 22.28256 ], [ 36.61135, 22.2755 ], [ 36.61705, 22.27105 ], [ 36.61991, 22.26584 ], [ 36.62159, 22.2634 ], [ 36.62496, 22.25899 ], [ 36.63142, 22.25578 ], [ 36.63644, 22.25421 ], [ 36.64107, 22.25138 ], [ 36.64486, 22.24983 ], [ 36.64604, 22.24682 ], [ 36.64661, 22.2444 ], [ 36.64887, 22.24058 ], [ 36.65183, 22.23434 ], [ 36.65473, 22.23108 ], [ 36.65995, 22.22744 ], [ 36.66739, 22.22341 ], [ 36.67433, 22.21917 ], [ 36.67868, 22.21485 ], [ 36.6836, 22.20835 ], [ 36.68908, 22.20516 ], [ 36.69193, 22.2058 ], [ 36.69514, 22.20666 ], [ 36.69995, 22.2067 ], [ 36.70343, 22.20239 ], [ 36.70348, 22.19861 ], [ 36.70826, 22.19073 ], [ 36.71634, 22.18222 ], [ 36.7227, 22.18016 ], [ 36.72685, 22.17738 ], [ 36.72459, 22.17611 ], [ 36.72617, 22.17494 ], [ 36.72958, 22.17293 ], [ 36.73643, 22.17109 ], [ 36.74317, 22.16926 ], [ 36.74881, 22.16836 ], [ 36.75216, 22.16957 ], [ 36.75987, 22.16737 ], [ 36.76457, 22.16832 ], [ 36.76835, 22.16665 ], [ 36.77044, 22.16662 ], [ 36.77305, 22.16784 ], [ 36.77401, 22.16644 ], [ 36.77574, 22.16676 ], [ 36.77688, 22.16834 ], [ 36.7785, 22.16912 ], [ 36.77719, 22.17178 ], [ 36.77449, 22.17217 ], [ 36.77589, 22.1741 ], [ 36.77506, 22.17606 ], [ 36.77296, 22.17541 ], [ 36.7711, 22.17487 ], [ 36.77027, 22.17637 ], [ 36.77042, 22.17763 ], [ 36.77142, 22.17865 ], [ 36.77353, 22.17965 ], [ 36.77591, 22.18144 ], [ 36.77956, 22.1792 ], [ 36.78172, 22.17664 ], [ 36.78448, 22.1728 ], [ 36.78675, 22.16944 ], [ 36.79355, 22.16462 ], [ 36.79765, 22.16113 ], [ 36.79851, 22.1604 ], [ 36.80076, 22.15623 ], [ 36.80226, 22.15128 ], [ 36.80176, 22.14474 ], [ 36.80207, 22.14164 ], [ 36.80551, 22.13539 ], [ 36.80973, 22.13072 ], [ 36.81594, 22.12763 ], [ 36.81816, 22.12806 ], [ 36.82179, 22.12852 ], [ 36.82211, 22.12856 ], [ 36.82967, 22.12487 ], [ 36.83036, 22.12434 ], [ 36.83342, 22.12194 ], [ 36.83906, 22.11461 ], [ 36.84542, 22.10693 ], [ 36.84815, 22.10184 ], [ 36.85379, 22.09486 ], [ 36.8606, 22.09118 ], [ 36.86735, 22.09003 ], [ 36.87191, 22.09052 ], [ 36.87764, 22.08813 ], [ 36.88661, 22.08178 ], [ 36.89339, 22.07626 ], [ 36.89742, 22.07482 ], [ 36.90138, 22.07612 ], [ 36.90445, 22.07607 ], [ 36.90696, 22.07212 ], [ 36.90871, 22.06762 ], [ 36.90825, 22.06315 ], [ 36.90687, 22.05629 ], [ 36.90558, 22.05311 ], [ 36.90575, 22.04932 ], [ 36.9061, 22.04254 ], [ 36.90537, 22.03682 ], [ 36.90328, 22.03112 ], [ 36.90032, 22.02475 ], [ 36.8968, 22.02114 ], [ 36.89396, 22.01431 ], [ 36.8852, 22.0138 ], [ 36.79897, 22.01365 ], [ 35.60705, 22.00994 ], [ 34.73199, 22.00948 ], [ 34.31389, 22.00926 ], [ 34.33286, 22.02571 ], [ 35.23006, 22.80372 ], [ 35.29122, 22.85676 ], [ 35.5097, 23.0477 ], [ 35.6232, 23.1467 ] ] ] ] } },
{ "type": "Feature", "properties": { "id": 6 }, "geometry": { "type": "MultiPolygon", "coordinates": [ [ [ [ -8.66667, 27.66666 ], [ -8.674, 25.9976 ], [ -8.6941, 25.9973 ], [ -8.7314, 25.9976 ], [ -8.7656, 25.9973 ], [ -8.7989, 25.9973 ], [ -8.8325, 25.9973 ], [ -8.8661, 25.997 ], [ -8.8989, 25.9973 ], [ -8.9328, 25.9968 ], [ -8.9656, 25.9965 ], [ -8.9976, 25.997 ], [ -9.0302, 25.9976 ], [ -9.0653, 25.9976 ], [ -9.0968, 25.9978 ], [ -9.1312, 25.9981 ], [ -9.1654, 25.9984 ], [ -9.1984, 25.9984 ], [ -9.2334, 25.9992 ], [ -9.267, 25.9992 ], [ -9.3, 25.9997 ], [ -9.326, 25.9989 ], [ -9.3612, 25.9989 ], [ -9.399, 25.9984 ], [ -9.4334, 25.9981 ], [ -9.4675, 25.9981 ], [ -9.4995, 25.9981 ], [ -9.5313, 25.9992 ], [ -9.5672, 26.0003 ], [ -9.6022, 25.9989 ], [ -9.6334, 25.9986 ], [ -9.6612, 25.9978 ], [ -9.6871, 25.9976 ], [ -9.699, 25.9989 ], [ -9.7305, 25.9984 ], [ -9.7646, 25.9986 ], [ -9.7961, 25.9986 ], [ -9.8318, 25.9984 ], [ -9.8668, 25.9978 ], [ -9.8983, 25.9978 ], [ -9.9321, 25.9981 ], [ -9.9602, 25.9984 ], [ -9.9964, 25.9984 ], [ -10.0298, 25.9986 ], [ -10.0615, 25.9989 ], [ -10.0917, 25.9992 ], [ -10.121, 25.9992 ], [ -10.1639, 25.9992 ], [ -10.2006, 26.0 ], [ -10.2336, 25.9997 ], [ -10.2672, 25.9997 ], [ -10.2972, 25.9992 ], [ -10.3266, 25.9989 ], [ -10.3623, 25.9984 ], [ -10.3914, 25.9989 ], [ -10.4272, 25.9986 ], [ -10.4653, 25.9989 ], [ -10.5003, 25.9994 ], [ -10.5333, 25.9997 ], [ -10.5669, 25.9997 ], [ -10.5997, 26.0 ], [ -10.6339, 26.0 ], [ -10.6664, 26.0 ], [ -10.7006, 26.0003 ], [ -10.7333, 25.9994 ], [ -10.7658, 25.9992 ], [ -10.7965, 25.9989 ], [ -10.8193, 25.9984 ], [ -10.8603, 25.9986 ], [ -10.8979, 25.9986 ], [ -10.9288, 25.9986 ], [ -10.9653, 25.9986 ], [ -10.9984, 25.9986 ], [ -11.0323, 25.9986 ], [ -11.0656, 25.9986 ], [ -11.0992, 25.9986 ], [ -11.1312, 25.9989 ], [ -11.1656, 25.9986 ], [ -11.1984, 25.9986 ], [ -11.2288, 25.9986 ], [ -11.2609, 25.9984 ], [ -11.2979, 25.9984 ], [ -11.3246, 25.9984 ], [ -11.3662, 25.9986 ], [ -11.3979, 25.9986 ], [ -11.431, 25.9989 ], [ -11.4617, 25.9986 ], [ -11.4995, 25.9986 ], [ -11.5329, 25.9989 ], [ -11.5614, 25.9984 ], [ -11.5911, 25.9986 ], [ -11.6278, 25.9986 ], [ -11.6659, 25.9984 ], [ -11.6995, 25.9984 ], [ -11.7318, 25.9984 ], [ -11.7654, 25.9984 ], [ -11.7996, 25.9981 ], [ -11.8337, 25.9978 ], [ -11.8673, 25.9978 ], [ -11.9004, 25.9978 ], [ -11.9329, 25.9981 ], [ -11.9673, 25.9981 ], [ -12.0035, 25.9986 ], [ -12.0043, 25.9658 ], [ -12.0046, 25.9333 ], [ -12.0049, 25.9232 ], [ -12.0051, 25.8991 ], [ -12.0054, 25.8647 ], [ -12.0043, 25.8343 ], [ -12.0041, 25.7989 ], [ -12.0038, 25.765 ], [ -12.0033, 25.7319 ], [ -12.003, 25.6975 ], [ -12.0035, 25.6642 ], [ -12.0035, 25.6306 ], [ -12.0035, 25.5973 ], [ -12.0038, 25.5658 ], [ -12.0041, 25.5319 ], [ -12.0038, 25.4991 ], [ -12.0041, 25.4644 ], [ -12.0046, 25.4316 ], [ -12.0046, 25.3985 ], [ -12.0046, 25.3644 ], [ -12.0046, 25.3311 ], [ -12.0049, 25.2983 ], [ -12.0051, 25.2647 ], [ -12.0046, 25.23 ], [ -12.0051, 25.1964 ], [ -12.0051, 25.1649 ], [ -12.0049, 25.1326 ], [ -12.0054, 25.0982 ], [ -12.0051, 25.0654 ], [ -12.0054, 25.0326 ], [ -12.0057, 24.9985 ], [ -12.0057, 24.9646 ], [ -12.0057, 24.9313 ], [ -12.0065, 24.8987 ], [ -12.0059, 24.8657 ], [ -12.0057, 24.8302 ], [ -12.0062, 24.7987 ], [ -12.0059, 24.7659 ], [ -12.0057, 24.7321 ], [ -12.0049, 24.6985 ], [ -12.0049, 24.6664 ], [ -12.0046, 24.6323 ], [ -12.0043, 24.5998 ], [ -12.0033, 24.5648 ], [ -12.0033, 24.5318 ], [ -12.0033, 24.4987 ], [ -12.0038, 24.4669 ], [ -12.0035, 24.4516 ], [ -12.0041, 24.45162 ], [ -12.0041, 24.4315 ], [ -12.0043, 24.3984 ], [ -12.0046, 24.3659 ], [ -12.0041, 24.3317 ], [ -12.0041, 24.2987 ], [ -12.003, 24.2651 ], [ -12.003, 24.2323 ], [ -12.0033, 24.1989 ], [ -12.0035, 24.1648 ], [ -12.0035, 24.1325 ], [ -12.0035, 24.0981 ], [ -12.0028, 24.0653 ], [ -12.0014, 24.0322 ], [ -12.0003, 23.9994 ], [ -12.0003, 23.9664 ], [ -12.0, 23.9328 ], [ -12.0, 23.8997 ], [ -12.0, 23.8661 ], [ -11.9998, 23.8338 ], [ -12.0004, 23.7991 ], [ -12.0001, 23.7666 ], [ -12.0001, 23.7333 ], [ -12.0001, 23.6991 ], [ -12.0004, 23.6663 ], [ -12.0003, 23.6328 ], [ -12.0003, 23.6 ], [ -12.0003, 23.5664 ], [ -12.0003, 23.5328 ], [ -12.0003, 23.4997 ], [ -12.0003, 23.4661 ], [ -12.0003, 23.4544 ], [ -12.0035, 23.4536 ], [ -12.0207, 23.4507 ], [ -12.0379, 23.4475 ], [ -12.0528, 23.4464 ], [ -12.0673, 23.4446 ], [ -12.0898, 23.4442 ], [ -12.1131, 23.4442 ], [ -12.1253, 23.4438 ], [ -12.1488, 23.4412 ], [ -12.1686, 23.4388 ], [ -12.1882, 23.4359 ], [ -12.2062, 23.434 ], [ -12.229, 23.4322 ], [ -12.2507, 23.4308 ], [ -12.2703, 23.4298 ], [ -12.2919, 23.4285 ], [ -12.31, 23.4281 ], [ -12.3279, 23.4261 ], [ -12.3475, 23.4242 ], [ -12.366, 23.4221 ], [ -12.388, 23.4205 ], [ -12.4041, 23.4192 ], [ -12.4187, 23.4181 ], [ -12.4372, 23.4173 ], [ -12.4551, 23.4155 ], [ -12.4727, 23.4142 ], [ -12.4951, 23.4123 ], [ -12.5134, 23.4113 ], [ -12.5462, 23.4078 ], [ -12.5696, 23.4066 ], [ -12.5858, 23.4048 ], [ -12.6036, 23.4028 ], [ -12.6145, 23.4023 ], [ -12.6305, 23.4012 ], [ -12.6466, 23.3994 ], [ -12.6571, 23.3986 ], [ -12.6722, 23.3972 ], [ -12.6968, 23.3949 ], [ -12.7129, 23.394 ], [ -12.7409, 23.3912 ], [ -12.7601, 23.3879 ], [ -12.7682, 23.3835 ], [ -12.7738, 23.3777 ], [ -12.7761, 23.3792 ], [ -12.8071, 23.3618 ], [ -12.8251, 23.3491 ], [ -12.8518, 23.3274 ], [ -12.8711, 23.3075 ], [ -12.8912, 23.2869 ], [ -12.8989, 23.2819 ], [ -12.9172, 23.2599 ], [ -12.9325, 23.2422 ], [ -12.9582, 23.2114 ], [ -12.9714, 23.1932 ], [ -12.9904, 23.1667 ], [ -13.0065, 23.1434 ], [ -13.0158, 23.1311 ], [ -13.0346, 23.1012 ], [ -13.0542, 23.0678 ], [ -13.0709, 23.0305 ], [ -13.0857, 22.9922 ], [ -13.0999, 22.9352 ], [ -13.1062, 22.9112 ], [ -13.1107, 22.8938 ], [ -13.1149, 22.8785 ], [ -13.1188, 22.8622 ], [ -13.1206, 22.8553 ], [ -13.1278, 22.8264 ], [ -13.1308, 22.8151 ], [ -13.1339, 22.8037 ], [ -13.1378, 22.7895 ], [ -13.1453, 22.7511 ], [ -13.1447, 22.7412 ], [ -13.1459, 22.7283 ], [ -13.1432, 22.7 ], [ -13.1407, 22.6762 ], [ -13.1389, 22.6598 ], [ -13.1369, 22.6412 ], [ -13.1339, 22.6264 ], [ -13.1326, 22.6099 ], [ -13.1317, 22.5955 ], [ -13.1302, 22.5823 ], [ -13.129, 22.5649 ], [ -13.1269, 22.5444 ], [ -13.1251, 22.524 ], [ -13.1236, 22.5078 ], [ -13.1222, 22.4921 ], [ -13.12, 22.4738 ], [ -13.1185, 22.4591 ], [ -13.117, 22.4472 ], [ -13.1152, 22.4312 ], [ -13.1137, 22.4129 ], [ -13.1113, 22.3912 ], [ -13.1107, 22.3843 ], [ -13.1095, 22.3669 ], [ -13.1068, 22.3441 ], [ -13.1059, 22.3315 ], [ -13.1045, 22.3177 ], [ -13.1023, 22.3017 ], [ -13.0999, 22.2768 ], [ -13.0978, 22.2627 ], [ -13.0963, 22.2479 ], [ -13.0942, 22.2293 ], [ -13.0921, 22.2131 ], [ -13.0909, 22.1972 ], [ -13.09, 22.184 ], [ -13.0885, 22.1659 ], [ -13.0867, 22.1476 ], [ -13.0852, 22.1305 ], [ -13.0837, 22.111 ], [ -13.0804, 22.0908 ], [ -13.0783, 22.0761 ], [ -13.0765, 22.056 ], [ -13.0744, 22.0368 ], [ -13.0738, 22.0278 ], [ -13.0726, 22.0166 ], [ -13.0701, 21.9963 ], [ -13.0688, 21.9775 ], [ -13.0669, 21.959 ], [ -13.0639, 21.9364 ], [ -13.0627, 21.9217 ], [ -13.0612, 21.9085 ], [ -13.06, 21.8947 ], [ -13.0582, 21.877 ], [ -13.0594, 21.861 ], [ -13.0567, 21.8553 ], [ -13.0548, 21.8409 ], [ -13.0548, 21.8295 ], [ -13.0551, 21.8196 ], [ -13.053, 21.8142 ], [ -13.0508, 21.7892 ], [ -13.0486, 21.7657 ], [ -13.047, 21.7481 ], [ -13.0461, 21.7382 ], [ -13.0443, 21.7298 ], [ -13.0452, 21.7099 ], [ -13.0419, 21.7015 ], [ -13.0401, 21.6811 ], [ -13.0383, 21.6643 ], [ -13.0362, 21.6475 ], [ -13.035, 21.6258 ], [ -13.0328, 21.6065 ], [ -13.0314, 21.5901 ], [ -13.0284, 21.5718 ], [ -13.026, 21.5555 ], [ -13.0248, 21.5414 ], [ -13.0245, 21.521 ], [ -13.023, 21.5168 ], [ -13.0194, 21.4904 ], [ -13.0173, 21.4738 ], [ -13.0152, 21.4585 ], [ -13.0134, 21.4408 ], [ -13.0119, 21.4237 ], [ -13.0098, 21.4081 ], [ -13.0083, 21.3906 ], [ -13.0059, 21.3729 ], [ -13.0044, 21.3555 ], [ -13.002, 21.3309 ], [ -13.0133, 21.3312 ], [ -13.029, 21.3309 ], [ -13.0473, 21.3315 ], [ -13.0651, 21.3318 ], [ -13.0817, 21.3321 ], [ -13.0951, 21.3328 ], [ -13.1218, 21.333 ], [ -13.1408, 21.333 ], [ -13.1499, 21.3318 ], [ -13.1729, 21.3327 ], [ -13.1933, 21.3336 ], [ -13.2141, 21.3339 ], [ -13.2309, 21.3342 ], [ -13.2492, 21.3348 ], [ -13.2648, 21.3348 ], [ -13.2867, 21.3348 ], [ -13.309, 21.3349 ], [ -13.3321, 21.3354 ], [ -13.3444, 21.3357 ], [ -13.357, 21.3357 ], [ -13.3778, 21.3363 ], [ -13.3967, 21.3363 ], [ -13.4152, 21.3368 ], [ -13.4387, 21.3366 ], [ -13.4508, 21.3372 ], [ -13.4667, 21.3372 ], [ -13.4877, 21.3375 ], [ -13.5066, 21.3378 ], [ -13.528, 21.3378 ], [ -13.5427, 21.3375 ], [ -13.5619, 21.3375 ], [ -13.5799, 21.3384 ], [ -13.5961, 21.3381 ], [ -13.6157, 21.3387 ], [ -13.6352, 21.3381 ], [ -13.652, 21.339 ], [ -13.6712, 21.3387 ], [ -13.6902, 21.3387 ], [ -13.7067, 21.3393 ], [ -13.7259, 21.339 ], [ -13.7442, 21.3393 ], [ -13.7626, 21.339 ], [ -13.7809, 21.3396 ], [ -13.7968, 21.3399 ], [ -13.8169, 21.3399 ], [ -13.832, 21.3399 ], [ -13.8542, 21.3402 ], [ -13.8722, 21.3405 ], [ -13.8899, 21.3405 ], [ -13.9083, 21.3405 ], [ -13.9266, 21.3408 ], [ -13.9458, 21.3405 ], [ -13.9641, 21.3405 ], [ -13.9818, 21.3411 ], [ -14.0005, 21.3408 ], [ -14.0116, 21.3414 ], [ -14.029, 21.3414 ], [ -14.0473, 21.3414 ], [ -14.0661, 21.3411 ], [ -14.0837, 21.3417 ], [ -14.102, 21.3414 ], [ -14.1203, 21.3419 ], [ -14.1386, 21.3419 ], [ -14.1572, 21.3419 ], [ -14.1756, 21.3419 ], [ -14.1939, 21.3422 ], [ -14.2122, 21.3422 ], [ -14.2303, 21.3416 ], [ -14.2368, 21.3413 ], [ -14.2485, 21.3414 ], [ -14.2517, 21.3414 ], [ -14.2671, 21.3414 ], [ -14.2848, 21.3416 ], [ -14.3036, 21.3417 ], [ -14.3206, 21.3417 ], [ -14.3389, 21.3417 ], [ -14.3575, 21.3417 ], [ -14.376, 21.3417 ], [ -14.394, 21.342 ], [ -14.4117, 21.3423 ], [ -14.4309, 21.3421 ], [ -14.4484, 21.3423 ], [ -14.467, 21.3417 ], [ -14.4856, 21.3429 ], [ -14.5042, 21.3426 ], [ -14.5225, 21.3426 ], [ -14.5424, 21.3426 ], [ -14.5607, 21.3423 ], [ -14.5773, 21.3417 ], [ -14.5943, 21.3432 ], [ -14.6136, 21.3432 ], [ -14.6442, 21.3435 ], [ -14.6511, 21.3417 ], [ -14.6653, 21.3421 ], [ -14.6872, 21.3426 ], [ -14.7058, 21.3426 ], [ -14.7226, 21.3436 ], [ -14.7424, 21.342 ], [ -14.76, 21.3427 ], [ -14.7803, 21.3426 ], [ -14.7971, 21.3432 ], [ -14.816, 21.3429 ], [ -14.8341, 21.3438 ], [ -14.8533, 21.3432 ], [ -14.8704, 21.3432 ], [ -14.8884, 21.3432 ], [ -14.9079, 21.3432 ], [ -14.9266, 21.3438 ], [ -14.9443, 21.3435 ], [ -14.9629, 21.3438 ], [ -14.9806, 21.3432 ], [ -14.9984, 21.3432 ], [ -15.0056, 21.3433 ], [ -15.023, 21.3432 ], [ -15.0415, 21.3439 ], [ -15.0605, 21.3438 ], [ -15.0786, 21.3438 ], [ -15.0972, 21.3432 ], [ -15.117, 21.3435 ], [ -15.1344, 21.3432 ], [ -15.1522, 21.3432 ], [ -15.1708, 21.3435 ], [ -15.1885, 21.3435 ], [ -15.2077, 21.3435 ], [ -15.2255, 21.3435 ], [ -15.2438, 21.3432 ], [ -15.2621, 21.3435 ], [ -15.2822, 21.3432 ], [ -15.3006, 21.3435 ], [ -15.3183, 21.3429 ], [ -15.3369, 21.3429 ], [ -15.3549, 21.3435 ], [ -15.372, 21.3432 ], [ -15.3913, 21.3429 ], [ -15.4093, 21.3432 ], [ -15.4279, 21.3435 ], [ -15.4447, 21.3429 ], [ -15.4667, 21.3426 ], [ -15.485, 21.3426 ], [ -15.5009, 21.3429 ], [ -15.521, 21.3429 ], [ -15.5367, 21.3423 ], [ -15.5559, 21.3423 ], [ -15.5742, 21.3423 ], [ -15.5925, 21.3429 ], [ -15.6106, 21.3423 ], [ -15.6295, 21.3417 ], [ -15.6469, 21.342 ], [ -15.6655, 21.342 ], [ -15.6842, 21.3417 ], [ -15.7031, 21.342 ], [ -15.7211, 21.3417 ], [ -15.7382, 21.3414 ], [ -15.7568, 21.3417 ], [ -15.7632, 21.342 ], [ -15.7815, 21.3414 ], [ -15.7998, 21.3408 ], [ -15.8187, 21.3411 ], [ -15.8358, 21.3411 ], [ -15.8554, 21.3411 ], [ -15.8746, 21.3408 ], [ -15.8923, 21.3411 ], [ -15.9106, 21.3411 ], [ -15.9287, 21.3408 ], [ -15.947, 21.3402 ], [ -15.9659, 21.3405 ], [ -15.9836, 21.3402 ], [ -16.002, 21.3399 ], [ -16.0176, 21.3396 ], [ -16.0361, 21.3394 ], [ -16.0544, 21.3394 ], [ -16.0728, 21.3394 ], [ -16.0911, 21.3392 ], [ -16.1094, 21.3392 ], [ -16.1278, 21.3392 ], [ -16.1456, 21.3384 ], [ -16.1639, 21.3387 ], [ -16.1828, 21.3381 ], [ -16.2005, 21.3378 ], [ -16.2191, 21.3378 ], [ -16.2375, 21.3378 ], [ -16.2552, 21.3372 ], [ -16.2735, 21.3369 ], [ -16.2918, 21.3372 ], [ -16.3108, 21.3366 ], [ -16.3285, 21.3369 ], [ -16.3468, 21.3366 ], [ -16.3654, 21.3363 ], [ -16.3829, 21.336 ], [ -16.403, 21.336 ], [ -16.4207, 21.3357 ], [ -16.4396, 21.3357 ], [ -16.4574, 21.3354 ], [ -16.4772, 21.3354 ], [ -16.4952, 21.3348 ], [ -16.5135, 21.3348 ], [ -16.5312, 21.3348 ], [ -16.5508, 21.3339 ], [ -16.5682, 21.3342 ], [ -16.5865, 21.3342 ], [ -16.6042, 21.3336 ], [ -16.6232, 21.3333 ], [ -16.6418, 21.333 ], [ -16.6598, 21.333 ], [ -16.679, 21.3327 ], [ -16.6962, 21.3327 ], [ -16.7145, 21.3318 ], [ -16.7328, 21.3321 ], [ -16.7508, 21.3312 ], [ -16.7695, 21.3315 ], [ -16.7878, 21.3315 ], [ -16.8076, 21.3312 ], [ -16.8241, 21.3306 ], [ -16.8422, 21.3309 ], [ -16.8611, 21.3306 ], [ -16.8794, 21.3309 ], [ -16.8932, 21.3303 ], [ -16.9082, 21.3306 ], [ -16.9191, 21.3306 ], [ -16.9308, 21.3285 ], [ -16.9401, 21.3263 ], [ -16.9422, 21.317 ], [ -16.9476, 21.2999 ], [ -16.953, 21.2804 ], [ -16.9572, 21.2663 ], [ -16.9623, 21.2479 ], [ -16.9675, 21.2293 ], [ -16.9731, 21.2125 ], [ -16.9797, 21.1957 ], [ -16.9845, 21.1798 ], [ -16.9886, 21.1625 ], [ -16.9926, 21.1458 ], [ -16.9969, 21.1284 ], [ -16.9978, 21.1257 ], [ -16.9993, 21.1206 ], [ -17.0008, 21.1161 ], [ -17.002, 21.1113 ], [ -17.0032, 21.1065 ], [ -17.005, 21.1014 ], [ -17.0077, 21.0957 ], [ -17.0095, 21.0924 ], [ -17.0131, 21.0875 ], [ -17.0159, 21.0835 ], [ -17.0188, 21.0795 ], [ -17.0216, 21.0759 ], [ -17.0249, 21.0715 ], [ -17.0275, 21.0669 ], [ -17.0294, 21.0626 ], [ -17.0314, 21.0582 ], [ -17.034, 21.0526 ], [ -17.0361, 21.0481 ], [ -17.0382, 21.0439 ], [ -17.0399, 21.0402 ], [ -17.0413, 21.0305 ], [ -17.0422, 21.023 ], [ -17.0434, 21.0162 ], [ -17.044, 21.0115 ], [ -17.0447, 21.0077 ], [ -17.0455, 21.0026 ], [ -17.0464, 20.9965 ], [ -17.0474, 20.9897 ], [ -17.0479, 20.9848 ], [ -17.0488, 20.9797 ], [ -17.0501, 20.9755 ], [ -17.052, 20.97 ], [ -17.0536, 20.9648 ], [ -17.055, 20.9597 ], [ -17.0567, 20.955 ], [ -17.0581, 20.9497 ], [ -17.0596, 20.9446 ], [ -17.0612, 20.9393 ], [ -17.0627, 20.9347 ], [ -17.0644, 20.9295 ], [ -17.0662, 20.9236 ], [ -17.0665, 20.9205 ], [ -17.0663, 20.9155 ], [ -17.0663, 20.9103 ], [ -17.0664, 20.904 ], [ -17.0663, 20.8959 ], [ -17.0665, 20.8888 ], [ -17.0665, 20.8838 ], [ -17.0666, 20.8782 ], [ -17.0665, 20.8734 ], [ -17.0663, 20.8688 ], [ -17.0665, 20.8631 ], [ -17.0665, 20.8568 ], [ -17.0665, 20.8499 ], [ -17.0664, 20.8442 ], [ -17.0666, 20.8398 ], [ -17.0647, 20.8321 ], [ -17.0633, 20.8261 ], [ -17.0621, 20.82 ], [ -17.0608, 20.8143 ], [ -17.0594, 20.8083 ], [ -17.0582, 20.8024 ], [ -17.0568, 20.7961 ], [ -17.0553, 20.7898 ], [ -17.0538, 20.783 ], [ -17.0518, 20.774 ], [ -17.0547, 20.7764 ], [ -17.0619, 20.79 ], [ -17.0686, 20.8022 ], [ -17.075, 20.8136 ], [ -17.0826, 20.8281 ], [ -17.093, 20.8301 ], [ -17.0999, 20.8347 ], [ -17.1031, 20.8435 ], [ -17.102, 20.849 ], [ -17.0945, 20.8553 ], [ -17.0918, 20.8576 ], [ -17.0877, 20.864 ], [ -17.0801, 20.8756 ], [ -17.0763, 20.8847 ], [ -17.0758, 20.8898 ], [ -17.0811, 20.9029 ], [ -17.0884, 20.9104 ], [ -17.0923, 20.9194 ], [ -17.0894, 20.9352 ], [ -17.0888, 20.9477 ], [ -17.0864, 20.9547 ], [ -17.0774, 20.9671 ], [ -17.0651, 20.9893 ], [ -17.0605, 21.0024 ], [ -17.063, 21.0176 ], [ -17.0582, 21.0358 ], [ -17.0618, 21.0549 ], [ -17.0559, 21.0693 ], [ -17.0602, 21.0806 ], [ -17.056, 21.0905 ], [ -17.0544, 21.1049 ], [ -17.0496, 21.1149 ], [ -17.0504, 21.1246 ], [ -17.0463, 21.146 ], [ -17.0391, 21.1635 ], [ -17.0394, 21.1688 ], [ -17.0464, 21.1775 ], [ -17.0478, 21.1846 ], [ -17.0392, 21.2356 ], [ -17.0328, 21.2586 ], [ -17.0344, 21.2735 ], [ -17.0242, 21.2954 ], [ -17.0275, 21.308 ], [ -17.0282, 21.3342 ], [ -17.0182, 21.3786 ], [ -17.0121, 21.3942 ], [ -17.0103, 21.4025 ], [ -17.014, 21.4217 ], [ -17.0133, 21.4296 ], [ -17.0065, 21.4519 ], [ -17.0023, 21.4724 ], [ -16.9912, 21.4875 ], [ -16.9901, 21.5233 ], [ -16.9821, 21.5534 ], [ -16.9785, 21.5732 ], [ -16.9816, 21.6029 ], [ -16.9794, 21.6166 ], [ -16.9736, 21.6378 ], [ -16.971, 21.6554 ], [ -16.9714, 21.6654 ], [ -16.9794, 21.6916 ], [ -16.9808, 21.7061 ], [ -16.9791, 21.7191 ], [ -16.9618, 21.7384 ], [ -16.9494, 21.7574 ], [ -16.948, 21.7625 ], [ -16.9495, 21.7687 ], [ -16.9529, 21.772 ], [ -16.9596, 21.7733 ], [ -16.9623, 21.7779 ], [ -16.9643, 21.7945 ], [ -16.9618, 21.8044 ], [ -16.956, 21.8239 ], [ -16.9533, 21.8334 ], [ -16.9335, 21.858 ], [ -16.9233, 21.8652 ], [ -16.9157, 21.8704 ], [ -16.9067, 21.8872 ], [ -16.8953, 21.9025 ], [ -16.8892, 21.9194 ], [ -16.8906, 21.9245 ], [ -16.8956, 21.929 ], [ -16.8984, 21.934 ], [ -16.897, 21.9403 ], [ -16.8789, 21.9707 ], [ -16.8779, 21.9797 ], [ -16.8701, 21.995 ], [ -16.8705, 22.0053 ], [ -16.8419, 22.0605 ], [ -16.8336, 22.1037 ], [ -16.8221, 22.1229 ], [ -16.8124, 22.1557 ], [ -16.8089, 22.1629 ], [ -16.8033, 22.1664 ], [ -16.7911, 22.1698 ], [ -16.7799, 22.1759 ], [ -16.77, 22.1878 ], [ -16.7695, 22.1917 ], [ -16.7719, 22.199 ], [ -16.7809, 22.2071 ], [ -16.7742, 22.2093 ], [ -16.767, 22.2162 ], [ -16.7601, 22.2259 ], [ -16.7423, 22.2351 ], [ -16.7218, 22.2505 ], [ -16.7121, 22.2603 ], [ -16.6983, 22.281 ], [ -16.6837, 22.2907 ], [ -16.6723, 22.2947 ], [ -16.657, 22.2945 ], [ -16.6508, 22.2916 ], [ -16.6357, 22.2723 ], [ -16.6298, 22.2674 ], [ -16.6219, 22.2663 ], [ -16.6137, 22.2673 ], [ -16.5825, 22.2771 ], [ -16.5333, 22.296 ], [ -16.5222, 22.303 ], [ -16.5, 22.317 ], [ -16.4938, 22.3247 ], [ -16.4907, 22.3333 ], [ -16.4937, 22.3479 ], [ -16.4919, 22.3515 ], [ -16.4855, 22.3528 ], [ -16.4792, 22.3581 ], [ -16.4681, 22.3805 ], [ -16.4588, 22.3873 ], [ -16.457, 22.391 ], [ -16.459, 22.4044 ], [ -16.4568, 22.4202 ], [ -16.4494, 22.4372 ], [ -16.4506, 22.4593 ], [ -16.4402, 22.4768 ], [ -16.4356, 22.5009 ], [ -16.4284, 22.5167 ], [ -16.4243, 22.5213 ], [ -16.3939, 22.5421 ], [ -16.3774, 22.5506 ], [ -16.3673, 22.5618 ], [ -16.3597, 22.574 ], [ -16.3586, 22.5785 ], [ -16.3592, 22.5933 ], [ -16.3562, 22.6077 ], [ -16.3515, 22.6262 ], [ -16.3417, 22.6492 ], [ -16.3426, 22.6532 ], [ -16.3478, 22.6597 ], [ -16.3411, 22.6778 ], [ -16.3389, 22.6891 ], [ -16.3392, 22.6985 ], [ -16.3447, 22.7178 ], [ -16.3401, 22.7284 ], [ -16.3337, 22.7566 ], [ -16.3264, 22.7633 ], [ -16.3294, 22.7718 ], [ -16.3231, 22.7769 ], [ -16.3105, 22.801 ], [ -16.2954, 22.8172 ], [ -16.2892, 22.8279 ], [ -16.2873, 22.8395 ], [ -16.2894, 22.8489 ], [ -16.2969, 22.8506 ], [ -16.3004, 22.8545 ], [ -16.3016, 22.8603 ], [ -16.2999, 22.8659 ], [ -16.2949, 22.8755 ], [ -16.2867, 22.8918 ], [ -16.286, 22.9039 ], [ -16.2828, 22.9043 ], [ -16.2759, 22.8959 ], [ -16.2708, 22.8963 ], [ -16.2571, 22.9047 ], [ -16.2438, 22.9069 ], [ -16.2127, 22.9169 ], [ -16.1798, 22.9445 ], [ -16.158, 22.9709 ], [ -16.146, 22.9922 ], [ -16.1417, 23.0032 ], [ -16.1385, 23.0207 ], [ -16.1403, 23.0397 ], [ -16.1461, 23.0601 ], [ -16.1533, 23.0749 ], [ -16.157, 23.0792 ], [ -16.1621, 23.0854 ], [ -16.1665, 23.0888 ], [ -16.1712, 23.0925 ], [ -16.1768, 23.095 ], [ -16.1825, 23.0948 ], [ -16.1867, 23.092 ], [ -16.1933, 23.0941 ], [ -16.2054, 23.0821 ], [ -16.2071, 23.0841 ], [ -16.2016, 23.0931 ], [ -16.1999, 23.0968 ], [ -16.1928, 23.1135 ], [ -16.1867, 23.1277 ], [ -16.1792, 23.1347 ], [ -16.166, 23.1411 ], [ -16.1608, 23.1452 ], [ -16.151, 23.1608 ], [ -16.1259, 23.1852 ], [ -16.1178, 23.1977 ], [ -16.1173, 23.1983 ], [ -16.1119, 23.2095 ], [ -16.1138, 23.2258 ], [ -16.1131, 23.2321 ], [ -16.0966, 23.2554 ], [ -16.0831, 23.2705 ], [ -16.0715, 23.2885 ], [ -16.0578, 23.305 ], [ -16.0559, 23.3127 ], [ -16.0595, 23.3281 ], [ -16.0589, 23.3338 ], [ -16.049, 23.3391 ], [ -16.0407, 23.3468 ], [ -16.0301, 23.3565 ], [ -16.0201, 23.3606 ], [ -16.0141, 23.3654 ], [ -16.0074, 23.3735 ], [ -16.0002, 23.3823 ], [ -15.9863, 23.4044 ], [ -15.9735, 23.4307 ], [ -15.9564, 23.4599 ], [ -15.9524, 23.4726 ], [ -15.9528, 23.479 ], [ -15.9556, 23.4824 ], [ -15.9612, 23.486 ], [ -15.9646, 23.4905 ], [ -15.9638, 23.4955 ], [ -15.9657, 23.4997 ], [ -15.9731, 23.5027 ], [ -15.9739, 23.5052 ], [ -15.9723, 23.5092 ], [ -15.9675, 23.5137 ], [ -15.941, 23.5235 ], [ -15.9286, 23.5382 ], [ -15.9195, 23.5551 ], [ -15.9153, 23.5595 ], [ -15.9019, 23.5646 ], [ -15.8947, 23.5843 ], [ -15.886, 23.6012 ], [ -15.8755, 23.6141 ], [ -15.8764, 23.6201 ], [ -15.8747, 23.6245 ], [ -15.8625, 23.6299 ], [ -15.8571, 23.6338 ], [ -15.8502, 23.6461 ], [ -15.8419, 23.6524 ], [ -15.8389, 23.6595 ], [ -15.8328, 23.6661 ], [ -15.8208, 23.6849 ], [ -15.8128, 23.69 ], [ -15.8004, 23.709 ], [ -15.7933, 23.7241 ], [ -15.794, 23.7268 ], [ -15.8005, 23.7241 ], [ -15.8017, 23.7259 ], [ -15.7871, 23.7369 ], [ -15.7769, 23.7497 ], [ -15.7472, 23.773 ], [ -15.743, 23.7786 ], [ -15.7351, 23.7979 ], [ -15.7277, 23.8077 ], [ -15.7253, 23.8098 ], [ -15.7115, 23.8163 ], [ -15.7077, 23.8239 ], [ -15.7094, 23.8289 ], [ -15.7139, 23.8307 ], [ -15.7194, 23.8305 ], [ -15.7262, 23.8289 ], [ -15.7391, 23.8211 ], [ -15.7422, 23.822 ], [ -15.7415, 23.8286 ], [ -15.7298, 23.8613 ], [ -15.713, 23.8959 ], [ -15.7381, 23.9112 ], [ -15.745, 23.913 ], [ -15.7499, 23.9117 ], [ -15.7643, 23.8856 ], [ -15.7699, 23.8787 ], [ -15.7723, 23.8794 ], [ -15.7744, 23.8924 ], [ -15.7662, 23.9124 ], [ -15.7671, 23.9159 ], [ -15.7832, 23.8974 ], [ -15.7852, 23.8971 ], [ -15.7906, 23.8981 ], [ -15.7972, 23.8831 ], [ -15.8044, 23.8704 ], [ -15.8072, 23.8696 ], [ -15.8085, 23.8707 ], [ -15.8088, 23.8769 ], [ -15.8109, 23.8792 ], [ -15.8204, 23.8767 ], [ -15.8235, 23.8727 ], [ -15.8315, 23.8688 ], [ -15.8469, 23.8548 ], [ -15.8492, 23.8487 ], [ -15.8529, 23.845 ], [ -15.8627, 23.8286 ], [ -15.8725, 23.8227 ], [ -15.8826, 23.81 ], [ -15.8863, 23.8001 ], [ -15.8914, 23.7939 ], [ -15.8958, 23.7836 ], [ -15.8979, 23.77 ], [ -15.9054, 23.7629 ], [ -15.9037, 23.7586 ], [ -15.9083, 23.7379 ], [ -15.9185, 23.7198 ], [ -15.9182, 23.7175 ], [ -15.9162, 23.7164 ], [ -15.9152, 23.7141 ], [ -15.9213, 23.7065 ], [ -15.923, 23.6961 ], [ -15.9294, 23.6918 ], [ -15.9374, 23.6784 ], [ -15.9449, 23.6738 ], [ -15.956, 23.6697 ], [ -15.9656, 23.6619 ], [ -15.9734, 23.6514 ], [ -15.977, 23.6406 ], [ -15.9843, 23.6332 ], [ -15.9813, 23.6263 ], [ -15.9831, 23.624 ], [ -15.9906, 23.6307 ], [ -15.9971, 23.6316 ], [ -16.0024, 23.6381 ], [ -16.0048, 23.6447 ], [ -16.0015, 23.6542 ], [ -15.9884, 23.6669 ], [ -15.9812, 23.6812 ], [ -15.9687, 23.6915 ], [ -15.9595, 23.7011 ], [ -15.9572, 23.709 ], [ -15.9568, 23.724 ], [ -15.9471, 23.7338 ], [ -15.9332, 23.7472 ], [ -15.9245, 23.7559 ], [ -15.9218, 23.7599 ], [ -15.9242, 23.7715 ], [ -15.9167, 23.7856 ], [ -15.9131, 23.7974 ], [ -15.903, 23.8202 ], [ -15.8815, 23.8389 ], [ -15.8551, 23.867 ], [ -15.8422, 23.8869 ], [ -15.8057, 23.9142 ], [ -15.802, 23.9218 ], [ -15.7836, 23.9331 ], [ -15.763, 23.9503 ], [ -15.7297, 23.9657 ], [ -15.7196, 23.9725 ], [ -15.7045, 23.9783 ], [ -15.6846, 23.986 ], [ -15.6625, 23.9989 ], [ -15.6452, 24.0162 ], [ -15.6352, 24.0193 ], [ -15.622, 24.0276 ], [ -15.6121, 24.0374 ], [ -15.6021, 24.0428 ], [ -15.5916, 24.0521 ], [ -15.5823, 24.0697 ], [ -15.5804, 24.0769 ], [ -15.5831, 24.0842 ], [ -15.5817, 24.09 ], [ -15.5754, 24.0964 ], [ -15.5609, 24.1017 ], [ -15.5502, 24.1093 ], [ -15.5454, 24.1158 ], [ -15.5334, 24.1276 ], [ -15.5258, 24.1317 ], [ -15.523, 24.1464 ], [ -15.5179, 24.1517 ], [ -15.504, 24.1633 ], [ -15.4902, 24.1717 ], [ -15.452, 24.2128 ], [ -15.4079, 24.2549 ], [ -15.3664, 24.2807 ], [ -15.3531, 24.2936 ], [ -15.3418, 24.3045 ], [ -15.329, 24.3149 ], [ -15.312, 24.3338 ], [ -15.3075, 24.3388 ], [ -15.2952, 24.3527 ], [ -15.292, 24.3563 ], [ -15.2893, 24.3593 ], [ -15.2824, 24.3682 ], [ -15.2636, 24.3925 ], [ -15.2565, 24.4052 ], [ -15.2394, 24.4288 ], [ -15.2296, 24.4353 ], [ -15.226, 24.4417 ], [ -15.2204, 24.4476 ], [ -15.2072, 24.4521 ], [ -15.2034, 24.4588 ], [ -15.1922, 24.468 ], [ -15.1866, 24.4782 ], [ -15.1825, 24.4825 ], [ -15.1807, 24.4843 ], [ -15.1575, 24.4997 ], [ -15.1359, 24.5118 ], [ -15.1229, 24.5136 ], [ -15.1097, 24.5193 ], [ -15.0918, 24.5228 ], [ -15.0652, 24.5344 ], [ -15.0382, 24.5388 ], [ -15.0325, 24.5425 ], [ -15.0195, 24.5553 ], [ -15.0078, 24.5669 ], [ -15.0092, 24.5747 ], [ -15.0086, 24.5776 ], [ -15.0085, 24.5778 ], [ -15.0085, 24.5782 ], [ -15.0083, 24.579 ], [ -15.0075, 24.5803 ], [ -15.0066, 24.5815 ], [ -15.0049, 24.584 ], [ -15.0027, 24.5872 ], [ -15.0017, 24.5887 ], [ -15.0, 24.5905 ], [ -15.0, 24.5913 ], [ -14.9947, 24.6021 ], [ -14.9893, 24.6243 ], [ -14.9844, 24.6341 ], [ -14.9806, 24.6378 ], [ -14.9742, 24.6388 ], [ -14.9497, 24.6542 ], [ -14.9279, 24.6691 ], [ -14.8981, 24.6926 ], [ -14.8913, 24.7002 ], [ -14.8869, 24.7113 ], [ -14.8842, 24.7302 ], [ -14.8857, 24.7436 ], [ -14.8845, 24.7595 ], [ -14.8764, 24.7916 ], [ -14.873, 24.8052 ], [ -14.8467, 24.8619 ], [ -14.836, 24.8937 ], [ -14.8314, 24.9075 ], [ -14.8281, 24.9224 ], [ -14.8354, 24.9513 ], [ -14.8273, 24.9771 ], [ -14.8268, 25.0076 ], [ -14.8221, 25.0286 ], [ -14.8224, 25.0605 ], [ -14.8252, 25.0728 ], [ -14.8405, 25.0873 ], [ -14.8444, 25.1241 ], [ -14.8386, 25.1844 ], [ -14.8422, 25.2078 ], [ -14.8428, 25.212 ], [ -14.8412, 25.2228 ], [ -14.8362, 25.2391 ], [ -14.8291, 25.2515 ], [ -14.8253, 25.2623 ], [ -14.825, 25.2633 ], [ -14.8235, 25.2751 ], [ -14.8291, 25.2952 ], [ -14.8276, 25.3075 ], [ -14.8209, 25.3192 ], [ -14.8154, 25.3253 ], [ -14.8138, 25.3294 ], [ -14.814, 25.3434 ], [ -14.8022, 25.3621 ], [ -14.7944, 25.3806 ], [ -14.7908, 25.3939 ], [ -14.7856, 25.4299 ], [ -14.7832, 25.4346 ], [ -14.7764, 25.4445 ], [ -14.7646, 25.4617 ], [ -14.7476, 25.482 ], [ -14.7301, 25.4981 ], [ -14.7077, 25.538 ], [ -14.6893, 25.5709 ], [ -14.6847, 25.5901 ], [ -14.6871, 25.6141 ], [ -14.6852, 25.6239 ], [ -14.674, 25.6441 ], [ -14.6603, 25.6809 ], [ -14.6567, 25.7101 ], [ -14.6388, 25.7635 ], [ -14.6275, 25.784 ], [ -14.6154, 25.7941 ], [ -14.6112, 25.8013 ], [ -14.5905, 25.8203 ], [ -14.5834, 25.8323 ], [ -14.5737, 25.8442 ], [ -14.566, 25.8586 ], [ -14.5436, 25.8935 ], [ -14.5341, 25.9082 ], [ -14.5219, 25.9343 ], [ -14.5017, 25.9777 ], [ -14.4922, 26.0046 ], [ -14.4902, 26.0237 ], [ -14.4835, 26.0521 ], [ -14.4846, 26.0619 ], [ -14.4781, 26.0879 ], [ -14.4785, 26.0961 ], [ -14.4814, 26.1071 ], [ -14.4945, 26.13 ], [ -14.4961, 26.1358 ], [ -14.4932, 26.1462 ], [ -14.4866, 26.1555 ], [ -14.4664, 26.1837 ], [ -14.4342, 26.2287 ], [ -14.4128, 26.2526 ], [ -14.4048, 26.2593 ], [ -14.4013, 26.2622 ], [ -14.3966, 26.2641 ], [ -14.3786, 26.2652 ], [ -14.3639, 26.2693 ], [ -14.3409, 26.2756 ], [ -14.3223, 26.285 ], [ -14.3049, 26.2937 ], [ -14.296, 26.3011 ], [ -14.2857, 26.3095 ], [ -14.2682, 26.3239 ], [ -14.2616, 26.3294 ], [ -14.2519, 26.3374 ], [ -14.2429, 26.3519 ], [ -14.2209, 26.3704 ], [ -14.2059, 26.387 ], [ -14.1993, 26.3984 ], [ -14.1845, 26.4237 ], [ -14.1792, 26.4275 ], [ -14.173, 26.4294 ], [ -14.1519, 26.4285 ], [ -14.1317, 26.4279 ], [ -14.1156, 26.4294 ], [ -14.0912, 26.4322 ], [ -14.0725, 26.4359 ], [ -14.0434, 26.4439 ], [ -14.0247, 26.4517 ], [ -13.993, 26.4645 ], [ -13.9743, 26.4735 ], [ -13.9576, 26.4841 ], [ -13.9377, 26.5005 ], [ -13.9122, 26.5214 ], [ -13.9013, 26.5276 ], [ -13.8763, 26.5368 ], [ -13.8593, 26.546 ], [ -13.8391, 26.5611 ], [ -13.8208, 26.5675 ], [ -13.8005, 26.5779 ], [ -13.7574, 26.599 ], [ -13.7214, 26.6234 ], [ -13.6954, 26.6354 ], [ -13.6727, 26.6541 ], [ -13.6454, 26.6662 ], [ -13.6192, 26.6865 ], [ -13.5736, 26.7324 ], [ -13.5482, 26.7683 ], [ -13.5415, 26.7892 ], [ -13.528, 26.8063 ], [ -13.5178, 26.8315 ], [ -13.5107, 26.8552 ], [ -13.4956, 26.8771 ], [ -13.4878, 26.9009 ], [ -13.4862, 26.9226 ], [ -13.4333, 27.0497 ], [ -13.4263, 27.0744 ], [ -13.4159, 27.0905 ], [ -13.4147, 27.0978 ], [ -13.4159, 27.1242 ], [ -13.4105, 27.1455 ], [ -13.4113, 27.1512 ], [ -13.4095, 27.1598 ], [ -13.4034, 27.1778 ], [ -13.3911, 27.1842 ], [ -13.3898, 27.1947 ], [ -13.3853, 27.2009 ], [ -13.3755, 27.2137 ], [ -13.3681, 27.2253 ], [ -13.3671, 27.2338 ], [ -13.3644, 27.2393 ], [ -13.3438, 27.2565 ], [ -13.3381, 27.2722 ], [ -13.3228, 27.2852 ], [ -13.3208, 27.2933 ], [ -13.3128, 27.3077 ], [ -13.3077, 27.3156 ], [ -13.2988, 27.325 ], [ -13.2996, 27.3272 ], [ -13.3051, 27.3264 ], [ -13.3072, 27.328 ], [ -13.3079, 27.3309 ], [ -13.3001, 27.3391 ], [ -13.2937, 27.3573 ], [ -13.2821, 27.3725 ], [ -13.2747, 27.3915 ], [ -13.2707, 27.4114 ], [ -13.2579, 27.4363 ], [ -13.2445, 27.4624 ], [ -13.2231, 27.5207 ], [ -13.2168, 27.5439 ], [ -13.2065, 27.5645 ], [ -13.2006, 27.5875 ], [ -13.1996, 27.6057 ], [ -13.1858, 27.6261 ], [ -13.1813, 27.6435 ], [ -13.172, 27.6628 ], [ -13.1612, 27.6754 ], [ -13.15961, 27.68219 ], [ -8.67033, 27.66668 ], [ -8.66667, 27.66666 ] ] ] ] } }
]
}
