Region,Expected Reports,Received Reports,Compliance (%),Week,Year,Source link,Source title,datetime_loaded
KP,2277,1759,77,29,2026,https://www.nih.org.pk/wp-content/uploads/2026/08/IDSRS Weekly Report-29-2026.pdf,IDSRS Week 29 Bulletin (2026),2026-08-08T00:39:58Z
AJK,476,0,0,29,2026,https://www.nih.org.pk/wp-content/uploads/2026/08/IDSRS Weekly Report-29-2026.pdf,IDSRS Week 29 Bulletin (2026),2026-08-08T00:39:58Z
ICT,36,32,89,29,2026,https://www.nih.org.pk/wp-content/uploads/2026/08/IDSRS Weekly Report-29-2026.pdf,IDSRS Week 29 Bulletin (2026),2026-08-08T00:39:58Z
Balochistan,1305,523,40,29,2026,https://www.nih.org.pk/wp-content/uploads/2026/08/IDSRS Weekly Report-29-2026.pdf,IDSRS Week 29 Bulletin (2026),2026-08-08T00:39:58Z
GB,405,354,87,29,2026,https://www.nih.org.pk/wp-content/uploads/2026/08/IDSRS Weekly Report-29-2026.pdf,IDSRS Week 29 Bulletin (2026),2026-08-08T00:39:58Z
Sindh,2115,2074,98,29,2026,https://www.nih.org.pk/wp-content/uploads/2026/08/IDSRS Weekly Report-29-2026.pdf,IDSRS Week 29 Bulletin (2026),2026-08-08T00:39:58Z
National,6614,4742,72,29,2026,https://www.nih.org.pk/wp-content/uploads/2026/08/IDSRS Weekly Report-29-2026.pdf,IDSRS Week 29 Bulletin (2026),2026-08-08T00:39:58Z
KP,2277,1838,81,28,2026,https://www.nih.org.pk/wp-content/uploads/2026/07/IDSRS Weekly Report-28-2026 NG.pdf,IDSRS Week 28 Bulletin (2026),2026-08-08T00:40:01Z
AJK,476,0,0,28,2026,https://www.nih.org.pk/wp-content/uploads/2026/07/IDSRS Weekly Report-28-2026 NG.pdf,IDSRS Week 28 Bulletin (2026),2026-08-08T00:40:01Z
ICT,36,29,81,28,2026,https://www.nih.org.pk/wp-content/uploads/2026/07/IDSRS Weekly Report-28-2026 NG.pdf,IDSRS Week 28 Bulletin (2026),2026-08-08T00:40:01Z
Balochistan,1305,513,39,28,2026,https://www.nih.org.pk/wp-content/uploads/2026/07/IDSRS Weekly Report-28-2026 NG.pdf,IDSRS Week 28 Bulletin (2026),2026-08-08T00:40:01Z
GB,405,375,93,28,2026,https://www.nih.org.pk/wp-content/uploads/2026/07/IDSRS Weekly Report-28-2026 NG.pdf,IDSRS Week 28 Bulletin (2026),2026-08-08T00:40:01Z
Sindh,2115,2070,98,28,2026,https://www.nih.org.pk/wp-content/uploads/2026/07/IDSRS Weekly Report-28-2026 NG.pdf,IDSRS Week 28 Bulletin (2026),2026-08-08T00:40:01Z
National,6614,4825,73,28,2026,https://www.nih.org.pk/wp-content/uploads/2026/07/IDSRS Weekly Report-28-2026 NG.pdf,IDSRS Week 28 Bulletin (2026),2026-08-08T00:40:01Z
KP,2277,1815,80,27,2026,https://www.nih.org.pk/wp-content/uploads/2026/07/IDSRS Weekly Report-27-NG.pdf,IDSRS Week 27 Bulletin (2026),2026-08-08T00:40:04Z
AJK,476,0,0,27,2026,https://www.nih.org.pk/wp-content/uploads/2026/07/IDSRS Weekly Report-27-NG.pdf,IDSRS Week 27 Bulletin (2026),2026-08-08T00:40:04Z
ICT,36,32,89,27,2026,https://www.nih.org.pk/wp-content/uploads/2026/07/IDSRS Weekly Report-27-NG.pdf,IDSRS Week 27 Bulletin (2026),2026-08-08T00:40:04Z
Balochistan,1305,532,41,27,2026,https://www.nih.org.pk/wp-content/uploads/2026/07/IDSRS Weekly Report-27-NG.pdf,IDSRS Week 27 Bulletin (2026),2026-08-08T00:40:04Z
GB,405,326,80,27,2026,https://www.nih.org.pk/wp-content/uploads/2026/07/IDSRS Weekly Report-27-NG.pdf,IDSRS Week 27 Bulletin (2026),2026-08-08T00:40:04Z
Sindh,2115,2068,98,27,2026,https://www.nih.org.pk/wp-content/uploads/2026/07/IDSRS Weekly Report-27-NG.pdf,IDSRS Week 27 Bulletin (2026),2026-08-08T00:40:04Z
National,6614,4773,72,27,2026,https://www.nih.org.pk/wp-content/uploads/2026/07/IDSRS Weekly Report-27-NG.pdf,IDSRS Week 27 Bulletin (2026),2026-08-08T00:40:04Z
KP,2277,1786,78,26,2026,https://www.nih.org.pk/wp-content/uploads/2026/07/Public Health Bulletin IDSRS Weekly Report-26-2026.pdf,IDSRS Week 26 Bulletin (2026),2026-08-08T00:40:06Z
AJK,476,0,0,26,2026,https://www.nih.org.pk/wp-content/uploads/2026/07/Public Health Bulletin IDSRS Weekly Report-26-2026.pdf,IDSRS Week 26 Bulletin (2026),2026-08-08T00:40:06Z
ICT,36,32,89,26,2026,https://www.nih.org.pk/wp-content/uploads/2026/07/Public Health Bulletin IDSRS Weekly Report-26-2026.pdf,IDSRS Week 26 Bulletin (2026),2026-08-08T00:40:06Z
Balochistan,1305,599,46,26,2026,https://www.nih.org.pk/wp-content/uploads/2026/07/Public Health Bulletin IDSRS Weekly Report-26-2026.pdf,IDSRS Week 26 Bulletin (2026),2026-08-08T00:40:06Z
GB,405,375,93,26,2026,https://www.nih.org.pk/wp-content/uploads/2026/07/Public Health Bulletin IDSRS Weekly Report-26-2026.pdf,IDSRS Week 26 Bulletin (2026),2026-08-08T00:40:06Z
Sindh,2115,2074,98,26,2026,https://www.nih.org.pk/wp-content/uploads/2026/07/Public Health Bulletin IDSRS Weekly Report-26-2026.pdf,IDSRS Week 26 Bulletin (2026),2026-08-08T00:40:06Z
National,6614,4866,74,26,2026,https://www.nih.org.pk/wp-content/uploads/2026/07/Public Health Bulletin IDSRS Weekly Report-26-2026.pdf,IDSRS Week 26 Bulletin (2026),2026-08-08T00:40:06Z
KP,2277,1827,80,25,2026,https://www.nih.org.pk/wp-content/uploads/2026/07/IDSRS Weekly Report-25-2026 (1).pdf,IDSRS Week 25 Bulletin (2026),2026-08-08T00:40:11Z
AJK,476,0,0,25,2026,https://www.nih.org.pk/wp-content/uploads/2026/07/IDSRS Weekly Report-25-2026 (1).pdf,IDSRS Week 25 Bulletin (2026),2026-08-08T00:40:11Z
ICT,36,32,89,25,2026,https://www.nih.org.pk/wp-content/uploads/2026/07/IDSRS Weekly Report-25-2026 (1).pdf,IDSRS Week 25 Bulletin (2026),2026-08-08T00:40:11Z
Balochistan,1305,570,44,25,2026,https://www.nih.org.pk/wp-content/uploads/2026/07/IDSRS Weekly Report-25-2026 (1).pdf,IDSRS Week 25 Bulletin (2026),2026-08-08T00:40:11Z
GB,405,369,91,25,2026,https://www.nih.org.pk/wp-content/uploads/2026/07/IDSRS Weekly Report-25-2026 (1).pdf,IDSRS Week 25 Bulletin (2026),2026-08-08T00:40:11Z
Sindh,2115,2078,98,25,2026,https://www.nih.org.pk/wp-content/uploads/2026/07/IDSRS Weekly Report-25-2026 (1).pdf,IDSRS Week 25 Bulletin (2026),2026-08-08T00:40:11Z
National,6614,4876,74,25,2026,https://www.nih.org.pk/wp-content/uploads/2026/07/IDSRS Weekly Report-25-2026 (1).pdf,IDSRS Week 25 Bulletin (2026),2026-08-08T00:40:11Z
KP,2277,1826,80,24,2026,https://www.nih.org.pk/wp-content/uploads/2026/07/Weekly Report-24-2026 (1).pdf,IDSRS Week 24 Bulletin (2026),2026-08-08T00:40:14Z
AJK,476,0,0,24,2026,https://www.nih.org.pk/wp-content/uploads/2026/07/Weekly Report-24-2026 (1).pdf,IDSRS Week 24 Bulletin (2026),2026-08-08T00:40:14Z
ICT,36,32,89,24,2026,https://www.nih.org.pk/wp-content/uploads/2026/07/Weekly Report-24-2026 (1).pdf,IDSRS Week 24 Bulletin (2026),2026-08-08T00:40:14Z
Balochistan,1305,588,45,24,2026,https://www.nih.org.pk/wp-content/uploads/2026/07/Weekly Report-24-2026 (1).pdf,IDSRS Week 24 Bulletin (2026),2026-08-08T00:40:14Z
GB,405,364,90,24,2026,https://www.nih.org.pk/wp-content/uploads/2026/07/Weekly Report-24-2026 (1).pdf,IDSRS Week 24 Bulletin (2026),2026-08-08T00:40:14Z
Sindh,2115,2076,98,24,2026,https://www.nih.org.pk/wp-content/uploads/2026/07/Weekly Report-24-2026 (1).pdf,IDSRS Week 24 Bulletin (2026),2026-08-08T00:40:14Z
National,6614,4886,74,24,2026,https://www.nih.org.pk/wp-content/uploads/2026/07/Weekly Report-24-2026 (1).pdf,IDSRS Week 24 Bulletin (2026),2026-08-08T00:40:14Z
KP,2277,1825,80,23,2026,https://www.nih.org.pk/wp-content/uploads/2026/07/IDSRS Weekly Report-23-2026.pdf,IDSRS Week 23 Bulletin (2026),2026-08-08T00:40:16Z
AJK,476,0,0,23,2026,https://www.nih.org.pk/wp-content/uploads/2026/07/IDSRS Weekly Report-23-2026.pdf,IDSRS Week 23 Bulletin (2026),2026-08-08T00:40:16Z
ICT,38,30,79,23,2026,https://www.nih.org.pk/wp-content/uploads/2026/07/IDSRS Weekly Report-23-2026.pdf,IDSRS Week 23 Bulletin (2026),2026-08-08T00:40:16Z
Balochistan,1303,574,44,23,2026,https://www.nih.org.pk/wp-content/uploads/2026/07/IDSRS Weekly Report-23-2026.pdf,IDSRS Week 23 Bulletin (2026),2026-08-08T00:40:16Z
GB,405,360,89,23,2026,https://www.nih.org.pk/wp-content/uploads/2026/07/IDSRS Weekly Report-23-2026.pdf,IDSRS Week 23 Bulletin (2026),2026-08-08T00:40:16Z
Sindh,2111,2080,99,23,2026,https://www.nih.org.pk/wp-content/uploads/2026/07/IDSRS Weekly Report-23-2026.pdf,IDSRS Week 23 Bulletin (2026),2026-08-08T00:40:16Z
National,6610,5292,74,23,2026,https://www.nih.org.pk/wp-content/uploads/2026/07/IDSRS Weekly Report-23-2026.pdf,IDSRS Week 23 Bulletin (2026),2026-08-08T00:40:16Z
KP,2277,1808,79,22,2026,https://www.nih.org.pk/wp-content/uploads/2026/07/IDSRS Weekly Report-22-2026.pdf,IDSRS Week 22 Bulletin (2026),2026-08-08T00:40:19Z
AJK,476,463,97,22,2026,https://www.nih.org.pk/wp-content/uploads/2026/07/IDSRS Weekly Report-22-2026.pdf,IDSRS Week 22 Bulletin (2026),2026-08-08T00:40:19Z
ICT,38,32,84,22,2026,https://www.nih.org.pk/wp-content/uploads/2026/07/IDSRS Weekly Report-22-2026.pdf,IDSRS Week 22 Bulletin (2026),2026-08-08T00:40:19Z
Balochistan,1303,532,41,22,2026,https://www.nih.org.pk/wp-content/uploads/2026/07/IDSRS Weekly Report-22-2026.pdf,IDSRS Week 22 Bulletin (2026),2026-08-08T00:40:19Z
GB,405,375,93,22,2026,https://www.nih.org.pk/wp-content/uploads/2026/07/IDSRS Weekly Report-22-2026.pdf,IDSRS Week 22 Bulletin (2026),2026-08-08T00:40:19Z
Sindh,2111,2082,99,22,2026,https://www.nih.org.pk/wp-content/uploads/2026/07/IDSRS Weekly Report-22-2026.pdf,IDSRS Week 22 Bulletin (2026),2026-08-08T00:40:19Z
National,6610,5292,80,22,2026,https://www.nih.org.pk/wp-content/uploads/2026/07/IDSRS Weekly Report-22-2026.pdf,IDSRS Week 22 Bulletin (2026),2026-08-08T00:40:19Z
KP,2277,1711,75,21,2026,https://www.nih.org.pk/wp-content/uploads/2026/06/IDSRS Weekly Report-21-2026 (1).pdf,IDSRS Week 21 Bulletin (2026),2026-08-08T00:40:22Z
AJK,476,464,97,21,2026,https://www.nih.org.pk/wp-content/uploads/2026/06/IDSRS Weekly Report-21-2026 (1).pdf,IDSRS Week 21 Bulletin (2026),2026-08-08T00:40:22Z
ICT,38,30,79,21,2026,https://www.nih.org.pk/wp-content/uploads/2026/06/IDSRS Weekly Report-21-2026 (1).pdf,IDSRS Week 21 Bulletin (2026),2026-08-08T00:40:22Z
Balochistan,1303,520,40,21,2026,https://www.nih.org.pk/wp-content/uploads/2026/06/IDSRS Weekly Report-21-2026 (1).pdf,IDSRS Week 21 Bulletin (2026),2026-08-08T00:40:22Z
GB,405,365,90,21,2026,https://www.nih.org.pk/wp-content/uploads/2026/06/IDSRS Weekly Report-21-2026 (1).pdf,IDSRS Week 21 Bulletin (2026),2026-08-08T00:40:22Z
Sindh,2111,2012,95,21,2026,https://www.nih.org.pk/wp-content/uploads/2026/06/IDSRS Weekly Report-21-2026 (1).pdf,IDSRS Week 21 Bulletin (2026),2026-08-08T00:40:22Z
National,6610,5102,77,21,2026,https://www.nih.org.pk/wp-content/uploads/2026/06/IDSRS Weekly Report-21-2026 (1).pdf,IDSRS Week 21 Bulletin (2026),2026-08-08T00:40:22Z
KP,2277,1759,77,20,2026,https://www.nih.org.pk/wp-content/uploads/2026/06/Weekly Report-20-2026.pdf,IDSRS Week 20 Bulletin (2026),2026-08-08T00:40:25Z
AJK,476,435,91,20,2026,https://www.nih.org.pk/wp-content/uploads/2026/06/Weekly Report-20-2026.pdf,IDSRS Week 20 Bulletin (2026),2026-08-08T00:40:25Z
ICT,38,7,18,20,2026,https://www.nih.org.pk/wp-content/uploads/2026/06/Weekly Report-20-2026.pdf,IDSRS Week 20 Bulletin (2026),2026-08-08T00:40:25Z
Balochistan,1303,649,50,20,2026,https://www.nih.org.pk/wp-content/uploads/2026/06/Weekly Report-20-2026.pdf,IDSRS Week 20 Bulletin (2026),2026-08-08T00:40:25Z
GB,405,334,82,20,2026,https://www.nih.org.pk/wp-content/uploads/2026/06/Weekly Report-20-2026.pdf,IDSRS Week 20 Bulletin (2026),2026-08-08T00:40:25Z
Sindh,2111,2074,98,20,2026,https://www.nih.org.pk/wp-content/uploads/2026/06/Weekly Report-20-2026.pdf,IDSRS Week 20 Bulletin (2026),2026-08-08T00:40:25Z
National,6610,5258,80,20,2026,https://www.nih.org.pk/wp-content/uploads/2026/06/Weekly Report-20-2026.pdf,IDSRS Week 20 Bulletin (2026),2026-08-08T00:40:25Z
KP,2277,1842,81,19,2026,https://www.nih.org.pk/wp-content/uploads/2026/06/IDSRS Weekly Report-19-2026-NG reviewed.pdf,IDSRS Week 19 Bulletin (2026),2026-08-08T00:40:28Z
AJK,476,464,97,19,2026,https://www.nih.org.pk/wp-content/uploads/2026/06/IDSRS Weekly Report-19-2026-NG reviewed.pdf,IDSRS Week 19 Bulletin (2026),2026-08-08T00:40:28Z
ICT,38,27,71,19,2026,https://www.nih.org.pk/wp-content/uploads/2026/06/IDSRS Weekly Report-19-2026-NG reviewed.pdf,IDSRS Week 19 Bulletin (2026),2026-08-08T00:40:28Z
Balochistan,1303,621,48,19,2026,https://www.nih.org.pk/wp-content/uploads/2026/06/IDSRS Weekly Report-19-2026-NG reviewed.pdf,IDSRS Week 19 Bulletin (2026),2026-08-08T00:40:28Z
GB,405,339,84,19,2026,https://www.nih.org.pk/wp-content/uploads/2026/06/IDSRS Weekly Report-19-2026-NG reviewed.pdf,IDSRS Week 19 Bulletin (2026),2026-08-08T00:40:28Z
Sindh,2111,2080,99,19,2026,https://www.nih.org.pk/wp-content/uploads/2026/06/IDSRS Weekly Report-19-2026-NG reviewed.pdf,IDSRS Week 19 Bulletin (2026),2026-08-08T00:40:28Z
National,6610,5363,81,19,2026,https://www.nih.org.pk/wp-content/uploads/2026/06/IDSRS Weekly Report-19-2026-NG reviewed.pdf,IDSRS Week 19 Bulletin (2026),2026-08-08T00:40:28Z
KP,2277,1850,81,18,2026,https://www.nih.org.pk/wp-content/uploads/2026/05/IDSRS Weekly Report-18-NG (1).pdf,IDSRS Week 18 Bulletin (2026),2026-08-08T00:40:31Z
AJK,476,463,97,18,2026,https://www.nih.org.pk/wp-content/uploads/2026/05/IDSRS Weekly Report-18-NG (1).pdf,IDSRS Week 18 Bulletin (2026),2026-08-08T00:40:31Z
ICT,38,30,79,18,2026,https://www.nih.org.pk/wp-content/uploads/2026/05/IDSRS Weekly Report-18-NG (1).pdf,IDSRS Week 18 Bulletin (2026),2026-08-08T00:40:31Z
Balochistan,1303,578,44,18,2026,https://www.nih.org.pk/wp-content/uploads/2026/05/IDSRS Weekly Report-18-NG (1).pdf,IDSRS Week 18 Bulletin (2026),2026-08-08T00:40:31Z
GB,405,366,90,18,2026,https://www.nih.org.pk/wp-content/uploads/2026/05/IDSRS Weekly Report-18-NG (1).pdf,IDSRS Week 18 Bulletin (2026),2026-08-08T00:40:31Z
Sindh,2111,2076,98,18,2026,https://www.nih.org.pk/wp-content/uploads/2026/05/IDSRS Weekly Report-18-NG (1).pdf,IDSRS Week 18 Bulletin (2026),2026-08-08T00:40:31Z
National,6610,5363,81,18,2026,https://www.nih.org.pk/wp-content/uploads/2026/05/IDSRS Weekly Report-18-NG (1).pdf,IDSRS Week 18 Bulletin (2026),2026-08-08T00:40:31Z
KP,2277,1870,82,17,2026,https://www.nih.org.pk/wp-content/uploads/2026/05/Weekly Report-17-2026.pdf,IDSRS Week 17 Bulletin (2026),2026-08-08T00:40:34Z
AJK,476,463,97,17,2026,https://www.nih.org.pk/wp-content/uploads/2026/05/Weekly Report-17-2026.pdf,IDSRS Week 17 Bulletin (2026),2026-08-08T00:40:34Z
ICT,38,30,79,17,2026,https://www.nih.org.pk/wp-content/uploads/2026/05/Weekly Report-17-2026.pdf,IDSRS Week 17 Bulletin (2026),2026-08-08T00:40:34Z
Balochistan,1303,577,44,17,2026,https://www.nih.org.pk/wp-content/uploads/2026/05/Weekly Report-17-2026.pdf,IDSRS Week 17 Bulletin (2026),2026-08-08T00:40:34Z
GB,405,375,93,17,2026,https://www.nih.org.pk/wp-content/uploads/2026/05/Weekly Report-17-2026.pdf,IDSRS Week 17 Bulletin (2026),2026-08-08T00:40:34Z
Sindh,2111,2078,98,17,2026,https://www.nih.org.pk/wp-content/uploads/2026/05/Weekly Report-17-2026.pdf,IDSRS Week 17 Bulletin (2026),2026-08-08T00:40:34Z
National,6610,5393,82,17,2026,https://www.nih.org.pk/wp-content/uploads/2026/05/Weekly Report-17-2026.pdf,IDSRS Week 17 Bulletin (2026),2026-08-08T00:40:34Z
KP,2234,1748,78,16,2026,https://www.nih.org.pk/wp-content/uploads/2026/05/IDSRS Weekly Report-16-2026 - NG (1).pdf,IDSRS Week 16 Bulletin (2026),2026-08-08T00:40:37Z
AJK,469,361,77,16,2026,https://www.nih.org.pk/wp-content/uploads/2026/05/IDSRS Weekly Report-16-2026 - NG (1).pdf,IDSRS Week 16 Bulletin (2026),2026-08-08T00:40:37Z
ICT,38,30,79,16,2026,https://www.nih.org.pk/wp-content/uploads/2026/05/IDSRS Weekly Report-16-2026 - NG (1).pdf,IDSRS Week 16 Bulletin (2026),2026-08-08T00:40:37Z
Balochistan,1308,611,47,16,2026,https://www.nih.org.pk/wp-content/uploads/2026/05/IDSRS Weekly Report-16-2026 - NG (1).pdf,IDSRS Week 16 Bulletin (2026),2026-08-08T00:40:37Z
GB,417,371,89,16,2026,https://www.nih.org.pk/wp-content/uploads/2026/05/IDSRS Weekly Report-16-2026 - NG (1).pdf,IDSRS Week 16 Bulletin (2026),2026-08-08T00:40:37Z
Sindh,2111,2074,98,16,2026,https://www.nih.org.pk/wp-content/uploads/2026/05/IDSRS Weekly Report-16-2026 - NG (1).pdf,IDSRS Week 16 Bulletin (2026),2026-08-08T00:40:37Z
National,6577,5195,79,16,2026,https://www.nih.org.pk/wp-content/uploads/2026/05/IDSRS Weekly Report-16-2026 - NG (1).pdf,IDSRS Week 16 Bulletin (2026),2026-08-08T00:40:37Z
KP,2234,1722,77,15,2026,https://www.nih.org.pk/wp-content/uploads/2026/05/Weekly Report-15-2026 .pdf,IDSRS Week 15 Bulletin (2026),2026-08-08T00:40:39Z
AJK,469,405,86,15,2026,https://www.nih.org.pk/wp-content/uploads/2026/05/Weekly Report-15-2026 .pdf,IDSRS Week 15 Bulletin (2026),2026-08-08T00:40:39Z
ICT,38,29,76,15,2026,https://www.nih.org.pk/wp-content/uploads/2026/05/Weekly Report-15-2026 .pdf,IDSRS Week 15 Bulletin (2026),2026-08-08T00:40:39Z
Balochistan,1308,648,57,15,2026,https://www.nih.org.pk/wp-content/uploads/2026/05/Weekly Report-15-2026 .pdf,IDSRS Week 15 Bulletin (2026),2026-08-08T00:40:39Z
GB,417,359,86,15,2026,https://www.nih.org.pk/wp-content/uploads/2026/05/Weekly Report-15-2026 .pdf,IDSRS Week 15 Bulletin (2026),2026-08-08T00:40:39Z
Sindh,2111,2081,99,15,2026,https://www.nih.org.pk/wp-content/uploads/2026/05/Weekly Report-15-2026 .pdf,IDSRS Week 15 Bulletin (2026),2026-08-08T00:40:39Z
National,6577,5214,84,15,2026,https://www.nih.org.pk/wp-content/uploads/2026/05/Weekly Report-15-2026 .pdf,IDSRS Week 15 Bulletin (2026),2026-08-08T00:40:39Z
KP,2234,1779,80,14,2026,https://www.nih.org.pk/wp-content/uploads/2026/05/Weekly Report-14-2026.pdf,IDSRS Week 14 Bulletin (2026),2026-08-08T00:40:42Z
AJK,469,418,89,14,2026,https://www.nih.org.pk/wp-content/uploads/2026/05/Weekly Report-14-2026.pdf,IDSRS Week 14 Bulletin (2026),2026-08-08T00:40:42Z
ICT,38,27,71,14,2026,https://www.nih.org.pk/wp-content/uploads/2026/05/Weekly Report-14-2026.pdf,IDSRS Week 14 Bulletin (2026),2026-08-08T00:40:42Z
Balochistan,1308,599,46,14,2026,https://www.nih.org.pk/wp-content/uploads/2026/05/Weekly Report-14-2026.pdf,IDSRS Week 14 Bulletin (2026),2026-08-08T00:40:42Z
GB,417,370,89,14,2026,https://www.nih.org.pk/wp-content/uploads/2026/05/Weekly Report-14-2026.pdf,IDSRS Week 14 Bulletin (2026),2026-08-08T00:40:42Z
Sindh,2111,2072,98,14,2026,https://www.nih.org.pk/wp-content/uploads/2026/05/Weekly Report-14-2026.pdf,IDSRS Week 14 Bulletin (2026),2026-08-08T00:40:42Z
National,6577,5213,80,14,2026,https://www.nih.org.pk/wp-content/uploads/2026/05/Weekly Report-14-2026.pdf,IDSRS Week 14 Bulletin (2026),2026-08-08T00:40:42Z
KP,2234,1806,81,13,2026,https://www.nih.org.pk/wp-content/uploads/2026/04/Weekly Report-13-2026.pdf,IDSRS Week 13 Bulletin (2026),2026-08-08T00:40:45Z
AJK,469,420,90,13,2026,https://www.nih.org.pk/wp-content/uploads/2026/04/Weekly Report-13-2026.pdf,IDSRS Week 13 Bulletin (2026),2026-08-08T00:40:45Z
ICT,38,30,79,13,2026,https://www.nih.org.pk/wp-content/uploads/2026/04/Weekly Report-13-2026.pdf,IDSRS Week 13 Bulletin (2026),2026-08-08T00:40:45Z
Balochistan,1308,560,43,13,2026,https://www.nih.org.pk/wp-content/uploads/2026/04/Weekly Report-13-2026.pdf,IDSRS Week 13 Bulletin (2026),2026-08-08T00:40:45Z
GB,417,321,77,13,2026,https://www.nih.org.pk/wp-content/uploads/2026/04/Weekly Report-13-2026.pdf,IDSRS Week 13 Bulletin (2026),2026-08-08T00:40:45Z
Sindh,2111,2076,98,13,2026,https://www.nih.org.pk/wp-content/uploads/2026/04/Weekly Report-13-2026.pdf,IDSRS Week 13 Bulletin (2026),2026-08-08T00:40:45Z
National,6577,5213,79,13,2026,https://www.nih.org.pk/wp-content/uploads/2026/04/Weekly Report-13-2026.pdf,IDSRS Week 13 Bulletin (2026),2026-08-08T00:40:45Z
KP,2234,1729,77,12,2026,https://www.nih.org.pk/wp-content/uploads/2026/04/Weekly Report-12-2026.pdf,IDSRS Week 12 Bulletin (2026),2026-08-08T00:40:48Z
AJK,469,395,84,12,2026,https://www.nih.org.pk/wp-content/uploads/2026/04/Weekly Report-12-2026.pdf,IDSRS Week 12 Bulletin (2026),2026-08-08T00:40:48Z
ICT,38,27,71,12,2026,https://www.nih.org.pk/wp-content/uploads/2026/04/Weekly Report-12-2026.pdf,IDSRS Week 12 Bulletin (2026),2026-08-08T00:40:48Z
Balochistan,1308,455,35,12,2026,https://www.nih.org.pk/wp-content/uploads/2026/04/Weekly Report-12-2026.pdf,IDSRS Week 12 Bulletin (2026),2026-08-08T00:40:48Z
GB,417,365,88,12,2026,https://www.nih.org.pk/wp-content/uploads/2026/04/Weekly Report-12-2026.pdf,IDSRS Week 12 Bulletin (2026),2026-08-08T00:40:48Z
Sindh,2111,2072,98,12,2026,https://www.nih.org.pk/wp-content/uploads/2026/04/Weekly Report-12-2026.pdf,IDSRS Week 12 Bulletin (2026),2026-08-08T00:40:48Z
National,6577,5043,77,12,2026,https://www.nih.org.pk/wp-content/uploads/2026/04/Weekly Report-12-2026.pdf,IDSRS Week 12 Bulletin (2026),2026-08-08T00:40:48Z
KP,2234,1791,80,11,2026,https://www.nih.org.pk/wp-content/uploads/2026/04/IDSRS Weekly Report 11-2026.pdf,IDSRS Week 11 Bulletin (2026),2026-08-08T00:40:51Z
AJK,469,397,85,11,2026,https://www.nih.org.pk/wp-content/uploads/2026/04/IDSRS Weekly Report 11-2026.pdf,IDSRS Week 11 Bulletin (2026),2026-08-08T00:40:51Z
ICT,38,29,76,11,2026,https://www.nih.org.pk/wp-content/uploads/2026/04/IDSRS Weekly Report 11-2026.pdf,IDSRS Week 11 Bulletin (2026),2026-08-08T00:40:51Z
Balochistan,1308,565,43,11,2026,https://www.nih.org.pk/wp-content/uploads/2026/04/IDSRS Weekly Report 11-2026.pdf,IDSRS Week 11 Bulletin (2026),2026-08-08T00:40:51Z
GB,417,369,88,11,2026,https://www.nih.org.pk/wp-content/uploads/2026/04/IDSRS Weekly Report 11-2026.pdf,IDSRS Week 11 Bulletin (2026),2026-08-08T00:40:51Z
Sindh,2111,2078,98,11,2026,https://www.nih.org.pk/wp-content/uploads/2026/04/IDSRS Weekly Report 11-2026.pdf,IDSRS Week 11 Bulletin (2026),2026-08-08T00:40:51Z
National,6577,5229,80,11,2026,https://www.nih.org.pk/wp-content/uploads/2026/04/IDSRS Weekly Report 11-2026.pdf,IDSRS Week 11 Bulletin (2026),2026-08-08T00:40:51Z
KP,2234,1775,79,10,2026,https://www.nih.org.pk/wp-content/uploads/2026/03/IDSRS Weekly Report-10-2026.pdf,IDSRS Week 10 Bulletin (2026),2026-08-08T00:40:54Z
AJK,469,429,91,10,2026,https://www.nih.org.pk/wp-content/uploads/2026/03/IDSRS Weekly Report-10-2026.pdf,IDSRS Week 10 Bulletin (2026),2026-08-08T00:40:54Z
ICT,38,30,79,10,2026,https://www.nih.org.pk/wp-content/uploads/2026/03/IDSRS Weekly Report-10-2026.pdf,IDSRS Week 10 Bulletin (2026),2026-08-08T00:40:54Z
Balochistan,1308,605,46,10,2026,https://www.nih.org.pk/wp-content/uploads/2026/03/IDSRS Weekly Report-10-2026.pdf,IDSRS Week 10 Bulletin (2026),2026-08-08T00:40:54Z
GB,417,335,80,10,2026,https://www.nih.org.pk/wp-content/uploads/2026/03/IDSRS Weekly Report-10-2026.pdf,IDSRS Week 10 Bulletin (2026),2026-08-08T00:40:54Z
Sindh,2111,2076,98,10,2026,https://www.nih.org.pk/wp-content/uploads/2026/03/IDSRS Weekly Report-10-2026.pdf,IDSRS Week 10 Bulletin (2026),2026-08-08T00:40:54Z
National,6577,5277,80,10,2026,https://www.nih.org.pk/wp-content/uploads/2026/03/IDSRS Weekly Report-10-2026.pdf,IDSRS Week 10 Bulletin (2026),2026-08-08T00:40:54Z
KP,2234,1759,79,9,2026,https://www.nih.org.pk/wp-content/uploads/2026/03/IDSRS Weekly Report-09-2026.pdf,IDSRS Week 09 Bulletin (2026),2026-08-08T00:40:57Z
AJK,469,431,92,9,2026,https://www.nih.org.pk/wp-content/uploads/2026/03/IDSRS Weekly Report-09-2026.pdf,IDSRS Week 09 Bulletin (2026),2026-08-08T00:40:57Z
ICT,38,28,74,9,2026,https://www.nih.org.pk/wp-content/uploads/2026/03/IDSRS Weekly Report-09-2026.pdf,IDSRS Week 09 Bulletin (2026),2026-08-08T00:40:57Z
Balochistan,1308,662,51,9,2026,https://www.nih.org.pk/wp-content/uploads/2026/03/IDSRS Weekly Report-09-2026.pdf,IDSRS Week 09 Bulletin (2026),2026-08-08T00:40:57Z
GB,417,320,77,9,2026,https://www.nih.org.pk/wp-content/uploads/2026/03/IDSRS Weekly Report-09-2026.pdf,IDSRS Week 09 Bulletin (2026),2026-08-08T00:40:57Z
Sindh,2111,2077,98,9,2026,https://www.nih.org.pk/wp-content/uploads/2026/03/IDSRS Weekly Report-09-2026.pdf,IDSRS Week 09 Bulletin (2026),2026-08-08T00:40:57Z
National,6577,5277,80,9,2026,https://www.nih.org.pk/wp-content/uploads/2026/03/IDSRS Weekly Report-09-2026.pdf,IDSRS Week 09 Bulletin (2026),2026-08-08T00:40:57Z
KP,2234,1795,80,8,2026,https://www.nih.org.pk/wp-content/uploads/2026/03/IDSRS Weekly Report-08-2026-updated-NG.pdf,IDSRS Week 08 Bulletin (2026),2026-08-08T00:40:59Z
AJK,469,413,88,8,2026,https://www.nih.org.pk/wp-content/uploads/2026/03/IDSRS Weekly Report-08-2026-updated-NG.pdf,IDSRS Week 08 Bulletin (2026),2026-08-08T00:40:59Z
ICT,38,30,79,8,2026,https://www.nih.org.pk/wp-content/uploads/2026/03/IDSRS Weekly Report-08-2026-updated-NG.pdf,IDSRS Week 08 Bulletin (2026),2026-08-08T00:40:59Z
Balochistan,1308,651,50,8,2026,https://www.nih.org.pk/wp-content/uploads/2026/03/IDSRS Weekly Report-08-2026-updated-NG.pdf,IDSRS Week 08 Bulletin (2026),2026-08-08T00:40:59Z
GB,417,334,80,8,2026,https://www.nih.org.pk/wp-content/uploads/2026/03/IDSRS Weekly Report-08-2026-updated-NG.pdf,IDSRS Week 08 Bulletin (2026),2026-08-08T00:40:59Z
Sindh,2111,2072,98,8,2026,https://www.nih.org.pk/wp-content/uploads/2026/03/IDSRS Weekly Report-08-2026-updated-NG.pdf,IDSRS Week 08 Bulletin (2026),2026-08-08T00:40:59Z
National,6577,5295,81,8,2026,https://www.nih.org.pk/wp-content/uploads/2026/03/IDSRS Weekly Report-08-2026-updated-NG.pdf,IDSRS Week 08 Bulletin (2026),2026-08-08T00:40:59Z
KP,2234,1765,79,7,2026,https://www.nih.org.pk/wp-content/uploads/2026/03/Weekly Report-07-2026.pdf,IDSRS Week 07 Bulletin (2026),2026-08-08T00:41:02Z
AJK,469,414,88,7,2026,https://www.nih.org.pk/wp-content/uploads/2026/03/Weekly Report-07-2026.pdf,IDSRS Week 07 Bulletin (2026),2026-08-08T00:41:02Z
ICT,38,29,76,7,2026,https://www.nih.org.pk/wp-content/uploads/2026/03/Weekly Report-07-2026.pdf,IDSRS Week 07 Bulletin (2026),2026-08-08T00:41:02Z
Balochistan,1308,584,45,7,2026,https://www.nih.org.pk/wp-content/uploads/2026/03/Weekly Report-07-2026.pdf,IDSRS Week 07 Bulletin (2026),2026-08-08T00:41:02Z
GB,417,364,87,7,2026,https://www.nih.org.pk/wp-content/uploads/2026/03/Weekly Report-07-2026.pdf,IDSRS Week 07 Bulletin (2026),2026-08-08T00:41:02Z
Sindh,2111,2074,98,7,2026,https://www.nih.org.pk/wp-content/uploads/2026/03/Weekly Report-07-2026.pdf,IDSRS Week 07 Bulletin (2026),2026-08-08T00:41:02Z
National,6577,5230,80,7,2026,https://www.nih.org.pk/wp-content/uploads/2026/03/Weekly Report-07-2026.pdf,IDSRS Week 07 Bulletin (2026),2026-08-08T00:41:02Z
KP,2234,1756,79,6,2026,https://www.nih.org.pk/wp-content/uploads/2026/02/IDSRS Weekly Report-06-2026 (1).pdf,IDSRS Week 06 Bulletin (2026),2026-08-08T00:41:05Z
AJK,469,393,84,6,2026,https://www.nih.org.pk/wp-content/uploads/2026/02/IDSRS Weekly Report-06-2026 (1).pdf,IDSRS Week 06 Bulletin (2026),2026-08-08T00:41:05Z
ICT,38,30,79,6,2026,https://www.nih.org.pk/wp-content/uploads/2026/02/IDSRS Weekly Report-06-2026 (1).pdf,IDSRS Week 06 Bulletin (2026),2026-08-08T00:41:05Z
Balochistan,1308,599,46,6,2026,https://www.nih.org.pk/wp-content/uploads/2026/02/IDSRS Weekly Report-06-2026 (1).pdf,IDSRS Week 06 Bulletin (2026),2026-08-08T00:41:05Z
GB,417,330,79,6,2026,https://www.nih.org.pk/wp-content/uploads/2026/02/IDSRS Weekly Report-06-2026 (1).pdf,IDSRS Week 06 Bulletin (2026),2026-08-08T00:41:05Z
Sindh,2111,2074,98,6,2026,https://www.nih.org.pk/wp-content/uploads/2026/02/IDSRS Weekly Report-06-2026 (1).pdf,IDSRS Week 06 Bulletin (2026),2026-08-08T00:41:05Z
National,6577,5182,79,6,2026,https://www.nih.org.pk/wp-content/uploads/2026/02/IDSRS Weekly Report-06-2026 (1).pdf,IDSRS Week 06 Bulletin (2026),2026-08-08T00:41:05Z
KP,2234,1723,77,5,2026,https://www.nih.org.pk/wp-content/uploads/2026/02/IDSRS Weekly Report-05-2026.pdf,IDSRS Week 05 Bulletin (2026),2026-08-08T00:41:07Z
AJK,469,422,90,5,2026,https://www.nih.org.pk/wp-content/uploads/2026/02/IDSRS Weekly Report-05-2026.pdf,IDSRS Week 05 Bulletin (2026),2026-08-08T00:41:07Z
ICT,38,31,82,5,2026,https://www.nih.org.pk/wp-content/uploads/2026/02/IDSRS Weekly Report-05-2026.pdf,IDSRS Week 05 Bulletin (2026),2026-08-08T00:41:07Z
Balochistan,1308,410,31,5,2026,https://www.nih.org.pk/wp-content/uploads/2026/02/IDSRS Weekly Report-05-2026.pdf,IDSRS Week 05 Bulletin (2026),2026-08-08T00:41:07Z
GB,417,324,78,5,2026,https://www.nih.org.pk/wp-content/uploads/2026/02/IDSRS Weekly Report-05-2026.pdf,IDSRS Week 05 Bulletin (2026),2026-08-08T00:41:07Z
Sindh,2111,2078,98,5,2026,https://www.nih.org.pk/wp-content/uploads/2026/02/IDSRS Weekly Report-05-2026.pdf,IDSRS Week 05 Bulletin (2026),2026-08-08T00:41:07Z
National,6577,4988,76,5,2026,https://www.nih.org.pk/wp-content/uploads/2026/02/IDSRS Weekly Report-05-2026.pdf,IDSRS Week 05 Bulletin (2026),2026-08-08T00:41:07Z
KP,2234,1637,73,4,2026,https://www.nih.org.pk/wp-content/uploads/2026/02/IDSRS Weekly Report-04-2026-updated.pdf,IDSRS Week 04 Bulletin (2026),2026-08-08T00:41:10Z
AJK,469,424,90,4,2026,https://www.nih.org.pk/wp-content/uploads/2026/02/IDSRS Weekly Report-04-2026-updated.pdf,IDSRS Week 04 Bulletin (2026),2026-08-08T00:41:10Z
ICT,38,30,79,4,2026,https://www.nih.org.pk/wp-content/uploads/2026/02/IDSRS Weekly Report-04-2026-updated.pdf,IDSRS Week 04 Bulletin (2026),2026-08-08T00:41:10Z
Balochistan,1308,599,46,4,2026,https://www.nih.org.pk/wp-content/uploads/2026/02/IDSRS Weekly Report-04-2026-updated.pdf,IDSRS Week 04 Bulletin (2026),2026-08-08T00:41:10Z
GB,417,364,87,4,2026,https://www.nih.org.pk/wp-content/uploads/2026/02/IDSRS Weekly Report-04-2026-updated.pdf,IDSRS Week 04 Bulletin (2026),2026-08-08T00:41:10Z
Sindh,2111,2076,98,4,2026,https://www.nih.org.pk/wp-content/uploads/2026/02/IDSRS Weekly Report-04-2026-updated.pdf,IDSRS Week 04 Bulletin (2026),2026-08-08T00:41:10Z
National,6577,5130,78,4,2026,https://www.nih.org.pk/wp-content/uploads/2026/02/IDSRS Weekly Report-04-2026-updated.pdf,IDSRS Week 04 Bulletin (2026),2026-08-08T00:41:10Z
KP,2229,1681,75,3,2026,https://www.nih.org.pk/wp-content/uploads/2026/02/Weekly Report-03-2026.pdf,IDSRS Week 03 Bulletin (2026),2026-08-08T00:41:13Z
AJK,469,399,85,3,2026,https://www.nih.org.pk/wp-content/uploads/2026/02/Weekly Report-03-2026.pdf,IDSRS Week 03 Bulletin (2026),2026-08-08T00:41:13Z
ICT,38,30,79,3,2026,https://www.nih.org.pk/wp-content/uploads/2026/02/Weekly Report-03-2026.pdf,IDSRS Week 03 Bulletin (2026),2026-08-08T00:41:13Z
Balochistan,1308,743,57,3,2026,https://www.nih.org.pk/wp-content/uploads/2026/02/Weekly Report-03-2026.pdf,IDSRS Week 03 Bulletin (2026),2026-08-08T00:41:13Z
GB,417,362,87,3,2026,https://www.nih.org.pk/wp-content/uploads/2026/02/Weekly Report-03-2026.pdf,IDSRS Week 03 Bulletin (2026),2026-08-08T00:41:13Z
Sindh,2111,2070,98,3,2026,https://www.nih.org.pk/wp-content/uploads/2026/02/Weekly Report-03-2026.pdf,IDSRS Week 03 Bulletin (2026),2026-08-08T00:41:13Z
National,6572,5285,80,3,2026,https://www.nih.org.pk/wp-content/uploads/2026/02/Weekly Report-03-2026.pdf,IDSRS Week 03 Bulletin (2026),2026-08-08T00:41:13Z
KP,2229,1706,77,2,2026,https://www.nih.org.pk/wp-content/uploads/2026/02/IDSRS Weekly Report-02-2026-updated (1).pdf,IDSRS Week 02 Bulletin (2026),2026-08-08T00:41:16Z
AJK,469,408,87,2,2026,https://www.nih.org.pk/wp-content/uploads/2026/02/IDSRS Weekly Report-02-2026-updated (1).pdf,IDSRS Week 02 Bulletin (2026),2026-08-08T00:41:16Z
ICT,38,30,79,2,2026,https://www.nih.org.pk/wp-content/uploads/2026/02/IDSRS Weekly Report-02-2026-updated (1).pdf,IDSRS Week 02 Bulletin (2026),2026-08-08T00:41:16Z
Balochistan,1308,755,58,2,2026,https://www.nih.org.pk/wp-content/uploads/2026/02/IDSRS Weekly Report-02-2026-updated (1).pdf,IDSRS Week 02 Bulletin (2026),2026-08-08T00:41:16Z
GB,417,367,88,2,2026,https://www.nih.org.pk/wp-content/uploads/2026/02/IDSRS Weekly Report-02-2026-updated (1).pdf,IDSRS Week 02 Bulletin (2026),2026-08-08T00:41:16Z
Sindh,2111,2040,97,2,2026,https://www.nih.org.pk/wp-content/uploads/2026/02/IDSRS Weekly Report-02-2026-updated (1).pdf,IDSRS Week 02 Bulletin (2026),2026-08-08T00:41:16Z
National,6572,5306,81,2,2026,https://www.nih.org.pk/wp-content/uploads/2026/02/IDSRS Weekly Report-02-2026-updated (1).pdf,IDSRS Week 02 Bulletin (2026),2026-08-08T00:41:16Z
KP,2229,1660,74,1,2026,https://www.nih.org.pk/wp-content/uploads/2026/01/IDSRS Weekly Report-01-2026-NEW.pdf,IDSRS Week 01 Bulletin (2026),2026-08-08T00:41:19Z
AJK,469,400,85,1,2026,https://www.nih.org.pk/wp-content/uploads/2026/01/IDSRS Weekly Report-01-2026-NEW.pdf,IDSRS Week 01 Bulletin (2026),2026-08-08T00:41:19Z
ICT,38,29,76,1,2026,https://www.nih.org.pk/wp-content/uploads/2026/01/IDSRS Weekly Report-01-2026-NEW.pdf,IDSRS Week 01 Bulletin (2026),2026-08-08T00:41:19Z
Balochistan,1308,621,47,1,2026,https://www.nih.org.pk/wp-content/uploads/2026/01/IDSRS Weekly Report-01-2026-NEW.pdf,IDSRS Week 01 Bulletin (2026),2026-08-08T00:41:19Z
GB,417,357,86,1,2026,https://www.nih.org.pk/wp-content/uploads/2026/01/IDSRS Weekly Report-01-2026-NEW.pdf,IDSRS Week 01 Bulletin (2026),2026-08-08T00:41:19Z
Sindh,2111,2059,98,1,2026,https://www.nih.org.pk/wp-content/uploads/2026/01/IDSRS Weekly Report-01-2026-NEW.pdf,IDSRS Week 01 Bulletin (2026),2026-08-08T00:41:19Z
National,6572,5126,78,1,2026,https://www.nih.org.pk/wp-content/uploads/2026/01/IDSRS Weekly Report-01-2026-NEW.pdf,IDSRS Week 01 Bulletin (2026),2026-08-08T00:41:19Z
KP,2229,1705,76,52,2025,https://www.nih.org.pk/wp-content/uploads/2026/01/Weekly_Report-52-2025.pdf,IDSRS Week 52 Bulletin (2025),2026-08-08T00:41:21Z
AJK,469,412,88,52,2025,https://www.nih.org.pk/wp-content/uploads/2026/01/Weekly_Report-52-2025.pdf,IDSRS Week 52 Bulletin (2025),2026-08-08T00:41:21Z
ICT,38,28,74,52,2025,https://www.nih.org.pk/wp-content/uploads/2026/01/Weekly_Report-52-2025.pdf,IDSRS Week 52 Bulletin (2025),2026-08-08T00:41:21Z
Balochistan,1308,669,51,52,2025,https://www.nih.org.pk/wp-content/uploads/2026/01/Weekly_Report-52-2025.pdf,IDSRS Week 52 Bulletin (2025),2026-08-08T00:41:21Z
GB,417,328,79,52,2025,https://www.nih.org.pk/wp-content/uploads/2026/01/Weekly_Report-52-2025.pdf,IDSRS Week 52 Bulletin (2025),2026-08-08T00:41:21Z
Sindh,2111,2044,97,52,2025,https://www.nih.org.pk/wp-content/uploads/2026/01/Weekly_Report-52-2025.pdf,IDSRS Week 52 Bulletin (2025),2026-08-08T00:41:21Z
National,6572,5186,79,52,2025,https://www.nih.org.pk/wp-content/uploads/2026/01/Weekly_Report-52-2025.pdf,IDSRS Week 52 Bulletin (2025),2026-08-08T00:41:21Z
KP,2229,1672,75,51,2025,https://www.nih.org.pk/wp-content/uploads/2026/01/IDSRS Weekly Report-51-2025-updated (1).pdf,IDSRS Week 51 Bulletin (2025),2026-08-08T00:41:24Z
AJK,469,401,86,51,2025,https://www.nih.org.pk/wp-content/uploads/2026/01/IDSRS Weekly Report-51-2025-updated (1).pdf,IDSRS Week 51 Bulletin (2025),2026-08-08T00:41:24Z
ICT,38,10,26,51,2025,https://www.nih.org.pk/wp-content/uploads/2026/01/IDSRS Weekly Report-51-2025-updated (1).pdf,IDSRS Week 51 Bulletin (2025),2026-08-08T00:41:24Z
Balochistan,1308,595,45,51,2025,https://www.nih.org.pk/wp-content/uploads/2026/01/IDSRS Weekly Report-51-2025-updated (1).pdf,IDSRS Week 51 Bulletin (2025),2026-08-08T00:41:24Z
GB,417,327,78,51,2025,https://www.nih.org.pk/wp-content/uploads/2026/01/IDSRS Weekly Report-51-2025-updated (1).pdf,IDSRS Week 51 Bulletin (2025),2026-08-08T00:41:24Z
Sindh,2111,2031,96,51,2025,https://www.nih.org.pk/wp-content/uploads/2026/01/IDSRS Weekly Report-51-2025-updated (1).pdf,IDSRS Week 51 Bulletin (2025),2026-08-08T00:41:24Z
National,6572,5036,77,51,2025,https://www.nih.org.pk/wp-content/uploads/2026/01/IDSRS Weekly Report-51-2025-updated (1).pdf,IDSRS Week 51 Bulletin (2025),2026-08-08T00:41:24Z
KP,2704,1686,62,50,2025,https://www.nih.org.pk/wp-content/uploads/2026/01/IDSRS Weekly Report-50-2025.pdf,IDSRS Week 50 Bulletin (2025),2026-08-08T00:41:27Z
AJK,469,379,81,50,2025,https://www.nih.org.pk/wp-content/uploads/2026/01/IDSRS Weekly Report-50-2025.pdf,IDSRS Week 50 Bulletin (2025),2026-08-08T00:41:27Z
ICT,38,27,71,50,2025,https://www.nih.org.pk/wp-content/uploads/2026/01/IDSRS Weekly Report-50-2025.pdf,IDSRS Week 50 Bulletin (2025),2026-08-08T00:41:27Z
Balochistan,1308,645,49,50,2025,https://www.nih.org.pk/wp-content/uploads/2026/01/IDSRS Weekly Report-50-2025.pdf,IDSRS Week 50 Bulletin (2025),2026-08-08T00:41:27Z
GB,417,374,90,50,2025,https://www.nih.org.pk/wp-content/uploads/2026/01/IDSRS Weekly Report-50-2025.pdf,IDSRS Week 50 Bulletin (2025),2026-08-08T00:41:27Z
Sindh,2111,2058,97,50,2025,https://www.nih.org.pk/wp-content/uploads/2026/01/IDSRS Weekly Report-50-2025.pdf,IDSRS Week 50 Bulletin (2025),2026-08-08T00:41:27Z
National,7047,5169,73,50,2025,https://www.nih.org.pk/wp-content/uploads/2026/01/IDSRS Weekly Report-50-2025.pdf,IDSRS Week 50 Bulletin (2025),2026-08-08T00:41:27Z
KP,2704,1686,62,49,2025,https://www.nih.org.pk/wp-content/uploads/2025/12/Weekly Report-49-2025.pdf,IDSRS Week 49 Bulletin (2025),2026-08-08T00:41:30Z
AJK,469,379,81,49,2025,https://www.nih.org.pk/wp-content/uploads/2025/12/Weekly Report-49-2025.pdf,IDSRS Week 49 Bulletin (2025),2026-08-08T00:41:30Z
ICT,38,27,71,49,2025,https://www.nih.org.pk/wp-content/uploads/2025/12/Weekly Report-49-2025.pdf,IDSRS Week 49 Bulletin (2025),2026-08-08T00:41:30Z
Balochistan,1308,645,49,49,2025,https://www.nih.org.pk/wp-content/uploads/2025/12/Weekly Report-49-2025.pdf,IDSRS Week 49 Bulletin (2025),2026-08-08T00:41:30Z
GB,417,374,90,49,2025,https://www.nih.org.pk/wp-content/uploads/2025/12/Weekly Report-49-2025.pdf,IDSRS Week 49 Bulletin (2025),2026-08-08T00:41:30Z
Sindh,2111,2058,97,49,2025,https://www.nih.org.pk/wp-content/uploads/2025/12/Weekly Report-49-2025.pdf,IDSRS Week 49 Bulletin (2025),2026-08-08T00:41:30Z
National,7047,5169,73,49,2025,https://www.nih.org.pk/wp-content/uploads/2025/12/Weekly Report-49-2025.pdf,IDSRS Week 49 Bulletin (2025),2026-08-08T00:41:30Z
KP,2704,1698,63,48,2025,https://www.nih.org.pk/wp-content/uploads/2025/12/Weekly_Report-48-2025.pdf,IDSRS Week 48 Bulletin (2025),2026-08-08T00:41:32Z
AJK,469,407,87,48,2025,https://www.nih.org.pk/wp-content/uploads/2025/12/Weekly_Report-48-2025.pdf,IDSRS Week 48 Bulletin (2025),2026-08-08T00:41:32Z
ICT,38,28,74,48,2025,https://www.nih.org.pk/wp-content/uploads/2025/12/Weekly_Report-48-2025.pdf,IDSRS Week 48 Bulletin (2025),2026-08-08T00:41:32Z
Balochistan,1308,577,44,48,2025,https://www.nih.org.pk/wp-content/uploads/2025/12/Weekly_Report-48-2025.pdf,IDSRS Week 48 Bulletin (2025),2026-08-08T00:41:32Z
GB,417,367,88,48,2025,https://www.nih.org.pk/wp-content/uploads/2025/12/Weekly_Report-48-2025.pdf,IDSRS Week 48 Bulletin (2025),2026-08-08T00:41:32Z
Sindh,2111,203,96,48,2025,https://www.nih.org.pk/wp-content/uploads/2025/12/Weekly_Report-48-2025.pdf,IDSRS Week 48 Bulletin (2025),2026-08-08T00:41:32Z
National,7047,5113,73,48,2025,https://www.nih.org.pk/wp-content/uploads/2025/12/Weekly_Report-48-2025.pdf,IDSRS Week 48 Bulletin (2025),2026-08-08T00:41:32Z
KP,2704,1630,60,47,2025,https://www.nih.org.pk/wp-content/uploads/2025/12/Weekly_Report-47-2025.pdf,IDSRS Week 47 Bulletin (2025),2026-08-08T00:41:35Z
AJK,469,419,89,47,2025,https://www.nih.org.pk/wp-content/uploads/2025/12/Weekly_Report-47-2025.pdf,IDSRS Week 47 Bulletin (2025),2026-08-08T00:41:35Z
ICT,38,28,74,47,2025,https://www.nih.org.pk/wp-content/uploads/2025/12/Weekly_Report-47-2025.pdf,IDSRS Week 47 Bulletin (2025),2026-08-08T00:41:35Z
Balochistan,1308,662,51,47,2025,https://www.nih.org.pk/wp-content/uploads/2025/12/Weekly_Report-47-2025.pdf,IDSRS Week 47 Bulletin (2025),2026-08-08T00:41:35Z
GB,417,366,88,47,2025,https://www.nih.org.pk/wp-content/uploads/2025/12/Weekly_Report-47-2025.pdf,IDSRS Week 47 Bulletin (2025),2026-08-08T00:41:35Z
Sindh,2111,2048,97,47,2025,https://www.nih.org.pk/wp-content/uploads/2025/12/Weekly_Report-47-2025.pdf,IDSRS Week 47 Bulletin (2025),2026-08-08T00:41:35Z
National,7047,5202,73,47,2025,https://www.nih.org.pk/wp-content/uploads/2025/12/Weekly_Report-47-2025.pdf,IDSRS Week 47 Bulletin (2025),2026-08-08T00:41:35Z
KP,2704,1686,62,46,2025,https://www.nih.org.pk/wp-content/uploads/2025/12/Weekly Report-46-2025.pdf,IDSRS Week 46 Bulletin (2025),2026-08-08T00:41:37Z
AJK,469,402,86,46,2025,https://www.nih.org.pk/wp-content/uploads/2025/12/Weekly Report-46-2025.pdf,IDSRS Week 46 Bulletin (2025),2026-08-08T00:41:37Z
ICT,38,24,63,46,2025,https://www.nih.org.pk/wp-content/uploads/2025/12/Weekly Report-46-2025.pdf,IDSRS Week 46 Bulletin (2025),2026-08-08T00:41:37Z
Balochistan,1308,657,50,46,2025,https://www.nih.org.pk/wp-content/uploads/2025/12/Weekly Report-46-2025.pdf,IDSRS Week 46 Bulletin (2025),2026-08-08T00:41:37Z
GB,417,372,89,46,2025,https://www.nih.org.pk/wp-content/uploads/2025/12/Weekly Report-46-2025.pdf,IDSRS Week 46 Bulletin (2025),2026-08-08T00:41:37Z
Sindh,2111,2061,98,46,2025,https://www.nih.org.pk/wp-content/uploads/2025/12/Weekly Report-46-2025.pdf,IDSRS Week 46 Bulletin (2025),2026-08-08T00:41:37Z
National,7047,5202,74,46,2025,https://www.nih.org.pk/wp-content/uploads/2025/12/Weekly Report-46-2025.pdf,IDSRS Week 46 Bulletin (2025),2026-08-08T00:41:37Z
KP,2704,1542,57,45,2025,https://www.nih.org.pk/wp-content/uploads/2025/11/Weekly Report-45-2025.pdf,IDSRS Week 45 Bulletin (2025),2026-08-08T00:41:40Z
AJK,469,339,72,45,2025,https://www.nih.org.pk/wp-content/uploads/2025/11/Weekly Report-45-2025.pdf,IDSRS Week 45 Bulletin (2025),2026-08-08T00:41:40Z
ICT,38,28,74,45,2025,https://www.nih.org.pk/wp-content/uploads/2025/11/Weekly Report-45-2025.pdf,IDSRS Week 45 Bulletin (2025),2026-08-08T00:41:40Z
Balochistan,1308,676,52,45,2025,https://www.nih.org.pk/wp-content/uploads/2025/11/Weekly Report-45-2025.pdf,IDSRS Week 45 Bulletin (2025),2026-08-08T00:41:40Z
GB,417,318,76,45,2025,https://www.nih.org.pk/wp-content/uploads/2025/11/Weekly Report-45-2025.pdf,IDSRS Week 45 Bulletin (2025),2026-08-08T00:41:40Z
Sindh,2111,2013,95,45,2025,https://www.nih.org.pk/wp-content/uploads/2025/11/Weekly Report-45-2025.pdf,IDSRS Week 45 Bulletin (2025),2026-08-08T00:41:40Z
National,7047,4900,70,45,2025,https://www.nih.org.pk/wp-content/uploads/2025/11/Weekly Report-45-2025.pdf,IDSRS Week 45 Bulletin (2025),2026-08-08T00:41:40Z
KP,2704,1707,63,44,2025,https://www.nih.org.pk/wp-content/uploads/2025/11/Weekly_Report-44-2025.pdf,IDSRS Week 44 Bulletin (2025),2026-08-08T00:41:42Z
AJK,469,410,87,44,2025,https://www.nih.org.pk/wp-content/uploads/2025/11/Weekly_Report-44-2025.pdf,IDSRS Week 44 Bulletin (2025),2026-08-08T00:41:42Z
ICT,38,28,74,44,2025,https://www.nih.org.pk/wp-content/uploads/2025/11/Weekly_Report-44-2025.pdf,IDSRS Week 44 Bulletin (2025),2026-08-08T00:41:42Z
Balochistan,1308,770,59,44,2025,https://www.nih.org.pk/wp-content/uploads/2025/11/Weekly_Report-44-2025.pdf,IDSRS Week 44 Bulletin (2025),2026-08-08T00:41:42Z
GB,417,372,89,44,2025,https://www.nih.org.pk/wp-content/uploads/2025/11/Weekly_Report-44-2025.pdf,IDSRS Week 44 Bulletin (2025),2026-08-08T00:41:42Z
Sindh,2111,2028,96,44,2025,https://www.nih.org.pk/wp-content/uploads/2025/11/Weekly_Report-44-2025.pdf,IDSRS Week 44 Bulletin (2025),2026-08-08T00:41:42Z
National,7047,5315,75,44,2025,https://www.nih.org.pk/wp-content/uploads/2025/11/Weekly_Report-44-2025.pdf,IDSRS Week 44 Bulletin (2025),2026-08-08T00:41:42Z
KP,2704,1820,67,43,2025,https://www.nih.org.pk/wp-content/uploads/2025/11/Weekly_Report-43-2025.pdf,IDSRS Week 43 Bulletin (2025),2026-08-08T00:41:45Z
AJK,454,433,95,43,2025,https://www.nih.org.pk/wp-content/uploads/2025/11/Weekly_Report-43-2025.pdf,IDSRS Week 43 Bulletin (2025),2026-08-08T00:41:45Z
ICT,38,27,71,43,2025,https://www.nih.org.pk/wp-content/uploads/2025/11/Weekly_Report-43-2025.pdf,IDSRS Week 43 Bulletin (2025),2026-08-08T00:41:45Z
Balochistan,1308,716,55,43,2025,https://www.nih.org.pk/wp-content/uploads/2025/11/Weekly_Report-43-2025.pdf,IDSRS Week 43 Bulletin (2025),2026-08-08T00:41:45Z
GB,410,377,92,43,2025,https://www.nih.org.pk/wp-content/uploads/2025/11/Weekly_Report-43-2025.pdf,IDSRS Week 43 Bulletin (2025),2026-08-08T00:41:45Z
Sindh,2111,2068,98,43,2025,https://www.nih.org.pk/wp-content/uploads/2025/11/Weekly_Report-43-2025.pdf,IDSRS Week 43 Bulletin (2025),2026-08-08T00:41:45Z
National,6986,5289,78,43,2025,https://www.nih.org.pk/wp-content/uploads/2025/11/Weekly_Report-43-2025.pdf,IDSRS Week 43 Bulletin (2025),2026-08-08T00:41:45Z
KP,2704,1820,67,42,2025,https://www.nih.org.pk/wp-content/uploads/2025/11/Weekly_Report-42-2025.pdf,IDSRS Week 42 Bulletin (2025),2026-08-08T00:41:47Z
AJK,454,433,95,42,2025,https://www.nih.org.pk/wp-content/uploads/2025/11/Weekly_Report-42-2025.pdf,IDSRS Week 42 Bulletin (2025),2026-08-08T00:41:47Z
ICT,38,27,71,42,2025,https://www.nih.org.pk/wp-content/uploads/2025/11/Weekly_Report-42-2025.pdf,IDSRS Week 42 Bulletin (2025),2026-08-08T00:41:47Z
Balochistan,1308,716,55,42,2025,https://www.nih.org.pk/wp-content/uploads/2025/11/Weekly_Report-42-2025.pdf,IDSRS Week 42 Bulletin (2025),2026-08-08T00:41:47Z
GB,410,377,92,42,2025,https://www.nih.org.pk/wp-content/uploads/2025/11/Weekly_Report-42-2025.pdf,IDSRS Week 42 Bulletin (2025),2026-08-08T00:41:47Z
Sindh,2111,2068,98,42,2025,https://www.nih.org.pk/wp-content/uploads/2025/11/Weekly_Report-42-2025.pdf,IDSRS Week 42 Bulletin (2025),2026-08-08T00:41:47Z
National,6986,5289,78,42,2025,https://www.nih.org.pk/wp-content/uploads/2025/11/Weekly_Report-42-2025.pdf,IDSRS Week 42 Bulletin (2025),2026-08-08T00:41:47Z
KP,2704,1760,65,41,2025,https://www.nih.org.pk/wp-content/uploads/2025/11/Weekly_Report-41-2025.pdf,IDSRS Week 41 Bulletin (2025),2026-08-08T00:41:50Z
AJK,469,451,96,41,2025,https://www.nih.org.pk/wp-content/uploads/2025/11/Weekly_Report-41-2025.pdf,IDSRS Week 41 Bulletin (2025),2026-08-08T00:41:50Z
ICT,38,26,68,41,2025,https://www.nih.org.pk/wp-content/uploads/2025/11/Weekly_Report-41-2025.pdf,IDSRS Week 41 Bulletin (2025),2026-08-08T00:41:50Z
Balochistan,1308,729,56,41,2025,https://www.nih.org.pk/wp-content/uploads/2025/11/Weekly_Report-41-2025.pdf,IDSRS Week 41 Bulletin (2025),2026-08-08T00:41:50Z
GB,417,374,90,41,2025,https://www.nih.org.pk/wp-content/uploads/2025/11/Weekly_Report-41-2025.pdf,IDSRS Week 41 Bulletin (2025),2026-08-08T00:41:50Z
Sindh,2111,2055,97,41,2025,https://www.nih.org.pk/wp-content/uploads/2025/11/Weekly_Report-41-2025.pdf,IDSRS Week 41 Bulletin (2025),2026-08-08T00:41:50Z
National,7047,5425,77,41,2025,https://www.nih.org.pk/wp-content/uploads/2025/11/Weekly_Report-41-2025.pdf,IDSRS Week 41 Bulletin (2025),2026-08-08T00:41:50Z
KP,2704,1769,65,40,2025,https://www.nih.org.pk/wp-content/uploads/2025/11/Weekly_Report-40-2025.pdf,IDSRS Week 40 Bulletin (2025),2026-08-08T00:41:53Z
AJK,469,412,88,40,2025,https://www.nih.org.pk/wp-content/uploads/2025/11/Weekly_Report-40-2025.pdf,IDSRS Week 40 Bulletin (2025),2026-08-08T00:41:53Z
ICT,38,26,68,40,2025,https://www.nih.org.pk/wp-content/uploads/2025/11/Weekly_Report-40-2025.pdf,IDSRS Week 40 Bulletin (2025),2026-08-08T00:41:53Z
Balochistan,1308,743,57,40,2025,https://www.nih.org.pk/wp-content/uploads/2025/11/Weekly_Report-40-2025.pdf,IDSRS Week 40 Bulletin (2025),2026-08-08T00:41:53Z
GB,417,374,90,40,2025,https://www.nih.org.pk/wp-content/uploads/2025/11/Weekly_Report-40-2025.pdf,IDSRS Week 40 Bulletin (2025),2026-08-08T00:41:53Z
Sindh,2111,2059,98,40,2025,https://www.nih.org.pk/wp-content/uploads/2025/11/Weekly_Report-40-2025.pdf,IDSRS Week 40 Bulletin (2025),2026-08-08T00:41:53Z
National,7047,5425,76,40,2025,https://www.nih.org.pk/wp-content/uploads/2025/11/Weekly_Report-40-2025.pdf,IDSRS Week 40 Bulletin (2025),2026-08-08T00:41:53Z
KP,2704,1802,67,39,2025,https://www.nih.org.pk/wp-content/uploads/2025/11/Weekly_Report-39-2025.pdf,IDSRS Week 39 Bulletin (2025),2026-08-08T00:41:55Z
AJK,469,357,76,39,2025,https://www.nih.org.pk/wp-content/uploads/2025/11/Weekly_Report-39-2025.pdf,IDSRS Week 39 Bulletin (2025),2026-08-08T00:41:55Z
ICT,38,30,79,39,2025,https://www.nih.org.pk/wp-content/uploads/2025/11/Weekly_Report-39-2025.pdf,IDSRS Week 39 Bulletin (2025),2026-08-08T00:41:55Z
Balochistan,1308,795,61,39,2025,https://www.nih.org.pk/wp-content/uploads/2025/11/Weekly_Report-39-2025.pdf,IDSRS Week 39 Bulletin (2025),2026-08-08T00:41:55Z
GB,417,380,91,39,2025,https://www.nih.org.pk/wp-content/uploads/2025/11/Weekly_Report-39-2025.pdf,IDSRS Week 39 Bulletin (2025),2026-08-08T00:41:55Z
Sindh,2111,2061,98,39,2025,https://www.nih.org.pk/wp-content/uploads/2025/11/Weekly_Report-39-2025.pdf,IDSRS Week 39 Bulletin (2025),2026-08-08T00:41:55Z
National,7047,5425,77,39,2025,https://www.nih.org.pk/wp-content/uploads/2025/11/Weekly_Report-39-2025.pdf,IDSRS Week 39 Bulletin (2025),2026-08-08T00:41:55Z
KP,2704,1752,65,38,2025,https://www.nih.org.pk/wp-content/uploads/2025/11/Weekly_Report-38-2025.pdf,IDSRS Week 38 Bulletin (2025),2026-08-08T00:41:58Z
AJK,469,459,98,38,2025,https://www.nih.org.pk/wp-content/uploads/2025/11/Weekly_Report-38-2025.pdf,IDSRS Week 38 Bulletin (2025),2026-08-08T00:41:58Z
ICT,38,26,68,38,2025,https://www.nih.org.pk/wp-content/uploads/2025/11/Weekly_Report-38-2025.pdf,IDSRS Week 38 Bulletin (2025),2026-08-08T00:41:58Z
Balochistan,1308,793,61,38,2025,https://www.nih.org.pk/wp-content/uploads/2025/11/Weekly_Report-38-2025.pdf,IDSRS Week 38 Bulletin (2025),2026-08-08T00:41:58Z
GB,417,378,91,38,2025,https://www.nih.org.pk/wp-content/uploads/2025/11/Weekly_Report-38-2025.pdf,IDSRS Week 38 Bulletin (2025),2026-08-08T00:41:58Z
Sindh,2111,2065,98,38,2025,https://www.nih.org.pk/wp-content/uploads/2025/11/Weekly_Report-38-2025.pdf,IDSRS Week 38 Bulletin (2025),2026-08-08T00:41:58Z
National,7047,5473,78,38,2025,https://www.nih.org.pk/wp-content/uploads/2025/11/Weekly_Report-38-2025.pdf,IDSRS Week 38 Bulletin (2025),2026-08-08T00:41:58Z
KP,2704,1701,63,37,2025,https://www.nih.org.pk/wp-content/uploads/2025/11/Weekly_Report-37-2025.pdf,IDSRS Week 37 Bulletin (2025),2026-08-08T00:42:00Z
AJK,469,466,99,37,2025,https://www.nih.org.pk/wp-content/uploads/2025/11/Weekly_Report-37-2025.pdf,IDSRS Week 37 Bulletin (2025),2026-08-08T00:42:00Z
ICT,38,31,82,37,2025,https://www.nih.org.pk/wp-content/uploads/2025/11/Weekly_Report-37-2025.pdf,IDSRS Week 37 Bulletin (2025),2026-08-08T00:42:00Z
Balochistan,1308,800,61,37,2025,https://www.nih.org.pk/wp-content/uploads/2025/11/Weekly_Report-37-2025.pdf,IDSRS Week 37 Bulletin (2025),2026-08-08T00:42:00Z
GB,417,366,88,37,2025,https://www.nih.org.pk/wp-content/uploads/2025/11/Weekly_Report-37-2025.pdf,IDSRS Week 37 Bulletin (2025),2026-08-08T00:42:00Z
Sindh,2111,2055,97,37,2025,https://www.nih.org.pk/wp-content/uploads/2025/11/Weekly_Report-37-2025.pdf,IDSRS Week 37 Bulletin (2025),2026-08-08T00:42:00Z
National,7047,5419,77,37,2025,https://www.nih.org.pk/wp-content/uploads/2025/11/Weekly_Report-37-2025.pdf,IDSRS Week 37 Bulletin (2025),2026-08-08T00:42:00Z
KP,2704,1720,64,36,2025,https://www.nih.org.pk/wp-content/uploads/2025/11/Weekly_Report-36-2025.pdf,IDSRS Week 36 Bulletin (2025),2026-08-08T00:42:03Z
AJK,469,468,100,36,2025,https://www.nih.org.pk/wp-content/uploads/2025/11/Weekly_Report-36-2025.pdf,IDSRS Week 36 Bulletin (2025),2026-08-08T00:42:03Z
ICT,38,29,76,36,2025,https://www.nih.org.pk/wp-content/uploads/2025/11/Weekly_Report-36-2025.pdf,IDSRS Week 36 Bulletin (2025),2026-08-08T00:42:03Z
National,1308,770,59,36,2025,https://www.nih.org.pk/wp-content/uploads/2025/11/Weekly_Report-36-2025.pdf,IDSRS Week 36 Bulletin (2025),2026-08-08T00:42:03Z
KP,2704,1753,65,35,2025,https://www.nih.org.pk/wp-content/uploads/2025/11/Weekly Report-35-2025.pdf,IDSRS Week 35 Bulletin (2025),2026-08-08T00:42:05Z
AJK,454,445,98,35,2025,https://www.nih.org.pk/wp-content/uploads/2025/11/Weekly Report-35-2025.pdf,IDSRS Week 35 Bulletin (2025),2026-08-08T00:42:05Z
ICT,38,30,79,35,2025,https://www.nih.org.pk/wp-content/uploads/2025/11/Weekly Report-35-2025.pdf,IDSRS Week 35 Bulletin (2025),2026-08-08T00:42:05Z
Balochistan,1308,799,61,35,2025,https://www.nih.org.pk/wp-content/uploads/2025/11/Weekly Report-35-2025.pdf,IDSRS Week 35 Bulletin (2025),2026-08-08T00:42:05Z
GB,410,372,91,35,2025,https://www.nih.org.pk/wp-content/uploads/2025/11/Weekly Report-35-2025.pdf,IDSRS Week 35 Bulletin (2025),2026-08-08T00:42:05Z
Sindh,2111,2049,97,35,2025,https://www.nih.org.pk/wp-content/uploads/2025/11/Weekly Report-35-2025.pdf,IDSRS Week 35 Bulletin (2025),2026-08-08T00:42:05Z
National,7025,5448,78,35,2025,https://www.nih.org.pk/wp-content/uploads/2025/11/Weekly Report-35-2025.pdf,IDSRS Week 35 Bulletin (2025),2026-08-08T00:42:05Z
KP,2704,1820,67,34,2025,https://www.nih.org.pk/wp-content/uploads/2025/11/Weekly_Report-34-2025.pdf,IDSRS Week 34 Bulletin (2025),2026-08-08T00:42:08Z
AJK,454,433,95,34,2025,https://www.nih.org.pk/wp-content/uploads/2025/11/Weekly_Report-34-2025.pdf,IDSRS Week 34 Bulletin (2025),2026-08-08T00:42:08Z
ICT,38,27,71,34,2025,https://www.nih.org.pk/wp-content/uploads/2025/11/Weekly_Report-34-2025.pdf,IDSRS Week 34 Bulletin (2025),2026-08-08T00:42:08Z
Balochistan,1308,716,55,34,2025,https://www.nih.org.pk/wp-content/uploads/2025/11/Weekly_Report-34-2025.pdf,IDSRS Week 34 Bulletin (2025),2026-08-08T00:42:08Z
GB,410,377,92,34,2025,https://www.nih.org.pk/wp-content/uploads/2025/11/Weekly_Report-34-2025.pdf,IDSRS Week 34 Bulletin (2025),2026-08-08T00:42:08Z
Sindh,2111,2068,98,34,2025,https://www.nih.org.pk/wp-content/uploads/2025/11/Weekly_Report-34-2025.pdf,IDSRS Week 34 Bulletin (2025),2026-08-08T00:42:08Z
National,6986,5289,78,34,2025,https://www.nih.org.pk/wp-content/uploads/2025/11/Weekly_Report-34-2025.pdf,IDSRS Week 34 Bulletin (2025),2026-08-08T00:42:08Z
KP,2704,1693,63,33,2025,https://www.nih.org.pk/wp-content/uploads/2025/11/Weekly_Report-33-2025.pdf,IDSRS Week 33 Bulletin (2025),2026-08-08T00:42:10Z
AJK,454,422,93,33,2025,https://www.nih.org.pk/wp-content/uploads/2025/11/Weekly_Report-33-2025.pdf,IDSRS Week 33 Bulletin (2025),2026-08-08T00:42:10Z
ICT,38,29,76,33,2025,https://www.nih.org.pk/wp-content/uploads/2025/11/Weekly_Report-33-2025.pdf,IDSRS Week 33 Bulletin (2025),2026-08-08T00:42:10Z
Balochistan,1308,578,44,33,2025,https://www.nih.org.pk/wp-content/uploads/2025/11/Weekly_Report-33-2025.pdf,IDSRS Week 33 Bulletin (2025),2026-08-08T00:42:10Z
GB,410,377,92,33,2025,https://www.nih.org.pk/wp-content/uploads/2025/11/Weekly_Report-33-2025.pdf,IDSRS Week 33 Bulletin (2025),2026-08-08T00:42:10Z
Sindh,2111,2033,96,33,2025,https://www.nih.org.pk/wp-content/uploads/2025/11/Weekly_Report-33-2025.pdf,IDSRS Week 33 Bulletin (2025),2026-08-08T00:42:10Z
National,6986,5289,73,33,2025,https://www.nih.org.pk/wp-content/uploads/2025/11/Weekly_Report-33-2025.pdf,IDSRS Week 33 Bulletin (2025),2026-08-08T00:42:10Z
KP,2704,1734,64,32,2025,https://www.nih.org.pk/wp-content/uploads/2025/11/Weekly_Report-32-2025.pdf,IDSRS Week 32 Bulletin (2025),2026-08-08T00:42:13Z
AJK,415,370,89,32,2025,https://www.nih.org.pk/wp-content/uploads/2025/11/Weekly_Report-32-2025.pdf,IDSRS Week 32 Bulletin (2025),2026-08-08T00:42:13Z
ICT,38,28,74,32,2025,https://www.nih.org.pk/wp-content/uploads/2025/11/Weekly_Report-32-2025.pdf,IDSRS Week 32 Bulletin (2025),2026-08-08T00:42:13Z
Balochistan,1308,475,36,32,2025,https://www.nih.org.pk/wp-content/uploads/2025/11/Weekly_Report-32-2025.pdf,IDSRS Week 32 Bulletin (2025),2026-08-08T00:42:13Z
GB,410,377,92,32,2025,https://www.nih.org.pk/wp-content/uploads/2025/11/Weekly_Report-32-2025.pdf,IDSRS Week 32 Bulletin (2025),2026-08-08T00:42:13Z
Sindh,2111,2026,96,32,2025,https://www.nih.org.pk/wp-content/uploads/2025/11/Weekly_Report-32-2025.pdf,IDSRS Week 32 Bulletin (2025),2026-08-08T00:42:13Z
National,6986,5289,72,32,2025,https://www.nih.org.pk/wp-content/uploads/2025/11/Weekly_Report-32-2025.pdf,IDSRS Week 32 Bulletin (2025),2026-08-08T00:42:13Z
KP,2704,1699,63,31,2025,https://www.nih.org.pk/wp-content/uploads/2025/11/Weekly Report-31-2025.pdf,IDSRS Week 31 Bulletin (2025),2026-08-08T00:42:16Z
AJK,415,401,97,31,2025,https://www.nih.org.pk/wp-content/uploads/2025/11/Weekly Report-31-2025.pdf,IDSRS Week 31 Bulletin (2025),2026-08-08T00:42:16Z
ICT,38,29,76,31,2025,https://www.nih.org.pk/wp-content/uploads/2025/11/Weekly Report-31-2025.pdf,IDSRS Week 31 Bulletin (2025),2026-08-08T00:42:16Z
Balochistan,1308,753,58,31,2025,https://www.nih.org.pk/wp-content/uploads/2025/11/Weekly Report-31-2025.pdf,IDSRS Week 31 Bulletin (2025),2026-08-08T00:42:16Z
GB,410,380,93,31,2025,https://www.nih.org.pk/wp-content/uploads/2025/11/Weekly Report-31-2025.pdf,IDSRS Week 31 Bulletin (2025),2026-08-08T00:42:16Z
Sindh,2111,2058,97,31,2025,https://www.nih.org.pk/wp-content/uploads/2025/11/Weekly Report-31-2025.pdf,IDSRS Week 31 Bulletin (2025),2026-08-08T00:42:16Z
National,6986,5289,76,31,2025,https://www.nih.org.pk/wp-content/uploads/2025/11/Weekly Report-31-2025.pdf,IDSRS Week 31 Bulletin (2025),2026-08-08T00:42:16Z
KP,2704,1682,62,30,2025,https://www.nih.org.pk/wp-content/uploads/2025/09/Weekly_Report-30-2025.pdf,IDSRS Week 30 Bulletin (2025),2026-08-08T00:42:18Z
AJK,415,396,95,30,2025,https://www.nih.org.pk/wp-content/uploads/2025/09/Weekly_Report-30-2025.pdf,IDSRS Week 30 Bulletin (2025),2026-08-08T00:42:18Z
ICT,38,28,74,30,2025,https://www.nih.org.pk/wp-content/uploads/2025/09/Weekly_Report-30-2025.pdf,IDSRS Week 30 Bulletin (2025),2026-08-08T00:42:18Z
Balochistan,1308,786,60,30,2025,https://www.nih.org.pk/wp-content/uploads/2025/09/Weekly_Report-30-2025.pdf,IDSRS Week 30 Bulletin (2025),2026-08-08T00:42:18Z
GB,410,378,92,30,2025,https://www.nih.org.pk/wp-content/uploads/2025/09/Weekly_Report-30-2025.pdf,IDSRS Week 30 Bulletin (2025),2026-08-08T00:42:18Z
Sindh,2111,2019,96,30,2025,https://www.nih.org.pk/wp-content/uploads/2025/09/Weekly_Report-30-2025.pdf,IDSRS Week 30 Bulletin (2025),2026-08-08T00:42:18Z
National,6986,5289,76,30,2025,https://www.nih.org.pk/wp-content/uploads/2025/09/Weekly_Report-30-2025.pdf,IDSRS Week 30 Bulletin (2025),2026-08-08T00:42:18Z
KP,2704,1708,63,29,2025,https://www.nih.org.pk/wp-content/uploads/2025/09/Weekly_Report-29-2025.pdf,IDSRS Week 29 Bulletin (2025),2026-08-08T00:42:21Z
AJK,414,381,92,29,2025,https://www.nih.org.pk/wp-content/uploads/2025/09/Weekly_Report-29-2025.pdf,IDSRS Week 29 Bulletin (2025),2026-08-08T00:42:21Z
ICT,38,29,76,29,2025,https://www.nih.org.pk/wp-content/uploads/2025/09/Weekly_Report-29-2025.pdf,IDSRS Week 29 Bulletin (2025),2026-08-08T00:42:21Z
National,1308,834,64,29,2025,https://www.nih.org.pk/wp-content/uploads/2025/09/Weekly_Report-29-2025.pdf,IDSRS Week 29 Bulletin (2025),2026-08-08T00:42:21Z
KP,2704,1697,63,28,2025,https://www.nih.org.pk/wp-content/uploads/2025/09/Weekly_Report-28-2025.pdf,IDSRS Week 28 Bulletin (2025),2026-08-08T00:42:24Z
AJK,404,382,95,28,2025,https://www.nih.org.pk/wp-content/uploads/2025/09/Weekly_Report-28-2025.pdf,IDSRS Week 28 Bulletin (2025),2026-08-08T00:42:24Z
ICT,38,29,76,28,2025,https://www.nih.org.pk/wp-content/uploads/2025/09/Weekly_Report-28-2025.pdf,IDSRS Week 28 Bulletin (2025),2026-08-08T00:42:24Z
National,1308,852,65,28,2025,https://www.nih.org.pk/wp-content/uploads/2025/09/Weekly_Report-28-2025.pdf,IDSRS Week 28 Bulletin (2025),2026-08-08T00:42:24Z
KP,2704,1661,61,27,2025,https://www.nih.org.pk/wp-content/uploads/2025/09/Weekly_Report-27-2025.pdf,IDSRS Week 27 Bulletin (2025),2026-08-08T00:42:26Z
AJK,404,372,92,27,2025,https://www.nih.org.pk/wp-content/uploads/2025/09/Weekly_Report-27-2025.pdf,IDSRS Week 27 Bulletin (2025),2026-08-08T00:42:26Z
ICT,38,31,82,27,2025,https://www.nih.org.pk/wp-content/uploads/2025/09/Weekly_Report-27-2025.pdf,IDSRS Week 27 Bulletin (2025),2026-08-08T00:42:26Z
Balochistan,1308,543,42,27,2025,https://www.nih.org.pk/wp-content/uploads/2025/09/Weekly_Report-27-2025.pdf,IDSRS Week 27 Bulletin (2025),2026-08-08T00:42:26Z
GB,410,379,92,27,2025,https://www.nih.org.pk/wp-content/uploads/2025/09/Weekly_Report-27-2025.pdf,IDSRS Week 27 Bulletin (2025),2026-08-08T00:42:26Z
Sindh,2111,2009,95,27,2025,https://www.nih.org.pk/wp-content/uploads/2025/09/Weekly_Report-27-2025.pdf,IDSRS Week 27 Bulletin (2025),2026-08-08T00:42:26Z
National,6975,4995,72,27,2025,https://www.nih.org.pk/wp-content/uploads/2025/09/Weekly_Report-27-2025.pdf,IDSRS Week 27 Bulletin (2025),2026-08-08T00:42:26Z
KP,2704,1737,64,26,2025,https://www.nih.org.pk/wp-content/uploads/2025/08/Weekly_Report_26-2025.pdf,IDSR Week 26 Bulletin (2025),2026-08-08T00:42:30Z
AJK,404,380,94,26,2025,https://www.nih.org.pk/wp-content/uploads/2025/08/Weekly_Report_26-2025.pdf,IDSR Week 26 Bulletin (2025),2026-08-08T00:42:30Z
ICT,38,29,76,26,2025,https://www.nih.org.pk/wp-content/uploads/2025/08/Weekly_Report_26-2025.pdf,IDSR Week 26 Bulletin (2025),2026-08-08T00:42:30Z
Balochistan,1308,564,43,26,2025,https://www.nih.org.pk/wp-content/uploads/2025/08/Weekly_Report_26-2025.pdf,IDSR Week 26 Bulletin (2025),2026-08-08T00:42:30Z
GB,410,380,93,26,2025,https://www.nih.org.pk/wp-content/uploads/2025/08/Weekly_Report_26-2025.pdf,IDSR Week 26 Bulletin (2025),2026-08-08T00:42:30Z
Sindh,2111,2038,97,26,2025,https://www.nih.org.pk/wp-content/uploads/2025/08/Weekly_Report_26-2025.pdf,IDSR Week 26 Bulletin (2025),2026-08-08T00:42:30Z
National,6975,5128,74,26,2025,https://www.nih.org.pk/wp-content/uploads/2025/08/Weekly_Report_26-2025.pdf,IDSR Week 26 Bulletin (2025),2026-08-08T00:42:30Z
KP,2704,1724,64,25,2025,https://www.nih.org.pk/wp-content/uploads/2025/08/Weekly_Report-25-2025.pdf,IDSR Week 25 Bulletin (2025),2026-08-08T00:42:32Z
AJK,404,381,94,25,2025,https://www.nih.org.pk/wp-content/uploads/2025/08/Weekly_Report-25-2025.pdf,IDSR Week 25 Bulletin (2025),2026-08-08T00:42:32Z
ICT,38,29,76,25,2025,https://www.nih.org.pk/wp-content/uploads/2025/08/Weekly_Report-25-2025.pdf,IDSR Week 25 Bulletin (2025),2026-08-08T00:42:32Z
Balochistan,1308,555,42,25,2025,https://www.nih.org.pk/wp-content/uploads/2025/08/Weekly_Report-25-2025.pdf,IDSR Week 25 Bulletin (2025),2026-08-08T00:42:32Z
GB,410,377,92,25,2025,https://www.nih.org.pk/wp-content/uploads/2025/08/Weekly_Report-25-2025.pdf,IDSR Week 25 Bulletin (2025),2026-08-08T00:42:32Z
Sindh,2111,2028,96,25,2025,https://www.nih.org.pk/wp-content/uploads/2025/08/Weekly_Report-25-2025.pdf,IDSR Week 25 Bulletin (2025),2026-08-08T00:42:32Z
National,6975,5094,73,25,2025,https://www.nih.org.pk/wp-content/uploads/2025/08/Weekly_Report-25-2025.pdf,IDSR Week 25 Bulletin (2025),2026-08-08T00:42:32Z
KP,2704,1726,64,24,2025,https://www.nih.org.pk/wp-content/uploads/2025/08/Weekly_Report-24-2025.pdf,IDSR Week 24 Bulletin (2025),2026-08-08T00:42:35Z
AJK,404,342,85,24,2025,https://www.nih.org.pk/wp-content/uploads/2025/08/Weekly_Report-24-2025.pdf,IDSR Week 24 Bulletin (2025),2026-08-08T00:42:35Z
ICT,38,28,74,24,2025,https://www.nih.org.pk/wp-content/uploads/2025/08/Weekly_Report-24-2025.pdf,IDSR Week 24 Bulletin (2025),2026-08-08T00:42:35Z
Balochistan,1308,611,47,24,2025,https://www.nih.org.pk/wp-content/uploads/2025/08/Weekly_Report-24-2025.pdf,IDSR Week 24 Bulletin (2025),2026-08-08T00:42:35Z
GB,410,378,92,24,2025,https://www.nih.org.pk/wp-content/uploads/2025/08/Weekly_Report-24-2025.pdf,IDSR Week 24 Bulletin (2025),2026-08-08T00:42:35Z
Sindh,2111,2039,97,24,2025,https://www.nih.org.pk/wp-content/uploads/2025/08/Weekly_Report-24-2025.pdf,IDSR Week 24 Bulletin (2025),2026-08-08T00:42:35Z
National,6975,5124,73,24,2025,https://www.nih.org.pk/wp-content/uploads/2025/08/Weekly_Report-24-2025.pdf,IDSR Week 24 Bulletin (2025),2026-08-08T00:42:35Z
KP,2704,1557,58,23,2025,https://www.nih.org.pk/wp-content/uploads/2025/08/Weekly_Report-23-2025.pdf,IDSR Week 23 Bulletin (2025),2026-08-08T00:42:37Z
AJK,404,379,94,23,2025,https://www.nih.org.pk/wp-content/uploads/2025/08/Weekly_Report-23-2025.pdf,IDSR Week 23 Bulletin (2025),2026-08-08T00:42:37Z
ICT,38,28,74,23,2025,https://www.nih.org.pk/wp-content/uploads/2025/08/Weekly_Report-23-2025.pdf,IDSR Week 23 Bulletin (2025),2026-08-08T00:42:37Z
Balochistan,1308,353,27,23,2025,https://www.nih.org.pk/wp-content/uploads/2025/08/Weekly_Report-23-2025.pdf,IDSR Week 23 Bulletin (2025),2026-08-08T00:42:37Z
GB,410,368,90,23,2025,https://www.nih.org.pk/wp-content/uploads/2025/08/Weekly_Report-23-2025.pdf,IDSR Week 23 Bulletin (2025),2026-08-08T00:42:37Z
Sindh,2111,1943,92,23,2025,https://www.nih.org.pk/wp-content/uploads/2025/08/Weekly_Report-23-2025.pdf,IDSR Week 23 Bulletin (2025),2026-08-08T00:42:37Z
National,6975,4628,66,23,2025,https://www.nih.org.pk/wp-content/uploads/2025/08/Weekly_Report-23-2025.pdf,IDSR Week 23 Bulletin (2025),2026-08-08T00:42:37Z
KP,2701,1732,64,22,2025,https://www.nih.org.pk/wp-content/uploads/2025/08/Weekly_Report-22-2025.pdf,IDSR Week 22 Bulletin (2025),2026-08-08T00:42:40Z
AJK,404,379,94,22,2025,https://www.nih.org.pk/wp-content/uploads/2025/08/Weekly_Report-22-2025.pdf,IDSR Week 22 Bulletin (2025),2026-08-08T00:42:40Z
ICT,38,27,71,22,2025,https://www.nih.org.pk/wp-content/uploads/2025/08/Weekly_Report-22-2025.pdf,IDSR Week 22 Bulletin (2025),2026-08-08T00:42:40Z
Balochistan,1308,593,45,22,2025,https://www.nih.org.pk/wp-content/uploads/2025/08/Weekly_Report-22-2025.pdf,IDSR Week 22 Bulletin (2025),2026-08-08T00:42:40Z
GB,409,361,88,22,2025,https://www.nih.org.pk/wp-content/uploads/2025/08/Weekly_Report-22-2025.pdf,IDSR Week 22 Bulletin (2025),2026-08-08T00:42:40Z
Sindh,2111,2020,96,22,2025,https://www.nih.org.pk/wp-content/uploads/2025/08/Weekly_Report-22-2025.pdf,IDSR Week 22 Bulletin (2025),2026-08-08T00:42:40Z
National,6971,5112,73,22,2025,https://www.nih.org.pk/wp-content/uploads/2025/08/Weekly_Report-22-2025.pdf,IDSR Week 22 Bulletin (2025),2026-08-08T00:42:40Z
KP,2315,1661,72,21,2025,https://www.nih.org.pk/wp-content/uploads/2025/06/Weekly_Report-21-2025.pdf,IDSR Week 21 Bulletin (2025),2026-08-08T00:42:42Z
AJK,404,377,93,21,2025,https://www.nih.org.pk/wp-content/uploads/2025/06/Weekly_Report-21-2025.pdf,IDSR Week 21 Bulletin (2025),2026-08-08T00:42:42Z
ICT,36,27,75,21,2025,https://www.nih.org.pk/wp-content/uploads/2025/06/Weekly_Report-21-2025.pdf,IDSR Week 21 Bulletin (2025),2026-08-08T00:42:42Z
Balochistan,1304,644,49,21,2025,https://www.nih.org.pk/wp-content/uploads/2025/06/Weekly_Report-21-2025.pdf,IDSR Week 21 Bulletin (2025),2026-08-08T00:42:42Z
GB,409,375,92,21,2025,https://www.nih.org.pk/wp-content/uploads/2025/06/Weekly_Report-21-2025.pdf,IDSR Week 21 Bulletin (2025),2026-08-08T00:42:42Z
Sindh,2107,2022,96,21,2025,https://www.nih.org.pk/wp-content/uploads/2025/06/Weekly_Report-21-2025.pdf,IDSR Week 21 Bulletin (2025),2026-08-08T00:42:42Z
National,6575,5106,78,21,2025,https://www.nih.org.pk/wp-content/uploads/2025/06/Weekly_Report-21-2025.pdf,IDSR Week 21 Bulletin (2025),2026-08-08T00:42:42Z
KP,2315,1699,73,20,2025,https://www.nih.org.pk/wp-content/uploads/2025/06/Weekly_Report-20-2025.pdf,IDSR Week 20 Bulletin (2025),2026-08-08T00:42:45Z
AJK,404,380,94,20,2025,https://www.nih.org.pk/wp-content/uploads/2025/06/Weekly_Report-20-2025.pdf,IDSR Week 20 Bulletin (2025),2026-08-08T00:42:45Z
ICT,36,28,80,20,2025,https://www.nih.org.pk/wp-content/uploads/2025/06/Weekly_Report-20-2025.pdf,IDSR Week 20 Bulletin (2025),2026-08-08T00:42:45Z
Balochistan,1304,702,57,20,2025,https://www.nih.org.pk/wp-content/uploads/2025/06/Weekly_Report-20-2025.pdf,IDSR Week 20 Bulletin (2025),2026-08-08T00:42:45Z
GB,405,374,92,20,2025,https://www.nih.org.pk/wp-content/uploads/2025/06/Weekly_Report-20-2025.pdf,IDSR Week 20 Bulletin (2025),2026-08-08T00:42:45Z
Sindh,2108,2011,95,20,2025,https://www.nih.org.pk/wp-content/uploads/2025/06/Weekly_Report-20-2025.pdf,IDSR Week 20 Bulletin (2025),2026-08-08T00:42:45Z
National,6572,5194,79,20,2025,https://www.nih.org.pk/wp-content/uploads/2025/06/Weekly_Report-20-2025.pdf,IDSR Week 20 Bulletin (2025),2026-08-08T00:42:45Z
KP,2315,1699,73,19,2025,https://www.nih.org.pk/wp-content/uploads/2025/06/Weekly_Report-19-2025.pdf,IDSR Week 19 Bulletin (2025),2026-08-08T00:42:47Z
AJK,404,380,94,19,2025,https://www.nih.org.pk/wp-content/uploads/2025/06/Weekly_Report-19-2025.pdf,IDSR Week 19 Bulletin (2025),2026-08-08T00:42:47Z
ICT,36,28,78,19,2025,https://www.nih.org.pk/wp-content/uploads/2025/06/Weekly_Report-19-2025.pdf,IDSR Week 19 Bulletin (2025),2026-08-08T00:42:47Z
Balochistan,1304,702,54,19,2025,https://www.nih.org.pk/wp-content/uploads/2025/06/Weekly_Report-19-2025.pdf,IDSR Week 19 Bulletin (2025),2026-08-08T00:42:47Z
GB,405,374,92,19,2025,https://www.nih.org.pk/wp-content/uploads/2025/06/Weekly_Report-19-2025.pdf,IDSR Week 19 Bulletin (2025),2026-08-08T00:42:47Z
Sindh,2108,2011,95,19,2025,https://www.nih.org.pk/wp-content/uploads/2025/06/Weekly_Report-19-2025.pdf,IDSR Week 19 Bulletin (2025),2026-08-08T00:42:47Z
National,6572,5194,79,19,2025,https://www.nih.org.pk/wp-content/uploads/2025/06/Weekly_Report-19-2025.pdf,IDSR Week 19 Bulletin (2025),2026-08-08T00:42:47Z
KP,2315,1732,75,18,2025,https://www.nih.org.pk/wp-content/uploads/2025/06/Weekly_Report-18-2025.pdf,IDSR Week 18 Bulletin (2025),2026-08-08T00:42:50Z
AJK,404,382,95,18,2025,https://www.nih.org.pk/wp-content/uploads/2025/06/Weekly_Report-18-2025.pdf,IDSR Week 18 Bulletin (2025),2026-08-08T00:42:50Z
ICT,36,28,78,18,2025,https://www.nih.org.pk/wp-content/uploads/2025/06/Weekly_Report-18-2025.pdf,IDSR Week 18 Bulletin (2025),2026-08-08T00:42:50Z
Balochistan,1304,751,58,18,2025,https://www.nih.org.pk/wp-content/uploads/2025/06/Weekly_Report-18-2025.pdf,IDSR Week 18 Bulletin (2025),2026-08-08T00:42:50Z
GB,405,373,92,18,2025,https://www.nih.org.pk/wp-content/uploads/2025/06/Weekly_Report-18-2025.pdf,IDSR Week 18 Bulletin (2025),2026-08-08T00:42:50Z
Sindh,2114,1990,94,18,2025,https://www.nih.org.pk/wp-content/uploads/2025/06/Weekly_Report-18-2025.pdf,IDSR Week 18 Bulletin (2025),2026-08-08T00:42:50Z
National,6578,5256,80,18,2025,https://www.nih.org.pk/wp-content/uploads/2025/06/Weekly_Report-18-2025.pdf,IDSR Week 18 Bulletin (2025),2026-08-08T00:42:50Z
KP,2315,1732,75,17,2025,https://www.nih.org.pk/wp-content/uploads/2025/06/Weekly_Report-17-2025.pdf,IDSR Week 17 Bulletin (2025),2026-08-08T00:42:52Z
AJK,404,382,95,17,2025,https://www.nih.org.pk/wp-content/uploads/2025/06/Weekly_Report-17-2025.pdf,IDSR Week 17 Bulletin (2025),2026-08-08T00:42:52Z
ICT,36,28,78,17,2025,https://www.nih.org.pk/wp-content/uploads/2025/06/Weekly_Report-17-2025.pdf,IDSR Week 17 Bulletin (2025),2026-08-08T00:42:52Z
Balochistan,1304,751,58,17,2025,https://www.nih.org.pk/wp-content/uploads/2025/06/Weekly_Report-17-2025.pdf,IDSR Week 17 Bulletin (2025),2026-08-08T00:42:52Z
GB,405,373,92,17,2025,https://www.nih.org.pk/wp-content/uploads/2025/06/Weekly_Report-17-2025.pdf,IDSR Week 17 Bulletin (2025),2026-08-08T00:42:52Z
Sindh,2114,1990,94,17,2025,https://www.nih.org.pk/wp-content/uploads/2025/06/Weekly_Report-17-2025.pdf,IDSR Week 17 Bulletin (2025),2026-08-08T00:42:52Z
National,6578,5256,80,17,2025,https://www.nih.org.pk/wp-content/uploads/2025/06/Weekly_Report-17-2025.pdf,IDSR Week 17 Bulletin (2025),2026-08-08T00:42:52Z
KP,2315,1699,73,16,2025,https://www.nih.org.pk/wp-content/uploads/2025/06/IDSR Week 16 Bulletin (2025).pdf,IDSR Week 16 Bulletin (2025),2026-08-08T00:42:55Z
AJK,404,358,89,16,2025,https://www.nih.org.pk/wp-content/uploads/2025/06/IDSR Week 16 Bulletin (2025).pdf,IDSR Week 16 Bulletin (2025),2026-08-08T00:42:55Z
ICT,36,29,81,16,2025,https://www.nih.org.pk/wp-content/uploads/2025/06/IDSR Week 16 Bulletin (2025).pdf,IDSR Week 16 Bulletin (2025),2026-08-08T00:42:55Z
Balochistan,1308,766,59,16,2025,https://www.nih.org.pk/wp-content/uploads/2025/06/IDSR Week 16 Bulletin (2025).pdf,IDSR Week 16 Bulletin (2025),2026-08-08T00:42:55Z
GB,405,377,93,16,2025,https://www.nih.org.pk/wp-content/uploads/2025/06/IDSR Week 16 Bulletin (2025).pdf,IDSR Week 16 Bulletin (2025),2026-08-08T00:42:55Z
Sindh,2094,1974,94,16,2025,https://www.nih.org.pk/wp-content/uploads/2025/06/IDSR Week 16 Bulletin (2025).pdf,IDSR Week 16 Bulletin (2025),2026-08-08T00:42:55Z
National,6562,5203,79,16,2025,https://www.nih.org.pk/wp-content/uploads/2025/06/IDSR Week 16 Bulletin (2025).pdf,IDSR Week 16 Bulletin (2025),2026-08-08T00:42:55Z
KP,2315,1699,73,15,2025,https://www.nih.org.pk/wp-content/uploads/2025/06/IDSR Week 15 Bulletin (2025).pdf,IDSR Week 15 Bulletin (2025),2026-08-08T00:42:58Z
AJK,404,358,89,15,2025,https://www.nih.org.pk/wp-content/uploads/2025/06/IDSR Week 15 Bulletin (2025).pdf,IDSR Week 15 Bulletin (2025),2026-08-08T00:42:58Z
ICT,36,29,81,15,2025,https://www.nih.org.pk/wp-content/uploads/2025/06/IDSR Week 15 Bulletin (2025).pdf,IDSR Week 15 Bulletin (2025),2026-08-08T00:42:58Z
Balochistan,1308,740,57,15,2025,https://www.nih.org.pk/wp-content/uploads/2025/06/IDSR Week 15 Bulletin (2025).pdf,IDSR Week 15 Bulletin (2025),2026-08-08T00:42:58Z
GB,405,377,93,15,2025,https://www.nih.org.pk/wp-content/uploads/2025/06/IDSR Week 15 Bulletin (2025).pdf,IDSR Week 15 Bulletin (2025),2026-08-08T00:42:58Z
Sindh,2095,1974,94,15,2025,https://www.nih.org.pk/wp-content/uploads/2025/06/IDSR Week 15 Bulletin (2025).pdf,IDSR Week 15 Bulletin (2025),2026-08-08T00:42:58Z
National,6563,5177,79,15,2025,https://www.nih.org.pk/wp-content/uploads/2025/06/IDSR Week 15 Bulletin (2025).pdf,IDSR Week 15 Bulletin (2025),2026-08-08T00:42:58Z
KP,2315,1725,75,14,2025,https://www.nih.org.pk/wp-content/uploads/2025/06/IDSR Week 14 Bulletin (2025).pdf,IDSR Week 14 Bulletin (2025),2026-08-08T00:43:00Z
AJK,404,380,94,14,2025,https://www.nih.org.pk/wp-content/uploads/2025/06/IDSR Week 14 Bulletin (2025).pdf,IDSR Week 14 Bulletin (2025),2026-08-08T00:43:00Z
ICT,36,29,81,14,2025,https://www.nih.org.pk/wp-content/uploads/2025/06/IDSR Week 14 Bulletin (2025).pdf,IDSR Week 14 Bulletin (2025),2026-08-08T00:43:00Z
Balochistan,1308,751,57,14,2025,https://www.nih.org.pk/wp-content/uploads/2025/06/IDSR Week 14 Bulletin (2025).pdf,IDSR Week 14 Bulletin (2025),2026-08-08T00:43:00Z
GB,405,371,92,14,2025,https://www.nih.org.pk/wp-content/uploads/2025/06/IDSR Week 14 Bulletin (2025).pdf,IDSR Week 14 Bulletin (2025),2026-08-08T00:43:00Z
Sindh,2095,1982,95,14,2025,https://www.nih.org.pk/wp-content/uploads/2025/06/IDSR Week 14 Bulletin (2025).pdf,IDSR Week 14 Bulletin (2025),2026-08-08T00:43:00Z
National,6563,5238,80,14,2025,https://www.nih.org.pk/wp-content/uploads/2025/06/IDSR Week 14 Bulletin (2025).pdf,IDSR Week 14 Bulletin (2025),2026-08-08T00:43:00Z
KP,2315,1456,63,13,2025,https://www.nih.org.pk/wp-content/uploads/2025/06/IDSR Week 13 Bulletin (2025).pdf,IDSR Week 13 Bulletin (2025),2026-08-08T00:43:03Z
AJK,404,296,73,13,2025,https://www.nih.org.pk/wp-content/uploads/2025/06/IDSR Week 13 Bulletin (2025).pdf,IDSR Week 13 Bulletin (2025),2026-08-08T00:43:03Z
ICT,36,28,78,13,2025,https://www.nih.org.pk/wp-content/uploads/2025/06/IDSR Week 13 Bulletin (2025).pdf,IDSR Week 13 Bulletin (2025),2026-08-08T00:43:03Z
Balochistan,1308,504,39,13,2025,https://www.nih.org.pk/wp-content/uploads/2025/06/IDSR Week 13 Bulletin (2025).pdf,IDSR Week 13 Bulletin (2025),2026-08-08T00:43:03Z
GB,405,373,92,13,2025,https://www.nih.org.pk/wp-content/uploads/2025/06/IDSR Week 13 Bulletin (2025).pdf,IDSR Week 13 Bulletin (2025),2026-08-08T00:43:03Z
Sindh,2095,1943,93,13,2025,https://www.nih.org.pk/wp-content/uploads/2025/06/IDSR Week 13 Bulletin (2025).pdf,IDSR Week 13 Bulletin (2025),2026-08-08T00:43:03Z
National,6563,4600,70,13,2025,https://www.nih.org.pk/wp-content/uploads/2025/06/IDSR Week 13 Bulletin (2025).pdf,IDSR Week 13 Bulletin (2025),2026-08-08T00:43:03Z
KP,2315,1738,75,12,2025,https://www.nih.org.pk/wp-content/uploads/2025/05/Weekly_Report-12-2025.pdf,IDSR Week 12 Bulletin (2025),2026-08-08T00:43:05Z
AJK,404,380,94,12,2025,https://www.nih.org.pk/wp-content/uploads/2025/05/Weekly_Report-12-2025.pdf,IDSR Week 12 Bulletin (2025),2026-08-08T00:43:05Z
ICT,36,28,78,12,2025,https://www.nih.org.pk/wp-content/uploads/2025/05/Weekly_Report-12-2025.pdf,IDSR Week 12 Bulletin (2025),2026-08-08T00:43:05Z
Balochistan,1308,901,69,12,2025,https://www.nih.org.pk/wp-content/uploads/2025/05/Weekly_Report-12-2025.pdf,IDSR Week 12 Bulletin (2025),2026-08-08T00:43:05Z
GB,405,373,92,12,2025,https://www.nih.org.pk/wp-content/uploads/2025/05/Weekly_Report-12-2025.pdf,IDSR Week 12 Bulletin (2025),2026-08-08T00:43:05Z
Sindh,2095,1989,95,12,2025,https://www.nih.org.pk/wp-content/uploads/2025/05/Weekly_Report-12-2025.pdf,IDSR Week 12 Bulletin (2025),2026-08-08T00:43:05Z
National,6563,5409,82,12,2025,https://www.nih.org.pk/wp-content/uploads/2025/05/Weekly_Report-12-2025.pdf,IDSR Week 12 Bulletin (2025),2026-08-08T00:43:05Z
KP,2315,1770,76,11,2025,https://www.nih.org.pk/wp-content/uploads/2025/05/Weekly_Report-11-2025.pdf,IDSR Week 11 Bulletin (2025),2026-08-08T00:43:08Z
AJK,404,378,93,11,2025,https://www.nih.org.pk/wp-content/uploads/2025/05/Weekly_Report-11-2025.pdf,IDSR Week 11 Bulletin (2025),2026-08-08T00:43:08Z
ICT,36,29,80,11,2025,https://www.nih.org.pk/wp-content/uploads/2025/05/Weekly_Report-11-2025.pdf,IDSR Week 11 Bulletin (2025),2026-08-08T00:43:08Z
Balochistan,1307,876,67,11,2025,https://www.nih.org.pk/wp-content/uploads/2025/05/Weekly_Report-11-2025.pdf,IDSR Week 11 Bulletin (2025),2026-08-08T00:43:08Z
GB,405,374,92,11,2025,https://www.nih.org.pk/wp-content/uploads/2025/05/Weekly_Report-11-2025.pdf,IDSR Week 11 Bulletin (2025),2026-08-08T00:43:08Z
Sindh,2095,2032,97,11,2025,https://www.nih.org.pk/wp-content/uploads/2025/05/Weekly_Report-11-2025.pdf,IDSR Week 11 Bulletin (2025),2026-08-08T00:43:08Z
National,6562,5459,83,11,2025,https://www.nih.org.pk/wp-content/uploads/2025/05/Weekly_Report-11-2025.pdf,IDSR Week 11 Bulletin (2025),2026-08-08T00:43:08Z
KP,2315,1707,74,10,2025,https://www.nih.org.pk/wp-content/uploads/2025/05/Weekly_Report-10-2025.pdf,IDSR Week 10 Bulletin (2025),2026-08-08T00:43:11Z
AJK,404,378,94,10,2025,https://www.nih.org.pk/wp-content/uploads/2025/05/Weekly_Report-10-2025.pdf,IDSR Week 10 Bulletin (2025),2026-08-08T00:43:11Z
ICT,36,29,81,10,2025,https://www.nih.org.pk/wp-content/uploads/2025/05/Weekly_Report-10-2025.pdf,IDSR Week 10 Bulletin (2025),2026-08-08T00:43:11Z
Balochistan,1307,865,66,10,2025,https://www.nih.org.pk/wp-content/uploads/2025/05/Weekly_Report-10-2025.pdf,IDSR Week 10 Bulletin (2025),2026-08-08T00:43:11Z
GB,405,376,93,10,2025,https://www.nih.org.pk/wp-content/uploads/2025/05/Weekly_Report-10-2025.pdf,IDSR Week 10 Bulletin (2025),2026-08-08T00:43:11Z
Sindh,2098,2034,97,10,2025,https://www.nih.org.pk/wp-content/uploads/2025/05/Weekly_Report-10-2025.pdf,IDSR Week 10 Bulletin (2025),2026-08-08T00:43:11Z
National,6565,5389,82,10,2025,https://www.nih.org.pk/wp-content/uploads/2025/05/Weekly_Report-10-2025.pdf,IDSR Week 10 Bulletin (2025),2026-08-08T00:43:11Z
KP,2315,1806,77,9,2025,https://www.nih.org.pk/wp-content/uploads/2025/04/Weekly_Report-09-2025.pdf,IDSR Week 09 Bulletin (2025),2026-08-08T00:43:14Z
AJK,404,377,94,9,2025,https://www.nih.org.pk/wp-content/uploads/2025/04/Weekly_Report-09-2025.pdf,IDSR Week 09 Bulletin (2025),2026-08-08T00:43:14Z
ICT,36,23,70,9,2025,https://www.nih.org.pk/wp-content/uploads/2025/04/Weekly_Report-09-2025.pdf,IDSR Week 09 Bulletin (2025),2026-08-08T00:43:14Z
Balochistan,1308,768,60,9,2025,https://www.nih.org.pk/wp-content/uploads/2025/04/Weekly_Report-09-2025.pdf,IDSR Week 09 Bulletin (2025),2026-08-08T00:43:14Z
GB,405,376,92,9,2025,https://www.nih.org.pk/wp-content/uploads/2025/04/Weekly_Report-09-2025.pdf,IDSR Week 09 Bulletin (2025),2026-08-08T00:43:14Z
Sindh,2098,2031,96,9,2025,https://www.nih.org.pk/wp-content/uploads/2025/04/Weekly_Report-09-2025.pdf,IDSR Week 09 Bulletin (2025),2026-08-08T00:43:14Z
National,6566,5381,83,9,2025,https://www.nih.org.pk/wp-content/uploads/2025/04/Weekly_Report-09-2025.pdf,IDSR Week 09 Bulletin (2025),2026-08-08T00:43:14Z
KP,2315,1806,78,8,2025,https://www.nih.org.pk/wp-content/uploads/2025/03/Weekly_Report-08-2025.pdf,IDSR Week 08 Bulletin (2025),2026-08-08T00:43:17Z
AJK,404,377,93,8,2025,https://www.nih.org.pk/wp-content/uploads/2025/03/Weekly_Report-08-2025.pdf,IDSR Week 08 Bulletin (2025),2026-08-08T00:43:17Z
ICT,36,23,63,8,2025,https://www.nih.org.pk/wp-content/uploads/2025/03/Weekly_Report-08-2025.pdf,IDSR Week 08 Bulletin (2025),2026-08-08T00:43:17Z
Balochistan,1308,768,58,8,2025,https://www.nih.org.pk/wp-content/uploads/2025/03/Weekly_Report-08-2025.pdf,IDSR Week 08 Bulletin (2025),2026-08-08T00:43:17Z
GB,405,376,92,8,2025,https://www.nih.org.pk/wp-content/uploads/2025/03/Weekly_Report-08-2025.pdf,IDSR Week 08 Bulletin (2025),2026-08-08T00:43:17Z
Sindh,2098,2031,96,8,2025,https://www.nih.org.pk/wp-content/uploads/2025/03/Weekly_Report-08-2025.pdf,IDSR Week 08 Bulletin (2025),2026-08-08T00:43:17Z
National,6566,5381,82,8,2025,https://www.nih.org.pk/wp-content/uploads/2025/03/Weekly_Report-08-2025.pdf,IDSR Week 08 Bulletin (2025),2026-08-08T00:43:17Z
KP,2245,1690,75,7,2025,https://www.nih.org.pk/wp-content/uploads/2025/03/Weekly_Report-07-2025.pdf,IDSR Week 07 Bulletin (2025),2026-08-08T00:43:20Z
AJK,404,379,94,7,2025,https://www.nih.org.pk/wp-content/uploads/2025/03/Weekly_Report-07-2025.pdf,IDSR Week 07 Bulletin (2025),2026-08-08T00:43:20Z
ICT,36,28,80,7,2025,https://www.nih.org.pk/wp-content/uploads/2025/03/Weekly_Report-07-2025.pdf,IDSR Week 07 Bulletin (2025),2026-08-08T00:43:20Z
Balochistan,1308,797,60,7,2025,https://www.nih.org.pk/wp-content/uploads/2025/03/Weekly_Report-07-2025.pdf,IDSR Week 07 Bulletin (2025),2026-08-08T00:43:20Z
GB,405,372,92,7,2025,https://www.nih.org.pk/wp-content/uploads/2025/03/Weekly_Report-07-2025.pdf,IDSR Week 07 Bulletin (2025),2026-08-08T00:43:20Z
Sindh,2116,2025,96,7,2025,https://www.nih.org.pk/wp-content/uploads/2025/03/Weekly_Report-07-2025.pdf,IDSR Week 07 Bulletin (2025),2026-08-08T00:43:20Z
National,6474,5292,82,7,2025,https://www.nih.org.pk/wp-content/uploads/2025/03/Weekly_Report-07-2025.pdf,IDSR Week 07 Bulletin (2025),2026-08-08T00:43:20Z
KP,2245,1791,80,6,2025,https://www.nih.org.pk/wp-content/uploads/2025/03/Weekly_Report-06-2025.pdf,IDSR Week 06 Bulletin (2025),2026-08-08T00:43:23Z
AJK,404,377,93,6,2025,https://www.nih.org.pk/wp-content/uploads/2025/03/Weekly_Report-06-2025.pdf,IDSR Week 06 Bulletin (2025),2026-08-08T00:43:23Z
ICT,36,29,80,6,2025,https://www.nih.org.pk/wp-content/uploads/2025/03/Weekly_Report-06-2025.pdf,IDSR Week 06 Bulletin (2025),2026-08-08T00:43:23Z
Balochistan,1308,731,55,6,2025,https://www.nih.org.pk/wp-content/uploads/2025/03/Weekly_Report-06-2025.pdf,IDSR Week 06 Bulletin (2025),2026-08-08T00:43:23Z
GB,405,376,93,6,2025,https://www.nih.org.pk/wp-content/uploads/2025/03/Weekly_Report-06-2025.pdf,IDSR Week 06 Bulletin (2025),2026-08-08T00:43:23Z
Sindh,2076,1988,96,6,2025,https://www.nih.org.pk/wp-content/uploads/2025/03/Weekly_Report-06-2025.pdf,IDSR Week 06 Bulletin (2025),2026-08-08T00:43:23Z
National,6474,5292,82,6,2025,https://www.nih.org.pk/wp-content/uploads/2025/03/Weekly_Report-06-2025.pdf,IDSR Week 06 Bulletin (2025),2026-08-08T00:43:23Z
KP,2314,1788,77,5,2025,https://www.nih.org.pk/wp-content/uploads/2025/03/Weekly_Report-05-2025.pdf,IDSR Week 05 Bulletin (2025),2026-08-08T00:43:26Z
AJK,404,365,90,5,2025,https://www.nih.org.pk/wp-content/uploads/2025/03/Weekly_Report-05-2025.pdf,IDSR Week 05 Bulletin (2025),2026-08-08T00:43:26Z
ICT,36,25,70,5,2025,https://www.nih.org.pk/wp-content/uploads/2025/03/Weekly_Report-05-2025.pdf,IDSR Week 05 Bulletin (2025),2026-08-08T00:43:26Z
Balochistan,1308,784,59,5,2025,https://www.nih.org.pk/wp-content/uploads/2025/03/Weekly_Report-05-2025.pdf,IDSR Week 05 Bulletin (2025),2026-08-08T00:43:26Z
GB,405,375,92,5,2025,https://www.nih.org.pk/wp-content/uploads/2025/03/Weekly_Report-05-2025.pdf,IDSR Week 05 Bulletin (2025),2026-08-08T00:43:26Z
Sindh,2096,1902,90,5,2025,https://www.nih.org.pk/wp-content/uploads/2025/03/Weekly_Report-05-2025.pdf,IDSR Week 05 Bulletin (2025),2026-08-08T00:43:26Z
National,6527,5214,79,5,2025,https://www.nih.org.pk/wp-content/uploads/2025/03/Weekly_Report-05-2025.pdf,IDSR Week 05 Bulletin (2025),2026-08-08T00:43:26Z
KP,2316,1755,76,4,2025,https://www.nih.org.pk/wp-content/uploads/2025/03/Weekly_Report-04-2025.pdf,IDSR Week 04 Bulletin (2025),2026-08-08T00:43:28Z
AJK,404,376,94,4,2025,https://www.nih.org.pk/wp-content/uploads/2025/03/Weekly_Report-04-2025.pdf,IDSR Week 04 Bulletin (2025),2026-08-08T00:43:28Z
ICT,36,27,78,4,2025,https://www.nih.org.pk/wp-content/uploads/2025/03/Weekly_Report-04-2025.pdf,IDSR Week 04 Bulletin (2025),2026-08-08T00:43:28Z
Balochistan,1307,820,63,4,2025,https://www.nih.org.pk/wp-content/uploads/2025/03/Weekly_Report-04-2025.pdf,IDSR Week 04 Bulletin (2025),2026-08-08T00:43:28Z
GB,405,376,93,4,2025,https://www.nih.org.pk/wp-content/uploads/2025/03/Weekly_Report-04-2025.pdf,IDSR Week 04 Bulletin (2025),2026-08-08T00:43:28Z
Sindh,2095,1927,92,4,2025,https://www.nih.org.pk/wp-content/uploads/2025/03/Weekly_Report-04-2025.pdf,IDSR Week 04 Bulletin (2025),2026-08-08T00:43:28Z
National,6563,5356,83,4,2025,https://www.nih.org.pk/wp-content/uploads/2025/03/Weekly_Report-04-2025.pdf,IDSR Week 04 Bulletin (2025),2026-08-08T00:43:28Z
KP,2316,1826,78,3,2025,https://www.nih.org.pk/wp-content/uploads/2025/02/Weekly_Report-03-2025.pdf,IDSR Week 03 Bulletin (2025),2026-08-08T00:43:31Z
AJK,404,381,94,3,2025,https://www.nih.org.pk/wp-content/uploads/2025/02/Weekly_Report-03-2025.pdf,IDSR Week 03 Bulletin (2025),2026-08-08T00:43:31Z
ICT,36,27,78,3,2025,https://www.nih.org.pk/wp-content/uploads/2025/02/Weekly_Report-03-2025.pdf,IDSR Week 03 Bulletin (2025),2026-08-08T00:43:31Z
Balochistan,1307,819,63,3,2025,https://www.nih.org.pk/wp-content/uploads/2025/02/Weekly_Report-03-2025.pdf,IDSR Week 03 Bulletin (2025),2026-08-08T00:43:31Z
GB,405,376,93,3,2025,https://www.nih.org.pk/wp-content/uploads/2025/02/Weekly_Report-03-2025.pdf,IDSR Week 03 Bulletin (2025),2026-08-08T00:43:31Z
Sindh,2095,1927,92,3,2025,https://www.nih.org.pk/wp-content/uploads/2025/02/Weekly_Report-03-2025.pdf,IDSR Week 03 Bulletin (2025),2026-08-08T00:43:31Z
National,6563,5356,83,3,2025,https://www.nih.org.pk/wp-content/uploads/2025/02/Weekly_Report-03-2025.pdf,IDSR Week 03 Bulletin (2025),2026-08-08T00:43:31Z
KP,2316,1800,78,2,2025,https://www.nih.org.pk/wp-content/uploads/2025/02/Weekly_Report-02-2025.pdf,IDSR Week 02 Bulletin (2025),2026-08-08T00:43:34Z
AJK,404,371,92,2,2025,https://www.nih.org.pk/wp-content/uploads/2025/02/Weekly_Report-02-2025.pdf,IDSR Week 02 Bulletin (2025),2026-08-08T00:43:34Z
ICT,36,28,78,2,2025,https://www.nih.org.pk/wp-content/uploads/2025/02/Weekly_Report-02-2025.pdf,IDSR Week 02 Bulletin (2025),2026-08-08T00:43:34Z
Balochistan,1307,749,57,2,2025,https://www.nih.org.pk/wp-content/uploads/2025/02/Weekly_Report-02-2025.pdf,IDSR Week 02 Bulletin (2025),2026-08-08T00:43:34Z
GB,405,359,89,2,2025,https://www.nih.org.pk/wp-content/uploads/2025/02/Weekly_Report-02-2025.pdf,IDSR Week 02 Bulletin (2025),2026-08-08T00:43:34Z
Sindh,2095,1947,93,2,2025,https://www.nih.org.pk/wp-content/uploads/2025/02/Weekly_Report-02-2025.pdf,IDSR Week 02 Bulletin (2025),2026-08-08T00:43:34Z
National,6563,5254,80,2,2025,https://www.nih.org.pk/wp-content/uploads/2025/02/Weekly_Report-02-2025.pdf,IDSR Week 02 Bulletin (2025),2026-08-08T00:43:34Z
KP,2319,1808,78,1,2025,https://www.nih.org.pk/wp-content/uploads/2025/01/Weekly_Report-01-2025.pdf,IDSR Week 01 Bulletin (2025),2026-08-08T00:43:37Z
AJK,404,369,91,1,2025,https://www.nih.org.pk/wp-content/uploads/2025/01/Weekly_Report-01-2025.pdf,IDSR Week 01 Bulletin (2025),2026-08-08T00:43:37Z
ICT,36,27,75,1,2025,https://www.nih.org.pk/wp-content/uploads/2025/01/Weekly_Report-01-2025.pdf,IDSR Week 01 Bulletin (2025),2026-08-08T00:43:37Z
Balochistan,1307,810,62,1,2025,https://www.nih.org.pk/wp-content/uploads/2025/01/Weekly_Report-01-2025.pdf,IDSR Week 01 Bulletin (2025),2026-08-08T00:43:37Z
GB,405,375,93,1,2025,https://www.nih.org.pk/wp-content/uploads/2025/01/Weekly_Report-01-2025.pdf,IDSR Week 01 Bulletin (2025),2026-08-08T00:43:37Z
Sindh,2090,1948,93,1,2025,https://www.nih.org.pk/wp-content/uploads/2025/01/Weekly_Report-01-2025.pdf,IDSR Week 01 Bulletin (2025),2026-08-08T00:43:37Z
National,6561,5337,81,1,2025,https://www.nih.org.pk/wp-content/uploads/2025/01/Weekly_Report-01-2025.pdf,IDSR Week 01 Bulletin (2025),2026-08-08T00:43:37Z
KP,2319,1791,77,52,2024,https://www.nih.org.pk/wp-content/uploads/2025/01/Weekly_Report-52-2024.pdf,IDSR Week 52 Bulletin (2024),2026-08-08T00:43:39Z
AJK,404,370,92,52,2024,https://www.nih.org.pk/wp-content/uploads/2025/01/Weekly_Report-52-2024.pdf,IDSR Week 52 Bulletin (2024),2026-08-08T00:43:39Z
ICT,36,27,75,52,2024,https://www.nih.org.pk/wp-content/uploads/2025/01/Weekly_Report-52-2024.pdf,IDSR Week 52 Bulletin (2024),2026-08-08T00:43:39Z
Balochistan,1307,866,66,52,2024,https://www.nih.org.pk/wp-content/uploads/2025/01/Weekly_Report-52-2024.pdf,IDSR Week 52 Bulletin (2024),2026-08-08T00:43:39Z
GB,405,377,93,52,2024,https://www.nih.org.pk/wp-content/uploads/2025/01/Weekly_Report-52-2024.pdf,IDSR Week 52 Bulletin (2024),2026-08-08T00:43:39Z
Sindh,2077,1934,93,52,2024,https://www.nih.org.pk/wp-content/uploads/2025/01/Weekly_Report-52-2024.pdf,IDSR Week 52 Bulletin (2024),2026-08-08T00:43:39Z
National,6548,5365,82,52,2024,https://www.nih.org.pk/wp-content/uploads/2025/01/Weekly_Report-52-2024.pdf,IDSR Week 52 Bulletin (2024),2026-08-08T00:43:39Z
KP,2320,1759,76,51,2024,https://www.nih.org.pk/wp-content/uploads/2025/01/Weekly_Report-51-2024.pdf,IDSR Week 51 Bulletin (2024),2026-08-08T00:43:42Z
AJK,404,378,96,51,2024,https://www.nih.org.pk/wp-content/uploads/2025/01/Weekly_Report-51-2024.pdf,IDSR Week 51 Bulletin (2024),2026-08-08T00:43:42Z
ICT,36,28,78,51,2024,https://www.nih.org.pk/wp-content/uploads/2025/01/Weekly_Report-51-2024.pdf,IDSR Week 51 Bulletin (2024),2026-08-08T00:43:42Z
Balochistan,1307,691,60,51,2024,https://www.nih.org.pk/wp-content/uploads/2025/01/Weekly_Report-51-2024.pdf,IDSR Week 51 Bulletin (2024),2026-08-08T00:43:42Z
GB,405,367,95,51,2024,https://www.nih.org.pk/wp-content/uploads/2025/01/Weekly_Report-51-2024.pdf,IDSR Week 51 Bulletin (2024),2026-08-08T00:43:42Z
Sindh,2903,2001,74,51,2024,https://www.nih.org.pk/wp-content/uploads/2025/01/Weekly_Report-51-2024.pdf,IDSR Week 51 Bulletin (2024),2026-08-08T00:43:42Z
National,7375,5224,81,51,2024,https://www.nih.org.pk/wp-content/uploads/2025/01/Weekly_Report-51-2024.pdf,IDSR Week 51 Bulletin (2024),2026-08-08T00:43:42Z
KP,2320,1759,78,50,2024,https://www.nih.org.pk/wp-content/uploads/2025/01/Weekly_Report-50-2024.pdf,IDSR Week 50 Bulletin (2024),2026-08-08T00:43:45Z
AJK,404,378,94,50,2024,https://www.nih.org.pk/wp-content/uploads/2025/01/Weekly_Report-50-2024.pdf,IDSR Week 50 Bulletin (2024),2026-08-08T00:43:45Z
ICT,36,28,78,50,2024,https://www.nih.org.pk/wp-content/uploads/2025/01/Weekly_Report-50-2024.pdf,IDSR Week 50 Bulletin (2024),2026-08-08T00:43:45Z
Balochistan,1307,691,65,50,2024,https://www.nih.org.pk/wp-content/uploads/2025/01/Weekly_Report-50-2024.pdf,IDSR Week 50 Bulletin (2024),2026-08-08T00:43:45Z
GB,405,367,92,50,2024,https://www.nih.org.pk/wp-content/uploads/2025/01/Weekly_Report-50-2024.pdf,IDSR Week 50 Bulletin (2024),2026-08-08T00:43:45Z
Sindh,2903,2001,72,50,2024,https://www.nih.org.pk/wp-content/uploads/2025/01/Weekly_Report-50-2024.pdf,IDSR Week 50 Bulletin (2024),2026-08-08T00:43:45Z
National,7375,5224,80,50,2024,https://www.nih.org.pk/wp-content/uploads/2025/01/Weekly_Report-50-2024.pdf,IDSR Week 50 Bulletin (2024),2026-08-08T00:43:45Z
KP,2320,1759,76,49,2024,https://www.nih.org.pk/wp-content/uploads/2025/01/Weekly_Report-49-2024.pdf,IDSR Week 49 Bulletin (2024),2026-08-08T00:43:48Z
AJK,404,378,94,49,2024,https://www.nih.org.pk/wp-content/uploads/2025/01/Weekly_Report-49-2024.pdf,IDSR Week 49 Bulletin (2024),2026-08-08T00:43:48Z
ICT,36,28,78,49,2024,https://www.nih.org.pk/wp-content/uploads/2025/01/Weekly_Report-49-2024.pdf,IDSR Week 49 Bulletin (2024),2026-08-08T00:43:48Z
Balochistan,1307,691,60,49,2024,https://www.nih.org.pk/wp-content/uploads/2025/01/Weekly_Report-49-2024.pdf,IDSR Week 49 Bulletin (2024),2026-08-08T00:43:48Z
GB,405,367,91,49,2024,https://www.nih.org.pk/wp-content/uploads/2025/01/Weekly_Report-49-2024.pdf,IDSR Week 49 Bulletin (2024),2026-08-08T00:43:48Z
Sindh,2903,2001,70,49,2024,https://www.nih.org.pk/wp-content/uploads/2025/01/Weekly_Report-49-2024.pdf,IDSR Week 49 Bulletin (2024),2026-08-08T00:43:48Z
National,7375,5224,76,49,2024,https://www.nih.org.pk/wp-content/uploads/2025/01/Weekly_Report-49-2024.pdf,IDSR Week 49 Bulletin (2024),2026-08-08T00:43:48Z
KP,2319,1740,77,48,2024,https://www.nih.org.pk/wp-content/uploads/2024/12/Weekly_Report-48-2024.pdf,IDSR Week 48 Bulletin (2024),2026-08-08T00:43:51Z
AJK,405,381,96,48,2024,https://www.nih.org.pk/wp-content/uploads/2024/12/Weekly_Report-48-2024.pdf,IDSR Week 48 Bulletin (2024),2026-08-08T00:43:51Z
ICT,36,29,80,48,2024,https://www.nih.org.pk/wp-content/uploads/2024/12/Weekly_Report-48-2024.pdf,IDSR Week 48 Bulletin (2024),2026-08-08T00:43:51Z
Balochistan,1307,900,70,48,2024,https://www.nih.org.pk/wp-content/uploads/2024/12/Weekly_Report-48-2024.pdf,IDSR Week 48 Bulletin (2024),2026-08-08T00:43:51Z
GB,407,385,96,48,2024,https://www.nih.org.pk/wp-content/uploads/2024/12/Weekly_Report-48-2024.pdf,IDSR Week 48 Bulletin (2024),2026-08-08T00:43:51Z
Sindh,2094,1974,94,48,2024,https://www.nih.org.pk/wp-content/uploads/2024/12/Weekly_Report-48-2024.pdf,IDSR Week 48 Bulletin (2024),2026-08-08T00:43:51Z
National,6568,5409,82,48,2024,https://www.nih.org.pk/wp-content/uploads/2024/12/Weekly_Report-48-2024.pdf,IDSR Week 48 Bulletin (2024),2026-08-08T00:43:51Z
KP,2319,1740,75,47,2024,https://www.nih.org.pk/wp-content/uploads/2024/12/Weekly_Report-47-2024.pdf,IDSR Week 47 Bulletin (2024),2026-08-08T00:43:53Z
AJK,405,381,94,47,2024,https://www.nih.org.pk/wp-content/uploads/2024/12/Weekly_Report-47-2024.pdf,IDSR Week 47 Bulletin (2024),2026-08-08T00:43:53Z
ICT,36,29,80,47,2024,https://www.nih.org.pk/wp-content/uploads/2024/12/Weekly_Report-47-2024.pdf,IDSR Week 47 Bulletin (2024),2026-08-08T00:43:53Z
Balochistan,1307,900,70,47,2024,https://www.nih.org.pk/wp-content/uploads/2024/12/Weekly_Report-47-2024.pdf,IDSR Week 47 Bulletin (2024),2026-08-08T00:43:53Z
GB,407,385,94,47,2024,https://www.nih.org.pk/wp-content/uploads/2024/12/Weekly_Report-47-2024.pdf,IDSR Week 47 Bulletin (2024),2026-08-08T00:43:53Z
Sindh,2094,1974,94,47,2024,https://www.nih.org.pk/wp-content/uploads/2024/12/Weekly_Report-47-2024.pdf,IDSR Week 47 Bulletin (2024),2026-08-08T00:43:53Z
National,6568,5409,82,47,2024,https://www.nih.org.pk/wp-content/uploads/2024/12/Weekly_Report-47-2024.pdf,IDSR Week 47 Bulletin (2024),2026-08-08T00:43:53Z
KP,2319,1740,75,46,2024,https://www.nih.org.pk/wp-content/uploads/2024/12/Weekly_Report-46-2024.pdf,IDSR Week 46 Bulletin (2024),2026-08-08T00:43:56Z
AJK,405,381,94,46,2024,https://www.nih.org.pk/wp-content/uploads/2024/12/Weekly_Report-46-2024.pdf,IDSR Week 46 Bulletin (2024),2026-08-08T00:43:56Z
ICT,36,29,80,46,2024,https://www.nih.org.pk/wp-content/uploads/2024/12/Weekly_Report-46-2024.pdf,IDSR Week 46 Bulletin (2024),2026-08-08T00:43:56Z
Balochistan,1307,900,70,46,2024,https://www.nih.org.pk/wp-content/uploads/2024/12/Weekly_Report-46-2024.pdf,IDSR Week 46 Bulletin (2024),2026-08-08T00:43:56Z
GB,407,385,94,46,2024,https://www.nih.org.pk/wp-content/uploads/2024/12/Weekly_Report-46-2024.pdf,IDSR Week 46 Bulletin (2024),2026-08-08T00:43:56Z
Sindh,2094,1974,94,46,2024,https://www.nih.org.pk/wp-content/uploads/2024/12/Weekly_Report-46-2024.pdf,IDSR Week 46 Bulletin (2024),2026-08-08T00:43:56Z
National,6568,5409,82,46,2024,https://www.nih.org.pk/wp-content/uploads/2024/12/Weekly_Report-46-2024.pdf,IDSR Week 46 Bulletin (2024),2026-08-08T00:43:56Z
KP,2319,1749,75,45,2024,https://www.nih.org.pk/wp-content/uploads/2024/12/Weekly_Report-45-2024.pdf,IDSR Week 45 Bulletin (2024),2026-08-08T00:43:58Z
AJK,405,378,93,45,2024,https://www.nih.org.pk/wp-content/uploads/2024/12/Weekly_Report-45-2024.pdf,IDSR Week 45 Bulletin (2024),2026-08-08T00:43:58Z
ICT,36,29,81,45,2024,https://www.nih.org.pk/wp-content/uploads/2024/12/Weekly_Report-45-2024.pdf,IDSR Week 45 Bulletin (2024),2026-08-08T00:43:58Z
Balochistan,1308,835,70,45,2024,https://www.nih.org.pk/wp-content/uploads/2024/12/Weekly_Report-45-2024.pdf,IDSR Week 45 Bulletin (2024),2026-08-08T00:43:58Z
GB,407,385,95,45,2024,https://www.nih.org.pk/wp-content/uploads/2024/12/Weekly_Report-45-2024.pdf,IDSR Week 45 Bulletin (2024),2026-08-08T00:43:58Z
Sindh,2094,1974,94,45,2024,https://www.nih.org.pk/wp-content/uploads/2024/12/Weekly_Report-45-2024.pdf,IDSR Week 45 Bulletin (2024),2026-08-08T00:43:58Z
National,6569,5350,81,45,2024,https://www.nih.org.pk/wp-content/uploads/2024/12/Weekly_Report-45-2024.pdf,IDSR Week 45 Bulletin (2024),2026-08-08T00:43:58Z
KP,2319,1749,75,44,2024,https://www.nih.org.pk/wp-content/uploads/2024/11/Weekly_Report-44-2024 .pdf,IDSR Week 44 Bulletin (2024),2026-08-08T00:44:01Z
AJK,405,378,93,44,2024,https://www.nih.org.pk/wp-content/uploads/2024/11/Weekly_Report-44-2024 .pdf,IDSR Week 44 Bulletin (2024),2026-08-08T00:44:01Z
ICT,36,29,81,44,2024,https://www.nih.org.pk/wp-content/uploads/2024/11/Weekly_Report-44-2024 .pdf,IDSR Week 44 Bulletin (2024),2026-08-08T00:44:01Z
Balochistan,1308,835,70,44,2024,https://www.nih.org.pk/wp-content/uploads/2024/11/Weekly_Report-44-2024 .pdf,IDSR Week 44 Bulletin (2024),2026-08-08T00:44:01Z
GB,407,385,95,44,2024,https://www.nih.org.pk/wp-content/uploads/2024/11/Weekly_Report-44-2024 .pdf,IDSR Week 44 Bulletin (2024),2026-08-08T00:44:01Z
Sindh,2094,1974,94,44,2024,https://www.nih.org.pk/wp-content/uploads/2024/11/Weekly_Report-44-2024 .pdf,IDSR Week 44 Bulletin (2024),2026-08-08T00:44:01Z
National,6569,5350,81,44,2024,https://www.nih.org.pk/wp-content/uploads/2024/11/Weekly_Report-44-2024 .pdf,IDSR Week 44 Bulletin (2024),2026-08-08T00:44:01Z
KP,2319,1737,75,43,2024,https://www.nih.org.pk/wp-content/uploads/2024/11/Weekly_Report-43-2024.pdf,IDSR Week 43 Bulletin (2024),2026-08-08T00:44:03Z
AJK,405,382,94,43,2024,https://www.nih.org.pk/wp-content/uploads/2024/11/Weekly_Report-43-2024.pdf,IDSR Week 43 Bulletin (2024),2026-08-08T00:44:03Z
ICT,36,29,80,43,2024,https://www.nih.org.pk/wp-content/uploads/2024/11/Weekly_Report-43-2024.pdf,IDSR Week 43 Bulletin (2024),2026-08-08T00:44:03Z
Balochistan,1308,828,70,43,2024,https://www.nih.org.pk/wp-content/uploads/2024/11/Weekly_Report-43-2024.pdf,IDSR Week 43 Bulletin (2024),2026-08-08T00:44:03Z
GB,407,406,100,43,2024,https://www.nih.org.pk/wp-content/uploads/2024/11/Weekly_Report-43-2024.pdf,IDSR Week 43 Bulletin (2024),2026-08-08T00:44:03Z
Sindh,2094,1966,94,43,2024,https://www.nih.org.pk/wp-content/uploads/2024/11/Weekly_Report-43-2024.pdf,IDSR Week 43 Bulletin (2024),2026-08-08T00:44:03Z
National,6569,5348,81,43,2024,https://www.nih.org.pk/wp-content/uploads/2024/11/Weekly_Report-43-2024.pdf,IDSR Week 43 Bulletin (2024),2026-08-08T00:44:03Z
KP,2330,1690,73,42,2024,https://www.nih.org.pk/wp-content/uploads/2024/11/Weekly_Report-42-2024.pdf,IDSR Week 42 Bulletin (2024),2026-08-08T00:44:06Z
AJK,382,364,96,42,2024,https://www.nih.org.pk/wp-content/uploads/2024/11/Weekly_Report-42-2024.pdf,IDSR Week 42 Bulletin (2024),2026-08-08T00:44:06Z
ICT,36,28,77,42,2024,https://www.nih.org.pk/wp-content/uploads/2024/11/Weekly_Report-42-2024.pdf,IDSR Week 42 Bulletin (2024),2026-08-08T00:44:06Z
Balochistan,1291,879,70,42,2024,https://www.nih.org.pk/wp-content/uploads/2024/11/Weekly_Report-42-2024.pdf,IDSR Week 42 Bulletin (2024),2026-08-08T00:44:06Z
GB,374,374,100,42,2024,https://www.nih.org.pk/wp-content/uploads/2024/11/Weekly_Report-42-2024.pdf,IDSR Week 42 Bulletin (2024),2026-08-08T00:44:06Z
Sindh,2086,1972,95,42,2024,https://www.nih.org.pk/wp-content/uploads/2024/11/Weekly_Report-42-2024.pdf,IDSR Week 42 Bulletin (2024),2026-08-08T00:44:06Z
National,6499,5304,82,42,2024,https://www.nih.org.pk/wp-content/uploads/2024/11/Weekly_Report-42-2024.pdf,IDSR Week 42 Bulletin (2024),2026-08-08T00:44:06Z
KP,2330,1606,70,41,2024,https://www.nih.org.pk/wp-content/uploads/2024/10/Weekly_Report-41-2024.pdf,IDSR Week 41 Bulletin (2024),2026-08-08T00:44:08Z
AJK,382,378,99,41,2024,https://www.nih.org.pk/wp-content/uploads/2024/10/Weekly_Report-41-2024.pdf,IDSR Week 41 Bulletin (2024),2026-08-08T00:44:08Z
ICT,36,29,80,41,2024,https://www.nih.org.pk/wp-content/uploads/2024/10/Weekly_Report-41-2024.pdf,IDSR Week 41 Bulletin (2024),2026-08-08T00:44:08Z
Balochistan,1308,1003,77,41,2024,https://www.nih.org.pk/wp-content/uploads/2024/10/Weekly_Report-41-2024.pdf,IDSR Week 41 Bulletin (2024),2026-08-08T00:44:08Z
GB,374,373,100,41,2024,https://www.nih.org.pk/wp-content/uploads/2024/10/Weekly_Report-41-2024.pdf,IDSR Week 41 Bulletin (2024),2026-08-08T00:44:08Z
Sindh,2086,1986,95,41,2024,https://www.nih.org.pk/wp-content/uploads/2024/10/Weekly_Report-41-2024.pdf,IDSR Week 41 Bulletin (2024),2026-08-08T00:44:08Z
National,6516,5375,83,41,2024,https://www.nih.org.pk/wp-content/uploads/2024/10/Weekly_Report-41-2024.pdf,IDSR Week 41 Bulletin (2024),2026-08-08T00:44:08Z
KP,2330,1644,70,40,2024,https://www.nih.org.pk/wp-content/uploads/2024/10/Weekly_Report-40-2024.pdf,IDSR Week 40 Bulletin (2024),2026-08-08T00:44:11Z
AJK,382,355,92,40,2024,https://www.nih.org.pk/wp-content/uploads/2024/10/Weekly_Report-40-2024.pdf,IDSR Week 40 Bulletin (2024),2026-08-08T00:44:11Z
ICT,36,28,77,40,2024,https://www.nih.org.pk/wp-content/uploads/2024/10/Weekly_Report-40-2024.pdf,IDSR Week 40 Bulletin (2024),2026-08-08T00:44:11Z
Balochistan,1291,879,70,40,2024,https://www.nih.org.pk/wp-content/uploads/2024/10/Weekly_Report-40-2024.pdf,IDSR Week 40 Bulletin (2024),2026-08-08T00:44:11Z
GB,374,374,98,40,2024,https://www.nih.org.pk/wp-content/uploads/2024/10/Weekly_Report-40-2024.pdf,IDSR Week 40 Bulletin (2024),2026-08-08T00:44:11Z
Sindh,2086,1963,94,40,2024,https://www.nih.org.pk/wp-content/uploads/2024/10/Weekly_Report-40-2024.pdf,IDSR Week 40 Bulletin (2024),2026-08-08T00:44:11Z
National,6499,5243,80,40,2024,https://www.nih.org.pk/wp-content/uploads/2024/10/Weekly_Report-40-2024.pdf,IDSR Week 40 Bulletin (2024),2026-08-08T00:44:11Z
KP,2330,1691,72,39,2024,https://www.nih.org.pk/wp-content/uploads/2024/10/Weekly_Report-39-2024.pdf,IDSR Week 39 Bulletin (2024),2026-08-08T00:44:14Z
AJK,382,377,99,39,2024,https://www.nih.org.pk/wp-content/uploads/2024/10/Weekly_Report-39-2024.pdf,IDSR Week 39 Bulletin (2024),2026-08-08T00:44:14Z
ICT,36,28,77,39,2024,https://www.nih.org.pk/wp-content/uploads/2024/10/Weekly_Report-39-2024.pdf,IDSR Week 39 Bulletin (2024),2026-08-08T00:44:14Z
Balochistan,1291,896,70,39,2024,https://www.nih.org.pk/wp-content/uploads/2024/10/Weekly_Report-39-2024.pdf,IDSR Week 39 Bulletin (2024),2026-08-08T00:44:14Z
GB,374,368,98,39,2024,https://www.nih.org.pk/wp-content/uploads/2024/10/Weekly_Report-39-2024.pdf,IDSR Week 39 Bulletin (2024),2026-08-08T00:44:14Z
Sindh,2086,1974,95,39,2024,https://www.nih.org.pk/wp-content/uploads/2024/10/Weekly_Report-39-2024.pdf,IDSR Week 39 Bulletin (2024),2026-08-08T00:44:14Z
National,6499,5328,82,39,2024,https://www.nih.org.pk/wp-content/uploads/2024/10/Weekly_Report-39-2024.pdf,IDSR Week 39 Bulletin (2024),2026-08-08T00:44:14Z
KP,2330,1649,70,38,2024,https://www.nih.org.pk/wp-content/uploads/2024/10/Weekly_Report-38-2024.pdf,IDSR Week 38 Bulletin (2024),2026-08-08T00:44:16Z
AJK,382,373,98,38,2024,https://www.nih.org.pk/wp-content/uploads/2024/10/Weekly_Report-38-2024.pdf,IDSR Week 38 Bulletin (2024),2026-08-08T00:44:16Z
ICT,36,28,77,38,2024,https://www.nih.org.pk/wp-content/uploads/2024/10/Weekly_Report-38-2024.pdf,IDSR Week 38 Bulletin (2024),2026-08-08T00:44:16Z
Balochistan,1291,896,70,38,2024,https://www.nih.org.pk/wp-content/uploads/2024/10/Weekly_Report-38-2024.pdf,IDSR Week 38 Bulletin (2024),2026-08-08T00:44:16Z
GB,374,367,98,38,2024,https://www.nih.org.pk/wp-content/uploads/2024/10/Weekly_Report-38-2024.pdf,IDSR Week 38 Bulletin (2024),2026-08-08T00:44:16Z
Sindh,2086,1971,95,38,2024,https://www.nih.org.pk/wp-content/uploads/2024/10/Weekly_Report-38-2024.pdf,IDSR Week 38 Bulletin (2024),2026-08-08T00:44:16Z
National,6499,5364,83,38,2024,https://www.nih.org.pk/wp-content/uploads/2024/10/Weekly_Report-38-2024.pdf,IDSR Week 38 Bulletin (2024),2026-08-08T00:44:16Z
KP,2330,1690,73,37,2024,https://www.nih.org.pk/wp-content/uploads/2024/10/Weekly_Report-37-2024.pdf,IDSR Week 37 Bulletin (2024),2026-08-08T00:44:21Z
AJK,382,364,96,37,2024,https://www.nih.org.pk/wp-content/uploads/2024/10/Weekly_Report-37-2024.pdf,IDSR Week 37 Bulletin (2024),2026-08-08T00:44:21Z
ICT,36,28,77,37,2024,https://www.nih.org.pk/wp-content/uploads/2024/10/Weekly_Report-37-2024.pdf,IDSR Week 37 Bulletin (2024),2026-08-08T00:44:21Z
Balochistan,1291,879,70,37,2024,https://www.nih.org.pk/wp-content/uploads/2024/10/Weekly_Report-37-2024.pdf,IDSR Week 37 Bulletin (2024),2026-08-08T00:44:21Z
GB,374,374,100,37,2024,https://www.nih.org.pk/wp-content/uploads/2024/10/Weekly_Report-37-2024.pdf,IDSR Week 37 Bulletin (2024),2026-08-08T00:44:21Z
Sindh,2086,1972,95,37,2024,https://www.nih.org.pk/wp-content/uploads/2024/10/Weekly_Report-37-2024.pdf,IDSR Week 37 Bulletin (2024),2026-08-08T00:44:21Z
National,6499,5304,82,37,2024,https://www.nih.org.pk/wp-content/uploads/2024/10/Weekly_Report-37-2024.pdf,IDSR Week 37 Bulletin (2024),2026-08-08T00:44:21Z
KP,2330,1660,71,36,2024,https://www.nih.org.pk/wp-content/uploads/2024/09/Weekly_Report-36-2024.pdf,IDSR Week 36 Bulletin (2024),2026-08-08T00:44:26Z
AJK,382,379,99,36,2024,https://www.nih.org.pk/wp-content/uploads/2024/09/Weekly_Report-36-2024.pdf,IDSR Week 36 Bulletin (2024),2026-08-08T00:44:26Z
ICT,36,28,77,36,2024,https://www.nih.org.pk/wp-content/uploads/2024/09/Weekly_Report-36-2024.pdf,IDSR Week 36 Bulletin (2024),2026-08-08T00:44:26Z
Balochistan,1291,782,70,36,2024,https://www.nih.org.pk/wp-content/uploads/2024/09/Weekly_Report-36-2024.pdf,IDSR Week 36 Bulletin (2024),2026-08-08T00:44:26Z
GB,374,374,100,36,2024,https://www.nih.org.pk/wp-content/uploads/2024/09/Weekly_Report-36-2024.pdf,IDSR Week 36 Bulletin (2024),2026-08-08T00:44:26Z
Sindh,2086,2009,96,36,2024,https://www.nih.org.pk/wp-content/uploads/2024/09/Weekly_Report-36-2024.pdf,IDSR Week 36 Bulletin (2024),2026-08-08T00:44:26Z
National,6499,5232,83,36,2024,https://www.nih.org.pk/wp-content/uploads/2024/09/Weekly_Report-36-2024.pdf,IDSR Week 36 Bulletin (2024),2026-08-08T00:44:26Z
KP,2348,1726,73,35,2024,https://www.nih.org.pk/wp-content/uploads/2024/09/Weekly_Report-35-2024.pdf,IDSR Week 35 Bulletin (2024),2026-08-08T00:44:30Z
AJK,382,376,98,35,2024,https://www.nih.org.pk/wp-content/uploads/2024/09/Weekly_Report-35-2024.pdf,IDSR Week 35 Bulletin (2024),2026-08-08T00:44:30Z
ICT,36,27,75,35,2024,https://www.nih.org.pk/wp-content/uploads/2024/09/Weekly_Report-35-2024.pdf,IDSR Week 35 Bulletin (2024),2026-08-08T00:44:30Z
Balochistan,1291,936,73,35,2024,https://www.nih.org.pk/wp-content/uploads/2024/09/Weekly_Report-35-2024.pdf,IDSR Week 35 Bulletin (2024),2026-08-08T00:44:30Z
GB,374,373,100,35,2024,https://www.nih.org.pk/wp-content/uploads/2024/09/Weekly_Report-35-2024.pdf,IDSR Week 35 Bulletin (2024),2026-08-08T00:44:30Z
Sindh,2086,1991,95,35,2024,https://www.nih.org.pk/wp-content/uploads/2024/09/Weekly_Report-35-2024.pdf,IDSR Week 35 Bulletin (2024),2026-08-08T00:44:30Z
National,6517,5429,83,35,2024,https://www.nih.org.pk/wp-content/uploads/2024/09/Weekly_Report-35-2024.pdf,IDSR Week 35 Bulletin (2024),2026-08-08T00:44:30Z
KP,2348,1710,73,34,2024,https://www.nih.org.pk/wp-content/uploads/2024/09/Weekly_Report-34-2024.pdf,IDSR Week 34 Bulletin (2024),2026-08-08T00:44:35Z
AJK,381,375,98,34,2024,https://www.nih.org.pk/wp-content/uploads/2024/09/Weekly_Report-34-2024.pdf,IDSR Week 34 Bulletin (2024),2026-08-08T00:44:35Z
ICT,35,29,83,34,2024,https://www.nih.org.pk/wp-content/uploads/2024/09/Weekly_Report-34-2024.pdf,IDSR Week 34 Bulletin (2024),2026-08-08T00:44:35Z
Balochistan,1206,878,73,34,2024,https://www.nih.org.pk/wp-content/uploads/2024/09/Weekly_Report-34-2024.pdf,IDSR Week 34 Bulletin (2024),2026-08-08T00:44:35Z
GB,374,368,98,34,2024,https://www.nih.org.pk/wp-content/uploads/2024/09/Weekly_Report-34-2024.pdf,IDSR Week 34 Bulletin (2024),2026-08-08T00:44:35Z
Sindh,2085,1980,95,34,2024,https://www.nih.org.pk/wp-content/uploads/2024/09/Weekly_Report-34-2024.pdf,IDSR Week 34 Bulletin (2024),2026-08-08T00:44:35Z
National,6429,5340,83,34,2024,https://www.nih.org.pk/wp-content/uploads/2024/09/Weekly_Report-34-2024.pdf,IDSR Week 34 Bulletin (2024),2026-08-08T00:44:35Z
KP,2348,1696,72,33,2024,https://www.nih.org.pk/wp-content/uploads/2024/08/Weekly_Report-33-2024.pdf,IDSR Week 33 Bulletin (2024),2026-08-08T00:44:37Z
AJK,382,378,99,33,2024,https://www.nih.org.pk/wp-content/uploads/2024/08/Weekly_Report-33-2024.pdf,IDSR Week 33 Bulletin (2024),2026-08-08T00:44:37Z
ICT,35,29,83,33,2024,https://www.nih.org.pk/wp-content/uploads/2024/08/Weekly_Report-33-2024.pdf,IDSR Week 33 Bulletin (2024),2026-08-08T00:44:37Z
Balochistan,1206,881,73,33,2024,https://www.nih.org.pk/wp-content/uploads/2024/08/Weekly_Report-33-2024.pdf,IDSR Week 33 Bulletin (2024),2026-08-08T00:44:37Z
GB,374,374,100,33,2024,https://www.nih.org.pk/wp-content/uploads/2024/08/Weekly_Report-33-2024.pdf,IDSR Week 33 Bulletin (2024),2026-08-08T00:44:37Z
Sindh,2085,2001,96,33,2024,https://www.nih.org.pk/wp-content/uploads/2024/08/Weekly_Report-33-2024.pdf,IDSR Week 33 Bulletin (2024),2026-08-08T00:44:37Z
National,6430,5359,83,33,2024,https://www.nih.org.pk/wp-content/uploads/2024/08/Weekly_Report-33-2024.pdf,IDSR Week 33 Bulletin (2024),2026-08-08T00:44:37Z
KP,2348,1656,71,32,2024,https://www.nih.org.pk/wp-content/uploads/2024/08/Weekly Report-32-2024.pdf,IDSR Week 32 Bulletin (2024),2026-08-08T00:44:40Z
AJK,381,374,98,32,2024,https://www.nih.org.pk/wp-content/uploads/2024/08/Weekly Report-32-2024.pdf,IDSR Week 32 Bulletin (2024),2026-08-08T00:44:40Z
ICT,35,26,74,32,2024,https://www.nih.org.pk/wp-content/uploads/2024/08/Weekly Report-32-2024.pdf,IDSR Week 32 Bulletin (2024),2026-08-08T00:44:40Z
Balochistan,1206,792,66,32,2024,https://www.nih.org.pk/wp-content/uploads/2024/08/Weekly Report-32-2024.pdf,IDSR Week 32 Bulletin (2024),2026-08-08T00:44:40Z
GB,374,374,100,32,2024,https://www.nih.org.pk/wp-content/uploads/2024/08/Weekly Report-32-2024.pdf,IDSR Week 32 Bulletin (2024),2026-08-08T00:44:40Z
Sindh,2085,1959,94,32,2024,https://www.nih.org.pk/wp-content/uploads/2024/08/Weekly Report-32-2024.pdf,IDSR Week 32 Bulletin (2024),2026-08-08T00:44:40Z
National,6429,5181,81,32,2024,https://www.nih.org.pk/wp-content/uploads/2024/08/Weekly Report-32-2024.pdf,IDSR Week 32 Bulletin (2024),2026-08-08T00:44:40Z
KP,2348,1707,73,31,2024,https://www.nih.org.pk/wp-content/uploads/2024/08/Weekly Report-31-2024.pdf,IDSR Week 31 Bulletin (2024),2026-08-08T00:44:43Z
AJK,383,380,99,31,2024,https://www.nih.org.pk/wp-content/uploads/2024/08/Weekly Report-31-2024.pdf,IDSR Week 31 Bulletin (2024),2026-08-08T00:44:43Z
ICT,36,29,81,31,2024,https://www.nih.org.pk/wp-content/uploads/2024/08/Weekly Report-31-2024.pdf,IDSR Week 31 Bulletin (2024),2026-08-08T00:44:43Z
Balochistan,1206,860,71,31,2024,https://www.nih.org.pk/wp-content/uploads/2024/08/Weekly Report-31-2024.pdf,IDSR Week 31 Bulletin (2024),2026-08-08T00:44:43Z
GB,374,374,100,31,2024,https://www.nih.org.pk/wp-content/uploads/2024/08/Weekly Report-31-2024.pdf,IDSR Week 31 Bulletin (2024),2026-08-08T00:44:43Z
Sindh,2085,1975,95,31,2024,https://www.nih.org.pk/wp-content/uploads/2024/08/Weekly Report-31-2024.pdf,IDSR Week 31 Bulletin (2024),2026-08-08T00:44:43Z
National,6432,5325,83,31,2024,https://www.nih.org.pk/wp-content/uploads/2024/08/Weekly Report-31-2024.pdf,IDSR Week 31 Bulletin (2024),2026-08-08T00:44:43Z
KP,2350,1740,74,30,2024,https://www.nih.org.pk/wp-content/uploads/2024/08/Weekly Report-30-2024.pdf,IDSR Week 30 Bulletin (2024),2026-08-08T00:44:46Z
AJK,382,379,99,30,2024,https://www.nih.org.pk/wp-content/uploads/2024/08/Weekly Report-30-2024.pdf,IDSR Week 30 Bulletin (2024),2026-08-08T00:44:46Z
ICT,35,29,83,30,2024,https://www.nih.org.pk/wp-content/uploads/2024/08/Weekly Report-30-2024.pdf,IDSR Week 30 Bulletin (2024),2026-08-08T00:44:46Z
Balochistan,1206,850,70,30,2024,https://www.nih.org.pk/wp-content/uploads/2024/08/Weekly Report-30-2024.pdf,IDSR Week 30 Bulletin (2024),2026-08-08T00:44:46Z
GB,374,372,99,30,2024,https://www.nih.org.pk/wp-content/uploads/2024/08/Weekly Report-30-2024.pdf,IDSR Week 30 Bulletin (2024),2026-08-08T00:44:46Z
Sindh,2085,1956,94,30,2024,https://www.nih.org.pk/wp-content/uploads/2024/08/Weekly Report-30-2024.pdf,IDSR Week 30 Bulletin (2024),2026-08-08T00:44:46Z
National,6432,5326,83,30,2024,https://www.nih.org.pk/wp-content/uploads/2024/08/Weekly Report-30-2024.pdf,IDSR Week 30 Bulletin (2024),2026-08-08T00:44:46Z
KP,2350,1704,73,29,2024,https://www.nih.org.pk/wp-content/uploads/2024/08/Weekly Report-29-2024.pdf,IDSR Week 29 Bulletin (2024),2026-08-08T00:44:49Z
AJK,382,378,99,29,2024,https://www.nih.org.pk/wp-content/uploads/2024/08/Weekly Report-29-2024.pdf,IDSR Week 29 Bulletin (2024),2026-08-08T00:44:49Z
ICT,35,28,80,29,2024,https://www.nih.org.pk/wp-content/uploads/2024/08/Weekly Report-29-2024.pdf,IDSR Week 29 Bulletin (2024),2026-08-08T00:44:49Z
Balochistan,1290,980,76,29,2024,https://www.nih.org.pk/wp-content/uploads/2024/08/Weekly Report-29-2024.pdf,IDSR Week 29 Bulletin (2024),2026-08-08T00:44:49Z
GB,374,373,100,29,2024,https://www.nih.org.pk/wp-content/uploads/2024/08/Weekly Report-29-2024.pdf,IDSR Week 29 Bulletin (2024),2026-08-08T00:44:49Z
Sindh,2085,1955,94,29,2024,https://www.nih.org.pk/wp-content/uploads/2024/08/Weekly Report-29-2024.pdf,IDSR Week 29 Bulletin (2024),2026-08-08T00:44:49Z
National,6516,5418,83,29,2024,https://www.nih.org.pk/wp-content/uploads/2024/08/Weekly Report-29-2024.pdf,IDSR Week 29 Bulletin (2024),2026-08-08T00:44:49Z
KP,2350,1574,67,28,2024,https://www.nih.org.pk/wp-content/uploads/2024/07/Weekly Report-28-2024.pdf,IDSR Week 28 Bulletin (2024),2026-08-08T00:44:52Z
AJK,382,372,97,28,2024,https://www.nih.org.pk/wp-content/uploads/2024/07/Weekly Report-28-2024.pdf,IDSR Week 28 Bulletin (2024),2026-08-08T00:44:52Z
ICT,35,26,74,28,2024,https://www.nih.org.pk/wp-content/uploads/2024/07/Weekly Report-28-2024.pdf,IDSR Week 28 Bulletin (2024),2026-08-08T00:44:52Z
Balochistan,1206,1015,84,28,2024,https://www.nih.org.pk/wp-content/uploads/2024/07/Weekly Report-28-2024.pdf,IDSR Week 28 Bulletin (2024),2026-08-08T00:44:52Z
GB,374,371,99,28,2024,https://www.nih.org.pk/wp-content/uploads/2024/07/Weekly Report-28-2024.pdf,IDSR Week 28 Bulletin (2024),2026-08-08T00:44:52Z
Sindh,2084,1911,92,28,2024,https://www.nih.org.pk/wp-content/uploads/2024/07/Weekly Report-28-2024.pdf,IDSR Week 28 Bulletin (2024),2026-08-08T00:44:52Z
National,6431,5269,82,28,2024,https://www.nih.org.pk/wp-content/uploads/2024/07/Weekly Report-28-2024.pdf,IDSR Week 28 Bulletin (2024),2026-08-08T00:44:52Z
KP,2350,1700,72,27,2024,https://www.nih.org.pk/wp-content/uploads/2024/07/Weekly Report-27-2024.pdf,IDSR Week 27 Bulletin (2024),2026-08-08T00:44:55Z
AJK,382,360,94,27,2024,https://www.nih.org.pk/wp-content/uploads/2024/07/Weekly Report-27-2024.pdf,IDSR Week 27 Bulletin (2024),2026-08-08T00:44:55Z
ICT,35,27,77,27,2024,https://www.nih.org.pk/wp-content/uploads/2024/07/Weekly Report-27-2024.pdf,IDSR Week 27 Bulletin (2024),2026-08-08T00:44:55Z
Balochistan,1206,1014,84,27,2024,https://www.nih.org.pk/wp-content/uploads/2024/07/Weekly Report-27-2024.pdf,IDSR Week 27 Bulletin (2024),2026-08-08T00:44:55Z
GB,374,371,99,27,2024,https://www.nih.org.pk/wp-content/uploads/2024/07/Weekly Report-27-2024.pdf,IDSR Week 27 Bulletin (2024),2026-08-08T00:44:55Z
Sindh,2085,1991,95,27,2024,https://www.nih.org.pk/wp-content/uploads/2024/07/Weekly Report-27-2024.pdf,IDSR Week 27 Bulletin (2024),2026-08-08T00:44:55Z
National,6432,5463,85,27,2024,https://www.nih.org.pk/wp-content/uploads/2024/07/Weekly Report-27-2024.pdf,IDSR Week 27 Bulletin (2024),2026-08-08T00:44:55Z
KP,2350,1734,74,26,2024,https://www.nih.org.pk/wp-content/uploads/2024/07/Weekly Report-26-2024.pdf,IDSR Week 26 Bulletin (2024),2026-08-08T00:44:59Z
AJK,382,373,99,26,2024,https://www.nih.org.pk/wp-content/uploads/2024/07/Weekly Report-26-2024.pdf,IDSR Week 26 Bulletin (2024),2026-08-08T00:44:59Z
ICT,35,26,74,26,2024,https://www.nih.org.pk/wp-content/uploads/2024/07/Weekly Report-26-2024.pdf,IDSR Week 26 Bulletin (2024),2026-08-08T00:44:59Z
Balochistan,1241,977,79,26,2024,https://www.nih.org.pk/wp-content/uploads/2024/07/Weekly Report-26-2024.pdf,IDSR Week 26 Bulletin (2024),2026-08-08T00:44:59Z
GB,374,370,99,26,2024,https://www.nih.org.pk/wp-content/uploads/2024/07/Weekly Report-26-2024.pdf,IDSR Week 26 Bulletin (2024),2026-08-08T00:44:59Z
Sindh,2085,1957,94,26,2024,https://www.nih.org.pk/wp-content/uploads/2024/07/Weekly Report-26-2024.pdf,IDSR Week 26 Bulletin (2024),2026-08-08T00:44:59Z
National,6467,5437,84,26,2024,https://www.nih.org.pk/wp-content/uploads/2024/07/Weekly Report-26-2024.pdf,IDSR Week 26 Bulletin (2024),2026-08-08T00:44:59Z
KP,2740,1585,58,25,2024,https://www.nih.org.pk/wp-content/uploads/2024/07/Weekly Report-25-2024.pdf,IDSR Week 25 Bulletin (2024),2026-08-08T00:45:02Z
AJK,382,375,99,25,2024,https://www.nih.org.pk/wp-content/uploads/2024/07/Weekly Report-25-2024.pdf,IDSR Week 25 Bulletin (2024),2026-08-08T00:45:02Z
ICT,35,28,80,25,2024,https://www.nih.org.pk/wp-content/uploads/2024/07/Weekly Report-25-2024.pdf,IDSR Week 25 Bulletin (2024),2026-08-08T00:45:02Z
Balochistan,1206,961,80,25,2024,https://www.nih.org.pk/wp-content/uploads/2024/07/Weekly Report-25-2024.pdf,IDSR Week 25 Bulletin (2024),2026-08-08T00:45:02Z
GB,374,370,99,25,2024,https://www.nih.org.pk/wp-content/uploads/2024/07/Weekly Report-25-2024.pdf,IDSR Week 25 Bulletin (2024),2026-08-08T00:45:02Z
Sindh,2085,1978,95,25,2024,https://www.nih.org.pk/wp-content/uploads/2024/07/Weekly Report-25-2024.pdf,IDSR Week 25 Bulletin (2024),2026-08-08T00:45:02Z
National,6822,5297,78,25,2024,https://www.nih.org.pk/wp-content/uploads/2024/07/Weekly Report-25-2024.pdf,IDSR Week 25 Bulletin (2024),2026-08-08T00:45:02Z
KP,2740,1430,52,24,2024,https://www.nih.org.pk/wp-content/uploads/2024/06/Weekly Report-24-2024.pdf,IDSR Week 24 Bulletin (2024),2026-08-08T00:45:05Z
AJK,382,379,99,24,2024,https://www.nih.org.pk/wp-content/uploads/2024/06/Weekly Report-24-2024.pdf,IDSR Week 24 Bulletin (2024),2026-08-08T00:45:05Z
ICT,35,28,80,24,2024,https://www.nih.org.pk/wp-content/uploads/2024/06/Weekly Report-24-2024.pdf,IDSR Week 24 Bulletin (2024),2026-08-08T00:45:05Z
Balochistan,1206,602,50,24,2024,https://www.nih.org.pk/wp-content/uploads/2024/06/Weekly Report-24-2024.pdf,IDSR Week 24 Bulletin (2024),2026-08-08T00:45:05Z
GB,374,369,99,24,2024,https://www.nih.org.pk/wp-content/uploads/2024/06/Weekly Report-24-2024.pdf,IDSR Week 24 Bulletin (2024),2026-08-08T00:45:05Z
Sindh,2085,1909,92,24,2024,https://www.nih.org.pk/wp-content/uploads/2024/06/Weekly Report-24-2024.pdf,IDSR Week 24 Bulletin (2024),2026-08-08T00:45:05Z
National,6822,4717,69,24,2024,https://www.nih.org.pk/wp-content/uploads/2024/06/Weekly Report-24-2024.pdf,IDSR Week 24 Bulletin (2024),2026-08-08T00:45:05Z
KP,2740,1627,59,23,2024,https://www.nih.org.pk/wp-content/uploads/2024/06/Weekly Report-23-2024.pdf,IDSR Week 23 Bulletin (2024),2026-08-08T00:45:08Z
AJK,382,368,96,23,2024,https://www.nih.org.pk/wp-content/uploads/2024/06/Weekly Report-23-2024.pdf,IDSR Week 23 Bulletin (2024),2026-08-08T00:45:08Z
ICT,35,30,86,23,2024,https://www.nih.org.pk/wp-content/uploads/2024/06/Weekly Report-23-2024.pdf,IDSR Week 23 Bulletin (2024),2026-08-08T00:45:08Z
Balochistan,1206,848,70,23,2024,https://www.nih.org.pk/wp-content/uploads/2024/06/Weekly Report-23-2024.pdf,IDSR Week 23 Bulletin (2024),2026-08-08T00:45:08Z
GB,374,370,99,23,2024,https://www.nih.org.pk/wp-content/uploads/2024/06/Weekly Report-23-2024.pdf,IDSR Week 23 Bulletin (2024),2026-08-08T00:45:08Z
Sindh,2085,1949,93,23,2024,https://www.nih.org.pk/wp-content/uploads/2024/06/Weekly Report-23-2024.pdf,IDSR Week 23 Bulletin (2024),2026-08-08T00:45:08Z
National,6822,5192,76,23,2024,https://www.nih.org.pk/wp-content/uploads/2024/06/Weekly Report-23-2024.pdf,IDSR Week 23 Bulletin (2024),2026-08-08T00:45:08Z
KP,2740,1636,60,22,2024,https://www.nih.org.pk/wp-content/uploads/2024/06/Weekly Report-22-2024.pdf,IDSR Week 22 Bulletin (2024),2026-08-08T00:45:10Z
AJK,382,370,97,22,2024,https://www.nih.org.pk/wp-content/uploads/2024/06/Weekly Report-22-2024.pdf,IDSR Week 22 Bulletin (2024),2026-08-08T00:45:10Z
ICT,35,12,34,22,2024,https://www.nih.org.pk/wp-content/uploads/2024/06/Weekly Report-22-2024.pdf,IDSR Week 22 Bulletin (2024),2026-08-08T00:45:10Z
Balochistan,1206,947,79,22,2024,https://www.nih.org.pk/wp-content/uploads/2024/06/Weekly Report-22-2024.pdf,IDSR Week 22 Bulletin (2024),2026-08-08T00:45:10Z
GB,374,370,99,22,2024,https://www.nih.org.pk/wp-content/uploads/2024/06/Weekly Report-22-2024.pdf,IDSR Week 22 Bulletin (2024),2026-08-08T00:45:10Z
Sindh,2085,1890,91,22,2024,https://www.nih.org.pk/wp-content/uploads/2024/06/Weekly Report-22-2024.pdf,IDSR Week 22 Bulletin (2024),2026-08-08T00:45:10Z
National,6822,5225,77,22,2024,https://www.nih.org.pk/wp-content/uploads/2024/06/Weekly Report-22-2024.pdf,IDSR Week 22 Bulletin (2024),2026-08-08T00:45:10Z
KP,2740,1656,60,21,2024,https://www.nih.org.pk/wp-content/uploads/2024/06/Weekly Report-21-2024.pdf,IDSR Week 21 Bulletin (2024),2026-08-08T00:45:13Z
AJK,382,373,98,21,2024,https://www.nih.org.pk/wp-content/uploads/2024/06/Weekly Report-21-2024.pdf,IDSR Week 21 Bulletin (2024),2026-08-08T00:45:13Z
ICT,35,30,86,21,2024,https://www.nih.org.pk/wp-content/uploads/2024/06/Weekly Report-21-2024.pdf,IDSR Week 21 Bulletin (2024),2026-08-08T00:45:13Z
Balochistan,1206,956,79,21,2024,https://www.nih.org.pk/wp-content/uploads/2024/06/Weekly Report-21-2024.pdf,IDSR Week 21 Bulletin (2024),2026-08-08T00:45:13Z
GB,374,371,99,21,2024,https://www.nih.org.pk/wp-content/uploads/2024/06/Weekly Report-21-2024.pdf,IDSR Week 21 Bulletin (2024),2026-08-08T00:45:13Z
Sindh,2085,1919,92,21,2024,https://www.nih.org.pk/wp-content/uploads/2024/06/Weekly Report-21-2024.pdf,IDSR Week 21 Bulletin (2024),2026-08-08T00:45:13Z
National,6822,5305,78,21,2024,https://www.nih.org.pk/wp-content/uploads/2024/06/Weekly Report-21-2024.pdf,IDSR Week 21 Bulletin (2024),2026-08-08T00:45:13Z
KP,2740,1654,60,20,2024,https://www.nih.org.pk/wp-content/uploads/2024/06/Weekly Report-20-2024.pdf,IDSR Week 20 Bulletin (2024),2026-08-08T00:45:16Z
AJK,382,380,99,20,2024,https://www.nih.org.pk/wp-content/uploads/2024/06/Weekly Report-20-2024.pdf,IDSR Week 20 Bulletin (2024),2026-08-08T00:45:16Z
ICT,35,28,80,20,2024,https://www.nih.org.pk/wp-content/uploads/2024/06/Weekly Report-20-2024.pdf,IDSR Week 20 Bulletin (2024),2026-08-08T00:45:16Z
Balochistan,1220,948,78,20,2024,https://www.nih.org.pk/wp-content/uploads/2024/06/Weekly Report-20-2024.pdf,IDSR Week 20 Bulletin (2024),2026-08-08T00:45:16Z
GB,374,371,99,20,2024,https://www.nih.org.pk/wp-content/uploads/2024/06/Weekly Report-20-2024.pdf,IDSR Week 20 Bulletin (2024),2026-08-08T00:45:16Z
Sindh,2086,1868,90,20,2024,https://www.nih.org.pk/wp-content/uploads/2024/06/Weekly Report-20-2024.pdf,IDSR Week 20 Bulletin (2024),2026-08-08T00:45:16Z
National,6837,5249,77,20,2024,https://www.nih.org.pk/wp-content/uploads/2024/06/Weekly Report-20-2024.pdf,IDSR Week 20 Bulletin (2024),2026-08-08T00:45:16Z
KP,2740,1662,61,19,2024,https://www.nih.org.pk/wp-content/uploads/2024/06/Weekly Report-19-2024.pdf,IDSR Week 19 Bulletin (2024),2026-08-08T00:45:19Z
AJK,382,324,85,19,2024,https://www.nih.org.pk/wp-content/uploads/2024/06/Weekly Report-19-2024.pdf,IDSR Week 19 Bulletin (2024),2026-08-08T00:45:19Z
ICT,35,28,80,19,2024,https://www.nih.org.pk/wp-content/uploads/2024/06/Weekly Report-19-2024.pdf,IDSR Week 19 Bulletin (2024),2026-08-08T00:45:19Z
Balochistan,1220,872,71,19,2024,https://www.nih.org.pk/wp-content/uploads/2024/06/Weekly Report-19-2024.pdf,IDSR Week 19 Bulletin (2024),2026-08-08T00:45:19Z
GB,374,370,99,19,2024,https://www.nih.org.pk/wp-content/uploads/2024/06/Weekly Report-19-2024.pdf,IDSR Week 19 Bulletin (2024),2026-08-08T00:45:19Z
Sindh,2086,1957,94,19,2024,https://www.nih.org.pk/wp-content/uploads/2024/06/Weekly Report-19-2024.pdf,IDSR Week 19 Bulletin (2024),2026-08-08T00:45:19Z
National,6837,5213,76,19,2024,https://www.nih.org.pk/wp-content/uploads/2024/06/Weekly Report-19-2024.pdf,IDSR Week 19 Bulletin (2024),2026-08-08T00:45:19Z
KP,2740,1642,60,18,2024,https://www.nih.org.pk/wp-content/uploads/2024/05/Weekly Report-18-2024.pdf,IDSR Week 18 Bulletin (2024),2026-08-08T00:45:22Z
AJK,382,379,99,18,2024,https://www.nih.org.pk/wp-content/uploads/2024/05/Weekly Report-18-2024.pdf,IDSR Week 18 Bulletin (2024),2026-08-08T00:45:22Z
ICT,35,28,80,18,2024,https://www.nih.org.pk/wp-content/uploads/2024/05/Weekly Report-18-2024.pdf,IDSR Week 18 Bulletin (2024),2026-08-08T00:45:22Z
Balochistan,1220,852,70,18,2024,https://www.nih.org.pk/wp-content/uploads/2024/05/Weekly Report-18-2024.pdf,IDSR Week 18 Bulletin (2024),2026-08-08T00:45:22Z
GB,374,369,99,18,2024,https://www.nih.org.pk/wp-content/uploads/2024/05/Weekly Report-18-2024.pdf,IDSR Week 18 Bulletin (2024),2026-08-08T00:45:22Z
Sindh,2086,1941,93,18,2024,https://www.nih.org.pk/wp-content/uploads/2024/05/Weekly Report-18-2024.pdf,IDSR Week 18 Bulletin (2024),2026-08-08T00:45:22Z
National,6837,5211,76,18,2024,https://www.nih.org.pk/wp-content/uploads/2024/05/Weekly Report-18-2024.pdf,IDSR Week 18 Bulletin (2024),2026-08-08T00:45:22Z
KP,2740,1670,61,17,2024,https://www.nih.org.pk/wp-content/uploads/2024/05/Weekly Report-17-2024.pdf,IDSR Week 17 Bulletin (2024),2026-08-08T00:45:25Z
AJK,382,379,99,17,2024,https://www.nih.org.pk/wp-content/uploads/2024/05/Weekly Report-17-2024.pdf,IDSR Week 17 Bulletin (2024),2026-08-08T00:45:25Z
ICT,35,18,51,17,2024,https://www.nih.org.pk/wp-content/uploads/2024/05/Weekly Report-17-2024.pdf,IDSR Week 17 Bulletin (2024),2026-08-08T00:45:25Z
Balochistan,1220,881,72,17,2024,https://www.nih.org.pk/wp-content/uploads/2024/05/Weekly Report-17-2024.pdf,IDSR Week 17 Bulletin (2024),2026-08-08T00:45:25Z
GB,374,371,99,17,2024,https://www.nih.org.pk/wp-content/uploads/2024/05/Weekly Report-17-2024.pdf,IDSR Week 17 Bulletin (2024),2026-08-08T00:45:25Z
Sindh,2086,1982,95,17,2024,https://www.nih.org.pk/wp-content/uploads/2024/05/Weekly Report-17-2024.pdf,IDSR Week 17 Bulletin (2024),2026-08-08T00:45:25Z
National,6837,5301,78,17,2024,https://www.nih.org.pk/wp-content/uploads/2024/05/Weekly Report-17-2024.pdf,IDSR Week 17 Bulletin (2024),2026-08-08T00:45:25Z
KP,2740,1679,61,16,2024,https://www.nih.org.pk/wp-content/uploads/2024/05/Weekly Report-16-2024.pdf,IDSR Week 16 Bulletin (2024),2026-08-08T00:45:28Z
AJK,382,380,99,16,2024,https://www.nih.org.pk/wp-content/uploads/2024/05/Weekly Report-16-2024.pdf,IDSR Week 16 Bulletin (2024),2026-08-08T00:45:28Z
ICT,35,30,86,16,2024,https://www.nih.org.pk/wp-content/uploads/2024/05/Weekly Report-16-2024.pdf,IDSR Week 16 Bulletin (2024),2026-08-08T00:45:28Z
Balochistan,1220,934,77,16,2024,https://www.nih.org.pk/wp-content/uploads/2024/05/Weekly Report-16-2024.pdf,IDSR Week 16 Bulletin (2024),2026-08-08T00:45:28Z
GB,374,374,100,16,2024,https://www.nih.org.pk/wp-content/uploads/2024/05/Weekly Report-16-2024.pdf,IDSR Week 16 Bulletin (2024),2026-08-08T00:45:28Z
Sindh,2086,1968,94,16,2024,https://www.nih.org.pk/wp-content/uploads/2024/05/Weekly Report-16-2024.pdf,IDSR Week 16 Bulletin (2024),2026-08-08T00:45:28Z
National,6837,5365,78,16,2024,https://www.nih.org.pk/wp-content/uploads/2024/05/Weekly Report-16-2024.pdf,IDSR Week 16 Bulletin (2024),2026-08-08T00:45:28Z
KP,2740,1585,58,15,2024,https://www.nih.org.pk/wp-content/uploads/2024/05/Weekly Report-15-2024.pdf,IDSR Week 15 Bulletin (2024),2026-08-08T00:45:31Z
AJK,382,367,96,15,2024,https://www.nih.org.pk/wp-content/uploads/2024/05/Weekly Report-15-2024.pdf,IDSR Week 15 Bulletin (2024),2026-08-08T00:45:31Z
ICT,35,29,83,15,2024,https://www.nih.org.pk/wp-content/uploads/2024/05/Weekly Report-15-2024.pdf,IDSR Week 15 Bulletin (2024),2026-08-08T00:45:31Z
Balochistan,1220,796,65,15,2024,https://www.nih.org.pk/wp-content/uploads/2024/05/Weekly Report-15-2024.pdf,IDSR Week 15 Bulletin (2024),2026-08-08T00:45:31Z
GB,374,374,100,15,2024,https://www.nih.org.pk/wp-content/uploads/2024/05/Weekly Report-15-2024.pdf,IDSR Week 15 Bulletin (2024),2026-08-08T00:45:31Z
Sindh,2086,1942,93,15,2024,https://www.nih.org.pk/wp-content/uploads/2024/05/Weekly Report-15-2024.pdf,IDSR Week 15 Bulletin (2024),2026-08-08T00:45:31Z
National,6837,5093,74,15,2024,https://www.nih.org.pk/wp-content/uploads/2024/05/Weekly Report-15-2024.pdf,IDSR Week 15 Bulletin (2024),2026-08-08T00:45:31Z
KP,2740,1543,56,14,2024,https://www.nih.org.pk/wp-content/uploads/2024/05/Weekly Report-14-2024.pdf,IDSR Week 14 Bulletin (2024),2026-08-08T00:45:34Z
AJK,382,369,97,14,2024,https://www.nih.org.pk/wp-content/uploads/2024/05/Weekly Report-14-2024.pdf,IDSR Week 14 Bulletin (2024),2026-08-08T00:45:34Z
ICT,35,29,83,14,2024,https://www.nih.org.pk/wp-content/uploads/2024/05/Weekly Report-14-2024.pdf,IDSR Week 14 Bulletin (2024),2026-08-08T00:45:34Z
Balochistan,1220,780,64,14,2024,https://www.nih.org.pk/wp-content/uploads/2024/05/Weekly Report-14-2024.pdf,IDSR Week 14 Bulletin (2024),2026-08-08T00:45:34Z
GB,374,371,99,14,2024,https://www.nih.org.pk/wp-content/uploads/2024/05/Weekly Report-14-2024.pdf,IDSR Week 14 Bulletin (2024),2026-08-08T00:45:34Z
Sindh,2086,1936,93,14,2024,https://www.nih.org.pk/wp-content/uploads/2024/05/Weekly Report-14-2024.pdf,IDSR Week 14 Bulletin (2024),2026-08-08T00:45:34Z
National,6837,5028,74,14,2024,https://www.nih.org.pk/wp-content/uploads/2024/05/Weekly Report-14-2024.pdf,IDSR Week 14 Bulletin (2024),2026-08-08T00:45:34Z
KP,2740,1672,61,13,2024,https://www.nih.org.pk/wp-content/uploads/2024/05/Weekly Report-13-2024.pdf,IDSR Week 13 Bulletin (2024),2026-08-08T00:45:37Z
AJK,382,382,100,13,2024,https://www.nih.org.pk/wp-content/uploads/2024/05/Weekly Report-13-2024.pdf,IDSR Week 13 Bulletin (2024),2026-08-08T00:45:37Z
ICT,35,29,83,13,2024,https://www.nih.org.pk/wp-content/uploads/2024/05/Weekly Report-13-2024.pdf,IDSR Week 13 Bulletin (2024),2026-08-08T00:45:37Z
Balochistan,1220,955,78,13,2024,https://www.nih.org.pk/wp-content/uploads/2024/05/Weekly Report-13-2024.pdf,IDSR Week 13 Bulletin (2024),2026-08-08T00:45:37Z
GB,374,374,100,13,2024,https://www.nih.org.pk/wp-content/uploads/2024/05/Weekly Report-13-2024.pdf,IDSR Week 13 Bulletin (2024),2026-08-08T00:45:37Z
Sindh,2086,1970,94,13,2024,https://www.nih.org.pk/wp-content/uploads/2024/05/Weekly Report-13-2024.pdf,IDSR Week 13 Bulletin (2024),2026-08-08T00:45:37Z
National,6837,5381,79,13,2024,https://www.nih.org.pk/wp-content/uploads/2024/05/Weekly Report-13-2024.pdf,IDSR Week 13 Bulletin (2024),2026-08-08T00:45:37Z
KP,2740,1650,60,12,2024,https://www.nih.org.pk/wp-content/uploads/2024/04/Weekly Report-12-2024.pdf,IDSR Week 12 Bulletin (2024),2026-08-08T00:45:40Z
AJK,382,379,99,12,2024,https://www.nih.org.pk/wp-content/uploads/2024/04/Weekly Report-12-2024.pdf,IDSR Week 12 Bulletin (2024),2026-08-08T00:45:40Z
ICT,35,29,83,12,2024,https://www.nih.org.pk/wp-content/uploads/2024/04/Weekly Report-12-2024.pdf,IDSR Week 12 Bulletin (2024),2026-08-08T00:45:40Z
Balochistan,1220,918,75,12,2024,https://www.nih.org.pk/wp-content/uploads/2024/04/Weekly Report-12-2024.pdf,IDSR Week 12 Bulletin (2024),2026-08-08T00:45:40Z
GB,374,374,100,12,2024,https://www.nih.org.pk/wp-content/uploads/2024/04/Weekly Report-12-2024.pdf,IDSR Week 12 Bulletin (2024),2026-08-08T00:45:40Z
Sindh,2086,1938,93,12,2024,https://www.nih.org.pk/wp-content/uploads/2024/04/Weekly Report-12-2024.pdf,IDSR Week 12 Bulletin (2024),2026-08-08T00:45:40Z
National,6837,5288,77,12,2024,https://www.nih.org.pk/wp-content/uploads/2024/04/Weekly Report-12-2024.pdf,IDSR Week 12 Bulletin (2024),2026-08-08T00:45:40Z
KP,2740,1645,60,11,2024,https://www.nih.org.pk/wp-content/uploads/2024/04/Weekly Report-11-2024.pdf,IDSR Week 11 Bulletin (2024),2026-08-08T00:45:42Z
AJK,382,382,100,11,2024,https://www.nih.org.pk/wp-content/uploads/2024/04/Weekly Report-11-2024.pdf,IDSR Week 11 Bulletin (2024),2026-08-08T00:45:42Z
ICT,35,29,83,11,2024,https://www.nih.org.pk/wp-content/uploads/2024/04/Weekly Report-11-2024.pdf,IDSR Week 11 Bulletin (2024),2026-08-08T00:45:42Z
Balochistan,1220,845,69,11,2024,https://www.nih.org.pk/wp-content/uploads/2024/04/Weekly Report-11-2024.pdf,IDSR Week 11 Bulletin (2024),2026-08-08T00:45:42Z
GB,374,374,100,11,2024,https://www.nih.org.pk/wp-content/uploads/2024/04/Weekly Report-11-2024.pdf,IDSR Week 11 Bulletin (2024),2026-08-08T00:45:42Z
Sindh,2086,1956,94,11,2024,https://www.nih.org.pk/wp-content/uploads/2024/04/Weekly Report-11-2024.pdf,IDSR Week 11 Bulletin (2024),2026-08-08T00:45:42Z
National,6837,5231,77,11,2024,https://www.nih.org.pk/wp-content/uploads/2024/04/Weekly Report-11-2024.pdf,IDSR Week 11 Bulletin (2024),2026-08-08T00:45:42Z
KP,2750,1607,58,10,2024,https://www.nih.org.pk/wp-content/uploads/2024/04/Weekly_Report-10-2024.pdf,IDSR Week 10 Bulletin (2024),2026-08-08T00:45:45Z
AJK,382,379,99,10,2024,https://www.nih.org.pk/wp-content/uploads/2024/04/Weekly_Report-10-2024.pdf,IDSR Week 10 Bulletin (2024),2026-08-08T00:45:45Z
ICT,35,29,83,10,2024,https://www.nih.org.pk/wp-content/uploads/2024/04/Weekly_Report-10-2024.pdf,IDSR Week 10 Bulletin (2024),2026-08-08T00:45:45Z
Balochistan,1220,887,73,10,2024,https://www.nih.org.pk/wp-content/uploads/2024/04/Weekly_Report-10-2024.pdf,IDSR Week 10 Bulletin (2024),2026-08-08T00:45:45Z
GB,374,374,100,10,2024,https://www.nih.org.pk/wp-content/uploads/2024/04/Weekly_Report-10-2024.pdf,IDSR Week 10 Bulletin (2024),2026-08-08T00:45:45Z
Sindh,2088,1957,94,10,2024,https://www.nih.org.pk/wp-content/uploads/2024/04/Weekly_Report-10-2024.pdf,IDSR Week 10 Bulletin (2024),2026-08-08T00:45:45Z
National,6849,5233,76,10,2024,https://www.nih.org.pk/wp-content/uploads/2024/04/Weekly_Report-10-2024.pdf,IDSR Week 10 Bulletin (2024),2026-08-08T00:45:45Z
KP,2750,1551,56,9,2024,https://www.nih.org.pk/wp-content/uploads/2024/04/Weekly Report-09-2024.pdf,IDSR Week 09 Bulletin (2024),2026-08-08T00:45:48Z
AJK,382,377,99,9,2024,https://www.nih.org.pk/wp-content/uploads/2024/04/Weekly Report-09-2024.pdf,IDSR Week 09 Bulletin (2024),2026-08-08T00:45:48Z
ICT,35,29,83,9,2024,https://www.nih.org.pk/wp-content/uploads/2024/04/Weekly Report-09-2024.pdf,IDSR Week 09 Bulletin (2024),2026-08-08T00:45:48Z
Balochistan,1220,842,69,9,2024,https://www.nih.org.pk/wp-content/uploads/2024/04/Weekly Report-09-2024.pdf,IDSR Week 09 Bulletin (2024),2026-08-08T00:45:48Z
GB,374,374,100,9,2024,https://www.nih.org.pk/wp-content/uploads/2024/04/Weekly Report-09-2024.pdf,IDSR Week 09 Bulletin (2024),2026-08-08T00:45:48Z
Sindh,2087,1946,93,9,2024,https://www.nih.org.pk/wp-content/uploads/2024/04/Weekly Report-09-2024.pdf,IDSR Week 09 Bulletin (2024),2026-08-08T00:45:48Z
National,6848,5119,75,9,2024,https://www.nih.org.pk/wp-content/uploads/2024/04/Weekly Report-09-2024.pdf,IDSR Week 09 Bulletin (2024),2026-08-08T00:45:48Z
KP,2750,1599,58,8,2024,https://www.nih.org.pk/wp-content/uploads/2024/03/Weekly Report-08-2024.pdf,IDSR Week 08 Bulletin (2024),2026-08-08T00:45:51Z
AJK,382,375,98,8,2024,https://www.nih.org.pk/wp-content/uploads/2024/03/Weekly Report-08-2024.pdf,IDSR Week 08 Bulletin (2024),2026-08-08T00:45:51Z
ICT,35,30,86,8,2024,https://www.nih.org.pk/wp-content/uploads/2024/03/Weekly Report-08-2024.pdf,IDSR Week 08 Bulletin (2024),2026-08-08T00:45:51Z
Balochistan,1220,840,69,8,2024,https://www.nih.org.pk/wp-content/uploads/2024/03/Weekly Report-08-2024.pdf,IDSR Week 08 Bulletin (2024),2026-08-08T00:45:51Z
GB,374,374,100,8,2024,https://www.nih.org.pk/wp-content/uploads/2024/03/Weekly Report-08-2024.pdf,IDSR Week 08 Bulletin (2024),2026-08-08T00:45:51Z
Sindh,2088,1955,94,8,2024,https://www.nih.org.pk/wp-content/uploads/2024/03/Weekly Report-08-2024.pdf,IDSR Week 08 Bulletin (2024),2026-08-08T00:45:51Z
National,6849,5173,76,8,2024,https://www.nih.org.pk/wp-content/uploads/2024/03/Weekly Report-08-2024.pdf,IDSR Week 08 Bulletin (2024),2026-08-08T00:45:51Z
KP,2750,1547,56,7,2024,https://www.nih.org.pk/wp-content/uploads/2024/03/Weekly Report-07-2024.pdf,IDSR Week 07 Bulletin (2024),2026-08-08T00:45:54Z
AJK,382,373,98,7,2024,https://www.nih.org.pk/wp-content/uploads/2024/03/Weekly Report-07-2024.pdf,IDSR Week 07 Bulletin (2024),2026-08-08T00:45:54Z
ICT,70,52,74,7,2024,https://www.nih.org.pk/wp-content/uploads/2024/03/Weekly Report-07-2024.pdf,IDSR Week 07 Bulletin (2024),2026-08-08T00:45:54Z
Balochistan,1220,925,76,7,2024,https://www.nih.org.pk/wp-content/uploads/2024/03/Weekly Report-07-2024.pdf,IDSR Week 07 Bulletin (2024),2026-08-08T00:45:54Z
GB,374,374,100,7,2024,https://www.nih.org.pk/wp-content/uploads/2024/03/Weekly Report-07-2024.pdf,IDSR Week 07 Bulletin (2024),2026-08-08T00:45:54Z
Sindh,2087,1922,92,7,2024,https://www.nih.org.pk/wp-content/uploads/2024/03/Weekly Report-07-2024.pdf,IDSR Week 07 Bulletin (2024),2026-08-08T00:45:54Z
National,6883,5193,75,7,2024,https://www.nih.org.pk/wp-content/uploads/2024/03/Weekly Report-07-2024.pdf,IDSR Week 07 Bulletin (2024),2026-08-08T00:45:54Z
KP,2750,1585,58,6,2024,https://www.nih.org.pk/wp-content/uploads/2024/03/Weekly Report-06-2024.pdf,IDSR Week 06 Bulletin (2024),2026-08-08T00:45:57Z
AJK,382,376,99,6,2024,https://www.nih.org.pk/wp-content/uploads/2024/03/Weekly Report-06-2024.pdf,IDSR Week 06 Bulletin (2024),2026-08-08T00:45:57Z
ICT,70,50,71,6,2024,https://www.nih.org.pk/wp-content/uploads/2024/03/Weekly Report-06-2024.pdf,IDSR Week 06 Bulletin (2024),2026-08-08T00:45:57Z
Balochistan,1220,840,69,6,2024,https://www.nih.org.pk/wp-content/uploads/2024/03/Weekly Report-06-2024.pdf,IDSR Week 06 Bulletin (2024),2026-08-08T00:45:57Z
GB,374,372,99,6,2024,https://www.nih.org.pk/wp-content/uploads/2024/03/Weekly Report-06-2024.pdf,IDSR Week 06 Bulletin (2024),2026-08-08T00:45:57Z
Sindh,2088,1914,92,6,2024,https://www.nih.org.pk/wp-content/uploads/2024/03/Weekly Report-06-2024.pdf,IDSR Week 06 Bulletin (2024),2026-08-08T00:45:57Z
National,6884,5134,75,6,2024,https://www.nih.org.pk/wp-content/uploads/2024/03/Weekly Report-06-2024.pdf,IDSR Week 06 Bulletin (2024),2026-08-08T00:45:57Z
KP,2750,1480,54,5,2024,https://www.nih.org.pk/wp-content/uploads/2024/02/Weekly Report-05-2024.pdf,IDSR Week 05 Bulletin (2024),2026-08-08T00:46:00Z
AJK,382,375,98,5,2024,https://www.nih.org.pk/wp-content/uploads/2024/02/Weekly Report-05-2024.pdf,IDSR Week 05 Bulletin (2024),2026-08-08T00:46:00Z
ICT,70,52,74,5,2024,https://www.nih.org.pk/wp-content/uploads/2024/02/Weekly Report-05-2024.pdf,IDSR Week 05 Bulletin (2024),2026-08-08T00:46:00Z
Balochistan,1220,890,73,5,2024,https://www.nih.org.pk/wp-content/uploads/2024/02/Weekly Report-05-2024.pdf,IDSR Week 05 Bulletin (2024),2026-08-08T00:46:00Z
GB,374,373,100,5,2024,https://www.nih.org.pk/wp-content/uploads/2024/02/Weekly Report-05-2024.pdf,IDSR Week 05 Bulletin (2024),2026-08-08T00:46:00Z
Sindh,2088,1901,91,5,2024,https://www.nih.org.pk/wp-content/uploads/2024/02/Weekly Report-05-2024.pdf,IDSR Week 05 Bulletin (2024),2026-08-08T00:46:00Z
National,6884,5071,74,5,2024,https://www.nih.org.pk/wp-content/uploads/2024/02/Weekly Report-05-2024.pdf,IDSR Week 05 Bulletin (2024),2026-08-08T00:46:00Z
KP,2750,1590,58,4,2024,https://www.nih.org.pk/wp-content/uploads/2024/02/Weekly Report-04-2024.pdf,IDSR Week 04 Bulletin (2024),2026-08-08T00:46:03Z
AJK,382,368,96,4,2024,https://www.nih.org.pk/wp-content/uploads/2024/02/Weekly Report-04-2024.pdf,IDSR Week 04 Bulletin (2024),2026-08-08T00:46:03Z
ICT,70,52,74,4,2024,https://www.nih.org.pk/wp-content/uploads/2024/02/Weekly Report-04-2024.pdf,IDSR Week 04 Bulletin (2024),2026-08-08T00:46:03Z
Balochistan,1179,907,77,4,2024,https://www.nih.org.pk/wp-content/uploads/2024/02/Weekly Report-04-2024.pdf,IDSR Week 04 Bulletin (2024),2026-08-08T00:46:03Z
GB,374,374,100,4,2024,https://www.nih.org.pk/wp-content/uploads/2024/02/Weekly Report-04-2024.pdf,IDSR Week 04 Bulletin (2024),2026-08-08T00:46:03Z
Sindh,2088,1942,93,4,2024,https://www.nih.org.pk/wp-content/uploads/2024/02/Weekly Report-04-2024.pdf,IDSR Week 04 Bulletin (2024),2026-08-08T00:46:03Z
National,6843,5233,76,4,2024,https://www.nih.org.pk/wp-content/uploads/2024/02/Weekly Report-04-2024.pdf,IDSR Week 04 Bulletin (2024),2026-08-08T00:46:03Z
KP,2750,1552,56,3,2024,https://www.nih.org.pk/wp-content/uploads/2024/01/Weekly Report-03-2024.pdf,IDSR Week 03 Bulletin (2024),2026-08-08T00:46:06Z
AJK,382,334,87,3,2024,https://www.nih.org.pk/wp-content/uploads/2024/01/Weekly Report-03-2024.pdf,IDSR Week 03 Bulletin (2024),2026-08-08T00:46:06Z
ICT,70,56,80,3,2024,https://www.nih.org.pk/wp-content/uploads/2024/01/Weekly Report-03-2024.pdf,IDSR Week 03 Bulletin (2024),2026-08-08T00:46:06Z
Balochistan,1179,892,76,3,2024,https://www.nih.org.pk/wp-content/uploads/2024/01/Weekly Report-03-2024.pdf,IDSR Week 03 Bulletin (2024),2026-08-08T00:46:06Z
GB,390,352,91,3,2024,https://www.nih.org.pk/wp-content/uploads/2024/01/Weekly Report-03-2024.pdf,IDSR Week 03 Bulletin (2024),2026-08-08T00:46:06Z
Sindh,2088,1900,91,3,2024,https://www.nih.org.pk/wp-content/uploads/2024/01/Weekly Report-03-2024.pdf,IDSR Week 03 Bulletin (2024),2026-08-08T00:46:06Z
National,6859,5086,74,3,2024,https://www.nih.org.pk/wp-content/uploads/2024/01/Weekly Report-03-2024.pdf,IDSR Week 03 Bulletin (2024),2026-08-08T00:46:06Z
KP,2760,1512,55,2,2024,https://www.nih.org.pk/wp-content/uploads/2024/01/Weekly Report-02-2024.pdf,IDSR Week 02 Bulletin (2024),2026-08-08T00:46:09Z
AJK,382,340,89,2,2024,https://www.nih.org.pk/wp-content/uploads/2024/01/Weekly Report-02-2024.pdf,IDSR Week 02 Bulletin (2024),2026-08-08T00:46:09Z
ICT,70,42,60,2,2024,https://www.nih.org.pk/wp-content/uploads/2024/01/Weekly Report-02-2024.pdf,IDSR Week 02 Bulletin (2024),2026-08-08T00:46:09Z
Balochistan,1179,899,76,2,2024,https://www.nih.org.pk/wp-content/uploads/2024/01/Weekly Report-02-2024.pdf,IDSR Week 02 Bulletin (2024),2026-08-08T00:46:09Z
GB,390,349,89,2,2024,https://www.nih.org.pk/wp-content/uploads/2024/01/Weekly Report-02-2024.pdf,IDSR Week 02 Bulletin (2024),2026-08-08T00:46:09Z
Sindh,2088,1855,89,2,2024,https://www.nih.org.pk/wp-content/uploads/2024/01/Weekly Report-02-2024.pdf,IDSR Week 02 Bulletin (2024),2026-08-08T00:46:09Z
National,6869,4993,73,2,2024,https://www.nih.org.pk/wp-content/uploads/2024/01/Weekly Report-02-2024.pdf,IDSR Week 02 Bulletin (2024),2026-08-08T00:46:09Z
KP,2658,1488,56,1,2024,https://www.nih.org.pk/wp-content/uploads/2024/01/Weekly Report-01-2024.pdf,IDSR Week 01 Bulletin (2024),2026-08-08T00:46:11Z
AJK,382,376,98,1,2024,https://www.nih.org.pk/wp-content/uploads/2024/01/Weekly Report-01-2024.pdf,IDSR Week 01 Bulletin (2024),2026-08-08T00:46:11Z
ICT,70,48,69,1,2024,https://www.nih.org.pk/wp-content/uploads/2024/01/Weekly Report-01-2024.pdf,IDSR Week 01 Bulletin (2024),2026-08-08T00:46:11Z
Balochistan,1179,867,74,1,2024,https://www.nih.org.pk/wp-content/uploads/2024/01/Weekly Report-01-2024.pdf,IDSR Week 01 Bulletin (2024),2026-08-08T00:46:11Z
GB,390,337,86,1,2024,https://www.nih.org.pk/wp-content/uploads/2024/01/Weekly Report-01-2024.pdf,IDSR Week 01 Bulletin (2024),2026-08-08T00:46:11Z
Sindh,2088,1886,90,1,2024,https://www.nih.org.pk/wp-content/uploads/2024/01/Weekly Report-01-2024.pdf,IDSR Week 01 Bulletin (2024),2026-08-08T00:46:11Z
National,6767,5002,74,1,2024,https://www.nih.org.pk/wp-content/uploads/2024/01/Weekly Report-01-2024.pdf,IDSR Week 01 Bulletin (2024),2026-08-08T00:46:11Z
KP,2658,1530,58,52,2023,https://www.nih.org.pk/wp-content/uploads/2024/01/Weekly Report-52-2023.pdf,IDSR Week 52 Bulletin (2023),2026-08-08T00:46:15Z
AJK,382,354,93,52,2023,https://www.nih.org.pk/wp-content/uploads/2024/01/Weekly Report-52-2023.pdf,IDSR Week 52 Bulletin (2023),2026-08-08T00:46:15Z
ICT,70,6,9,52,2023,https://www.nih.org.pk/wp-content/uploads/2024/01/Weekly Report-52-2023.pdf,IDSR Week 52 Bulletin (2023),2026-08-08T00:46:15Z
Balochistan,1179,1041,88,52,2023,https://www.nih.org.pk/wp-content/uploads/2024/01/Weekly Report-52-2023.pdf,IDSR Week 52 Bulletin (2023),2026-08-08T00:46:15Z
GB,390,262,67,52,2023,https://www.nih.org.pk/wp-content/uploads/2024/01/Weekly Report-52-2023.pdf,IDSR Week 52 Bulletin (2023),2026-08-08T00:46:15Z
Sindh,2088,1819,87,52,2023,https://www.nih.org.pk/wp-content/uploads/2024/01/Weekly Report-52-2023.pdf,IDSR Week 52 Bulletin (2023),2026-08-08T00:46:15Z
National,6767,5012,74,52,2023,https://www.nih.org.pk/wp-content/uploads/2024/01/Weekly Report-52-2023.pdf,IDSR Week 52 Bulletin (2023),2026-08-08T00:46:15Z
KP,2689,1477,55,51,2023,https://www.nih.org.pk/wp-content/uploads/2024/01/Weekly Report-51-2023.pdf,IDSR Week 51 Bulletin (2023),2026-08-08T00:46:18Z
AJK,382,368,96,51,2023,https://www.nih.org.pk/wp-content/uploads/2024/01/Weekly Report-51-2023.pdf,IDSR Week 51 Bulletin (2023),2026-08-08T00:46:18Z
ICT,70,54,77,51,2023,https://www.nih.org.pk/wp-content/uploads/2024/01/Weekly Report-51-2023.pdf,IDSR Week 51 Bulletin (2023),2026-08-08T00:46:18Z
Balochistan,1178,918,78,51,2023,https://www.nih.org.pk/wp-content/uploads/2024/01/Weekly Report-51-2023.pdf,IDSR Week 51 Bulletin (2023),2026-08-08T00:46:18Z
GB,390,309,79,51,2023,https://www.nih.org.pk/wp-content/uploads/2024/01/Weekly Report-51-2023.pdf,IDSR Week 51 Bulletin (2023),2026-08-08T00:46:18Z
Sindh,2092,1875,90,51,2023,https://www.nih.org.pk/wp-content/uploads/2024/01/Weekly Report-51-2023.pdf,IDSR Week 51 Bulletin (2023),2026-08-08T00:46:18Z
National,6801,5001,74,51,2023,https://www.nih.org.pk/wp-content/uploads/2024/01/Weekly Report-51-2023.pdf,IDSR Week 51 Bulletin (2023),2026-08-08T00:46:18Z
KP,2658,1555,59,50,2023,https://www.nih.org.pk/wp-content/uploads/2024/01/Weekly Report-50-2023.pdf,IDSR Week 50 Bulletin (2023),2026-08-08T00:46:21Z
AJK,382,335,88,50,2023,https://www.nih.org.pk/wp-content/uploads/2024/01/Weekly Report-50-2023.pdf,IDSR Week 50 Bulletin (2023),2026-08-08T00:46:21Z
ICT,70,40,57,50,2023,https://www.nih.org.pk/wp-content/uploads/2024/01/Weekly Report-50-2023.pdf,IDSR Week 50 Bulletin (2023),2026-08-08T00:46:21Z
Balochistan,1178,911,77,50,2023,https://www.nih.org.pk/wp-content/uploads/2024/01/Weekly Report-50-2023.pdf,IDSR Week 50 Bulletin (2023),2026-08-08T00:46:21Z
GB,440,318,72,50,2023,https://www.nih.org.pk/wp-content/uploads/2024/01/Weekly Report-50-2023.pdf,IDSR Week 50 Bulletin (2023),2026-08-08T00:46:21Z
Sindh,2088,1906,91,50,2023,https://www.nih.org.pk/wp-content/uploads/2024/01/Weekly Report-50-2023.pdf,IDSR Week 50 Bulletin (2023),2026-08-08T00:46:21Z
National,6816,5065,74,50,2023,https://www.nih.org.pk/wp-content/uploads/2024/01/Weekly Report-50-2023.pdf,IDSR Week 50 Bulletin (2023),2026-08-08T00:46:21Z
KP,2689,1552,58,49,2023,https://www.nih.org.pk/wp-content/uploads/2024/01/Weekly Report-49-2023.pdf,IDSR Week 49 Bulletin (2023),2026-08-08T00:46:24Z
AJK,384,351,91,49,2023,https://www.nih.org.pk/wp-content/uploads/2024/01/Weekly Report-49-2023.pdf,IDSR Week 49 Bulletin (2023),2026-08-08T00:46:24Z
ICT,70,12,17,49,2023,https://www.nih.org.pk/wp-content/uploads/2024/01/Weekly Report-49-2023.pdf,IDSR Week 49 Bulletin (2023),2026-08-08T00:46:24Z
Balochistan,1178,879,75,49,2023,https://www.nih.org.pk/wp-content/uploads/2024/01/Weekly Report-49-2023.pdf,IDSR Week 49 Bulletin (2023),2026-08-08T00:46:24Z
GB,418,324,78,49,2023,https://www.nih.org.pk/wp-content/uploads/2024/01/Weekly Report-49-2023.pdf,IDSR Week 49 Bulletin (2023),2026-08-08T00:46:24Z
Sindh,2092,1830,87,49,2023,https://www.nih.org.pk/wp-content/uploads/2024/01/Weekly Report-49-2023.pdf,IDSR Week 49 Bulletin (2023),2026-08-08T00:46:24Z
National,6831,4948,72,49,2023,https://www.nih.org.pk/wp-content/uploads/2024/01/Weekly Report-49-2023.pdf,IDSR Week 49 Bulletin (2023),2026-08-08T00:46:24Z
KP,2658,1560,59,48,2023,https://www.nih.org.pk/wp-content/uploads/2024/01/Weekly Report-48-2023.pdf,IDSR Week 48 Bulletin (2023),2026-08-08T00:46:27Z
AJK,404,311,77,48,2023,https://www.nih.org.pk/wp-content/uploads/2024/01/Weekly Report-48-2023.pdf,IDSR Week 48 Bulletin (2023),2026-08-08T00:46:27Z
ICT,70,40,57,48,2023,https://www.nih.org.pk/wp-content/uploads/2024/01/Weekly Report-48-2023.pdf,IDSR Week 48 Bulletin (2023),2026-08-08T00:46:27Z
Balochistan,1178,882,75,48,2023,https://www.nih.org.pk/wp-content/uploads/2024/01/Weekly Report-48-2023.pdf,IDSR Week 48 Bulletin (2023),2026-08-08T00:46:27Z
GB,440,325,74,48,2023,https://www.nih.org.pk/wp-content/uploads/2024/01/Weekly Report-48-2023.pdf,IDSR Week 48 Bulletin (2023),2026-08-08T00:46:27Z
Sindh,2088,1738,83,48,2023,https://www.nih.org.pk/wp-content/uploads/2024/01/Weekly Report-48-2023.pdf,IDSR Week 48 Bulletin (2023),2026-08-08T00:46:27Z
National,6838,4856,71,48,2023,https://www.nih.org.pk/wp-content/uploads/2024/01/Weekly Report-48-2023.pdf,IDSR Week 48 Bulletin (2023),2026-08-08T00:46:27Z
KP,2658,1540,58,47,2023,https://www.nih.org.pk/wp-content/uploads/2024/01/Weekly Report-47-2023.pdf,IDSR Week 47 Bulletin (2023),2026-08-08T00:46:30Z
AJK,404,356,88,47,2023,https://www.nih.org.pk/wp-content/uploads/2024/01/Weekly Report-47-2023.pdf,IDSR Week 47 Bulletin (2023),2026-08-08T00:46:30Z
ICT,27,8,30,47,2023,https://www.nih.org.pk/wp-content/uploads/2024/01/Weekly Report-47-2023.pdf,IDSR Week 47 Bulletin (2023),2026-08-08T00:46:30Z
Balochistan,1178,830,70,47,2023,https://www.nih.org.pk/wp-content/uploads/2024/01/Weekly Report-47-2023.pdf,IDSR Week 47 Bulletin (2023),2026-08-08T00:46:30Z
GB,440,278,63,47,2023,https://www.nih.org.pk/wp-content/uploads/2024/01/Weekly Report-47-2023.pdf,IDSR Week 47 Bulletin (2023),2026-08-08T00:46:30Z
Sindh,2088,1788,86,47,2023,https://www.nih.org.pk/wp-content/uploads/2024/01/Weekly Report-47-2023.pdf,IDSR Week 47 Bulletin (2023),2026-08-08T00:46:30Z
National,6795,4800,71,47,2023,https://www.nih.org.pk/wp-content/uploads/2024/01/Weekly Report-47-2023.pdf,IDSR Week 47 Bulletin (2023),2026-08-08T00:46:30Z
KP,2335,1547,66,46,2023,https://www.nih.org.pk/wp-content/uploads/2024/01/Weekly Report-46-2023.pdf,IDSR Week 46 Bulletin (2023),2026-08-08T00:46:33Z
AJK,404,353,87,46,2023,https://www.nih.org.pk/wp-content/uploads/2024/01/Weekly Report-46-2023.pdf,IDSR Week 46 Bulletin (2023),2026-08-08T00:46:33Z
ICT,27,8,30,46,2023,https://www.nih.org.pk/wp-content/uploads/2024/01/Weekly Report-46-2023.pdf,IDSR Week 46 Bulletin (2023),2026-08-08T00:46:33Z
Balochistan,1182,916,77,46,2023,https://www.nih.org.pk/wp-content/uploads/2024/01/Weekly Report-46-2023.pdf,IDSR Week 46 Bulletin (2023),2026-08-08T00:46:33Z
GB,440,257,58,46,2023,https://www.nih.org.pk/wp-content/uploads/2024/01/Weekly Report-46-2023.pdf,IDSR Week 46 Bulletin (2023),2026-08-08T00:46:33Z
Sindh,2088,1885,90,46,2023,https://www.nih.org.pk/wp-content/uploads/2024/01/Weekly Report-46-2023.pdf,IDSR Week 46 Bulletin (2023),2026-08-08T00:46:33Z
National,6476,4966,77,46,2023,https://www.nih.org.pk/wp-content/uploads/2024/01/Weekly Report-46-2023.pdf,IDSR Week 46 Bulletin (2023),2026-08-08T00:46:33Z
KP,2017,1406,71,45,2023,https://www.nih.org.pk/wp-content/uploads/2023/11/Weekly Report-45-2023.pdf,IDSR Week 45 Bulletin (2023),2026-08-08T00:46:36Z
AJK,404,308,76,45,2023,https://www.nih.org.pk/wp-content/uploads/2023/11/Weekly Report-45-2023.pdf,IDSR Week 45 Bulletin (2023),2026-08-08T00:46:36Z
ICT,70,24,34,45,2023,https://www.nih.org.pk/wp-content/uploads/2023/11/Weekly Report-45-2023.pdf,IDSR Week 45 Bulletin (2023),2026-08-08T00:46:36Z
Balochistan,1238,881,71,45,2023,https://www.nih.org.pk/wp-content/uploads/2023/11/Weekly Report-45-2023.pdf,IDSR Week 45 Bulletin (2023),2026-08-08T00:46:36Z
GB,440,183,42,45,2023,https://www.nih.org.pk/wp-content/uploads/2023/11/Weekly Report-45-2023.pdf,IDSR Week 45 Bulletin (2023),2026-08-08T00:46:36Z
Sindh,2088,1852,89,45,2023,https://www.nih.org.pk/wp-content/uploads/2023/11/Weekly Report-45-2023.pdf,IDSR Week 45 Bulletin (2023),2026-08-08T00:46:36Z
National,6257,4654,74,45,2023,https://www.nih.org.pk/wp-content/uploads/2023/11/Weekly Report-45-2023.pdf,IDSR Week 45 Bulletin (2023),2026-08-08T00:46:36Z
KP,2013,1418,70,44,2023,https://www.nih.org.pk/wp-content/uploads/2023/11/Weekly Report-44-2023.pdf,IDSR Week 44 Bulletin (2023),2026-08-08T00:46:39Z
AJK,380,282,74,44,2023,https://www.nih.org.pk/wp-content/uploads/2023/11/Weekly Report-44-2023.pdf,IDSR Week 44 Bulletin (2023),2026-08-08T00:46:39Z
ICT,27,4,15,44,2023,https://www.nih.org.pk/wp-content/uploads/2023/11/Weekly Report-44-2023.pdf,IDSR Week 44 Bulletin (2023),2026-08-08T00:46:39Z
Balochistan,1270,889,70,44,2023,https://www.nih.org.pk/wp-content/uploads/2023/11/Weekly Report-44-2023.pdf,IDSR Week 44 Bulletin (2023),2026-08-08T00:46:39Z
GB,440,158,36,44,2023,https://www.nih.org.pk/wp-content/uploads/2023/11/Weekly Report-44-2023.pdf,IDSR Week 44 Bulletin (2023),2026-08-08T00:46:39Z
Sindh,2038,1881,92,44,2023,https://www.nih.org.pk/wp-content/uploads/2023/11/Weekly Report-44-2023.pdf,IDSR Week 44 Bulletin (2023),2026-08-08T00:46:39Z
National,6168,4632,75,44,2023,https://www.nih.org.pk/wp-content/uploads/2023/11/Weekly Report-44-2023.pdf,IDSR Week 44 Bulletin (2023),2026-08-08T00:46:39Z
KP,1865,1382,74,43,2023,https://www.nih.org.pk/wp-content/uploads/2023/11/Weekly Report-43-2023.pdf,IDSR Week 43 Bulletin (2023),2026-08-08T00:46:42Z
AJK,377,333,88,43,2023,https://www.nih.org.pk/wp-content/uploads/2023/11/Weekly Report-43-2023.pdf,IDSR Week 43 Bulletin (2023),2026-08-08T00:46:42Z
ICT,27,16,59,43,2023,https://www.nih.org.pk/wp-content/uploads/2023/11/Weekly Report-43-2023.pdf,IDSR Week 43 Bulletin (2023),2026-08-08T00:46:42Z
Balochistan,1304,861,66,43,2023,https://www.nih.org.pk/wp-content/uploads/2023/11/Weekly Report-43-2023.pdf,IDSR Week 43 Bulletin (2023),2026-08-08T00:46:42Z
GB,479,129,27,43,2023,https://www.nih.org.pk/wp-content/uploads/2023/11/Weekly Report-43-2023.pdf,IDSR Week 43 Bulletin (2023),2026-08-08T00:46:42Z
Sindh,2038,1864,91,43,2023,https://www.nih.org.pk/wp-content/uploads/2023/11/Weekly Report-43-2023.pdf,IDSR Week 43 Bulletin (2023),2026-08-08T00:46:42Z
National,6090,4585,75,43,2023,https://www.nih.org.pk/wp-content/uploads/2023/11/Weekly Report-43-2023.pdf,IDSR Week 43 Bulletin (2023),2026-08-08T00:46:42Z
KP,1865,1424,76,42,2023,https://www.nih.org.pk/wp-content/uploads/2023/11/Weekly Report-42-2023.pdf,IDSR Week 42 Bulletin (2023),2026-08-08T00:46:45Z
AJK,377,325,86,42,2023,https://www.nih.org.pk/wp-content/uploads/2023/11/Weekly Report-42-2023.pdf,IDSR Week 42 Bulletin (2023),2026-08-08T00:46:45Z
ICT,27,10,37,42,2023,https://www.nih.org.pk/wp-content/uploads/2023/11/Weekly Report-42-2023.pdf,IDSR Week 42 Bulletin (2023),2026-08-08T00:46:45Z
Balochistan,1304,893,68,42,2023,https://www.nih.org.pk/wp-content/uploads/2023/11/Weekly Report-42-2023.pdf,IDSR Week 42 Bulletin (2023),2026-08-08T00:46:45Z
GB,479,138,29,42,2023,https://www.nih.org.pk/wp-content/uploads/2023/11/Weekly Report-42-2023.pdf,IDSR Week 42 Bulletin (2023),2026-08-08T00:46:45Z
Sindh,1861,1693,91,42,2023,https://www.nih.org.pk/wp-content/uploads/2023/11/Weekly Report-42-2023.pdf,IDSR Week 42 Bulletin (2023),2026-08-08T00:46:45Z
National,5913,4483,76,42,2023,https://www.nih.org.pk/wp-content/uploads/2023/11/Weekly Report-42-2023.pdf,IDSR Week 42 Bulletin (2023),2026-08-08T00:46:45Z
KP,1778,1380,78,41,2023,https://www.nih.org.pk/wp-content/uploads/2023/10/Weekly_Report_41_2023.pdf,IDSR Week 41 Bulletin (2023),2026-08-08T00:46:48Z
AJK,377,333,88,41,2023,https://www.nih.org.pk/wp-content/uploads/2023/10/Weekly_Report_41_2023.pdf,IDSR Week 41 Bulletin (2023),2026-08-08T00:46:48Z
ICT,27,27,100,41,2023,https://www.nih.org.pk/wp-content/uploads/2023/10/Weekly_Report_41_2023.pdf,IDSR Week 41 Bulletin (2023),2026-08-08T00:46:48Z
Balochistan,1249,843,67,41,2023,https://www.nih.org.pk/wp-content/uploads/2023/10/Weekly_Report_41_2023.pdf,IDSR Week 41 Bulletin (2023),2026-08-08T00:46:48Z
GB,479,154,32,41,2023,https://www.nih.org.pk/wp-content/uploads/2023/10/Weekly_Report_41_2023.pdf,IDSR Week 41 Bulletin (2023),2026-08-08T00:46:48Z
Sindh,1949,1871,96,41,2023,https://www.nih.org.pk/wp-content/uploads/2023/10/Weekly_Report_41_2023.pdf,IDSR Week 41 Bulletin (2023),2026-08-08T00:46:48Z
National,5859,4608,79,41,2023,https://www.nih.org.pk/wp-content/uploads/2023/10/Weekly_Report_41_2023.pdf,IDSR Week 41 Bulletin (2023),2026-08-08T00:46:48Z
KP,1778,1376,77,40,2023,https://www.nih.org.pk/wp-content/uploads/2023/10/Weekly Report-40-2023.pdf,IDSR Week 40 Bulletin (2023),2026-08-08T00:46:51Z
AJK,377,355,94,40,2023,https://www.nih.org.pk/wp-content/uploads/2023/10/Weekly Report-40-2023.pdf,IDSR Week 40 Bulletin (2023),2026-08-08T00:46:51Z
ICT,27,27,100,40,2023,https://www.nih.org.pk/wp-content/uploads/2023/10/Weekly Report-40-2023.pdf,IDSR Week 40 Bulletin (2023),2026-08-08T00:46:51Z
Balochistan,1249,841,67,40,2023,https://www.nih.org.pk/wp-content/uploads/2023/10/Weekly Report-40-2023.pdf,IDSR Week 40 Bulletin (2023),2026-08-08T00:46:51Z
GB,479,120,25,40,2023,https://www.nih.org.pk/wp-content/uploads/2023/10/Weekly Report-40-2023.pdf,IDSR Week 40 Bulletin (2023),2026-08-08T00:46:51Z
Sindh,1857,1699,91,40,2023,https://www.nih.org.pk/wp-content/uploads/2023/10/Weekly Report-40-2023.pdf,IDSR Week 40 Bulletin (2023),2026-08-08T00:46:51Z
National,5767,4418,77,40,2023,https://www.nih.org.pk/wp-content/uploads/2023/10/Weekly Report-40-2023.pdf,IDSR Week 40 Bulletin (2023),2026-08-08T00:46:51Z
KP,1776,1335,75,39,2023,https://www.nih.org.pk/wp-content/uploads/2023/10/Weekly Report-39-2023.pdf,IDSR Week 39 Bulletin (2023),2026-08-08T00:46:54Z
AJK,375,295,79,39,2023,https://www.nih.org.pk/wp-content/uploads/2023/10/Weekly Report-39-2023.pdf,IDSR Week 39 Bulletin (2023),2026-08-08T00:46:54Z
ICT,27,4,15,39,2023,https://www.nih.org.pk/wp-content/uploads/2023/10/Weekly Report-39-2023.pdf,IDSR Week 39 Bulletin (2023),2026-08-08T00:46:54Z
Balochistan,1255,772,62,39,2023,https://www.nih.org.pk/wp-content/uploads/2023/10/Weekly Report-39-2023.pdf,IDSR Week 39 Bulletin (2023),2026-08-08T00:46:54Z
GB,479,165,34,39,2023,https://www.nih.org.pk/wp-content/uploads/2023/10/Weekly Report-39-2023.pdf,IDSR Week 39 Bulletin (2023),2026-08-08T00:46:54Z
Sindh,1857,1727,93,39,2023,https://www.nih.org.pk/wp-content/uploads/2023/10/Weekly Report-39-2023.pdf,IDSR Week 39 Bulletin (2023),2026-08-08T00:46:54Z
National,5769,4298,75,39,2023,https://www.nih.org.pk/wp-content/uploads/2023/10/Weekly Report-39-2023.pdf,IDSR Week 39 Bulletin (2023),2026-08-08T00:46:54Z
KP,1672,1293,77,38,2023,https://www.nih.org.pk/wp-content/uploads/2023/10/Weekly Report-38-2023.pdf,IDSR Week 38 Bulletin (2023),2026-08-08T00:46:56Z
AJK,375,307,82,38,2023,https://www.nih.org.pk/wp-content/uploads/2023/10/Weekly Report-38-2023.pdf,IDSR Week 38 Bulletin (2023),2026-08-08T00:46:56Z
ICT,27,21,78,38,2023,https://www.nih.org.pk/wp-content/uploads/2023/10/Weekly Report-38-2023.pdf,IDSR Week 38 Bulletin (2023),2026-08-08T00:46:56Z
Balochistan,1184,740,63,38,2023,https://www.nih.org.pk/wp-content/uploads/2023/10/Weekly Report-38-2023.pdf,IDSR Week 38 Bulletin (2023),2026-08-08T00:46:56Z
GB,427,133,31,38,2023,https://www.nih.org.pk/wp-content/uploads/2023/10/Weekly Report-38-2023.pdf,IDSR Week 38 Bulletin (2023),2026-08-08T00:46:56Z
Sindh,1834,1679,92,38,2023,https://www.nih.org.pk/wp-content/uploads/2023/10/Weekly Report-38-2023.pdf,IDSR Week 38 Bulletin (2023),2026-08-08T00:46:56Z
National,5519,4173,76,38,2023,https://www.nih.org.pk/wp-content/uploads/2023/10/Weekly Report-38-2023.pdf,IDSR Week 38 Bulletin (2023),2026-08-08T00:46:56Z
KP,1693,1275,75,37,2023,https://www.nih.org.pk/wp-content/uploads/2023/10/Weekly Report-37-2023.pdf,IDSR Week 37 Bulletin (2023),2026-08-08T00:47:00Z
AJK,375,359,96,37,2023,https://www.nih.org.pk/wp-content/uploads/2023/10/Weekly Report-37-2023.pdf,IDSR Week 37 Bulletin (2023),2026-08-08T00:47:00Z
ICT,27,25,93,37,2023,https://www.nih.org.pk/wp-content/uploads/2023/10/Weekly Report-37-2023.pdf,IDSR Week 37 Bulletin (2023),2026-08-08T00:47:00Z
Balochistan,1119,723,65,37,2023,https://www.nih.org.pk/wp-content/uploads/2023/10/Weekly Report-37-2023.pdf,IDSR Week 37 Bulletin (2023),2026-08-08T00:47:00Z
GB,348,94,27,37,2023,https://www.nih.org.pk/wp-content/uploads/2023/10/Weekly Report-37-2023.pdf,IDSR Week 37 Bulletin (2023),2026-08-08T00:47:00Z
Sindh,1834,1697,93,37,2023,https://www.nih.org.pk/wp-content/uploads/2023/10/Weekly Report-37-2023.pdf,IDSR Week 37 Bulletin (2023),2026-08-08T00:47:00Z
National,5396,4173,77,37,2023,https://www.nih.org.pk/wp-content/uploads/2023/10/Weekly Report-37-2023.pdf,IDSR Week 37 Bulletin (2023),2026-08-08T00:47:00Z
KP,1776,1276,72,36,2023,https://www.nih.org.pk/wp-content/uploads/2023/10/Weekly_Report_36_2023.pdf,IDSR Week 36 Bulletin (2023),2026-08-08T00:47:03Z
AJK,375,345,92,36,2023,https://www.nih.org.pk/wp-content/uploads/2023/10/Weekly_Report_36_2023.pdf,IDSR Week 36 Bulletin (2023),2026-08-08T00:47:03Z
ICT,27,27,100,36,2023,https://www.nih.org.pk/wp-content/uploads/2023/10/Weekly_Report_36_2023.pdf,IDSR Week 36 Bulletin (2023),2026-08-08T00:47:03Z
Balochistan,1297,675,52,36,2023,https://www.nih.org.pk/wp-content/uploads/2023/10/Weekly_Report_36_2023.pdf,IDSR Week 36 Bulletin (2023),2026-08-08T00:47:03Z
GB,433,56,13,36,2023,https://www.nih.org.pk/wp-content/uploads/2023/10/Weekly_Report_36_2023.pdf,IDSR Week 36 Bulletin (2023),2026-08-08T00:47:03Z
Sindh,1834,1687,92,36,2023,https://www.nih.org.pk/wp-content/uploads/2023/10/Weekly_Report_36_2023.pdf,IDSR Week 36 Bulletin (2023),2026-08-08T00:47:03Z
National,5742,4066,71,36,2023,https://www.nih.org.pk/wp-content/uploads/2023/10/Weekly_Report_36_2023.pdf,IDSR Week 36 Bulletin (2023),2026-08-08T00:47:03Z
KP,1635,1192,73,35,2023,https://www.nih.org.pk/wp-content/uploads/2023/09/Weekly_Report_35_2023.pdf,IDSR Week 35 Bulletin (2023),2026-08-08T00:47:06Z
AJK,375,344,92,35,2023,https://www.nih.org.pk/wp-content/uploads/2023/09/Weekly_Report_35_2023.pdf,IDSR Week 35 Bulletin (2023),2026-08-08T00:47:06Z
ICT,27,27,100,35,2023,https://www.nih.org.pk/wp-content/uploads/2023/09/Weekly_Report_35_2023.pdf,IDSR Week 35 Bulletin (2023),2026-08-08T00:47:06Z
Balochistan,965,606,63,35,2023,https://www.nih.org.pk/wp-content/uploads/2023/09/Weekly_Report_35_2023.pdf,IDSR Week 35 Bulletin (2023),2026-08-08T00:47:06Z
GB,216,59,27,35,2023,https://www.nih.org.pk/wp-content/uploads/2023/09/Weekly_Report_35_2023.pdf,IDSR Week 35 Bulletin (2023),2026-08-08T00:47:06Z
Sindh,1834,1710,93,35,2023,https://www.nih.org.pk/wp-content/uploads/2023/09/Weekly_Report_35_2023.pdf,IDSR Week 35 Bulletin (2023),2026-08-08T00:47:06Z
National,5052,3938,78,35,2023,https://www.nih.org.pk/wp-content/uploads/2023/09/Weekly_Report_35_2023.pdf,IDSR Week 35 Bulletin (2023),2026-08-08T00:47:06Z
KP,1636,1265,77,34,2023,https://www.nih.org.pk/wp-content/uploads/2023/09/Weekly_Report_34_2023.pdf,IDSR Week 34 Bulletin (2023),2026-08-08T00:47:11Z
AJK,375,365,97,34,2023,https://www.nih.org.pk/wp-content/uploads/2023/09/Weekly_Report_34_2023.pdf,IDSR Week 34 Bulletin (2023),2026-08-08T00:47:11Z
ICT,18,18,100,34,2023,https://www.nih.org.pk/wp-content/uploads/2023/09/Weekly_Report_34_2023.pdf,IDSR Week 34 Bulletin (2023),2026-08-08T00:47:11Z
Balochistan,1160,687,59,34,2023,https://www.nih.org.pk/wp-content/uploads/2023/09/Weekly_Report_34_2023.pdf,IDSR Week 34 Bulletin (2023),2026-08-08T00:47:11Z
GB,348,60,17,34,2023,https://www.nih.org.pk/wp-content/uploads/2023/09/Weekly_Report_34_2023.pdf,IDSR Week 34 Bulletin (2023),2026-08-08T00:47:11Z
Sindh,1856,1748,94,34,2023,https://www.nih.org.pk/wp-content/uploads/2023/09/Weekly_Report_34_2023.pdf,IDSR Week 34 Bulletin (2023),2026-08-08T00:47:11Z
National,5393,4143,77,34,2023,https://www.nih.org.pk/wp-content/uploads/2023/09/Weekly_Report_34_2023.pdf,IDSR Week 34 Bulletin (2023),2026-08-08T00:47:11Z
KP,1612,1247,77,33,2023,https://www.nih.org.pk/wp-content/uploads/2023/09/Weekly_Report_33_2023.pdf,IDSR Week 33 Bulletin (2023),2026-08-08T00:47:14Z
AJK,375,361,96,33,2023,https://www.nih.org.pk/wp-content/uploads/2023/09/Weekly_Report_33_2023.pdf,IDSR Week 33 Bulletin (2023),2026-08-08T00:47:14Z
ICT,27,27,100,33,2023,https://www.nih.org.pk/wp-content/uploads/2023/09/Weekly_Report_33_2023.pdf,IDSR Week 33 Bulletin (2023),2026-08-08T00:47:14Z
Balochistan,1075,681,63,33,2023,https://www.nih.org.pk/wp-content/uploads/2023/09/Weekly_Report_33_2023.pdf,IDSR Week 33 Bulletin (2023),2026-08-08T00:47:14Z
GB,297,54,18,33,2023,https://www.nih.org.pk/wp-content/uploads/2023/09/Weekly_Report_33_2023.pdf,IDSR Week 33 Bulletin (2023),2026-08-08T00:47:14Z
Sindh,1834,1696,92,33,2023,https://www.nih.org.pk/wp-content/uploads/2023/09/Weekly_Report_33_2023.pdf,IDSR Week 33 Bulletin (2023),2026-08-08T00:47:14Z
National,5220,4066,78,33,2023,https://www.nih.org.pk/wp-content/uploads/2023/09/Weekly_Report_33_2023.pdf,IDSR Week 33 Bulletin (2023),2026-08-08T00:47:14Z
KP,1612,1030,64,32,2023,https://www.nih.org.pk/wp-content/uploads/2023/08/Weekly_Report_32_2023.pdf,IDSR Week 32 Bulletin (2023),2026-08-08T00:47:17Z
AJK,375,298,79,32,2023,https://www.nih.org.pk/wp-content/uploads/2023/08/Weekly_Report_32_2023.pdf,IDSR Week 32 Bulletin (2023),2026-08-08T00:47:17Z
ICT,27,27,100,32,2023,https://www.nih.org.pk/wp-content/uploads/2023/08/Weekly_Report_32_2023.pdf,IDSR Week 32 Bulletin (2023),2026-08-08T00:47:17Z
Balochistan,1075,580,54,32,2023,https://www.nih.org.pk/wp-content/uploads/2023/08/Weekly_Report_32_2023.pdf,IDSR Week 32 Bulletin (2023),2026-08-08T00:47:17Z
GB,220,46,21,32,2023,https://www.nih.org.pk/wp-content/uploads/2023/08/Weekly_Report_32_2023.pdf,IDSR Week 32 Bulletin (2023),2026-08-08T00:47:17Z
Sindh,1834,1718,94,32,2023,https://www.nih.org.pk/wp-content/uploads/2023/08/Weekly_Report_32_2023.pdf,IDSR Week 32 Bulletin (2023),2026-08-08T00:47:17Z
National,5143,3699,72,32,2023,https://www.nih.org.pk/wp-content/uploads/2023/08/Weekly_Report_32_2023.pdf,IDSR Week 32 Bulletin (2023),2026-08-08T00:47:17Z
KP,1612,1202,75,31,2023,https://www.nih.org.pk/wp-content/uploads/2023/08/Weekly_Report_31_2023.pdf,IDSR Week 31 Bulletin (2023),2026-08-08T00:47:20Z
AJK,341,266,78,31,2023,https://www.nih.org.pk/wp-content/uploads/2023/08/Weekly_Report_31_2023.pdf,IDSR Week 31 Bulletin (2023),2026-08-08T00:47:20Z
ICT,27,20,74,31,2023,https://www.nih.org.pk/wp-content/uploads/2023/08/Weekly_Report_31_2023.pdf,IDSR Week 31 Bulletin (2023),2026-08-08T00:47:20Z
Balochistan,1109,657,59,31,2023,https://www.nih.org.pk/wp-content/uploads/2023/08/Weekly_Report_31_2023.pdf,IDSR Week 31 Bulletin (2023),2026-08-08T00:47:20Z
GB,110,35,32,31,2023,https://www.nih.org.pk/wp-content/uploads/2023/08/Weekly_Report_31_2023.pdf,IDSR Week 31 Bulletin (2023),2026-08-08T00:47:20Z
Sindh,1854,1709,92,31,2023,https://www.nih.org.pk/wp-content/uploads/2023/08/Weekly_Report_31_2023.pdf,IDSR Week 31 Bulletin (2023),2026-08-08T00:47:20Z
National,5053,3889,77,31,2023,https://www.nih.org.pk/wp-content/uploads/2023/08/Weekly_Report_31_2023.pdf,IDSR Week 31 Bulletin (2023),2026-08-08T00:47:20Z
KP,1570,1207,77,30,2023,https://www.nih.org.pk/wp-content/uploads/2023/08/Weekly_Report_30_2023.pdf,IDSR Week 30 Bulletin (2023),2026-08-08T00:47:23Z
AJK,380,356,94,30,2023,https://www.nih.org.pk/wp-content/uploads/2023/08/Weekly_Report_30_2023.pdf,IDSR Week 30 Bulletin (2023),2026-08-08T00:47:23Z
ICT,27,20,74,30,2023,https://www.nih.org.pk/wp-content/uploads/2023/08/Weekly_Report_30_2023.pdf,IDSR Week 30 Bulletin (2023),2026-08-08T00:47:23Z
Balochistan,1101,550,50,30,2023,https://www.nih.org.pk/wp-content/uploads/2023/08/Weekly_Report_30_2023.pdf,IDSR Week 30 Bulletin (2023),2026-08-08T00:47:23Z
GB,99,47,47,30,2023,https://www.nih.org.pk/wp-content/uploads/2023/08/Weekly_Report_30_2023.pdf,IDSR Week 30 Bulletin (2023),2026-08-08T00:47:23Z
Sindh,1846,1546,85,30,2023,https://www.nih.org.pk/wp-content/uploads/2023/08/Weekly_Report_30_2023.pdf,IDSR Week 30 Bulletin (2023),2026-08-08T00:47:23Z
National,5023,3726,74,30,2023,https://www.nih.org.pk/wp-content/uploads/2023/08/Weekly_Report_30_2023.pdf,IDSR Week 30 Bulletin (2023),2026-08-08T00:47:23Z
KP,1568,1203,77,29,2023,https://www.nih.org.pk/wp-content/uploads/2023/08/Weekly_Report_29_2023.pdf,IDSR Week 29 Bulletin (2023),2026-08-08T00:47:26Z
AJK,440,321,73,29,2023,https://www.nih.org.pk/wp-content/uploads/2023/08/Weekly_Report_29_2023.pdf,IDSR Week 29 Bulletin (2023),2026-08-08T00:47:26Z
ICT,27,23,85,29,2023,https://www.nih.org.pk/wp-content/uploads/2023/08/Weekly_Report_29_2023.pdf,IDSR Week 29 Bulletin (2023),2026-08-08T00:47:26Z
Balochistan,978,607,62,29,2023,https://www.nih.org.pk/wp-content/uploads/2023/08/Weekly_Report_29_2023.pdf,IDSR Week 29 Bulletin (2023),2026-08-08T00:47:26Z
GB,141,43,30,29,2023,https://www.nih.org.pk/wp-content/uploads/2023/08/Weekly_Report_29_2023.pdf,IDSR Week 29 Bulletin (2023),2026-08-08T00:47:26Z
Sindh,1901,1521,80,29,2023,https://www.nih.org.pk/wp-content/uploads/2023/08/Weekly_Report_29_2023.pdf,IDSR Week 29 Bulletin (2023),2026-08-08T00:47:26Z
National,5055,3718,74,29,2023,https://www.nih.org.pk/wp-content/uploads/2023/08/Weekly_Report_29_2023.pdf,IDSR Week 29 Bulletin (2023),2026-08-08T00:47:26Z
AJK,1610,1206,75,28,2023,https://www.nih.org.pk/wp-content/uploads/2023/08/Weekly_Report_28_2023.pdf,IDSR Week 28 Bulletin (2023),2026-08-08T00:47:30Z
ICT,440,304,69,28,2023,https://www.nih.org.pk/wp-content/uploads/2023/08/Weekly_Report_28_2023.pdf,IDSR Week 28 Bulletin (2023),2026-08-08T00:47:30Z
Balochistan,27,23,85,28,2023,https://www.nih.org.pk/wp-content/uploads/2023/08/Weekly_Report_28_2023.pdf,IDSR Week 28 Bulletin (2023),2026-08-08T00:47:30Z
GB,1285,685,53,28,2023,https://www.nih.org.pk/wp-content/uploads/2023/08/Weekly_Report_28_2023.pdf,IDSR Week 28 Bulletin (2023),2026-08-08T00:47:30Z
Sindh,147,41,28,28,2023,https://www.nih.org.pk/wp-content/uploads/2023/08/Weekly_Report_28_2023.pdf,IDSR Week 28 Bulletin (2023),2026-08-08T00:47:30Z
National,1901,1619,85,28,2023,https://www.nih.org.pk/wp-content/uploads/2023/08/Weekly_Report_28_2023.pdf,IDSR Week 28 Bulletin (2023),2026-08-08T00:47:30Z
AJK,1570,1188,76,27,2023,https://www.nih.org.pk/wp-content/uploads/2023/08/Weekly_Report_27_2023.pdf,IDSR Week 27 Bulletin (2023),2026-08-08T00:47:34Z
ICT,440,318,72,27,2023,https://www.nih.org.pk/wp-content/uploads/2023/08/Weekly_Report_27_2023.pdf,IDSR Week 27 Bulletin (2023),2026-08-08T00:47:34Z
Balochistan,27,23,85,27,2023,https://www.nih.org.pk/wp-content/uploads/2023/08/Weekly_Report_27_2023.pdf,IDSR Week 27 Bulletin (2023),2026-08-08T00:47:34Z
GB,1037,652,63,27,2023,https://www.nih.org.pk/wp-content/uploads/2023/08/Weekly_Report_27_2023.pdf,IDSR Week 27 Bulletin (2023),2026-08-08T00:47:34Z
Sindh,33,33,100,27,2023,https://www.nih.org.pk/wp-content/uploads/2023/08/Weekly_Report_27_2023.pdf,IDSR Week 27 Bulletin (2023),2026-08-08T00:47:34Z
National,1806,1627,91,27,2023,https://www.nih.org.pk/wp-content/uploads/2023/08/Weekly_Report_27_2023.pdf,IDSR Week 27 Bulletin (2023),2026-08-08T00:47:34Z
AJK,1570,1049,67,26,2023,https://www.nih.org.pk/wp-content/uploads/2023/07/Weekly_Report_26_2023.pdf,IDSR Week 26 Bulletin (2023),2026-08-08T00:47:38Z
ICT,440,282,64,26,2023,https://www.nih.org.pk/wp-content/uploads/2023/07/Weekly_Report_26_2023.pdf,IDSR Week 26 Bulletin (2023),2026-08-08T00:47:38Z
Balochistan,27,21,78,26,2023,https://www.nih.org.pk/wp-content/uploads/2023/07/Weekly_Report_26_2023.pdf,IDSR Week 26 Bulletin (2023),2026-08-08T00:47:38Z
GB,1264,574,45,26,2023,https://www.nih.org.pk/wp-content/uploads/2023/07/Weekly_Report_26_2023.pdf,IDSR Week 26 Bulletin (2023),2026-08-08T00:47:38Z
Sindh,99,33,33,26,2023,https://www.nih.org.pk/wp-content/uploads/2023/07/Weekly_Report_26_2023.pdf,IDSR Week 26 Bulletin (2023),2026-08-08T00:47:38Z
National,1901,1680,88,26,2023,https://www.nih.org.pk/wp-content/uploads/2023/07/Weekly_Report_26_2023.pdf,IDSR Week 26 Bulletin (2023),2026-08-08T00:47:38Z
AJK,1570,1217,78,25,2023,https://www.nih.org.pk/wp-content/uploads/2023/08/Weekly_Report_25_2023.pdf,IDSR Week 25 Bulletin (2023),2026-08-08T00:47:42Z
ICT,397,306,77,25,2023,https://www.nih.org.pk/wp-content/uploads/2023/08/Weekly_Report_25_2023.pdf,IDSR Week 25 Bulletin (2023),2026-08-08T00:47:42Z
Balochistan,18,18,100,25,2023,https://www.nih.org.pk/wp-content/uploads/2023/08/Weekly_Report_25_2023.pdf,IDSR Week 25 Bulletin (2023),2026-08-08T00:47:42Z
GB,1160,694,60,25,2023,https://www.nih.org.pk/wp-content/uploads/2023/08/Weekly_Report_25_2023.pdf,IDSR Week 25 Bulletin (2023),2026-08-08T00:47:42Z
Sindh,93,42,45,25,2023,https://www.nih.org.pk/wp-content/uploads/2023/08/Weekly_Report_25_2023.pdf,IDSR Week 25 Bulletin (2023),2026-08-08T00:47:42Z
National,1901,1586,83,25,2023,https://www.nih.org.pk/wp-content/uploads/2023/08/Weekly_Report_25_2023.pdf,IDSR Week 25 Bulletin (2023),2026-08-08T00:47:42Z
AJK,1527,1196,78,24,2023,https://www.nih.org.pk/wp-content/uploads/2023/08/Weekly_Report_24_2023.pdf,IDSR Week 24 Bulletin (2023),2026-08-08T00:47:45Z
ICT,440,331,75,24,2023,https://www.nih.org.pk/wp-content/uploads/2023/08/Weekly_Report_24_2023.pdf,IDSR Week 24 Bulletin (2023),2026-08-08T00:47:45Z
GB,27,19,70,24,2023,https://www.nih.org.pk/wp-content/uploads/2023/08/Weekly_Report_24_2023.pdf,IDSR Week 24 Bulletin (2023),2026-08-08T00:47:45Z
Sindh,1146,632,55,24,2023,https://www.nih.org.pk/wp-content/uploads/2023/08/Weekly_Report_24_2023.pdf,IDSR Week 24 Bulletin (2023),2026-08-08T00:47:45Z
National,93,49,53,24,2023,https://www.nih.org.pk/wp-content/uploads/2023/08/Weekly_Report_24_2023.pdf,IDSR Week 24 Bulletin (2023),2026-08-08T00:47:45Z
AJK,1570,1172,75,23,2023,https://www.nih.org.pk/wp-content/uploads/2023/08/Weekly_Report_23_2023.pdf,IDSR Week 23 Bulletin (2023),2026-08-08T00:47:49Z
ICT,440,294,67,23,2023,https://www.nih.org.pk/wp-content/uploads/2023/08/Weekly_Report_23_2023.pdf,IDSR Week 23 Bulletin (2023),2026-08-08T00:47:49Z
GB,27,10,37,23,2023,https://www.nih.org.pk/wp-content/uploads/2023/08/Weekly_Report_23_2023.pdf,IDSR Week 23 Bulletin (2023),2026-08-08T00:47:49Z
Sindh,1070,425,40,23,2023,https://www.nih.org.pk/wp-content/uploads/2023/08/Weekly_Report_23_2023.pdf,IDSR Week 23 Bulletin (2023),2026-08-08T00:47:49Z
National,31,31,100,23,2023,https://www.nih.org.pk/wp-content/uploads/2023/08/Weekly_Report_23_2023.pdf,IDSR Week 23 Bulletin (2023),2026-08-08T00:47:49Z
